  0
SECTION
  2
HEADER
  9
$ACADVER
  1
AC1027
  9
$ACADMAINTVER
 70
105
  9
$DWGCODEPAGE
  3
ANSI_1252
  9
$LASTSAVEDBY
  1
ezdxf
  9
$REQUIREDVERSIONS
160
0
  9
$INSBASE
 10
0.0
 20
0.0
 30
0.0
  9
$EXTMIN
 10
1e+20
 20
1e+20
 30
1e+20
  9
$EXTMAX
 10
-1e+20
 20
-1e+20
 30
-1e+20
  9
$LIMMIN
 10
0.0
 20
0.0
  9
$LIMMAX
 10
420.0
 20
297.0
  9
$ORTHOMODE
 70
0
  9
$REGENMODE
 70
1
  9
$FILLMODE
 70
1
  9
$QTEXTMODE
 70
0
  9
$MIRRTEXT
 70
1
  9
$LTSCALE
 40
1.0
  9
$ATTMODE
 70
1
  9
$TEXTSIZE
 40
2.5
  9
$TRACEWID
 40
1.0
  9
$TEXTSTYLE
  7
Standard
  9
$CLAYER
  8
0
  9
$CELTYPE
  6
ByLayer
  9
$CECOLOR
 62
256
  9
$CELTSCALE
 40
1.0
  9
$DISPSILH
 70
0
  9
$DIMSCALE
 40
1.0
  9
$DIMASZ
 40
2.5
  9
$DIMEXO
 40
0.625
  9
$DIMDLI
 40
3.75
  9
$DIMRND
 40
0.0
  9
$DIMDLE
 40
0.0
  9
$DIMEXE
 40
1.25
  9
$DIMTP
 40
0.0
  9
$DIMTM
 40
0.0
  9
$DIMTXT
 40
2.5
  9
$DIMCEN
 40
2.5
  9
$DIMTSZ
 40
0.0
  9
$DIMTOL
 70
0
  9
$DIMLIM
 70
0
  9
$DIMTIH
 70
0
  9
$DIMTOH
 70
0
  9
$DIMSE1
 70
0
  9
$DIMSE2
 70
0
  9
$DIMTAD
 70
1
  9
$DIMZIN
 70
8
  9
$DIMBLK
  1

  9
$DIMASO
 70
1
  9
$DIMSHO
 70
1
  9
$DIMPOST
  1

  9
$DIMAPOST
  1

  9
$DIMALT
 70
0
  9
$DIMALTD
 70
3
  9
$DIMALTF
 40
0.03937007874
  9
$DIMLFAC
 40
1.0
  9
$DIMTOFL
 70
1
  9
$DIMTVP
 40
0.0
  9
$DIMTIX
 70
0
  9
$DIMSOXD
 70
0
  9
$DIMSAH
 70
0
  9
$DIMBLK1
  1

  9
$DIMBLK2
  1

  9
$DIMSTYLE
  2
ISO-25
  9
$DIMCLRD
 70
0
  9
$DIMCLRE
 70
0
  9
$DIMCLRT
 70
0
  9
$DIMTFAC
 40
1.0
  9
$DIMGAP
 40
0.625
  9
$DIMJUST
 70
0
  9
$DIMSD1
 70
0
  9
$DIMSD2
 70
0
  9
$DIMTOLJ
 70
0
  9
$DIMTZIN
 70
8
  9
$DIMALTZ
 70
0
  9
$DIMALTTZ
 70
0
  9
$DIMUPT
 70
0
  9
$DIMDEC
 70
2
  9
$DIMTDEC
 70
2
  9
$DIMALTU
 70
2
  9
$DIMALTTD
 70
3
  9
$DIMTXSTY
  7
Standard
  9
$DIMAUNIT
 70
0
  9
$DIMADEC
 70
0
  9
$DIMALTRND
 40
0.0
  9
$DIMAZIN
 70
0
  9
$DIMDSEP
 70
44
  9
$DIMATFIT
 70
3
  9
$DIMFRAC
 70
0
  9
$DIMLDRBLK
  1

  9
$DIMLUNIT
 70
2
  9
$DIMLWD
 70
-2
  9
$DIMLWE
 70
-2
  9
$DIMTMOVE
 70
0
  9
$DIMFXL
 40
1.0
  9
$DIMFXLON
 70
0
  9
$DIMJOGANG
 40
0.785398163397
  9
$DIMTFILL
 70
0
  9
$DIMTFILLCLR
 70
0
  9
$DIMARCSYM
 70
0
  9
$DIMLTYPE
  6

  9
$DIMLTEX1
  6

  9
$DIMLTEX2
  6

  9
$DIMTXTDIRECTION
 70
0
  9
$LUNITS
 70
2
  9
$LUPREC
 70
4
  9
$SKETCHINC
 40
1.0
  9
$FILLETRAD
 40
10.0
  9
$AUNITS
 70
0
  9
$AUPREC
 70
2
  9
$MENU
  1
.
  9
$ELEVATION
 40
0.0
  9
$PELEVATION
 40
0.0
  9
$THICKNESS
 40
0.0
  9
$LIMCHECK
 70
0
  9
$CHAMFERA
 40
0.0
  9
$CHAMFERB
 40
0.0
  9
$CHAMFERC
 40
0.0
  9
$CHAMFERD
 40
0.0
  9
$SKPOLY
 70
0
  9
$TDCREATE
 40
2461068.208298611
  9
$TDUCREATE
 40
2458532.153996898
  9
$TDUPDATE
 40
2461068.208298611
  9
$TDUUPDATE
 40
2458532.1544311
  9
$TDINDWG
 40
0.0
  9
$TDUSRTIMER
 40
0.0
  9
$USRTIMER
 70
1
  9
$ANGBASE
 50
0.0
  9
$ANGDIR
 70
0
  9
$PDMODE
 70
0
  9
$PDSIZE
 40
0.0
  9
$PLINEWID
 40
0.0
  9
$SPLFRAME
 70
0
  9
$SPLINETYPE
 70
6
  9
$SPLINESEGS
 70
8
  9
$HANDSEED
  5
CFB
  9
$SURFTAB1
 70
6
  9
$SURFTAB2
 70
6
  9
$SURFTYPE
 70
6
  9
$SURFU
 70
6
  9
$SURFV
 70
6
  9
$UCSBASE
  2

  9
$UCSNAME
  2

  9
$UCSORG
 10
0.0
 20
0.0
 30
0.0
  9
$UCSXDIR
 10
1.0
 20
0.0
 30
0.0
  9
$UCSYDIR
 10
0.0
 20
1.0
 30
0.0
  9
$UCSORTHOREF
  2

  9
$UCSORTHOVIEW
 70
0
  9
$UCSORGTOP
 10
0.0
 20
0.0
 30
0.0
  9
$UCSORGBOTTOM
 10
0.0
 20
0.0
 30
0.0
  9
$UCSORGLEFT
 10
0.0
 20
0.0
 30
0.0
  9
$UCSORGRIGHT
 10
0.0
 20
0.0
 30
0.0
  9
$UCSORGFRONT
 10
0.0
 20
0.0
 30
0.0
  9
$UCSORGBACK
 10
0.0
 20
0.0
 30
0.0
  9
$PUCSBASE
  2

  9
$PUCSNAME
  2

  9
$PUCSORG
 10
0.0
 20
0.0
 30
0.0
  9
$PUCSXDIR
 10
1.0
 20
0.0
 30
0.0
  9
$PUCSYDIR
 10
0.0
 20
1.0
 30
0.0
  9
$PUCSORTHOREF
  2

  9
$PUCSORTHOVIEW
 70
0
  9
$PUCSORGTOP
 10
0.0
 20
0.0
 30
0.0
  9
$PUCSORGBOTTOM
 10
0.0
 20
0.0
 30
0.0
  9
$PUCSORGLEFT
 10
0.0
 20
0.0
 30
0.0
  9
$PUCSORGRIGHT
 10
0.0
 20
0.0
 30
0.0
  9
$PUCSORGFRONT
 10
0.0
 20
0.0
 30
0.0
  9
$PUCSORGBACK
 10
0.0
 20
0.0
 30
0.0
  9
$USERI1
 70
0
  9
$USERI2
 70
0
  9
$USERI3
 70
0
  9
$USERI4
 70
0
  9
$USERI5
 70
0
  9
$USERR1
 40
0.0
  9
$USERR2
 40
0.0
  9
$USERR3
 40
0.0
  9
$USERR4
 40
0.0
  9
$USERR5
 40
0.0
  9
$WORLDVIEW
 70
1
  9
$SHADEDGE
 70
3
  9
$SHADEDIF
 70
70
  9
$TILEMODE
 70
1
  9
$MAXACTVP
 70
64
  9
$PINSBASE
 10
0.0
 20
0.0
 30
0.0
  9
$PLIMCHECK
 70
0
  9
$PEXTMIN
 10
1e+20
 20
1e+20
 30
1e+20
  9
$PEXTMAX
 10
-1e+20
 20
-1e+20
 30
-1e+20
  9
$PLIMMIN
 10
0.0
 20
0.0
  9
$PLIMMAX
 10
420.0
 20
297.0
  9
$UNITMODE
 70
0
  9
$VISRETAIN
 70
1
  9
$PLINEGEN
 70
0
  9
$PSLTSCALE
 70
1
  9
$TREEDEPTH
 70
3020
  9
$CMLSTYLE
  2
Standard
  9
$CMLJUST
 70
0
  9
$CMLSCALE
 40
20.0
  9
$PROXYGRAPHICS
 70
1
  9
$MEASUREMENT
 70
1
  9
$CELWEIGHT
370
-1
  9
$ENDCAPS
280
0
  9
$JOINSTYLE
280
0
  9
$LWDISPLAY
290
0
  9
$INSUNITS
 70
4
  9
$HYPERLINKBASE
  1

  9
$STYLESHEET
  1

  9
$XEDIT
290
1
  9
$CEPSNTYPE
380
0
  9
$PSTYLEMODE
290
1
  9
$FINGERPRINTGUID
  2
{8153C073-625F-4ECF-AC44-506061F69A5A}
  9
$VERSIONGUID
  2
{343B6CC2-FDB2-4661-92C8-7B8B80AADFFC}
  9
$EXTNAMES
290
1
  9
$PSVPSCALE
 40
0.0
  9
$OLESTARTUP
290
0
  9
$SORTENTS
280
127
  9
$INDEXCTL
280
0
  9
$HIDETEXT
280
1
  9
$XCLIPFRAME
280
1
  9
$HALOGAP
280
0
  9
$OBSCOLOR
 70
257
  9
$OBSLTYPE
280
0
  9
$INTERSECTIONDISPLAY
280
0
  9
$INTERSECTIONCOLOR
 70
257
  9
$DIMASSOC
280
2
  9
$PROJECTNAME
  1

  9
$CAMERADISPLAY
290
0
  9
$LENSLENGTH
 40
50.0
  9
$CAMERAHEIGHT
 40
0.0
  9
$STEPSPERSEC
 40
24.0
  9
$STEPSIZE
 40
100.0
  9
$3DDWFPREC
 40
2.0
  9
$PSOLWIDTH
 40
0.005
  9
$PSOLHEIGHT
 40
0.08
  9
$LOFTANG1
 40
1.570796326795
  9
$LOFTANG2
 40
1.570796326795
  9
$LOFTMAG1
 40
0.0
  9
$LOFTMAG2
 40
0.0
  9
$LOFTPARAM
 70
7
  9
$LOFTNORMALS
280
1
  9
$LATITUDE
 40
37.795
  9
$LONGITUDE
 40
-122.394
  9
$NORTHDIRECTION
 40
0.0
  9
$TIMEZONE
 70
-8000
  9
$LIGHTGLYPHDISPLAY
280
1
  9
$TILEMODELIGHTSYNCH
280
1
  9
$CMATERIAL
347
20
  9
$SOLIDHIST
280
0
  9
$SHOWHIST
280
1
  9
$DWFFRAME
280
2
  9
$DGNFRAME
280
2
  9
$REALWORLDSCALE
290
1
  9
$INTERFERECOLOR
 62
256
  9
$CSHADOW
280
0
  9
$SHADOWPLANELOCATION
 40
0.0
  0
ENDSEC
  0
SECTION
  2
CLASSES
  0
CLASS
  1
ACDBDICTIONARYWDFLT
  2
AcDbDictionaryWithDefault
  3
ObjectDBX Classes
 90
0
 91
0
280
0
281
0
  0
CLASS
  1
SUN
  2
AcDbSun
  3
SCENEOE
 90
1153
 91
0
280
0
281
0
  0
CLASS
  1
VISUALSTYLE
  2
AcDbVisualStyle
  3
ObjectDBX Classes
 90
4095
 91
0
280
0
281
0
  0
CLASS
  1
MATERIAL
  2
AcDbMaterial
  3
ObjectDBX Classes
 90
1153
 91
0
280
0
281
0
  0
CLASS
  1
SCALE
  2
AcDbScale
  3
ObjectDBX Classes
 90
1153
 91
0
280
0
281
0
  0
CLASS
  1
TABLESTYLE
  2
AcDbTableStyle
  3
ObjectDBX Classes
 90
4095
 91
0
280
0
281
0
  0
CLASS
  1
MLEADERSTYLE
  2
AcDbMLeaderStyle
  3
ACDB_MLEADERSTYLE_CLASS
 90
4095
 91
0
280
0
281
0
  0
CLASS
  1
DICTIONARYVAR
  2
AcDbDictionaryVar
  3
ObjectDBX Classes
 90
0
 91
0
280
0
281
0
  0
CLASS
  1
CELLSTYLEMAP
  2
AcDbCellStyleMap
  3
ObjectDBX Classes
 90
1152
 91
0
280
0
281
0
  0
CLASS
  1
MENTALRAYRENDERSETTINGS
  2
AcDbMentalRayRenderSettings
  3
SCENEOE
 90
1024
 91
0
280
0
281
0
  0
CLASS
  1
ACDBDETAILVIEWSTYLE
  2
AcDbDetailViewStyle
  3
ObjectDBX Classes
 90
1025
 91
0
280
0
281
0
  0
CLASS
  1
ACDBSECTIONVIEWSTYLE
  2
AcDbSectionViewStyle
  3
ObjectDBX Classes
 90
1025
 91
0
280
0
281
0
  0
CLASS
  1
RASTERVARIABLES
  2
AcDbRasterVariables
  3
ISM
 90
0
 91
0
280
0
281
0
  0
CLASS
  1
ACDBPLACEHOLDER
  2
AcDbPlaceHolder
  3
ObjectDBX Classes
 90
0
 91
0
280
0
281
0
  0
CLASS
  1
LAYOUT
  2
AcDbLayout
  3
ObjectDBX Classes
 90
0
 91
0
280
0
281
0
  0
ENDSEC
  0
SECTION
  2
TABLES
  0
TABLE
  2
VPORT
  5
8
330
0
100
AcDbSymbolTable
 70
1
  0
VPORT
  5
CF7
330
8
100
AcDbSymbolTableRecord
100
AcDbViewportTableRecord
  2
*Active
 70
0
 10
0.0
 20
0.0
 11
1.0
 21
1.0
 12
0.0
 22
-125.5
 13
0.0
 23
0.0
 14
0.5
 24
0.5
 15
0.5
 25
0.5
 16
0.0
 26
0.0
 36
1.0
 17
0.0
 27
0.0
 37
0.0
 40
639.0
 41
1.34
 42
50.0
 43
0.0
 44
0.0
 50
0.0
 51
0.0
 71
0
 72
1000
 73
1
 74
3
 75
0
 76
0
 77
0
 78
0
281
0
 65
1
110
0.0
120
0.0
130
0.0
111
1.0
121
0.0
131
0.0
112
0.0
122
1.0
132
0.0
 79
0
146
0.0
  0
ENDTAB
  0
TABLE
  2
LTYPE
  5
2
330
0
100
AcDbSymbolTable
 70
3
  0
LTYPE
  5
24
330
2
100
AcDbSymbolTableRecord
100
AcDbLinetypeTableRecord
  2
ByBlock
 70
0
  3

 72
65
 73
0
 40
0.0
  0
LTYPE
  5
25
330
2
100
AcDbSymbolTableRecord
100
AcDbLinetypeTableRecord
  2
ByLayer
 70
0
  3

 72
65
 73
0
 40
0.0
  0
LTYPE
  5
26
330
2
100
AcDbSymbolTableRecord
100
AcDbLinetypeTableRecord
  2
Continuous
 70
0
  3

 72
65
 73
0
 40
0.0
  0
ENDTAB
  0
TABLE
  2
LAYER
  5
1
330
0
100
AcDbSymbolTable
 70
2
  0
LAYER
  5
27
330
1
100
AcDbSymbolTableRecord
100
AcDbLayerTableRecord
  2
0
 70
0
 62
7
  6
Continuous
370
-3
390
13
347
21
  0
LAYER
  5
28
330
1
100
AcDbSymbolTableRecord
100
AcDbLayerTableRecord
  2
Defpoints
 70
0
 62
7
  6
Continuous
290
0
370
-3
390
13
347
21
  0
ENDTAB
  0
TABLE
  2
STYLE
  5
5
330
0
100
AcDbSymbolTable
 70
1
  0
STYLE
  5
29
330
5
100
AcDbSymbolTableRecord
100
AcDbTextStyleTableRecord
  2
Standard
 70
0
 40
0.0
 41
1.0
 50
0.0
 71
0
 42
2.5
  3
txt
  4

  0
ENDTAB
  0
TABLE
  2
VIEW
  5
7
330
0
100
AcDbSymbolTable
 70
0
  0
ENDTAB
  0
TABLE
  2
UCS
  5
6
330
0
100
AcDbSymbolTable
 70
0
  0
ENDTAB
  0
TABLE
  2
APPID
  5
3
330
0
100
AcDbSymbolTable
 70
3
  0
APPID
  5
2A
330
3
100
AcDbSymbolTableRecord
100
AcDbRegAppTableRecord
  2
ACAD
 70
0
  0
APPID
  5
CF8
330
3
100
AcDbSymbolTableRecord
100
AcDbRegAppTableRecord
  2
HATCHBACKGROUNDCOLOR
 70
0
  0
APPID
  5
CF9
330
3
100
AcDbSymbolTableRecord
100
AcDbRegAppTableRecord
  2
EZDXF
 70
0
  0
ENDTAB
  0
TABLE
  2
DIMSTYLE
  5
4
330
0
100
AcDbSymbolTable
 70
1
100
AcDbDimStyleTable
  0
DIMSTYLE
105
2B
330
4
100
AcDbSymbolTableRecord
100
AcDbDimStyleTableRecord
  2
Standard
 70
0
 40
1.0
 41
2.5
 42
0.625
 43
3.75
 44
1.25
 45
0.0
 46
0.0
 47
0.0
 48
0.0
 49
2.5
140
2.5
141
2.5
142
0.0
143
0.03937007874
144
1.0
145
0.0
146
1.0
147
0.625
148
0.0
 69
0
 70
0
 71
0
 72
0
 73
0
 74
0
 75
0
 76
0
 77
1
 78
8
 79
3
170
0
171
3
172
1
173
0
174
0
175
0
176
0
177
0
178
0
179
2
271
2
272
2
273
2
274
3
275
0
276
0
277
2
278
44
279
0
280
0
281
0
282
0
283
0
284
8
285
0
286
0
288
0
289
3
290
0
371
-2
372
-2
  0
ENDTAB
  0
TABLE
  2
BLOCK_RECORD
  5
9
330
0
100
AcDbSymbolTable
 70
2
  0
BLOCK_RECORD
  5
17
330
9
100
AcDbSymbolTableRecord
100
AcDbBlockTableRecord
  2
*Model_Space
340
1A
 70
0
280
1
281
0
  0
BLOCK_RECORD
  5
1B
330
9
100
AcDbSymbolTableRecord
100
AcDbBlockTableRecord
  2
*Paper_Space
340
1E
 70
0
280
1
281
0
  0
ENDTAB
  0
ENDSEC
  0
SECTION
  2
BLOCKS
  0
BLOCK
  5
18
330
17
100
AcDbEntity
  8
0
100
AcDbBlockBegin
  2
*Model_Space
 70
0
 10
0.0
 20
0.0
 30
0.0
  3
*Model_Space
  1

  0
ENDBLK
  5
19
330
17
100
AcDbEntity
  8
0
100
AcDbBlockEnd
  0
BLOCK
  5
1C
330
1B
100
AcDbEntity
  8
0
100
AcDbBlockBegin
  2
*Paper_Space
 70
0
 10
0.0
 20
0.0
 30
0.0
  3
*Paper_Space
  1

  0
ENDBLK
  5
1D
330
1B
100
AcDbEntity
  8
0
100
AcDbBlockEnd
  0
ENDSEC
  0
SECTION
  2
ENTITIES
  0
LINE
  5
2F
330
17
100
AcDbEntity
  8
0
100
AcDbLine
 10
-194.0
 20
-194.0
 30
-108.0
 11
-194.0
 21
-194.0
 31
108.0
  0
LINE
  5
30
330
17
100
AcDbEntity
  8
0
100
AcDbLine
 10
-194.0
 20
-194.0
 30
108.0
 11
-194.0
 21
194.0
 31
108.0
  0
LINE
  5
31
330
17
100
AcDbEntity
  8
0
100
AcDbLine
 10
-194.0
 20
194.0
 30
-108.0
 11
-194.0
 21
194.0
 31
108.0
  0
LINE
  5
32
330
17
100
AcDbEntity
  8
0
100
AcDbLine
 10
-194.0
 20
-194.0
 30
-108.0
 11
-194.0
 21
194.0
 31
-108.0
  0
LINE
  5
33
330
17
100
AcDbEntity
  8
0
100
AcDbLine
 10
-194.0
 20
-194.0
 30
-108.0
 11
194.0
 21
-194.0
 31
-108.0
  0
LINE
  5
34
330
17
100
AcDbEntity
  8
0
100
AcDbLine
 10
194.0
 20
-194.0
 30
-108.0
 11
194.0
 21
-194.0
 31
108.0
  0
LINE
  5
35
330
17
100
AcDbEntity
  8
0
100
AcDbLine
 10
-194.0
 20
-194.0
 30
108.0
 11
194.0
 21
-194.0
 31
108.0
  0
LINE
  5
36
330
17
100
AcDbEntity
  8
0
100
AcDbLine
 10
-194.0
 20
-194.0
 30
-108.0
 11
-194.0
 21
-194.0
 31
108.0
  0
LINE
  5
37
330
17
100
AcDbEntity
  8
0
100
AcDbLine
 10
-194.0
 20
-194.0
 30
108.0
 11
-194.0
 21
194.0
 31
108.0
  0
LINE
  5
38
330
17
100
AcDbEntity
  8
0
100
AcDbLine
 10
-194.0
 20
-194.0
 30
108.0
 11
194.0
 21
-194.0
 31
108.0
  0
LINE
  5
39
330
17
100
AcDbEntity
  8
0
100
AcDbLine
 10
194.0
 20
-194.0
 30
108.0
 11
194.0
 21
194.0
 31
108.0
  0
LINE
  5
3A
330
17
100
AcDbEntity
  8
0
100
AcDbLine
 10
-194.0
 20
194.0
 30
108.0
 11
194.0
 21
194.0
 31
108.0
  0
LINE
  5
3B
330
17
100
AcDbEntity
  8
0
100
AcDbLine
 10
190.0
 20
-190.0
 30
108.0
 11
184.0
 21
-190.0
 31
108.0
  0
LINE
  5
3C
330
17
100
AcDbEntity
  8
0
100
AcDbLine
 10
184.0
 20
-190.0
 30
108.0
 11
-184.0
 21
-190.0
 31
108.0
  0
LINE
  5
3D
330
17
100
AcDbEntity
  8
0
100
AcDbLine
 10
-184.0
 20
-190.0
 30
108.0
 11
-190.0
 21
-190.0
 31
108.0
  0
LINE
  5
3E
330
17
100
AcDbEntity
  8
0
100
AcDbLine
 10
-190.0
 20
-190.0
 30
108.0
 11
-190.0
 21
-184.0
 31
108.0
  0
LINE
  5
3F
330
17
100
AcDbEntity
  8
0
100
AcDbLine
 10
-190.0
 20
-184.0
 30
108.0
 11
-190.0
 21
184.0
 31
108.0
  0
LINE
  5
40
330
17
100
AcDbEntity
  8
0
100
AcDbLine
 10
-190.0
 20
184.0
 30
108.0
 11
-190.0
 21
190.0
 31
108.0
  0
LINE
  5
41
330
17
100
AcDbEntity
  8
0
100
AcDbLine
 10
-184.0
 20
190.0
 30
108.0
 11
-190.0
 21
190.0
 31
108.0
  0
LINE
  5
42
330
17
100
AcDbEntity
  8
0
100
AcDbLine
 10
184.0
 20
190.0
 30
108.0
 11
-184.0
 21
190.0
 31
108.0
  0
LINE
  5
43
330
17
100
AcDbEntity
  8
0
100
AcDbLine
 10
190.0
 20
190.0
 30
108.0
 11
184.0
 21
190.0
 31
108.0
  0
LINE
  5
44
330
17
100
AcDbEntity
  8
0
100
AcDbLine
 10
190.0
 20
184.0
 30
108.0
 11
190.0
 21
190.0
 31
108.0
  0
LINE
  5
45
330
17
100
AcDbEntity
  8
0
100
AcDbLine
 10
190.0
 20
-184.0
 30
108.0
 11
190.0
 21
184.0
 31
108.0
  0
LINE
  5
46
330
17
100
AcDbEntity
  8
0
100
AcDbLine
 10
190.0
 20
-190.0
 30
108.0
 11
190.0
 21
-184.0
 31
108.0
  0
LINE
  5
47
330
17
100
AcDbEntity
  8
0
100
AcDbLine
 10
-194.0
 20
194.0
 30
-108.0
 11
194.0
 21
194.0
 31
-108.0
  0
LINE
  5
48
330
17
100
AcDbEntity
  8
0
100
AcDbLine
 10
-194.0
 20
194.0
 30
-108.0
 11
-194.0
 21
194.0
 31
108.0
  0
LINE
  5
49
330
17
100
AcDbEntity
  8
0
100
AcDbLine
 10
-194.0
 20
194.0
 30
108.0
 11
194.0
 21
194.0
 31
108.0
  0
LINE
  5
4A
330
17
100
AcDbEntity
  8
0
100
AcDbLine
 10
194.0
 20
194.0
 30
-108.0
 11
194.0
 21
194.0
 31
108.0
  0
LINE
  5
4B
330
17
100
AcDbEntity
  8
0
100
AcDbLine
 10
-194.0
 20
-194.0
 30
-108.0
 11
-194.0
 21
194.0
 31
-108.0
  0
LINE
  5
4C
330
17
100
AcDbEntity
  8
0
100
AcDbLine
 10
-194.0
 20
194.0
 30
-108.0
 11
194.0
 21
194.0
 31
-108.0
  0
LINE
  5
4D
330
17
100
AcDbEntity
  8
0
100
AcDbLine
 10
194.0
 20
-194.0
 30
-108.0
 11
194.0
 21
194.0
 31
-108.0
  0
LINE
  5
4E
330
17
100
AcDbEntity
  8
0
100
AcDbLine
 10
-194.0
 20
-194.0
 30
-108.0
 11
194.0
 21
-194.0
 31
-108.0
  0
LINE
  5
4F
330
17
100
AcDbEntity
  8
0
100
AcDbLine
 10
194.0
 20
-194.0
 30
-108.0
 11
194.0
 21
-194.0
 31
108.0
  0
LINE
  5
50
330
17
100
AcDbEntity
  8
0
100
AcDbLine
 10
194.0
 20
-194.0
 30
-108.0
 11
194.0
 21
194.0
 31
-108.0
  0
LINE
  5
51
330
17
100
AcDbEntity
  8
0
100
AcDbLine
 10
194.0
 20
194.0
 30
-108.0
 11
194.0
 21
194.0
 31
108.0
  0
LINE
  5
52
330
17
100
AcDbEntity
  8
0
100
AcDbLine
 10
194.0
 20
-194.0
 30
108.0
 11
194.0
 21
194.0
 31
108.0
  0
LINE
  5
53
330
17
100
AcDbEntity
  8
0
100
AcDbLine
 10
190.0
 20
-190.0
 30
-104.0
 11
190.0
 21
-190.0
 31
108.0
  0
LINE
  5
54
330
17
100
AcDbEntity
  8
0
100
AcDbLine
 10
-190.0
 20
-190.0
 30
-104.0
 11
190.0
 21
-190.0
 31
-104.0
  0
LINE
  5
55
330
17
100
AcDbEntity
  8
0
100
AcDbLine
 10
-190.0
 20
-190.0
 30
-104.0
 11
-190.0
 21
-190.0
 31
108.0
  0
LINE
  5
56
330
17
100
AcDbEntity
  8
0
100
AcDbLine
 10
-184.0
 20
-190.0
 30
108.0
 11
-190.0
 21
-190.0
 31
108.0
  0
LINE
  5
57
330
17
100
AcDbEntity
  8
0
100
AcDbLine
 10
184.0
 20
-190.0
 30
108.0
 11
-184.0
 21
-190.0
 31
108.0
  0
LINE
  5
58
330
17
100
AcDbEntity
  8
0
100
AcDbLine
 10
190.0
 20
-190.0
 30
108.0
 11
184.0
 21
-190.0
 31
108.0
  0
LINE
  5
59
330
17
100
AcDbEntity
  8
0
100
AcDbLine
 10
190.0
 20
-190.0
 30
-104.0
 11
190.0
 21
-190.0
 31
108.0
  0
LINE
  5
5A
330
17
100
AcDbEntity
  8
0
100
AcDbLine
 10
190.0
 20
-190.0
 30
108.0
 11
190.0
 21
-184.0
 31
108.0
  0
LINE
  5
5B
330
17
100
AcDbEntity
  8
0
100
AcDbLine
 10
190.0
 20
-184.0
 30
108.0
 11
190.0
 21
184.0
 31
108.0
  0
LINE
  5
5C
330
17
100
AcDbEntity
  8
0
100
AcDbLine
 10
190.0
 20
184.0
 30
108.0
 11
190.0
 21
190.0
 31
108.0
  0
LINE
  5
5D
330
17
100
AcDbEntity
  8
0
100
AcDbLine
 10
190.0
 20
190.0
 30
-104.0
 11
190.0
 21
190.0
 31
108.0
  0
LINE
  5
5E
330
17
100
AcDbEntity
  8
0
100
AcDbLine
 10
190.0
 20
-190.0
 30
-104.0
 11
190.0
 21
190.0
 31
-104.0
  0
LINE
  5
5F
330
17
100
AcDbEntity
  8
0
100
AcDbLine
 10
190.0
 20
190.0
 30
-104.0
 11
190.0
 21
190.0
 31
108.0
  0
LINE
  5
60
330
17
100
AcDbEntity
  8
0
100
AcDbLine
 10
190.0
 20
190.0
 30
108.0
 11
184.0
 21
190.0
 31
108.0
  0
LINE
  5
61
330
17
100
AcDbEntity
  8
0
100
AcDbLine
 10
184.0
 20
190.0
 30
108.0
 11
-184.0
 21
190.0
 31
108.0
  0
LINE
  5
62
330
17
100
AcDbEntity
  8
0
100
AcDbLine
 10
-184.0
 20
190.0
 30
108.0
 11
-190.0
 21
190.0
 31
108.0
  0
LINE
  5
63
330
17
100
AcDbEntity
  8
0
100
AcDbLine
 10
-190.0
 20
190.0
 30
-104.0
 11
-190.0
 21
190.0
 31
108.0
  0
LINE
  5
64
330
17
100
AcDbEntity
  8
0
100
AcDbLine
 10
-190.0
 20
190.0
 30
-104.0
 11
190.0
 21
190.0
 31
-104.0
  0
LINE
  5
65
330
17
100
AcDbEntity
  8
0
100
AcDbLine
 10
-190.0
 20
-190.0
 30
-104.0
 11
-190.0
 21
-190.0
 31
108.0
  0
LINE
  5
66
330
17
100
AcDbEntity
  8
0
100
AcDbLine
 10
-190.0
 20
-190.0
 30
-104.0
 11
-190.0
 21
190.0
 31
-104.0
  0
LINE
  5
67
330
17
100
AcDbEntity
  8
0
100
AcDbLine
 10
-190.0
 20
190.0
 30
-104.0
 11
-190.0
 21
190.0
 31
108.0
  0
LINE
  5
68
330
17
100
AcDbEntity
  8
0
100
AcDbLine
 10
-190.0
 20
184.0
 30
108.0
 11
-190.0
 21
190.0
 31
108.0
  0
LINE
  5
69
330
17
100
AcDbEntity
  8
0
100
AcDbLine
 10
-190.0
 20
-184.0
 30
108.0
 11
-190.0
 21
184.0
 31
108.0
  0
LINE
  5
6A
330
17
100
AcDbEntity
  8
0
100
AcDbLine
 10
-190.0
 20
-190.0
 30
108.0
 11
-190.0
 21
-184.0
 31
108.0
  0
LINE
  5
6B
330
17
100
AcDbEntity
  8
0
100
AcDbLine
 10
-190.0
 20
-190.0
 30
-104.0
 11
-190.0
 21
190.0
 31
-104.0
  0
LINE
  5
6C
330
17
100
AcDbEntity
  8
0
100
AcDbLine
 10
-190.0
 20
-190.0
 30
-104.0
 11
190.0
 21
-190.0
 31
-104.0
  0
LINE
  5
6D
330
17
100
AcDbEntity
  8
0
100
AcDbLine
 10
190.0
 20
-190.0
 30
-104.0
 11
190.0
 21
190.0
 31
-104.0
  0
LINE
  5
6E
330
17
100
AcDbEntity
  8
0
100
AcDbLine
 10
-190.0
 20
190.0
 30
-104.0
 11
190.0
 21
190.0
 31
-104.0
  0
ARC
  5
6F
330
17
100
AcDbEntity
  8
0
100
AcDbCircle
 10
-184.0
 20
-184.0
 30
4.0
 40
6.0
100
AcDbArc
 50
0.0
 51
180.0
  0
ARC
  5
70
330
17
100
AcDbEntity
  8
0
100
AcDbCircle
 10
-184.0
 20
-184.0
 30
4.0
 40
6.0
100
AcDbArc
 50
180.0
 51
270.0
  0
ARC
  5
71
330
17
100
AcDbEntity
  8
0
100
AcDbCircle
 10
-184.0
 20
-184.0
 30
4.0
 40
6.0
100
AcDbArc
 50
270.0
 51
360.0
  0
LINE
  5
72
330
17
100
AcDbEntity
  8
0
100
AcDbLine
 10
-178.0
 20
-184.0
 30
4.0
 11
-178.0
 21
-184.0
 31
200.0
  0
CIRCLE
  5
73
330
17
100
AcDbEntity
  8
0
100
AcDbCircle
 10
-184.0
 20
-184.0
 30
200.0
 40
6.0
  0
LINE
  5
74
330
17
100
AcDbEntity
  8
0
100
AcDbLine
 10
-178.0
 20
-184.0
 30
4.0
 11
-178.0
 21
-184.0
 31
200.0
  0
ARC
  5
75
330
17
100
AcDbEntity
  8
0
100
AcDbCircle
 10
-184.0
 20
-184.0
 30
4.0
 40
6.0
100
AcDbArc
 50
0.0
 51
180.0
  0
ARC
  5
76
330
17
100
AcDbEntity
  8
0
100
AcDbCircle
 10
-184.0
 20
-184.0
 30
4.0
 40
6.0
100
AcDbArc
 50
270.0
 51
360.0
  0
ARC
  5
77
330
17
100
AcDbEntity
  8
0
100
AcDbCircle
 10
-184.0
 20
-184.0
 30
4.0
 40
6.0
100
AcDbArc
 50
180.0
 51
270.0
  0
CIRCLE
  5
78
330
17
100
AcDbEntity
  8
0
100
AcDbCircle
 10
-184.0
 20
-184.0
 30
4.0
 40
2.5
  0
CIRCLE
  5
79
330
17
100
AcDbEntity
  8
0
100
AcDbCircle
 10
-184.0
 20
-184.0
 30
200.0
 40
6.0
  0
CIRCLE
  5
7A
330
17
100
AcDbEntity
  8
0
100
AcDbCircle
 10
-184.0
 20
-184.0
 30
200.0
 40
2.5
  0
CIRCLE
  5
7B
330
17
100
AcDbEntity
  8
0
100
AcDbCircle
 10
-184.0
 20
-184.0
 30
4.0
 40
2.5
  0
LINE
  5
7C
330
17
100
AcDbEntity
  8
0
100
AcDbLine
 10
-181.5
 20
-184.0
 30
4.0
 11
-181.5
 21
-184.0
 31
200.0
  0
CIRCLE
  5
7D
330
17
100
AcDbEntity
  8
0
100
AcDbCircle
 10
-184.0
 20
-184.0
 30
200.0
 40
2.5
  0
LINE
  5
7E
330
17
100
AcDbEntity
  8
0
100
AcDbLine
 10
-181.5
 20
-184.0
 30
4.0
 11
-181.5
 21
-184.0
 31
200.0
  0
ARC
  5
7F
330
17
100
AcDbEntity
  8
0
100
AcDbCircle
 10
184.0
 20
-184.0
 30
4.0
 40
6.0
100
AcDbArc
 50
0.0
 51
270.0
  0
ARC
  5
80
330
17
100
AcDbEntity
  8
0
100
AcDbCircle
 10
184.0
 20
-184.0
 30
4.0
 40
6.0
100
AcDbArc
 50
270.0
 51
360.0
  0
LINE
  5
81
330
17
100
AcDbEntity
  8
0
100
AcDbLine
 10
190.0
 20
-184.0
 30
4.0
 11
190.0
 21
-184.0
 31
108.0
  0
LINE
  5
82
330
17
100
AcDbEntity
  8
0
100
AcDbLine
 10
190.0
 20
-184.0
 30
108.0
 11
190.0
 21
-184.0
 31
200.0
  0
CIRCLE
  5
83
330
17
100
AcDbEntity
  8
0
100
AcDbCircle
 10
184.0
 20
-184.0
 30
200.0
 40
6.0
  0
LINE
  5
84
330
17
100
AcDbEntity
  8
0
100
AcDbLine
 10
190.0
 20
-184.0
 30
108.0
 11
190.0
 21
-184.0
 31
200.0
  0
LINE
  5
85
330
17
100
AcDbEntity
  8
0
100
AcDbLine
 10
190.0
 20
-184.0
 30
4.0
 11
190.0
 21
-184.0
 31
108.0
  0
ARC
  5
86
330
17
100
AcDbEntity
  8
0
100
AcDbCircle
 10
184.0
 20
-184.0
 30
4.0
 40
6.0
100
AcDbArc
 50
0.0
 51
270.0
  0
ARC
  5
87
330
17
100
AcDbEntity
  8
0
100
AcDbCircle
 10
184.0
 20
-184.0
 30
4.0
 40
6.0
100
AcDbArc
 50
270.0
 51
360.0
  0
CIRCLE
  5
88
330
17
100
AcDbEntity
  8
0
100
AcDbCircle
 10
184.0
 20
-184.0
 30
4.0
 40
2.5
  0
CIRCLE
  5
89
330
17
100
AcDbEntity
  8
0
100
AcDbCircle
 10
184.0
 20
-184.0
 30
200.0
 40
6.0
  0
CIRCLE
  5
8A
330
17
100
AcDbEntity
  8
0
100
AcDbCircle
 10
184.0
 20
-184.0
 30
200.0
 40
2.5
  0
CIRCLE
  5
8B
330
17
100
AcDbEntity
  8
0
100
AcDbCircle
 10
184.0
 20
-184.0
 30
4.0
 40
2.5
  0
LINE
  5
8C
330
17
100
AcDbEntity
  8
0
100
AcDbLine
 10
186.5
 20
-184.0
 30
4.0
 11
186.5
 21
-184.0
 31
200.0
  0
CIRCLE
  5
8D
330
17
100
AcDbEntity
  8
0
100
AcDbCircle
 10
184.0
 20
-184.0
 30
200.0
 40
2.5
  0
LINE
  5
8E
330
17
100
AcDbEntity
  8
0
100
AcDbLine
 10
186.5
 20
-184.0
 30
4.0
 11
186.5
 21
-184.0
 31
200.0
  0
ARC
  5
8F
330
17
100
AcDbEntity
  8
0
100
AcDbCircle
 10
184.0
 20
184.0
 30
4.0
 40
6.0
100
AcDbArc
 50
0.0
 51
90.0
  0
ARC
  5
90
330
17
100
AcDbEntity
  8
0
100
AcDbCircle
 10
184.0
 20
184.0
 30
4.0
 40
6.0
100
AcDbArc
 50
90.0
 51
360.0
  0
LINE
  5
91
330
17
100
AcDbEntity
  8
0
100
AcDbLine
 10
190.0
 20
184.0
 30
4.0
 11
190.0
 21
184.0
 31
108.0
  0
LINE
  5
92
330
17
100
AcDbEntity
  8
0
100
AcDbLine
 10
190.0
 20
184.0
 30
108.0
 11
190.0
 21
184.0
 31
200.0
  0
CIRCLE
  5
93
330
17
100
AcDbEntity
  8
0
100
AcDbCircle
 10
184.0
 20
184.0
 30
200.0
 40
6.0
  0
LINE
  5
94
330
17
100
AcDbEntity
  8
0
100
AcDbLine
 10
190.0
 20
184.0
 30
108.0
 11
190.0
 21
184.0
 31
200.0
  0
LINE
  5
95
330
17
100
AcDbEntity
  8
0
100
AcDbLine
 10
190.0
 20
184.0
 30
4.0
 11
190.0
 21
184.0
 31
108.0
  0
ARC
  5
96
330
17
100
AcDbEntity
  8
0
100
AcDbCircle
 10
184.0
 20
184.0
 30
4.0
 40
6.0
100
AcDbArc
 50
0.0
 51
90.0
  0
ARC
  5
97
330
17
100
AcDbEntity
  8
0
100
AcDbCircle
 10
184.0
 20
184.0
 30
4.0
 40
6.0
100
AcDbArc
 50
90.0
 51
360.0
  0
CIRCLE
  5
98
330
17
100
AcDbEntity
  8
0
100
AcDbCircle
 10
184.0
 20
184.0
 30
4.0
 40
2.5
  0
CIRCLE
  5
99
330
17
100
AcDbEntity
  8
0
100
AcDbCircle
 10
184.0
 20
184.0
 30
200.0
 40
6.0
  0
CIRCLE
  5
9A
330
17
100
AcDbEntity
  8
0
100
AcDbCircle
 10
184.0
 20
184.0
 30
200.0
 40
2.5
  0
CIRCLE
  5
9B
330
17
100
AcDbEntity
  8
0
100
AcDbCircle
 10
184.0
 20
184.0
 30
4.0
 40
2.5
  0
LINE
  5
9C
330
17
100
AcDbEntity
  8
0
100
AcDbLine
 10
186.5
 20
184.0
 30
4.0
 11
186.5
 21
184.0
 31
200.0
  0
CIRCLE
  5
9D
330
17
100
AcDbEntity
  8
0
100
AcDbCircle
 10
184.0
 20
184.0
 30
200.0
 40
2.5
  0
LINE
  5
9E
330
17
100
AcDbEntity
  8
0
100
AcDbLine
 10
186.5
 20
184.0
 30
4.0
 11
186.5
 21
184.0
 31
200.0
  0
ARC
  5
9F
330
17
100
AcDbEntity
  8
0
100
AcDbCircle
 10
-184.0
 20
184.0
 30
4.0
 40
6.0
100
AcDbArc
 50
0.0
 51
90.0
  0
ARC
  5
A0
330
17
100
AcDbEntity
  8
0
100
AcDbCircle
 10
-184.0
 20
184.0
 30
4.0
 40
6.0
100
AcDbArc
 50
90.0
 51
180.0
  0
ARC
  5
A1
330
17
100
AcDbEntity
  8
0
100
AcDbCircle
 10
-184.0
 20
184.0
 30
4.0
 40
6.0
100
AcDbArc
 50
180.0
 51
360.0
  0
LINE
  5
A2
330
17
100
AcDbEntity
  8
0
100
AcDbLine
 10
-178.0
 20
184.0
 30
4.0
 11
-178.0
 21
184.0
 31
200.0
  0
CIRCLE
  5
A3
330
17
100
AcDbEntity
  8
0
100
AcDbCircle
 10
-184.0
 20
184.0
 30
200.0
 40
6.0
  0
LINE
  5
A4
330
17
100
AcDbEntity
  8
0
100
AcDbLine
 10
-178.0
 20
184.0
 30
4.0
 11
-178.0
 21
184.0
 31
200.0
  0
ARC
  5
A5
330
17
100
AcDbEntity
  8
0
100
AcDbCircle
 10
-184.0
 20
184.0
 30
4.0
 40
6.0
100
AcDbArc
 50
0.0
 51
90.0
  0
ARC
  5
A6
330
17
100
AcDbEntity
  8
0
100
AcDbCircle
 10
-184.0
 20
184.0
 30
4.0
 40
6.0
100
AcDbArc
 50
180.0
 51
360.0
  0
ARC
  5
A7
330
17
100
AcDbEntity
  8
0
100
AcDbCircle
 10
-184.0
 20
184.0
 30
4.0
 40
6.0
100
AcDbArc
 50
90.0
 51
180.0
  0
CIRCLE
  5
A8
330
17
100
AcDbEntity
  8
0
100
AcDbCircle
 10
-184.0
 20
184.0
 30
4.0
 40
2.5
  0
CIRCLE
  5
A9
330
17
100
AcDbEntity
  8
0
100
AcDbCircle
 10
-184.0
 20
184.0
 30
200.0
 40
6.0
  0
CIRCLE
  5
AA
330
17
100
AcDbEntity
  8
0
100
AcDbCircle
 10
-184.0
 20
184.0
 30
200.0
 40
2.5
  0
CIRCLE
  5
AB
330
17
100
AcDbEntity
  8
0
100
AcDbCircle
 10
-184.0
 20
184.0
 30
4.0
 40
2.5
  0
LINE
  5
AC
330
17
100
AcDbEntity
  8
0
100
AcDbLine
 10
-181.5
 20
184.0
 30
4.0
 11
-181.5
 21
184.0
 31
200.0
  0
CIRCLE
  5
AD
330
17
100
AcDbEntity
  8
0
100
AcDbCircle
 10
-184.0
 20
184.0
 30
200.0
 40
2.5
  0
LINE
  5
AE
330
17
100
AcDbEntity
  8
0
100
AcDbLine
 10
-181.5
 20
184.0
 30
4.0
 11
-181.5
 21
184.0
 31
200.0
  0
LINE
  5
AF
330
17
100
AcDbEntity
  8
0
100
AcDbLine
 10
0.0
 20
-97.0
 30
-98.0
 11
3.863576125695545e-14
 21
-445.0
 31
-98.0
  0
LINE
  5
B0
330
17
100
AcDbEntity
  8
0
100
AcDbLine
 10
3.863576125695545e-14
 20
-445.0
 30
-98.0
 11
3.863576125695545e-14
 21
-445.0
 31
-97.0
  0
LINE
  5
B1
330
17
100
AcDbEntity
  8
0
100
AcDbLine
 10
0.0
 20
-97.0
 30
-97.0
 11
3.863576125695545e-14
 21
-445.0
 31
-97.0
  0
LINE
  5
B2
330
17
100
AcDbEntity
  8
0
100
AcDbLine
 10
0.0
 20
-97.0
 30
-98.0
 11
0.0
 21
-97.0
 31
-97.0
  0
LINE
  5
B3
330
17
100
AcDbEntity
  8
0
100
AcDbLine
 10
0.0
 20
-97.0
 30
-97.0
 11
3.863576125695545e-14
 21
-445.0
 31
-97.0
  0
LINE
  5
B4
330
17
100
AcDbEntity
  8
0
100
AcDbLine
 10
3.863576125695545e-14
 20
-445.0
 30
-97.0
 11
5.000000000000039
 21
-445.0
 31
-97.0
  0
LINE
  5
B5
330
17
100
AcDbEntity
  8
0
100
AcDbLine
 10
5.0
 20
-97.0
 30
-97.0
 11
5.000000000000039
 21
-445.0
 31
-97.0
  0
LINE
  5
B6
330
17
100
AcDbEntity
  8
0
100
AcDbLine
 10
0.0
 20
-97.0
 30
-97.0
 11
5.0
 21
-97.0
 31
-97.0
  0
LINE
  5
B7
330
17
100
AcDbEntity
  8
0
100
AcDbLine
 10
5.0
 20
-97.0
 30
-97.0
 11
5.000000000000039
 21
-445.0
 31
-97.0
  0
LINE
  5
B8
330
17
100
AcDbEntity
  8
0
100
AcDbLine
 10
5.000000000000039
 20
-445.0
 30
-97.0
 11
5.000000000000039
 21
-445.0
 31
-90.5
  0
LINE
  5
B9
330
17
100
AcDbEntity
  8
0
100
AcDbLine
 10
5.0
 20
-97.0
 30
-90.5
 11
5.000000000000039
 21
-445.0
 31
-90.5
  0
LINE
  5
BA
330
17
100
AcDbEntity
  8
0
100
AcDbLine
 10
5.0
 20
-97.0
 30
-97.0
 11
5.0
 21
-97.0
 31
-90.5
  0
LINE
  5
BB
330
17
100
AcDbEntity
  8
0
100
AcDbLine
 10
5.0
 20
-97.0
 30
-90.5
 11
5.000000000000039
 21
-445.0
 31
-90.5
  0
LINE
  5
BC
330
17
100
AcDbEntity
  8
0
100
AcDbLine
 10
5.000000000000039
 20
-445.0
 30
-90.5
 11
25.00000000000004
 21
-445.0
 31
-90.5
  0
LINE
  5
BD
330
17
100
AcDbEntity
  8
0
100
AcDbLine
 10
25.0
 20
-97.0
 30
-90.5
 11
25.00000000000004
 21
-445.0
 31
-90.5
  0
LINE
  5
BE
330
17
100
AcDbEntity
  8
0
100
AcDbLine
 10
5.0
 20
-97.0
 30
-90.5
 11
25.0
 21
-97.0
 31
-90.5
  0
LINE
  5
BF
330
17
100
AcDbEntity
  8
0
100
AcDbLine
 10
25.0
 20
-97.0
 30
-90.5
 11
25.00000000000004
 21
-445.0
 31
-90.5
  0
LINE
  5
C0
330
17
100
AcDbEntity
  8
0
100
AcDbLine
 10
25.00000000000004
 20
-445.0
 30
-90.5
 11
25.00000000000004
 21
-445.0
 31
-97.0
  0
LINE
  5
C1
330
17
100
AcDbEntity
  8
0
100
AcDbLine
 10
25.0
 20
-97.0
 30
-97.0
 11
25.00000000000004
 21
-445.0
 31
-97.0
  0
LINE
  5
C2
330
17
100
AcDbEntity
  8
0
100
AcDbLine
 10
25.0
 20
-97.0
 30
-90.5
 11
25.0
 21
-97.0
 31
-97.0
  0
LINE
  5
C3
330
17
100
AcDbEntity
  8
0
100
AcDbLine
 10
25.0
 20
-97.0
 30
-97.0
 11
25.00000000000004
 21
-445.0
 31
-97.0
  0
LINE
  5
C4
330
17
100
AcDbEntity
  8
0
100
AcDbLine
 10
25.00000000000004
 20
-445.0
 30
-97.0
 11
35.00000000000004
 21
-445.0
 31
-97.0
  0
LINE
  5
C5
330
17
100
AcDbEntity
  8
0
100
AcDbLine
 10
35.0
 20
-97.0
 30
-97.0
 11
35.000000000000036
 21
-445.0
 31
-97.0
  0
LINE
  5
C6
330
17
100
AcDbEntity
  8
0
100
AcDbLine
 10
25.0
 20
-97.0
 30
-97.0
 11
35.0
 21
-97.0
 31
-97.0
  0
LINE
  5
C7
330
17
100
AcDbEntity
  8
0
100
AcDbLine
 10
35.0
 20
-97.0
 30
-97.0
 11
35.000000000000036
 21
-445.0
 31
-97.0
  0
LINE
  5
C8
330
17
100
AcDbEntity
  8
0
100
AcDbLine
 10
35.000000000000036
 20
-445.0
 30
-97.0
 11
35.000000000000036
 21
-445.0
 31
-98.0
  0
LINE
  5
C9
330
17
100
AcDbEntity
  8
0
100
AcDbLine
 10
35.0
 20
-97.0
 30
-98.0
 11
35.000000000000036
 21
-445.0
 31
-98.0
  0
LINE
  5
CA
330
17
100
AcDbEntity
  8
0
100
AcDbLine
 10
35.0
 20
-97.0
 30
-97.0
 11
35.0
 21
-97.0
 31
-98.0
  0
LINE
  5
CB
330
17
100
AcDbEntity
  8
0
100
AcDbLine
 10
35.0
 20
-97.0
 30
-98.0
 11
35.000000000000036
 21
-445.0
 31
-98.0
  0
LINE
  5
CC
330
17
100
AcDbEntity
  8
0
100
AcDbLine
 10
35.000000000000036
 20
-445.0
 30
-98.0
 11
3.552713678800501e-14
 21
-445.0
 31
-98.0
  0
LINE
  5
CD
330
17
100
AcDbEntity
  8
0
100
AcDbLine
 10
0.0
 20
-97.0
 30
-98.0
 11
3.863576125695545e-14
 21
-445.0
 31
-98.0
  0
LINE
  5
CE
330
17
100
AcDbEntity
  8
0
100
AcDbLine
 10
35.0
 20
-97.0
 30
-98.0
 11
0.0
 21
-97.0
 31
-98.0
  0
LINE
  5
CF
330
17
100
AcDbEntity
  8
0
100
AcDbLine
 10
0.0
 20
-97.0
 30
-98.0
 11
0.0
 21
-97.0
 31
-97.0
  0
LINE
  5
D0
330
17
100
AcDbEntity
  8
0
100
AcDbLine
 10
0.0
 20
-97.0
 30
-97.0
 11
5.0
 21
-97.0
 31
-97.0
  0
LINE
  5
D1
330
17
100
AcDbEntity
  8
0
100
AcDbLine
 10
5.0
 20
-97.0
 30
-97.0
 11
5.0
 21
-97.0
 31
-90.5
  0
LINE
  5
D2
330
17
100
AcDbEntity
  8
0
100
AcDbLine
 10
5.0
 20
-97.0
 30
-90.5
 11
25.0
 21
-97.0
 31
-90.5
  0
LINE
  5
D3
330
17
100
AcDbEntity
  8
0
100
AcDbLine
 10
25.0
 20
-97.0
 30
-90.5
 11
25.0
 21
-97.0
 31
-97.0
  0
LINE
  5
D4
330
17
100
AcDbEntity
  8
0
100
AcDbLine
 10
25.0
 20
-97.0
 30
-97.0
 11
35.0
 21
-97.0
 31
-97.0
  0
LINE
  5
D5
330
17
100
AcDbEntity
  8
0
100
AcDbLine
 10
35.0
 20
-97.0
 30
-97.0
 11
35.0
 21
-97.0
 31
-98.0
  0
LINE
  5
D6
330
17
100
AcDbEntity
  8
0
100
AcDbLine
 10
35.0
 20
-97.0
 30
-98.0
 11
0.0
 21
-97.0
 31
-98.0
  0
LINE
  5
D7
330
17
100
AcDbEntity
  8
0
100
AcDbLine
 10
3.863576125695545e-14
 20
-445.0
 30
-98.0
 11
3.863576125695545e-14
 21
-445.0
 31
-97.0
  0
LINE
  5
D8
330
17
100
AcDbEntity
  8
0
100
AcDbLine
 10
35.000000000000036
 20
-445.0
 30
-98.0
 11
3.552713678800501e-14
 21
-445.0
 31
-98.0
  0
LINE
  5
D9
330
17
100
AcDbEntity
  8
0
100
AcDbLine
 10
35.000000000000036
 20
-445.0
 30
-97.0
 11
35.000000000000036
 21
-445.0
 31
-98.0
  0
LINE
  5
DA
330
17
100
AcDbEntity
  8
0
100
AcDbLine
 10
25.00000000000004
 20
-445.0
 30
-97.0
 11
35.00000000000004
 21
-445.0
 31
-97.0
  0
LINE
  5
DB
330
17
100
AcDbEntity
  8
0
100
AcDbLine
 10
25.00000000000004
 20
-445.0
 30
-90.5
 11
25.00000000000004
 21
-445.0
 31
-97.0
  0
LINE
  5
DC
330
17
100
AcDbEntity
  8
0
100
AcDbLine
 10
5.000000000000039
 20
-445.0
 30
-90.5
 11
25.00000000000004
 21
-445.0
 31
-90.5
  0
LINE
  5
DD
330
17
100
AcDbEntity
  8
0
100
AcDbLine
 10
5.000000000000039
 20
-445.0
 30
-97.0
 11
5.000000000000039
 21
-445.0
 31
-90.5
  0
LINE
  5
DE
330
17
100
AcDbEntity
  8
0
100
AcDbLine
 10
3.863576125695545e-14
 20
-445.0
 30
-97.0
 11
5.000000000000039
 21
-445.0
 31
-97.0
  0
LINE
  5
DF
330
17
100
AcDbEntity
  8
0
100
AcDbLine
 10
-25.5
 20
-127.0
 30
-93.0
 11
-25.5
 21
-115.0
 31
-93.0
  0
LINE
  5
E0
330
17
100
AcDbEntity
  8
0
100
AcDbLine
 10
-20.4
 20
-115.0
 30
-93.0
 11
-25.5
 21
-115.0
 31
-93.0
  0
LINE
  5
E1
330
17
100
AcDbEntity
  8
0
100
AcDbLine
 10
-20.4
 20
-127.0
 30
-93.0
 11
-20.4
 21
-115.0
 31
-93.0
  0
LINE
  5
E2
330
17
100
AcDbEntity
  8
0
100
AcDbLine
 10
-25.5
 20
-127.0
 30
-93.0
 11
-20.4
 21
-127.0
 31
-93.0
  0
LINE
  5
E3
330
17
100
AcDbEntity
  8
0
100
AcDbLine
 10
-25.5
 20
-127.0
 30
-68.0
 11
-25.5
 21
-127.0
 31
-93.0
  0
LINE
  5
E4
330
17
100
AcDbEntity
  8
0
100
AcDbLine
 10
-25.5
 20
-122.0
 30
-68.0
 11
-25.5
 21
-127.0
 31
-68.0
  0
LINE
  5
E5
330
17
100
AcDbEntity
  8
0
100
AcDbLine
 10
-25.5
 20
-122.0
 30
-46.0
 11
-25.5
 21
-122.0
 31
-68.0
  0
LINE
  5
E6
330
17
100
AcDbEntity
  8
0
100
AcDbLine
 10
-25.5
 20
-72.0
 30
-46.0
 11
-25.5
 21
-122.0
 31
-46.0
  0
LINE
  5
E7
330
17
100
AcDbEntity
  8
0
100
AcDbLine
 10
-25.5
 20
-72.0
 30
-68.0
 11
-25.5
 21
-72.0
 31
-46.0
  0
LINE
  5
E8
330
17
100
AcDbEntity
  8
0
100
AcDbLine
 10
-25.5
 20
-67.0
 30
-68.0
 11
-25.5
 21
-72.0
 31
-68.0
  0
LINE
  5
E9
330
17
100
AcDbEntity
  8
0
100
AcDbLine
 10
-25.5
 20
-67.0
 30
-93.0
 11
-25.5
 21
-67.0
 31
-68.0
  0
LINE
  5
EA
330
17
100
AcDbEntity
  8
0
100
AcDbLine
 10
-25.5
 20
-79.0
 30
-93.0
 11
-25.5
 21
-67.0
 31
-93.0
  0
LINE
  5
EB
330
17
100
AcDbEntity
  8
0
100
AcDbLine
 10
-25.5
 20
-79.0
 30
-93.0
 11
-25.5
 21
-79.0
 31
-88.0
  0
LINE
  5
EC
330
17
100
AcDbEntity
  8
0
100
AcDbLine
 10
-25.5
 20
-79.0
 30
-88.0
 11
-25.5
 21
-115.0
 31
-88.0
  0
LINE
  5
ED
330
17
100
AcDbEntity
  8
0
100
AcDbLine
 10
-25.5
 20
-115.0
 30
-88.0
 11
-25.5
 21
-115.0
 31
-93.0
  0
LINE
  5
EE
330
17
100
AcDbEntity
  8
0
100
AcDbLine
 10
-25.5
 20
-127.0
 30
-93.0
 11
-25.5
 21
-115.0
 31
-93.0
  0
LINE
  5
EF
330
17
100
AcDbEntity
  8
0
100
AcDbLine
 10
-25.5
 20
-115.0
 30
-88.0
 11
-25.5
 21
-115.0
 31
-93.0
  0
LINE
  5
F0
330
17
100
AcDbEntity
  8
0
100
AcDbLine
 10
-25.5
 20
-115.0
 30
-88.0
 11
-20.4
 21
-115.0
 31
-88.0
  0
LINE
  5
F1
330
17
100
AcDbEntity
  8
0
100
AcDbLine
 10
-20.4
 20
-115.0
 30
-88.0
 11
-20.4
 21
-115.0
 31
-93.0
  0
LINE
  5
F2
330
17
100
AcDbEntity
  8
0
100
AcDbLine
 10
-20.4
 20
-115.0
 30
-93.0
 11
-25.5
 21
-115.0
 31
-93.0
  0
LINE
  5
F3
330
17
100
AcDbEntity
  8
0
100
AcDbLine
 10
-20.4
 20
-127.0
 30
-68.0
 11
-20.4
 21
-127.0
 31
-93.0
  0
LINE
  5
F4
330
17
100
AcDbEntity
  8
0
100
AcDbLine
 10
-20.4
 20
-127.0
 30
-93.0
 11
-20.4
 21
-115.0
 31
-93.0
  0
LINE
  5
F5
330
17
100
AcDbEntity
  8
0
100
AcDbLine
 10
-20.4
 20
-115.0
 30
-88.0
 11
-20.4
 21
-115.0
 31
-93.0
  0
LINE
  5
F6
330
17
100
AcDbEntity
  8
0
100
AcDbLine
 10
-20.4
 20
-79.0
 30
-88.0
 11
-20.4
 21
-115.0
 31
-88.0
  0
LINE
  5
F7
330
17
100
AcDbEntity
  8
0
100
AcDbLine
 10
-20.4
 20
-79.0
 30
-93.0
 11
-20.4
 21
-79.0
 31
-88.0
  0
LINE
  5
F8
330
17
100
AcDbEntity
  8
0
100
AcDbLine
 10
-20.4
 20
-79.0
 30
-93.0
 11
-20.4
 21
-67.0
 31
-93.0
  0
LINE
  5
F9
330
17
100
AcDbEntity
  8
0
100
AcDbLine
 10
-20.4
 20
-67.0
 30
-93.0
 11
-20.4
 21
-67.0
 31
-68.0
  0
LINE
  5
FA
330
17
100
AcDbEntity
  8
0
100
AcDbLine
 10
-20.4
 20
-67.0
 30
-68.0
 11
-20.4
 21
-72.0
 31
-68.0
  0
LINE
  5
FB
330
17
100
AcDbEntity
  8
0
100
AcDbLine
 10
-20.4
 20
-72.0
 30
-68.0
 11
-20.4
 21
-72.0
 31
-46.0
  0
LINE
  5
FC
330
17
100
AcDbEntity
  8
0
100
AcDbLine
 10
-20.4
 20
-72.0
 30
-46.0
 11
-20.4
 21
-122.0
 31
-46.0
  0
LINE
  5
FD
330
17
100
AcDbEntity
  8
0
100
AcDbLine
 10
-20.4
 20
-122.0
 30
-46.0
 11
-20.4
 21
-122.0
 31
-68.0
  0
LINE
  5
FE
330
17
100
AcDbEntity
  8
0
100
AcDbLine
 10
-20.4
 20
-122.0
 30
-68.0
 11
-20.4
 21
-127.0
 31
-68.0
  0
LINE
  5
FF
330
17
100
AcDbEntity
  8
0
100
AcDbLine
 10
-25.5
 20
-127.0
 30
-68.0
 11
-20.4
 21
-127.0
 31
-68.0
  0
LINE
  5
100
330
17
100
AcDbEntity
  8
0
100
AcDbLine
 10
-25.5
 20
-127.0
 30
-68.0
 11
-25.5
 21
-127.0
 31
-93.0
  0
LINE
  5
101
330
17
100
AcDbEntity
  8
0
100
AcDbLine
 10
-25.5
 20
-127.0
 30
-93.0
 11
-20.4
 21
-127.0
 31
-93.0
  0
LINE
  5
102
330
17
100
AcDbEntity
  8
0
100
AcDbLine
 10
-20.4
 20
-127.0
 30
-68.0
 11
-20.4
 21
-127.0
 31
-93.0
  0
LINE
  5
103
330
17
100
AcDbEntity
  8
0
100
AcDbLine
 10
-25.5
 20
-122.0
 30
-68.0
 11
-20.4
 21
-122.0
 31
-68.0
  0
LINE
  5
104
330
17
100
AcDbEntity
  8
0
100
AcDbLine
 10
-25.5
 20
-122.0
 30
-68.0
 11
-25.5
 21
-127.0
 31
-68.0
  0
LINE
  5
105
330
17
100
AcDbEntity
  8
0
100
AcDbLine
 10
-25.5
 20
-127.0
 30
-68.0
 11
-20.4
 21
-127.0
 31
-68.0
  0
LINE
  5
106
330
17
100
AcDbEntity
  8
0
100
AcDbLine
 10
-20.4
 20
-122.0
 30
-68.0
 11
-20.4
 21
-127.0
 31
-68.0
  0
LINE
  5
107
330
17
100
AcDbEntity
  8
0
100
AcDbLine
 10
-25.5
 20
-122.0
 30
-46.0
 11
-20.4
 21
-122.0
 31
-46.0
  0
LINE
  5
108
330
17
100
AcDbEntity
  8
0
100
AcDbLine
 10
-25.5
 20
-122.0
 30
-46.0
 11
-25.5
 21
-122.0
 31
-68.0
  0
LINE
  5
109
330
17
100
AcDbEntity
  8
0
100
AcDbLine
 10
-25.5
 20
-122.0
 30
-68.0
 11
-20.4
 21
-122.0
 31
-68.0
  0
LINE
  5
10A
330
17
100
AcDbEntity
  8
0
100
AcDbLine
 10
-20.4
 20
-122.0
 30
-46.0
 11
-20.4
 21
-122.0
 31
-68.0
  0
LINE
  5
10B
330
17
100
AcDbEntity
  8
0
100
AcDbLine
 10
-25.5
 20
-72.0
 30
-46.0
 11
-20.4
 21
-72.0
 31
-46.0
  0
LINE
  5
10C
330
17
100
AcDbEntity
  8
0
100
AcDbLine
 10
-25.5
 20
-72.0
 30
-46.0
 11
-25.5
 21
-122.0
 31
-46.0
  0
LINE
  5
10D
330
17
100
AcDbEntity
  8
0
100
AcDbLine
 10
-25.5
 20
-122.0
 30
-46.0
 11
-20.4
 21
-122.0
 31
-46.0
  0
LINE
  5
10E
330
17
100
AcDbEntity
  8
0
100
AcDbLine
 10
-20.4
 20
-72.0
 30
-46.0
 11
-20.4
 21
-122.0
 31
-46.0
  0
CIRCLE
  5
10F
330
17
100
AcDbEntity
  8
0
100
AcDbCircle
 10
-22.95
 20
-77.0
 30
-46.0
 40
1.5
  0
CIRCLE
  5
110
330
17
100
AcDbEntity
  8
0
100
AcDbCircle
 10
-22.95
 20
-117.0
 30
-46.0
 40
1.5
  0
LINE
  5
111
330
17
100
AcDbEntity
  8
0
100
AcDbLine
 10
-25.5
 20
-72.0
 30
-68.0
 11
-20.4
 21
-72.0
 31
-68.0
  0
LINE
  5
112
330
17
100
AcDbEntity
  8
0
100
AcDbLine
 10
-25.5
 20
-72.0
 30
-68.0
 11
-25.5
 21
-72.0
 31
-46.0
  0
LINE
  5
113
330
17
100
AcDbEntity
  8
0
100
AcDbLine
 10
-25.5
 20
-72.0
 30
-46.0
 11
-20.4
 21
-72.0
 31
-46.0
  0
LINE
  5
114
330
17
100
AcDbEntity
  8
0
100
AcDbLine
 10
-20.4
 20
-72.0
 30
-68.0
 11
-20.4
 21
-72.0
 31
-46.0
  0
LINE
  5
115
330
17
100
AcDbEntity
  8
0
100
AcDbLine
 10
-25.5
 20
-67.0
 30
-68.0
 11
-20.4
 21
-67.0
 31
-68.0
  0
LINE
  5
116
330
17
100
AcDbEntity
  8
0
100
AcDbLine
 10
-25.5
 20
-67.0
 30
-68.0
 11
-25.5
 21
-72.0
 31
-68.0
  0
LINE
  5
117
330
17
100
AcDbEntity
  8
0
100
AcDbLine
 10
-25.5
 20
-72.0
 30
-68.0
 11
-20.4
 21
-72.0
 31
-68.0
  0
LINE
  5
118
330
17
100
AcDbEntity
  8
0
100
AcDbLine
 10
-20.4
 20
-67.0
 30
-68.0
 11
-20.4
 21
-72.0
 31
-68.0
  0
LINE
  5
119
330
17
100
AcDbEntity
  8
0
100
AcDbLine
 10
-25.5
 20
-67.0
 30
-93.0
 11
-20.4
 21
-67.0
 31
-93.0
  0
LINE
  5
11A
330
17
100
AcDbEntity
  8
0
100
AcDbLine
 10
-25.5
 20
-67.0
 30
-93.0
 11
-25.5
 21
-67.0
 31
-68.0
  0
LINE
  5
11B
330
17
100
AcDbEntity
  8
0
100
AcDbLine
 10
-25.5
 20
-67.0
 30
-68.0
 11
-20.4
 21
-67.0
 31
-68.0
  0
LINE
  5
11C
330
17
100
AcDbEntity
  8
0
100
AcDbLine
 10
-20.4
 20
-67.0
 30
-93.0
 11
-20.4
 21
-67.0
 31
-68.0
  0
LINE
  5
11D
330
17
100
AcDbEntity
  8
0
100
AcDbLine
 10
-25.5
 20
-79.0
 30
-93.0
 11
-25.5
 21
-67.0
 31
-93.0
  0
LINE
  5
11E
330
17
100
AcDbEntity
  8
0
100
AcDbLine
 10
-25.5
 20
-67.0
 30
-93.0
 11
-20.4
 21
-67.0
 31
-93.0
  0
LINE
  5
11F
330
17
100
AcDbEntity
  8
0
100
AcDbLine
 10
-20.4
 20
-79.0
 30
-93.0
 11
-20.4
 21
-67.0
 31
-93.0
  0
LINE
  5
120
330
17
100
AcDbEntity
  8
0
100
AcDbLine
 10
-25.5
 20
-79.0
 30
-93.0
 11
-20.4
 21
-79.0
 31
-93.0
  0
LINE
  5
121
330
17
100
AcDbEntity
  8
0
100
AcDbLine
 10
-25.5
 20
-79.0
 30
-93.0
 11
-25.5
 21
-79.0
 31
-88.0
  0
LINE
  5
122
330
17
100
AcDbEntity
  8
0
100
AcDbLine
 10
-25.5
 20
-79.0
 30
-93.0
 11
-20.4
 21
-79.0
 31
-93.0
  0
LINE
  5
123
330
17
100
AcDbEntity
  8
0
100
AcDbLine
 10
-20.4
 20
-79.0
 30
-93.0
 11
-20.4
 21
-79.0
 31
-88.0
  0
LINE
  5
124
330
17
100
AcDbEntity
  8
0
100
AcDbLine
 10
-25.5
 20
-79.0
 30
-88.0
 11
-20.4
 21
-79.0
 31
-88.0
  0
LINE
  5
125
330
17
100
AcDbEntity
  8
0
100
AcDbLine
 10
-25.5
 20
-79.0
 30
-88.0
 11
-20.4
 21
-79.0
 31
-88.0
  0
LINE
  5
126
330
17
100
AcDbEntity
  8
0
100
AcDbLine
 10
-20.4
 20
-79.0
 30
-88.0
 11
-20.4
 21
-115.0
 31
-88.0
  0
LINE
  5
127
330
17
100
AcDbEntity
  8
0
100
AcDbLine
 10
-25.5
 20
-115.0
 30
-88.0
 11
-20.4
 21
-115.0
 31
-88.0
  0
LINE
  5
128
330
17
100
AcDbEntity
  8
0
100
AcDbLine
 10
-25.5
 20
-79.0
 30
-88.0
 11
-25.5
 21
-115.0
 31
-88.0
  0
LINE
  5
129
330
17
100
AcDbEntity
  8
0
100
AcDbLine
 10
-21.45
 20
-77.0
 30
-46.0
 11
-21.45
 21
-77.0
 31
-56.0
  0
CIRCLE
  5
12A
330
17
100
AcDbEntity
  8
0
100
AcDbCircle
 10
-22.95
 20
-77.0
 30
-46.0
 40
1.5
  0
LINE
  5
12B
330
17
100
AcDbEntity
  8
0
100
AcDbLine
 10
-21.45
 20
-77.0
 30
-46.0
 11
-21.45
 21
-77.0
 31
-56.0
  0
CIRCLE
  5
12C
330
17
100
AcDbEntity
  8
0
100
AcDbCircle
 10
-22.95
 20
-77.0
 30
-56.0
 40
1.5
  0
LINE
  5
12D
330
17
100
AcDbEntity
  8
0
100
AcDbLine
 10
-21.45
 20
-117.0
 30
-46.0
 11
-21.45
 21
-117.0
 31
-56.0
  0
CIRCLE
  5
12E
330
17
100
AcDbEntity
  8
0
100
AcDbCircle
 10
-22.95
 20
-117.0
 30
-46.0
 40
1.5
  0
LINE
  5
12F
330
17
100
AcDbEntity
  8
0
100
AcDbLine
 10
-21.45
 20
-117.0
 30
-46.0
 11
-21.45
 21
-117.0
 31
-56.0
  0
CIRCLE
  5
130
330
17
100
AcDbEntity
  8
0
100
AcDbCircle
 10
-22.95
 20
-117.0
 30
-56.0
 40
1.5
  0
CIRCLE
  5
131
330
17
100
AcDbEntity
  8
0
100
AcDbCircle
 10
-22.95
 20
-77.0
 30
-56.0
 40
1.5
  0
CIRCLE
  5
132
330
17
100
AcDbEntity
  8
0
100
AcDbCircle
 10
-22.95
 20
-117.0
 30
-56.0
 40
1.5
  0
LINE
  5
133
330
17
100
AcDbEntity
  8
0
100
AcDbLine
 10
-20.4
 20
-127.0
 30
-93.0
 11
-20.4
 21
-115.0
 31
-93.0
  0
LINE
  5
134
330
17
100
AcDbEntity
  8
0
100
AcDbLine
 10
-15.299999999999999
 20
-115.0
 30
-93.0
 11
-20.4
 21
-115.0
 31
-93.0
  0
LINE
  5
135
330
17
100
AcDbEntity
  8
0
100
AcDbLine
 10
-15.299999999999999
 20
-127.0
 30
-93.0
 11
-15.299999999999999
 21
-115.0
 31
-93.0
  0
LINE
  5
136
330
17
100
AcDbEntity
  8
0
100
AcDbLine
 10
-20.4
 20
-127.0
 30
-93.0
 11
-15.299999999999999
 21
-127.0
 31
-93.0
  0
LINE
  5
137
330
17
100
AcDbEntity
  8
0
100
AcDbLine
 10
-20.4
 20
-127.0
 30
-68.0
 11
-20.4
 21
-127.0
 31
-93.0
  0
LINE
  5
138
330
17
100
AcDbEntity
  8
0
100
AcDbLine
 10
-20.4
 20
-122.0
 30
-68.0
 11
-20.4
 21
-127.0
 31
-68.0
  0
LINE
  5
139
330
17
100
AcDbEntity
  8
0
100
AcDbLine
 10
-20.4
 20
-122.0
 30
-46.0
 11
-20.4
 21
-122.0
 31
-68.0
  0
LINE
  5
13A
330
17
100
AcDbEntity
  8
0
100
AcDbLine
 10
-20.4
 20
-72.0
 30
-46.0
 11
-20.4
 21
-122.0
 31
-46.0
  0
LINE
  5
13B
330
17
100
AcDbEntity
  8
0
100
AcDbLine
 10
-20.4
 20
-72.0
 30
-68.0
 11
-20.4
 21
-72.0
 31
-46.0
  0
LINE
  5
13C
330
17
100
AcDbEntity
  8
0
100
AcDbLine
 10
-20.4
 20
-67.0
 30
-68.0
 11
-20.4
 21
-72.0
 31
-68.0
  0
LINE
  5
13D
330
17
100
AcDbEntity
  8
0
100
AcDbLine
 10
-20.4
 20
-67.0
 30
-93.0
 11
-20.4
 21
-67.0
 31
-68.0
  0
LINE
  5
13E
330
17
100
AcDbEntity
  8
0
100
AcDbLine
 10
-20.4
 20
-79.0
 30
-93.0
 11
-20.4
 21
-67.0
 31
-93.0
  0
LINE
  5
13F
330
17
100
AcDbEntity
  8
0
100
AcDbLine
 10
-20.4
 20
-79.0
 30
-93.0
 11
-20.4
 21
-79.0
 31
-88.0
  0
LINE
  5
140
330
17
100
AcDbEntity
  8
0
100
AcDbLine
 10
-20.4
 20
-79.0
 30
-88.0
 11
-20.4
 21
-115.0
 31
-88.0
  0
LINE
  5
141
330
17
100
AcDbEntity
  8
0
100
AcDbLine
 10
-20.4
 20
-115.0
 30
-88.0
 11
-20.4
 21
-115.0
 31
-93.0
  0
LINE
  5
142
330
17
100
AcDbEntity
  8
0
100
AcDbLine
 10
-20.4
 20
-127.0
 30
-93.0
 11
-20.4
 21
-115.0
 31
-93.0
  0
LINE
  5
143
330
17
100
AcDbEntity
  8
0
100
AcDbLine
 10
-20.4
 20
-115.0
 30
-88.0
 11
-20.4
 21
-115.0
 31
-93.0
  0
LINE
  5
144
330
17
100
AcDbEntity
  8
0
100
AcDbLine
 10
-20.4
 20
-115.0
 30
-88.0
 11
-15.299999999999999
 21
-115.0
 31
-88.0
  0
LINE
  5
145
330
17
100
AcDbEntity
  8
0
100
AcDbLine
 10
-15.299999999999999
 20
-115.0
 30
-88.0
 11
-15.299999999999999
 21
-115.0
 31
-93.0
  0
LINE
  5
146
330
17
100
AcDbEntity
  8
0
100
AcDbLine
 10
-15.299999999999999
 20
-115.0
 30
-93.0
 11
-20.4
 21
-115.0
 31
-93.0
  0
LINE
  5
147
330
17
100
AcDbEntity
  8
0
100
AcDbLine
 10
-15.299999999999999
 20
-127.0
 30
-68.0
 11
-15.299999999999999
 21
-127.0
 31
-93.0
  0
LINE
  5
148
330
17
100
AcDbEntity
  8
0
100
AcDbLine
 10
-15.299999999999999
 20
-127.0
 30
-93.0
 11
-15.299999999999999
 21
-115.0
 31
-93.0
  0
LINE
  5
149
330
17
100
AcDbEntity
  8
0
100
AcDbLine
 10
-15.299999999999999
 20
-115.0
 30
-88.0
 11
-15.299999999999999
 21
-115.0
 31
-93.0
  0
LINE
  5
14A
330
17
100
AcDbEntity
  8
0
100
AcDbLine
 10
-15.299999999999999
 20
-79.0
 30
-88.0
 11
-15.299999999999999
 21
-115.0
 31
-88.0
  0
LINE
  5
14B
330
17
100
AcDbEntity
  8
0
100
AcDbLine
 10
-15.299999999999999
 20
-79.0
 30
-93.0
 11
-15.299999999999999
 21
-79.0
 31
-88.0
  0
LINE
  5
14C
330
17
100
AcDbEntity
  8
0
100
AcDbLine
 10
-15.299999999999999
 20
-79.0
 30
-93.0
 11
-15.299999999999999
 21
-67.0
 31
-93.0
  0
LINE
  5
14D
330
17
100
AcDbEntity
  8
0
100
AcDbLine
 10
-15.299999999999999
 20
-67.0
 30
-93.0
 11
-15.299999999999999
 21
-67.0
 31
-68.0
  0
LINE
  5
14E
330
17
100
AcDbEntity
  8
0
100
AcDbLine
 10
-15.299999999999999
 20
-67.0
 30
-68.0
 11
-15.299999999999999
 21
-72.0
 31
-68.0
  0
LINE
  5
14F
330
17
100
AcDbEntity
  8
0
100
AcDbLine
 10
-15.299999999999999
 20
-72.0
 30
-68.0
 11
-15.299999999999999
 21
-72.0
 31
-46.0
  0
LINE
  5
150
330
17
100
AcDbEntity
  8
0
100
AcDbLine
 10
-15.299999999999999
 20
-72.0
 30
-46.0
 11
-15.299999999999999
 21
-122.0
 31
-46.0
  0
LINE
  5
151
330
17
100
AcDbEntity
  8
0
100
AcDbLine
 10
-15.299999999999999
 20
-122.0
 30
-46.0
 11
-15.299999999999999
 21
-122.0
 31
-68.0
  0
LINE
  5
152
330
17
100
AcDbEntity
  8
0
100
AcDbLine
 10
-15.299999999999999
 20
-122.0
 30
-68.0
 11
-15.299999999999999
 21
-127.0
 31
-68.0
  0
LINE
  5
153
330
17
100
AcDbEntity
  8
0
100
AcDbLine
 10
-20.4
 20
-127.0
 30
-68.0
 11
-15.299999999999999
 21
-127.0
 31
-68.0
  0
LINE
  5
154
330
17
100
AcDbEntity
  8
0
100
AcDbLine
 10
-20.4
 20
-127.0
 30
-68.0
 11
-20.4
 21
-127.0
 31
-93.0
  0
LINE
  5
155
330
17
100
AcDbEntity
  8
0
100
AcDbLine
 10
-20.4
 20
-127.0
 30
-93.0
 11
-15.299999999999999
 21
-127.0
 31
-93.0
  0
LINE
  5
156
330
17
100
AcDbEntity
  8
0
100
AcDbLine
 10
-15.299999999999999
 20
-127.0
 30
-68.0
 11
-15.299999999999999
 21
-127.0
 31
-93.0
  0
LINE
  5
157
330
17
100
AcDbEntity
  8
0
100
AcDbLine
 10
-20.4
 20
-122.0
 30
-68.0
 11
-15.299999999999999
 21
-122.0
 31
-68.0
  0
LINE
  5
158
330
17
100
AcDbEntity
  8
0
100
AcDbLine
 10
-20.4
 20
-122.0
 30
-68.0
 11
-20.4
 21
-127.0
 31
-68.0
  0
LINE
  5
159
330
17
100
AcDbEntity
  8
0
100
AcDbLine
 10
-20.4
 20
-127.0
 30
-68.0
 11
-15.299999999999999
 21
-127.0
 31
-68.0
  0
LINE
  5
15A
330
17
100
AcDbEntity
  8
0
100
AcDbLine
 10
-15.299999999999999
 20
-122.0
 30
-68.0
 11
-15.299999999999999
 21
-127.0
 31
-68.0
  0
LINE
  5
15B
330
17
100
AcDbEntity
  8
0
100
AcDbLine
 10
-20.4
 20
-122.0
 30
-46.0
 11
-15.299999999999999
 21
-122.0
 31
-46.0
  0
LINE
  5
15C
330
17
100
AcDbEntity
  8
0
100
AcDbLine
 10
-20.4
 20
-122.0
 30
-46.0
 11
-20.4
 21
-122.0
 31
-68.0
  0
LINE
  5
15D
330
17
100
AcDbEntity
  8
0
100
AcDbLine
 10
-20.4
 20
-122.0
 30
-68.0
 11
-15.299999999999999
 21
-122.0
 31
-68.0
  0
LINE
  5
15E
330
17
100
AcDbEntity
  8
0
100
AcDbLine
 10
-15.299999999999999
 20
-122.0
 30
-46.0
 11
-15.299999999999999
 21
-122.0
 31
-68.0
  0
LINE
  5
15F
330
17
100
AcDbEntity
  8
0
100
AcDbLine
 10
-20.4
 20
-72.0
 30
-46.0
 11
-15.299999999999999
 21
-72.0
 31
-46.0
  0
LINE
  5
160
330
17
100
AcDbEntity
  8
0
100
AcDbLine
 10
-20.4
 20
-72.0
 30
-46.0
 11
-20.4
 21
-122.0
 31
-46.0
  0
LINE
  5
161
330
17
100
AcDbEntity
  8
0
100
AcDbLine
 10
-20.4
 20
-122.0
 30
-46.0
 11
-15.299999999999999
 21
-122.0
 31
-46.0
  0
LINE
  5
162
330
17
100
AcDbEntity
  8
0
100
AcDbLine
 10
-15.299999999999999
 20
-72.0
 30
-46.0
 11
-15.299999999999999
 21
-122.0
 31
-46.0
  0
CIRCLE
  5
163
330
17
100
AcDbEntity
  8
0
100
AcDbCircle
 10
-17.849999999999998
 20
-77.0
 30
-46.0
 40
1.5
  0
CIRCLE
  5
164
330
17
100
AcDbEntity
  8
0
100
AcDbCircle
 10
-17.849999999999998
 20
-117.0
 30
-46.0
 40
1.5
  0
LINE
  5
165
330
17
100
AcDbEntity
  8
0
100
AcDbLine
 10
-20.4
 20
-72.0
 30
-68.0
 11
-15.299999999999999
 21
-72.0
 31
-68.0
  0
LINE
  5
166
330
17
100
AcDbEntity
  8
0
100
AcDbLine
 10
-20.4
 20
-72.0
 30
-68.0
 11
-20.4
 21
-72.0
 31
-46.0
  0
LINE
  5
167
330
17
100
AcDbEntity
  8
0
100
AcDbLine
 10
-20.4
 20
-72.0
 30
-46.0
 11
-15.299999999999999
 21
-72.0
 31
-46.0
  0
LINE
  5
168
330
17
100
AcDbEntity
  8
0
100
AcDbLine
 10
-15.299999999999999
 20
-72.0
 30
-68.0
 11
-15.299999999999999
 21
-72.0
 31
-46.0
  0
LINE
  5
169
330
17
100
AcDbEntity
  8
0
100
AcDbLine
 10
-20.4
 20
-67.0
 30
-68.0
 11
-15.299999999999999
 21
-67.0
 31
-68.0
  0
LINE
  5
16A
330
17
100
AcDbEntity
  8
0
100
AcDbLine
 10
-20.4
 20
-67.0
 30
-68.0
 11
-20.4
 21
-72.0
 31
-68.0
  0
LINE
  5
16B
330
17
100
AcDbEntity
  8
0
100
AcDbLine
 10
-20.4
 20
-72.0
 30
-68.0
 11
-15.299999999999999
 21
-72.0
 31
-68.0
  0
LINE
  5
16C
330
17
100
AcDbEntity
  8
0
100
AcDbLine
 10
-15.299999999999999
 20
-67.0
 30
-68.0
 11
-15.299999999999999
 21
-72.0
 31
-68.0
  0
LINE
  5
16D
330
17
100
AcDbEntity
  8
0
100
AcDbLine
 10
-20.4
 20
-67.0
 30
-93.0
 11
-15.299999999999999
 21
-67.0
 31
-93.0
  0
LINE
  5
16E
330
17
100
AcDbEntity
  8
0
100
AcDbLine
 10
-20.4
 20
-67.0
 30
-93.0
 11
-20.4
 21
-67.0
 31
-68.0
  0
LINE
  5
16F
330
17
100
AcDbEntity
  8
0
100
AcDbLine
 10
-20.4
 20
-67.0
 30
-68.0
 11
-15.299999999999999
 21
-67.0
 31
-68.0
  0
LINE
  5
170
330
17
100
AcDbEntity
  8
0
100
AcDbLine
 10
-15.299999999999999
 20
-67.0
 30
-93.0
 11
-15.299999999999999
 21
-67.0
 31
-68.0
  0
LINE
  5
171
330
17
100
AcDbEntity
  8
0
100
AcDbLine
 10
-20.4
 20
-79.0
 30
-93.0
 11
-20.4
 21
-67.0
 31
-93.0
  0
LINE
  5
172
330
17
100
AcDbEntity
  8
0
100
AcDbLine
 10
-20.4
 20
-67.0
 30
-93.0
 11
-15.299999999999999
 21
-67.0
 31
-93.0
  0
LINE
  5
173
330
17
100
AcDbEntity
  8
0
100
AcDbLine
 10
-15.299999999999999
 20
-79.0
 30
-93.0
 11
-15.299999999999999
 21
-67.0
 31
-93.0
  0
LINE
  5
174
330
17
100
AcDbEntity
  8
0
100
AcDbLine
 10
-20.4
 20
-79.0
 30
-93.0
 11
-15.299999999999999
 21
-79.0
 31
-93.0
  0
LINE
  5
175
330
17
100
AcDbEntity
  8
0
100
AcDbLine
 10
-20.4
 20
-79.0
 30
-93.0
 11
-20.4
 21
-79.0
 31
-88.0
  0
LINE
  5
176
330
17
100
AcDbEntity
  8
0
100
AcDbLine
 10
-20.4
 20
-79.0
 30
-93.0
 11
-15.299999999999999
 21
-79.0
 31
-93.0
  0
LINE
  5
177
330
17
100
AcDbEntity
  8
0
100
AcDbLine
 10
-15.299999999999999
 20
-79.0
 30
-93.0
 11
-15.299999999999999
 21
-79.0
 31
-88.0
  0
LINE
  5
178
330
17
100
AcDbEntity
  8
0
100
AcDbLine
 10
-20.4
 20
-79.0
 30
-88.0
 11
-15.299999999999999
 21
-79.0
 31
-88.0
  0
LINE
  5
179
330
17
100
AcDbEntity
  8
0
100
AcDbLine
 10
-20.4
 20
-79.0
 30
-88.0
 11
-15.299999999999999
 21
-79.0
 31
-88.0
  0
LINE
  5
17A
330
17
100
AcDbEntity
  8
0
100
AcDbLine
 10
-15.299999999999999
 20
-79.0
 30
-88.0
 11
-15.299999999999999
 21
-115.0
 31
-88.0
  0
LINE
  5
17B
330
17
100
AcDbEntity
  8
0
100
AcDbLine
 10
-20.4
 20
-115.0
 30
-88.0
 11
-15.299999999999999
 21
-115.0
 31
-88.0
  0
LINE
  5
17C
330
17
100
AcDbEntity
  8
0
100
AcDbLine
 10
-20.4
 20
-79.0
 30
-88.0
 11
-20.4
 21
-115.0
 31
-88.0
  0
LINE
  5
17D
330
17
100
AcDbEntity
  8
0
100
AcDbLine
 10
-16.349999999999998
 20
-77.0
 30
-46.0
 11
-16.349999999999998
 21
-77.0
 31
-56.0
  0
CIRCLE
  5
17E
330
17
100
AcDbEntity
  8
0
100
AcDbCircle
 10
-17.849999999999998
 20
-77.0
 30
-46.0
 40
1.5
  0
LINE
  5
17F
330
17
100
AcDbEntity
  8
0
100
AcDbLine
 10
-16.349999999999998
 20
-77.0
 30
-46.0
 11
-16.349999999999998
 21
-77.0
 31
-56.0
  0
CIRCLE
  5
180
330
17
100
AcDbEntity
  8
0
100
AcDbCircle
 10
-17.849999999999998
 20
-77.0
 30
-56.0
 40
1.5
  0
LINE
  5
181
330
17
100
AcDbEntity
  8
0
100
AcDbLine
 10
-16.349999999999998
 20
-117.0
 30
-46.0
 11
-16.349999999999998
 21
-117.0
 31
-56.0
  0
CIRCLE
  5
182
330
17
100
AcDbEntity
  8
0
100
AcDbCircle
 10
-17.849999999999998
 20
-117.0
 30
-46.0
 40
1.5
  0
LINE
  5
183
330
17
100
AcDbEntity
  8
0
100
AcDbLine
 10
-16.349999999999998
 20
-117.0
 30
-46.0
 11
-16.349999999999998
 21
-117.0
 31
-56.0
  0
CIRCLE
  5
184
330
17
100
AcDbEntity
  8
0
100
AcDbCircle
 10
-17.849999999999998
 20
-117.0
 30
-56.0
 40
1.5
  0
CIRCLE
  5
185
330
17
100
AcDbEntity
  8
0
100
AcDbCircle
 10
-17.849999999999998
 20
-77.0
 30
-56.0
 40
1.5
  0
CIRCLE
  5
186
330
17
100
AcDbEntity
  8
0
100
AcDbCircle
 10
-17.849999999999998
 20
-117.0
 30
-56.0
 40
1.5
  0
LINE
  5
187
330
17
100
AcDbEntity
  8
0
100
AcDbLine
 10
-15.3
 20
-127.0
 30
-93.0
 11
-15.3
 21
-115.0
 31
-93.0
  0
LINE
  5
188
330
17
100
AcDbEntity
  8
0
100
AcDbLine
 10
-10.200000000000001
 20
-115.0
 30
-93.0
 11
-15.3
 21
-115.0
 31
-93.0
  0
LINE
  5
189
330
17
100
AcDbEntity
  8
0
100
AcDbLine
 10
-10.200000000000001
 20
-127.0
 30
-93.0
 11
-10.200000000000001
 21
-115.0
 31
-93.0
  0
LINE
  5
18A
330
17
100
AcDbEntity
  8
0
100
AcDbLine
 10
-15.3
 20
-127.0
 30
-93.0
 11
-10.200000000000001
 21
-127.0
 31
-93.0
  0
LINE
  5
18B
330
17
100
AcDbEntity
  8
0
100
AcDbLine
 10
-15.3
 20
-127.0
 30
-68.0
 11
-15.3
 21
-127.0
 31
-93.0
  0
LINE
  5
18C
330
17
100
AcDbEntity
  8
0
100
AcDbLine
 10
-15.3
 20
-122.0
 30
-68.0
 11
-15.3
 21
-127.0
 31
-68.0
  0
LINE
  5
18D
330
17
100
AcDbEntity
  8
0
100
AcDbLine
 10
-15.3
 20
-122.0
 30
-46.0
 11
-15.3
 21
-122.0
 31
-68.0
  0
LINE
  5
18E
330
17
100
AcDbEntity
  8
0
100
AcDbLine
 10
-15.3
 20
-72.0
 30
-46.0
 11
-15.3
 21
-122.0
 31
-46.0
  0
LINE
  5
18F
330
17
100
AcDbEntity
  8
0
100
AcDbLine
 10
-15.3
 20
-72.0
 30
-68.0
 11
-15.3
 21
-72.0
 31
-46.0
  0
LINE
  5
190
330
17
100
AcDbEntity
  8
0
100
AcDbLine
 10
-15.3
 20
-67.0
 30
-68.0
 11
-15.3
 21
-72.0
 31
-68.0
  0
LINE
  5
191
330
17
100
AcDbEntity
  8
0
100
AcDbLine
 10
-15.3
 20
-67.0
 30
-93.0
 11
-15.3
 21
-67.0
 31
-68.0
  0
LINE
  5
192
330
17
100
AcDbEntity
  8
0
100
AcDbLine
 10
-15.3
 20
-79.0
 30
-93.0
 11
-15.3
 21
-67.0
 31
-93.0
  0
LINE
  5
193
330
17
100
AcDbEntity
  8
0
100
AcDbLine
 10
-15.3
 20
-79.0
 30
-93.0
 11
-15.3
 21
-79.0
 31
-88.0
  0
LINE
  5
194
330
17
100
AcDbEntity
  8
0
100
AcDbLine
 10
-15.3
 20
-79.0
 30
-88.0
 11
-15.3
 21
-115.0
 31
-88.0
  0
LINE
  5
195
330
17
100
AcDbEntity
  8
0
100
AcDbLine
 10
-15.3
 20
-115.0
 30
-88.0
 11
-15.3
 21
-115.0
 31
-93.0
  0
LINE
  5
196
330
17
100
AcDbEntity
  8
0
100
AcDbLine
 10
-15.3
 20
-127.0
 30
-93.0
 11
-15.3
 21
-115.0
 31
-93.0
  0
LINE
  5
197
330
17
100
AcDbEntity
  8
0
100
AcDbLine
 10
-15.3
 20
-115.0
 30
-88.0
 11
-15.3
 21
-115.0
 31
-93.0
  0
LINE
  5
198
330
17
100
AcDbEntity
  8
0
100
AcDbLine
 10
-15.3
 20
-115.0
 30
-88.0
 11
-10.200000000000001
 21
-115.0
 31
-88.0
  0
LINE
  5
199
330
17
100
AcDbEntity
  8
0
100
AcDbLine
 10
-10.200000000000001
 20
-115.0
 30
-88.0
 11
-10.200000000000001
 21
-115.0
 31
-93.0
  0
LINE
  5
19A
330
17
100
AcDbEntity
  8
0
100
AcDbLine
 10
-10.200000000000001
 20
-115.0
 30
-93.0
 11
-15.3
 21
-115.0
 31
-93.0
  0
LINE
  5
19B
330
17
100
AcDbEntity
  8
0
100
AcDbLine
 10
-10.200000000000001
 20
-127.0
 30
-68.0
 11
-10.200000000000001
 21
-127.0
 31
-93.0
  0
LINE
  5
19C
330
17
100
AcDbEntity
  8
0
100
AcDbLine
 10
-10.200000000000001
 20
-127.0
 30
-93.0
 11
-10.200000000000001
 21
-115.0
 31
-93.0
  0
LINE
  5
19D
330
17
100
AcDbEntity
  8
0
100
AcDbLine
 10
-10.200000000000001
 20
-115.0
 30
-88.0
 11
-10.200000000000001
 21
-115.0
 31
-93.0
  0
LINE
  5
19E
330
17
100
AcDbEntity
  8
0
100
AcDbLine
 10
-10.200000000000001
 20
-79.0
 30
-88.0
 11
-10.200000000000001
 21
-115.0
 31
-88.0
  0
LINE
  5
19F
330
17
100
AcDbEntity
  8
0
100
AcDbLine
 10
-10.200000000000001
 20
-79.0
 30
-93.0
 11
-10.200000000000001
 21
-79.0
 31
-88.0
  0
LINE
  5
1A0
330
17
100
AcDbEntity
  8
0
100
AcDbLine
 10
-10.200000000000001
 20
-79.0
 30
-93.0
 11
-10.200000000000001
 21
-67.0
 31
-93.0
  0
LINE
  5
1A1
330
17
100
AcDbEntity
  8
0
100
AcDbLine
 10
-10.200000000000001
 20
-67.0
 30
-93.0
 11
-10.200000000000001
 21
-67.0
 31
-68.0
  0
LINE
  5
1A2
330
17
100
AcDbEntity
  8
0
100
AcDbLine
 10
-10.200000000000001
 20
-67.0
 30
-68.0
 11
-10.200000000000001
 21
-72.0
 31
-68.0
  0
LINE
  5
1A3
330
17
100
AcDbEntity
  8
0
100
AcDbLine
 10
-10.200000000000001
 20
-72.0
 30
-68.0
 11
-10.200000000000001
 21
-72.0
 31
-46.0
  0
LINE
  5
1A4
330
17
100
AcDbEntity
  8
0
100
AcDbLine
 10
-10.200000000000001
 20
-72.0
 30
-46.0
 11
-10.200000000000001
 21
-122.0
 31
-46.0
  0
LINE
  5
1A5
330
17
100
AcDbEntity
  8
0
100
AcDbLine
 10
-10.200000000000001
 20
-122.0
 30
-46.0
 11
-10.200000000000001
 21
-122.0
 31
-68.0
  0
LINE
  5
1A6
330
17
100
AcDbEntity
  8
0
100
AcDbLine
 10
-10.200000000000001
 20
-122.0
 30
-68.0
 11
-10.200000000000001
 21
-127.0
 31
-68.0
  0
LINE
  5
1A7
330
17
100
AcDbEntity
  8
0
100
AcDbLine
 10
-15.3
 20
-127.0
 30
-68.0
 11
-10.200000000000001
 21
-127.0
 31
-68.0
  0
LINE
  5
1A8
330
17
100
AcDbEntity
  8
0
100
AcDbLine
 10
-15.3
 20
-127.0
 30
-68.0
 11
-15.3
 21
-127.0
 31
-93.0
  0
LINE
  5
1A9
330
17
100
AcDbEntity
  8
0
100
AcDbLine
 10
-15.3
 20
-127.0
 30
-93.0
 11
-10.200000000000001
 21
-127.0
 31
-93.0
  0
LINE
  5
1AA
330
17
100
AcDbEntity
  8
0
100
AcDbLine
 10
-10.200000000000001
 20
-127.0
 30
-68.0
 11
-10.200000000000001
 21
-127.0
 31
-93.0
  0
LINE
  5
1AB
330
17
100
AcDbEntity
  8
0
100
AcDbLine
 10
-15.3
 20
-122.0
 30
-68.0
 11
-10.200000000000001
 21
-122.0
 31
-68.0
  0
LINE
  5
1AC
330
17
100
AcDbEntity
  8
0
100
AcDbLine
 10
-15.3
 20
-122.0
 30
-68.0
 11
-15.3
 21
-127.0
 31
-68.0
  0
LINE
  5
1AD
330
17
100
AcDbEntity
  8
0
100
AcDbLine
 10
-15.3
 20
-127.0
 30
-68.0
 11
-10.200000000000001
 21
-127.0
 31
-68.0
  0
LINE
  5
1AE
330
17
100
AcDbEntity
  8
0
100
AcDbLine
 10
-10.200000000000001
 20
-122.0
 30
-68.0
 11
-10.200000000000001
 21
-127.0
 31
-68.0
  0
LINE
  5
1AF
330
17
100
AcDbEntity
  8
0
100
AcDbLine
 10
-15.3
 20
-122.0
 30
-46.0
 11
-10.200000000000001
 21
-122.0
 31
-46.0
  0
LINE
  5
1B0
330
17
100
AcDbEntity
  8
0
100
AcDbLine
 10
-15.3
 20
-122.0
 30
-46.0
 11
-15.3
 21
-122.0
 31
-68.0
  0
LINE
  5
1B1
330
17
100
AcDbEntity
  8
0
100
AcDbLine
 10
-15.3
 20
-122.0
 30
-68.0
 11
-10.200000000000001
 21
-122.0
 31
-68.0
  0
LINE
  5
1B2
330
17
100
AcDbEntity
  8
0
100
AcDbLine
 10
-10.200000000000001
 20
-122.0
 30
-46.0
 11
-10.200000000000001
 21
-122.0
 31
-68.0
  0
LINE
  5
1B3
330
17
100
AcDbEntity
  8
0
100
AcDbLine
 10
-15.3
 20
-72.0
 30
-46.0
 11
-10.200000000000001
 21
-72.0
 31
-46.0
  0
LINE
  5
1B4
330
17
100
AcDbEntity
  8
0
100
AcDbLine
 10
-15.3
 20
-72.0
 30
-46.0
 11
-15.3
 21
-122.0
 31
-46.0
  0
LINE
  5
1B5
330
17
100
AcDbEntity
  8
0
100
AcDbLine
 10
-15.3
 20
-122.0
 30
-46.0
 11
-10.200000000000001
 21
-122.0
 31
-46.0
  0
LINE
  5
1B6
330
17
100
AcDbEntity
  8
0
100
AcDbLine
 10
-10.200000000000001
 20
-72.0
 30
-46.0
 11
-10.200000000000001
 21
-122.0
 31
-46.0
  0
CIRCLE
  5
1B7
330
17
100
AcDbEntity
  8
0
100
AcDbCircle
 10
-12.75
 20
-77.0
 30
-46.0
 40
1.5
  0
CIRCLE
  5
1B8
330
17
100
AcDbEntity
  8
0
100
AcDbCircle
 10
-12.75
 20
-117.0
 30
-46.0
 40
1.5
  0
LINE
  5
1B9
330
17
100
AcDbEntity
  8
0
100
AcDbLine
 10
-15.3
 20
-72.0
 30
-68.0
 11
-10.200000000000001
 21
-72.0
 31
-68.0
  0
LINE
  5
1BA
330
17
100
AcDbEntity
  8
0
100
AcDbLine
 10
-15.3
 20
-72.0
 30
-68.0
 11
-15.3
 21
-72.0
 31
-46.0
  0
LINE
  5
1BB
330
17
100
AcDbEntity
  8
0
100
AcDbLine
 10
-15.3
 20
-72.0
 30
-46.0
 11
-10.200000000000001
 21
-72.0
 31
-46.0
  0
LINE
  5
1BC
330
17
100
AcDbEntity
  8
0
100
AcDbLine
 10
-10.200000000000001
 20
-72.0
 30
-68.0
 11
-10.200000000000001
 21
-72.0
 31
-46.0
  0
LINE
  5
1BD
330
17
100
AcDbEntity
  8
0
100
AcDbLine
 10
-15.3
 20
-67.0
 30
-68.0
 11
-10.200000000000001
 21
-67.0
 31
-68.0
  0
LINE
  5
1BE
330
17
100
AcDbEntity
  8
0
100
AcDbLine
 10
-15.3
 20
-67.0
 30
-68.0
 11
-15.3
 21
-72.0
 31
-68.0
  0
LINE
  5
1BF
330
17
100
AcDbEntity
  8
0
100
AcDbLine
 10
-15.3
 20
-72.0
 30
-68.0
 11
-10.200000000000001
 21
-72.0
 31
-68.0
  0
LINE
  5
1C0
330
17
100
AcDbEntity
  8
0
100
AcDbLine
 10
-10.200000000000001
 20
-67.0
 30
-68.0
 11
-10.200000000000001
 21
-72.0
 31
-68.0
  0
LINE
  5
1C1
330
17
100
AcDbEntity
  8
0
100
AcDbLine
 10
-15.3
 20
-67.0
 30
-93.0
 11
-10.200000000000001
 21
-67.0
 31
-93.0
  0
LINE
  5
1C2
330
17
100
AcDbEntity
  8
0
100
AcDbLine
 10
-15.3
 20
-67.0
 30
-93.0
 11
-15.3
 21
-67.0
 31
-68.0
  0
LINE
  5
1C3
330
17
100
AcDbEntity
  8
0
100
AcDbLine
 10
-15.3
 20
-67.0
 30
-68.0
 11
-10.200000000000001
 21
-67.0
 31
-68.0
  0
LINE
  5
1C4
330
17
100
AcDbEntity
  8
0
100
AcDbLine
 10
-10.200000000000001
 20
-67.0
 30
-93.0
 11
-10.200000000000001
 21
-67.0
 31
-68.0
  0
LINE
  5
1C5
330
17
100
AcDbEntity
  8
0
100
AcDbLine
 10
-15.3
 20
-79.0
 30
-93.0
 11
-15.3
 21
-67.0
 31
-93.0
  0
LINE
  5
1C6
330
17
100
AcDbEntity
  8
0
100
AcDbLine
 10
-15.3
 20
-67.0
 30
-93.0
 11
-10.200000000000001
 21
-67.0
 31
-93.0
  0
LINE
  5
1C7
330
17
100
AcDbEntity
  8
0
100
AcDbLine
 10
-10.200000000000001
 20
-79.0
 30
-93.0
 11
-10.200000000000001
 21
-67.0
 31
-93.0
  0
LINE
  5
1C8
330
17
100
AcDbEntity
  8
0
100
AcDbLine
 10
-15.3
 20
-79.0
 30
-93.0
 11
-10.200000000000001
 21
-79.0
 31
-93.0
  0
LINE
  5
1C9
330
17
100
AcDbEntity
  8
0
100
AcDbLine
 10
-15.3
 20
-79.0
 30
-93.0
 11
-15.3
 21
-79.0
 31
-88.0
  0
LINE
  5
1CA
330
17
100
AcDbEntity
  8
0
100
AcDbLine
 10
-15.3
 20
-79.0
 30
-93.0
 11
-10.200000000000001
 21
-79.0
 31
-93.0
  0
LINE
  5
1CB
330
17
100
AcDbEntity
  8
0
100
AcDbLine
 10
-10.200000000000001
 20
-79.0
 30
-93.0
 11
-10.200000000000001
 21
-79.0
 31
-88.0
  0
LINE
  5
1CC
330
17
100
AcDbEntity
  8
0
100
AcDbLine
 10
-15.3
 20
-79.0
 30
-88.0
 11
-10.200000000000001
 21
-79.0
 31
-88.0
  0
LINE
  5
1CD
330
17
100
AcDbEntity
  8
0
100
AcDbLine
 10
-15.3
 20
-79.0
 30
-88.0
 11
-10.200000000000001
 21
-79.0
 31
-88.0
  0
LINE
  5
1CE
330
17
100
AcDbEntity
  8
0
100
AcDbLine
 10
-10.200000000000001
 20
-79.0
 30
-88.0
 11
-10.200000000000001
 21
-115.0
 31
-88.0
  0
LINE
  5
1CF
330
17
100
AcDbEntity
  8
0
100
AcDbLine
 10
-15.3
 20
-115.0
 30
-88.0
 11
-10.200000000000001
 21
-115.0
 31
-88.0
  0
LINE
  5
1D0
330
17
100
AcDbEntity
  8
0
100
AcDbLine
 10
-15.3
 20
-79.0
 30
-88.0
 11
-15.3
 21
-115.0
 31
-88.0
  0
LINE
  5
1D1
330
17
100
AcDbEntity
  8
0
100
AcDbLine
 10
-11.25
 20
-77.0
 30
-46.0
 11
-11.25
 21
-77.0
 31
-56.0
  0
CIRCLE
  5
1D2
330
17
100
AcDbEntity
  8
0
100
AcDbCircle
 10
-12.75
 20
-77.0
 30
-46.0
 40
1.5
  0
LINE
  5
1D3
330
17
100
AcDbEntity
  8
0
100
AcDbLine
 10
-11.25
 20
-77.0
 30
-46.0
 11
-11.25
 21
-77.0
 31
-56.0
  0
CIRCLE
  5
1D4
330
17
100
AcDbEntity
  8
0
100
AcDbCircle
 10
-12.75
 20
-77.0
 30
-56.0
 40
1.5
  0
LINE
  5
1D5
330
17
100
AcDbEntity
  8
0
100
AcDbLine
 10
-11.25
 20
-117.0
 30
-46.0
 11
-11.25
 21
-117.0
 31
-56.0
  0
CIRCLE
  5
1D6
330
17
100
AcDbEntity
  8
0
100
AcDbCircle
 10
-12.75
 20
-117.0
 30
-46.0
 40
1.5
  0
LINE
  5
1D7
330
17
100
AcDbEntity
  8
0
100
AcDbLine
 10
-11.25
 20
-117.0
 30
-46.0
 11
-11.25
 21
-117.0
 31
-56.0
  0
CIRCLE
  5
1D8
330
17
100
AcDbEntity
  8
0
100
AcDbCircle
 10
-12.75
 20
-117.0
 30
-56.0
 40
1.5
  0
CIRCLE
  5
1D9
330
17
100
AcDbEntity
  8
0
100
AcDbCircle
 10
-12.75
 20
-77.0
 30
-56.0
 40
1.5
  0
CIRCLE
  5
1DA
330
17
100
AcDbEntity
  8
0
100
AcDbCircle
 10
-12.75
 20
-117.0
 30
-56.0
 40
1.5
  0
LINE
  5
1DB
330
17
100
AcDbEntity
  8
0
100
AcDbLine
 10
-10.200000000000001
 20
-127.0
 30
-93.0
 11
-10.200000000000001
 21
-115.0
 31
-93.0
  0
LINE
  5
1DC
330
17
100
AcDbEntity
  8
0
100
AcDbLine
 10
-5.100000000000001
 20
-115.0
 30
-93.0
 11
-10.200000000000001
 21
-115.0
 31
-93.0
  0
LINE
  5
1DD
330
17
100
AcDbEntity
  8
0
100
AcDbLine
 10
-5.100000000000001
 20
-127.0
 30
-93.0
 11
-5.100000000000001
 21
-115.0
 31
-93.0
  0
LINE
  5
1DE
330
17
100
AcDbEntity
  8
0
100
AcDbLine
 10
-10.200000000000001
 20
-127.0
 30
-93.0
 11
-5.100000000000001
 21
-127.0
 31
-93.0
  0
LINE
  5
1DF
330
17
100
AcDbEntity
  8
0
100
AcDbLine
 10
-10.200000000000001
 20
-127.0
 30
-68.0
 11
-10.200000000000001
 21
-127.0
 31
-93.0
  0
LINE
  5
1E0
330
17
100
AcDbEntity
  8
0
100
AcDbLine
 10
-10.200000000000001
 20
-122.0
 30
-68.0
 11
-10.200000000000001
 21
-127.0
 31
-68.0
  0
LINE
  5
1E1
330
17
100
AcDbEntity
  8
0
100
AcDbLine
 10
-10.200000000000001
 20
-122.0
 30
-46.0
 11
-10.200000000000001
 21
-122.0
 31
-68.0
  0
LINE
  5
1E2
330
17
100
AcDbEntity
  8
0
100
AcDbLine
 10
-10.200000000000001
 20
-72.0
 30
-46.0
 11
-10.200000000000001
 21
-122.0
 31
-46.0
  0
LINE
  5
1E3
330
17
100
AcDbEntity
  8
0
100
AcDbLine
 10
-10.200000000000001
 20
-72.0
 30
-68.0
 11
-10.200000000000001
 21
-72.0
 31
-46.0
  0
LINE
  5
1E4
330
17
100
AcDbEntity
  8
0
100
AcDbLine
 10
-10.200000000000001
 20
-67.0
 30
-68.0
 11
-10.200000000000001
 21
-72.0
 31
-68.0
  0
LINE
  5
1E5
330
17
100
AcDbEntity
  8
0
100
AcDbLine
 10
-10.200000000000001
 20
-67.0
 30
-93.0
 11
-10.200000000000001
 21
-67.0
 31
-68.0
  0
LINE
  5
1E6
330
17
100
AcDbEntity
  8
0
100
AcDbLine
 10
-10.200000000000001
 20
-79.0
 30
-93.0
 11
-10.200000000000001
 21
-67.0
 31
-93.0
  0
LINE
  5
1E7
330
17
100
AcDbEntity
  8
0
100
AcDbLine
 10
-10.200000000000001
 20
-79.0
 30
-93.0
 11
-10.200000000000001
 21
-79.0
 31
-88.0
  0
LINE
  5
1E8
330
17
100
AcDbEntity
  8
0
100
AcDbLine
 10
-10.200000000000001
 20
-79.0
 30
-88.0
 11
-10.200000000000001
 21
-115.0
 31
-88.0
  0
LINE
  5
1E9
330
17
100
AcDbEntity
  8
0
100
AcDbLine
 10
-10.200000000000001
 20
-115.0
 30
-88.0
 11
-10.200000000000001
 21
-115.0
 31
-93.0
  0
LINE
  5
1EA
330
17
100
AcDbEntity
  8
0
100
AcDbLine
 10
-10.200000000000001
 20
-127.0
 30
-93.0
 11
-10.200000000000001
 21
-115.0
 31
-93.0
  0
LINE
  5
1EB
330
17
100
AcDbEntity
  8
0
100
AcDbLine
 10
-10.200000000000001
 20
-115.0
 30
-88.0
 11
-10.200000000000001
 21
-115.0
 31
-93.0
  0
LINE
  5
1EC
330
17
100
AcDbEntity
  8
0
100
AcDbLine
 10
-10.200000000000001
 20
-115.0
 30
-88.0
 11
-5.100000000000001
 21
-115.0
 31
-88.0
  0
LINE
  5
1ED
330
17
100
AcDbEntity
  8
0
100
AcDbLine
 10
-5.100000000000001
 20
-115.0
 30
-88.0
 11
-5.100000000000001
 21
-115.0
 31
-93.0
  0
LINE
  5
1EE
330
17
100
AcDbEntity
  8
0
100
AcDbLine
 10
-5.100000000000001
 20
-115.0
 30
-93.0
 11
-10.200000000000001
 21
-115.0
 31
-93.0
  0
LINE
  5
1EF
330
17
100
AcDbEntity
  8
0
100
AcDbLine
 10
-5.100000000000001
 20
-127.0
 30
-68.0
 11
-5.100000000000001
 21
-127.0
 31
-93.0
  0
LINE
  5
1F0
330
17
100
AcDbEntity
  8
0
100
AcDbLine
 10
-5.100000000000001
 20
-127.0
 30
-93.0
 11
-5.100000000000001
 21
-115.0
 31
-93.0
  0
LINE
  5
1F1
330
17
100
AcDbEntity
  8
0
100
AcDbLine
 10
-5.100000000000001
 20
-115.0
 30
-88.0
 11
-5.100000000000001
 21
-115.0
 31
-93.0
  0
LINE
  5
1F2
330
17
100
AcDbEntity
  8
0
100
AcDbLine
 10
-5.100000000000001
 20
-79.0
 30
-88.0
 11
-5.100000000000001
 21
-115.0
 31
-88.0
  0
LINE
  5
1F3
330
17
100
AcDbEntity
  8
0
100
AcDbLine
 10
-5.100000000000001
 20
-79.0
 30
-93.0
 11
-5.100000000000001
 21
-79.0
 31
-88.0
  0
LINE
  5
1F4
330
17
100
AcDbEntity
  8
0
100
AcDbLine
 10
-5.100000000000001
 20
-79.0
 30
-93.0
 11
-5.100000000000001
 21
-67.0
 31
-93.0
  0
LINE
  5
1F5
330
17
100
AcDbEntity
  8
0
100
AcDbLine
 10
-5.100000000000001
 20
-67.0
 30
-93.0
 11
-5.100000000000001
 21
-67.0
 31
-68.0
  0
LINE
  5
1F6
330
17
100
AcDbEntity
  8
0
100
AcDbLine
 10
-5.100000000000001
 20
-67.0
 30
-68.0
 11
-5.100000000000001
 21
-72.0
 31
-68.0
  0
LINE
  5
1F7
330
17
100
AcDbEntity
  8
0
100
AcDbLine
 10
-5.100000000000001
 20
-72.0
 30
-68.0
 11
-5.100000000000001
 21
-72.0
 31
-46.0
  0
LINE
  5
1F8
330
17
100
AcDbEntity
  8
0
100
AcDbLine
 10
-5.100000000000001
 20
-72.0
 30
-46.0
 11
-5.100000000000001
 21
-122.0
 31
-46.0
  0
LINE
  5
1F9
330
17
100
AcDbEntity
  8
0
100
AcDbLine
 10
-5.100000000000001
 20
-122.0
 30
-46.0
 11
-5.100000000000001
 21
-122.0
 31
-68.0
  0
LINE
  5
1FA
330
17
100
AcDbEntity
  8
0
100
AcDbLine
 10
-5.100000000000001
 20
-122.0
 30
-68.0
 11
-5.100000000000001
 21
-127.0
 31
-68.0
  0
LINE
  5
1FB
330
17
100
AcDbEntity
  8
0
100
AcDbLine
 10
-10.200000000000001
 20
-127.0
 30
-68.0
 11
-5.100000000000001
 21
-127.0
 31
-68.0
  0
LINE
  5
1FC
330
17
100
AcDbEntity
  8
0
100
AcDbLine
 10
-10.200000000000001
 20
-127.0
 30
-68.0
 11
-10.200000000000001
 21
-127.0
 31
-93.0
  0
LINE
  5
1FD
330
17
100
AcDbEntity
  8
0
100
AcDbLine
 10
-10.200000000000001
 20
-127.0
 30
-93.0
 11
-5.100000000000001
 21
-127.0
 31
-93.0
  0
LINE
  5
1FE
330
17
100
AcDbEntity
  8
0
100
AcDbLine
 10
-5.100000000000001
 20
-127.0
 30
-68.0
 11
-5.100000000000001
 21
-127.0
 31
-93.0
  0
LINE
  5
1FF
330
17
100
AcDbEntity
  8
0
100
AcDbLine
 10
-10.200000000000001
 20
-122.0
 30
-68.0
 11
-5.100000000000001
 21
-122.0
 31
-68.0
  0
LINE
  5
200
330
17
100
AcDbEntity
  8
0
100
AcDbLine
 10
-10.200000000000001
 20
-122.0
 30
-68.0
 11
-10.200000000000001
 21
-127.0
 31
-68.0
  0
LINE
  5
201
330
17
100
AcDbEntity
  8
0
100
AcDbLine
 10
-10.200000000000001
 20
-127.0
 30
-68.0
 11
-5.100000000000001
 21
-127.0
 31
-68.0
  0
LINE
  5
202
330
17
100
AcDbEntity
  8
0
100
AcDbLine
 10
-5.100000000000001
 20
-122.0
 30
-68.0
 11
-5.100000000000001
 21
-127.0
 31
-68.0
  0
LINE
  5
203
330
17
100
AcDbEntity
  8
0
100
AcDbLine
 10
-10.200000000000001
 20
-122.0
 30
-46.0
 11
-5.100000000000001
 21
-122.0
 31
-46.0
  0
LINE
  5
204
330
17
100
AcDbEntity
  8
0
100
AcDbLine
 10
-10.200000000000001
 20
-122.0
 30
-46.0
 11
-10.200000000000001
 21
-122.0
 31
-68.0
  0
LINE
  5
205
330
17
100
AcDbEntity
  8
0
100
AcDbLine
 10
-10.200000000000001
 20
-122.0
 30
-68.0
 11
-5.100000000000001
 21
-122.0
 31
-68.0
  0
LINE
  5
206
330
17
100
AcDbEntity
  8
0
100
AcDbLine
 10
-5.100000000000001
 20
-122.0
 30
-46.0
 11
-5.100000000000001
 21
-122.0
 31
-68.0
  0
LINE
  5
207
330
17
100
AcDbEntity
  8
0
100
AcDbLine
 10
-10.200000000000001
 20
-72.0
 30
-46.0
 11
-5.100000000000001
 21
-72.0
 31
-46.0
  0
LINE
  5
208
330
17
100
AcDbEntity
  8
0
100
AcDbLine
 10
-10.200000000000001
 20
-72.0
 30
-46.0
 11
-10.200000000000001
 21
-122.0
 31
-46.0
  0
LINE
  5
209
330
17
100
AcDbEntity
  8
0
100
AcDbLine
 10
-10.200000000000001
 20
-122.0
 30
-46.0
 11
-5.100000000000001
 21
-122.0
 31
-46.0
  0
LINE
  5
20A
330
17
100
AcDbEntity
  8
0
100
AcDbLine
 10
-5.100000000000001
 20
-72.0
 30
-46.0
 11
-5.100000000000001
 21
-122.0
 31
-46.0
  0
CIRCLE
  5
20B
330
17
100
AcDbEntity
  8
0
100
AcDbCircle
 10
-7.650000000000001
 20
-77.0
 30
-46.0
 40
1.5
  0
CIRCLE
  5
20C
330
17
100
AcDbEntity
  8
0
100
AcDbCircle
 10
-7.650000000000001
 20
-117.0
 30
-46.0
 40
1.5
  0
LINE
  5
20D
330
17
100
AcDbEntity
  8
0
100
AcDbLine
 10
-10.200000000000001
 20
-72.0
 30
-68.0
 11
-5.100000000000001
 21
-72.0
 31
-68.0
  0
LINE
  5
20E
330
17
100
AcDbEntity
  8
0
100
AcDbLine
 10
-10.200000000000001
 20
-72.0
 30
-68.0
 11
-10.200000000000001
 21
-72.0
 31
-46.0
  0
LINE
  5
20F
330
17
100
AcDbEntity
  8
0
100
AcDbLine
 10
-10.200000000000001
 20
-72.0
 30
-46.0
 11
-5.100000000000001
 21
-72.0
 31
-46.0
  0
LINE
  5
210
330
17
100
AcDbEntity
  8
0
100
AcDbLine
 10
-5.100000000000001
 20
-72.0
 30
-68.0
 11
-5.100000000000001
 21
-72.0
 31
-46.0
  0
LINE
  5
211
330
17
100
AcDbEntity
  8
0
100
AcDbLine
 10
-10.200000000000001
 20
-67.0
 30
-68.0
 11
-5.100000000000001
 21
-67.0
 31
-68.0
  0
LINE
  5
212
330
17
100
AcDbEntity
  8
0
100
AcDbLine
 10
-10.200000000000001
 20
-67.0
 30
-68.0
 11
-10.200000000000001
 21
-72.0
 31
-68.0
  0
LINE
  5
213
330
17
100
AcDbEntity
  8
0
100
AcDbLine
 10
-10.200000000000001
 20
-72.0
 30
-68.0
 11
-5.100000000000001
 21
-72.0
 31
-68.0
  0
LINE
  5
214
330
17
100
AcDbEntity
  8
0
100
AcDbLine
 10
-5.100000000000001
 20
-67.0
 30
-68.0
 11
-5.100000000000001
 21
-72.0
 31
-68.0
  0
LINE
  5
215
330
17
100
AcDbEntity
  8
0
100
AcDbLine
 10
-10.200000000000001
 20
-67.0
 30
-93.0
 11
-5.100000000000001
 21
-67.0
 31
-93.0
  0
LINE
  5
216
330
17
100
AcDbEntity
  8
0
100
AcDbLine
 10
-10.200000000000001
 20
-67.0
 30
-93.0
 11
-10.200000000000001
 21
-67.0
 31
-68.0
  0
LINE
  5
217
330
17
100
AcDbEntity
  8
0
100
AcDbLine
 10
-10.200000000000001
 20
-67.0
 30
-68.0
 11
-5.100000000000001
 21
-67.0
 31
-68.0
  0
LINE
  5
218
330
17
100
AcDbEntity
  8
0
100
AcDbLine
 10
-5.100000000000001
 20
-67.0
 30
-93.0
 11
-5.100000000000001
 21
-67.0
 31
-68.0
  0
LINE
  5
219
330
17
100
AcDbEntity
  8
0
100
AcDbLine
 10
-10.200000000000001
 20
-79.0
 30
-93.0
 11
-10.200000000000001
 21
-67.0
 31
-93.0
  0
LINE
  5
21A
330
17
100
AcDbEntity
  8
0
100
AcDbLine
 10
-10.200000000000001
 20
-67.0
 30
-93.0
 11
-5.100000000000001
 21
-67.0
 31
-93.0
  0
LINE
  5
21B
330
17
100
AcDbEntity
  8
0
100
AcDbLine
 10
-5.100000000000001
 20
-79.0
 30
-93.0
 11
-5.100000000000001
 21
-67.0
 31
-93.0
  0
LINE
  5
21C
330
17
100
AcDbEntity
  8
0
100
AcDbLine
 10
-10.200000000000001
 20
-79.0
 30
-93.0
 11
-5.100000000000001
 21
-79.0
 31
-93.0
  0
LINE
  5
21D
330
17
100
AcDbEntity
  8
0
100
AcDbLine
 10
-10.200000000000001
 20
-79.0
 30
-93.0
 11
-10.200000000000001
 21
-79.0
 31
-88.0
  0
LINE
  5
21E
330
17
100
AcDbEntity
  8
0
100
AcDbLine
 10
-10.200000000000001
 20
-79.0
 30
-93.0
 11
-5.100000000000001
 21
-79.0
 31
-93.0
  0
LINE
  5
21F
330
17
100
AcDbEntity
  8
0
100
AcDbLine
 10
-5.100000000000001
 20
-79.0
 30
-93.0
 11
-5.100000000000001
 21
-79.0
 31
-88.0
  0
LINE
  5
220
330
17
100
AcDbEntity
  8
0
100
AcDbLine
 10
-10.200000000000001
 20
-79.0
 30
-88.0
 11
-5.100000000000001
 21
-79.0
 31
-88.0
  0
LINE
  5
221
330
17
100
AcDbEntity
  8
0
100
AcDbLine
 10
-10.200000000000001
 20
-79.0
 30
-88.0
 11
-5.100000000000001
 21
-79.0
 31
-88.0
  0
LINE
  5
222
330
17
100
AcDbEntity
  8
0
100
AcDbLine
 10
-5.100000000000001
 20
-79.0
 30
-88.0
 11
-5.100000000000001
 21
-115.0
 31
-88.0
  0
LINE
  5
223
330
17
100
AcDbEntity
  8
0
100
AcDbLine
 10
-10.200000000000001
 20
-115.0
 30
-88.0
 11
-5.100000000000001
 21
-115.0
 31
-88.0
  0
LINE
  5
224
330
17
100
AcDbEntity
  8
0
100
AcDbLine
 10
-10.200000000000001
 20
-79.0
 30
-88.0
 11
-10.200000000000001
 21
-115.0
 31
-88.0
  0
LINE
  5
225
330
17
100
AcDbEntity
  8
0
100
AcDbLine
 10
-6.150000000000001
 20
-77.0
 30
-46.0
 11
-6.150000000000001
 21
-77.0
 31
-56.0
  0
CIRCLE
  5
226
330
17
100
AcDbEntity
  8
0
100
AcDbCircle
 10
-7.650000000000001
 20
-77.0
 30
-46.0
 40
1.5
  0
LINE
  5
227
330
17
100
AcDbEntity
  8
0
100
AcDbLine
 10
-6.150000000000001
 20
-77.0
 30
-46.0
 11
-6.150000000000001
 21
-77.0
 31
-56.0
  0
CIRCLE
  5
228
330
17
100
AcDbEntity
  8
0
100
AcDbCircle
 10
-7.650000000000001
 20
-77.0
 30
-56.0
 40
1.5
  0
LINE
  5
229
330
17
100
AcDbEntity
  8
0
100
AcDbLine
 10
-6.150000000000001
 20
-117.0
 30
-46.0
 11
-6.150000000000001
 21
-117.0
 31
-56.0
  0
CIRCLE
  5
22A
330
17
100
AcDbEntity
  8
0
100
AcDbCircle
 10
-7.650000000000001
 20
-117.0
 30
-46.0
 40
1.5
  0
LINE
  5
22B
330
17
100
AcDbEntity
  8
0
100
AcDbLine
 10
-6.150000000000001
 20
-117.0
 30
-46.0
 11
-6.150000000000001
 21
-117.0
 31
-56.0
  0
CIRCLE
  5
22C
330
17
100
AcDbEntity
  8
0
100
AcDbCircle
 10
-7.650000000000001
 20
-117.0
 30
-56.0
 40
1.5
  0
CIRCLE
  5
22D
330
17
100
AcDbEntity
  8
0
100
AcDbCircle
 10
-7.650000000000001
 20
-77.0
 30
-56.0
 40
1.5
  0
CIRCLE
  5
22E
330
17
100
AcDbEntity
  8
0
100
AcDbCircle
 10
-7.650000000000001
 20
-117.0
 30
-56.0
 40
1.5
  0
LINE
  5
22F
330
17
100
AcDbEntity
  8
0
100
AcDbLine
 10
-5.100000000000001
 20
-127.0
 30
-93.0
 11
-5.100000000000001
 21
-115.0
 31
-93.0
  0
LINE
  5
230
330
17
100
AcDbEntity
  8
0
100
AcDbLine
 10
-1.7763568394002505e-15
 20
-115.0
 30
-93.0
 11
-5.100000000000001
 21
-115.0
 31
-93.0
  0
LINE
  5
231
330
17
100
AcDbEntity
  8
0
100
AcDbLine
 10
-1.7763568394002505e-15
 20
-127.0
 30
-93.0
 11
-1.7763568394002505e-15
 21
-115.0
 31
-93.0
  0
LINE
  5
232
330
17
100
AcDbEntity
  8
0
100
AcDbLine
 10
-5.100000000000001
 20
-127.0
 30
-93.0
 11
-1.7763568394002505e-15
 21
-127.0
 31
-93.0
  0
LINE
  5
233
330
17
100
AcDbEntity
  8
0
100
AcDbLine
 10
-5.100000000000001
 20
-127.0
 30
-68.0
 11
-5.100000000000001
 21
-127.0
 31
-93.0
  0
LINE
  5
234
330
17
100
AcDbEntity
  8
0
100
AcDbLine
 10
-5.100000000000001
 20
-122.0
 30
-68.0
 11
-5.100000000000001
 21
-127.0
 31
-68.0
  0
LINE
  5
235
330
17
100
AcDbEntity
  8
0
100
AcDbLine
 10
-5.100000000000001
 20
-122.0
 30
-46.0
 11
-5.100000000000001
 21
-122.0
 31
-68.0
  0
LINE
  5
236
330
17
100
AcDbEntity
  8
0
100
AcDbLine
 10
-5.100000000000001
 20
-72.0
 30
-46.0
 11
-5.100000000000001
 21
-122.0
 31
-46.0
  0
LINE
  5
237
330
17
100
AcDbEntity
  8
0
100
AcDbLine
 10
-5.100000000000001
 20
-72.0
 30
-68.0
 11
-5.100000000000001
 21
-72.0
 31
-46.0
  0
LINE
  5
238
330
17
100
AcDbEntity
  8
0
100
AcDbLine
 10
-5.100000000000001
 20
-67.0
 30
-68.0
 11
-5.100000000000001
 21
-72.0
 31
-68.0
  0
LINE
  5
239
330
17
100
AcDbEntity
  8
0
100
AcDbLine
 10
-5.100000000000001
 20
-67.0
 30
-93.0
 11
-5.100000000000001
 21
-67.0
 31
-68.0
  0
LINE
  5
23A
330
17
100
AcDbEntity
  8
0
100
AcDbLine
 10
-5.100000000000001
 20
-79.0
 30
-93.0
 11
-5.100000000000001
 21
-67.0
 31
-93.0
  0
LINE
  5
23B
330
17
100
AcDbEntity
  8
0
100
AcDbLine
 10
-5.100000000000001
 20
-79.0
 30
-93.0
 11
-5.100000000000001
 21
-79.0
 31
-88.0
  0
LINE
  5
23C
330
17
100
AcDbEntity
  8
0
100
AcDbLine
 10
-5.100000000000001
 20
-79.0
 30
-88.0
 11
-5.100000000000001
 21
-115.0
 31
-88.0
  0
LINE
  5
23D
330
17
100
AcDbEntity
  8
0
100
AcDbLine
 10
-5.100000000000001
 20
-115.0
 30
-88.0
 11
-5.100000000000001
 21
-115.0
 31
-93.0
  0
LINE
  5
23E
330
17
100
AcDbEntity
  8
0
100
AcDbLine
 10
-5.100000000000001
 20
-127.0
 30
-93.0
 11
-5.100000000000001
 21
-115.0
 31
-93.0
  0
LINE
  5
23F
330
17
100
AcDbEntity
  8
0
100
AcDbLine
 10
-5.100000000000001
 20
-115.0
 30
-88.0
 11
-5.100000000000001
 21
-115.0
 31
-93.0
  0
LINE
  5
240
330
17
100
AcDbEntity
  8
0
100
AcDbLine
 10
-5.100000000000001
 20
-115.0
 30
-88.0
 11
-1.7763568394002505e-15
 21
-115.0
 31
-88.0
  0
LINE
  5
241
330
17
100
AcDbEntity
  8
0
100
AcDbLine
 10
-1.7763568394002505e-15
 20
-115.0
 30
-88.0
 11
-1.7763568394002505e-15
 21
-115.0
 31
-93.0
  0
LINE
  5
242
330
17
100
AcDbEntity
  8
0
100
AcDbLine
 10
-1.7763568394002505e-15
 20
-115.0
 30
-93.0
 11
-5.100000000000001
 21
-115.0
 31
-93.0
  0
LINE
  5
243
330
17
100
AcDbEntity
  8
0
100
AcDbLine
 10
-1.7763568394002505e-15
 20
-127.0
 30
-68.0
 11
-1.7763568394002505e-15
 21
-127.0
 31
-93.0
  0
LINE
  5
244
330
17
100
AcDbEntity
  8
0
100
AcDbLine
 10
-1.7763568394002505e-15
 20
-127.0
 30
-93.0
 11
-1.7763568394002505e-15
 21
-115.0
 31
-93.0
  0
LINE
  5
245
330
17
100
AcDbEntity
  8
0
100
AcDbLine
 10
-1.7763568394002505e-15
 20
-115.0
 30
-88.0
 11
-1.7763568394002505e-15
 21
-115.0
 31
-93.0
  0
LINE
  5
246
330
17
100
AcDbEntity
  8
0
100
AcDbLine
 10
-1.7763568394002505e-15
 20
-79.0
 30
-88.0
 11
-1.7763568394002505e-15
 21
-115.0
 31
-88.0
  0
LINE
  5
247
330
17
100
AcDbEntity
  8
0
100
AcDbLine
 10
-1.7763568394002505e-15
 20
-79.0
 30
-93.0
 11
-1.7763568394002505e-15
 21
-79.0
 31
-88.0
  0
LINE
  5
248
330
17
100
AcDbEntity
  8
0
100
AcDbLine
 10
-1.7763568394002505e-15
 20
-79.0
 30
-93.0
 11
-1.7763568394002505e-15
 21
-67.0
 31
-93.0
  0
LINE
  5
249
330
17
100
AcDbEntity
  8
0
100
AcDbLine
 10
-1.7763568394002505e-15
 20
-67.0
 30
-93.0
 11
-1.7763568394002505e-15
 21
-67.0
 31
-68.0
  0
LINE
  5
24A
330
17
100
AcDbEntity
  8
0
100
AcDbLine
 10
-1.7763568394002505e-15
 20
-67.0
 30
-68.0
 11
-1.7763568394002505e-15
 21
-72.0
 31
-68.0
  0
LINE
  5
24B
330
17
100
AcDbEntity
  8
0
100
AcDbLine
 10
-1.7763568394002505e-15
 20
-72.0
 30
-68.0
 11
-1.7763568394002505e-15
 21
-72.0
 31
-46.0
  0
LINE
  5
24C
330
17
100
AcDbEntity
  8
0
100
AcDbLine
 10
-1.7763568394002505e-15
 20
-72.0
 30
-46.0
 11
-1.7763568394002505e-15
 21
-122.0
 31
-46.0
  0
LINE
  5
24D
330
17
100
AcDbEntity
  8
0
100
AcDbLine
 10
-1.7763568394002505e-15
 20
-122.0
 30
-46.0
 11
-1.7763568394002505e-15
 21
-122.0
 31
-68.0
  0
LINE
  5
24E
330
17
100
AcDbEntity
  8
0
100
AcDbLine
 10
-1.7763568394002505e-15
 20
-122.0
 30
-68.0
 11
-1.7763568394002505e-15
 21
-127.0
 31
-68.0
  0
LINE
  5
24F
330
17
100
AcDbEntity
  8
0
100
AcDbLine
 10
-5.100000000000001
 20
-127.0
 30
-68.0
 11
-1.7763568394002505e-15
 21
-127.0
 31
-68.0
  0
LINE
  5
250
330
17
100
AcDbEntity
  8
0
100
AcDbLine
 10
-5.100000000000001
 20
-127.0
 30
-68.0
 11
-5.100000000000001
 21
-127.0
 31
-93.0
  0
LINE
  5
251
330
17
100
AcDbEntity
  8
0
100
AcDbLine
 10
-5.100000000000001
 20
-127.0
 30
-93.0
 11
-1.7763568394002505e-15
 21
-127.0
 31
-93.0
  0
LINE
  5
252
330
17
100
AcDbEntity
  8
0
100
AcDbLine
 10
-1.7763568394002505e-15
 20
-127.0
 30
-68.0
 11
-1.7763568394002505e-15
 21
-127.0
 31
-93.0
  0
LINE
  5
253
330
17
100
AcDbEntity
  8
0
100
AcDbLine
 10
-5.100000000000001
 20
-122.0
 30
-68.0
 11
-1.7763568394002505e-15
 21
-122.0
 31
-68.0
  0
LINE
  5
254
330
17
100
AcDbEntity
  8
0
100
AcDbLine
 10
-5.100000000000001
 20
-122.0
 30
-68.0
 11
-5.100000000000001
 21
-127.0
 31
-68.0
  0
LINE
  5
255
330
17
100
AcDbEntity
  8
0
100
AcDbLine
 10
-5.100000000000001
 20
-127.0
 30
-68.0
 11
-1.7763568394002505e-15
 21
-127.0
 31
-68.0
  0
LINE
  5
256
330
17
100
AcDbEntity
  8
0
100
AcDbLine
 10
-1.7763568394002505e-15
 20
-122.0
 30
-68.0
 11
-1.7763568394002505e-15
 21
-127.0
 31
-68.0
  0
LINE
  5
257
330
17
100
AcDbEntity
  8
0
100
AcDbLine
 10
-5.100000000000001
 20
-122.0
 30
-46.0
 11
-1.7763568394002505e-15
 21
-122.0
 31
-46.0
  0
LINE
  5
258
330
17
100
AcDbEntity
  8
0
100
AcDbLine
 10
-5.100000000000001
 20
-122.0
 30
-46.0
 11
-5.100000000000001
 21
-122.0
 31
-68.0
  0
LINE
  5
259
330
17
100
AcDbEntity
  8
0
100
AcDbLine
 10
-5.100000000000001
 20
-122.0
 30
-68.0
 11
-1.7763568394002505e-15
 21
-122.0
 31
-68.0
  0
LINE
  5
25A
330
17
100
AcDbEntity
  8
0
100
AcDbLine
 10
-1.7763568394002505e-15
 20
-122.0
 30
-46.0
 11
-1.7763568394002505e-15
 21
-122.0
 31
-68.0
  0
LINE
  5
25B
330
17
100
AcDbEntity
  8
0
100
AcDbLine
 10
-5.100000000000001
 20
-72.0
 30
-46.0
 11
-1.7763568394002505e-15
 21
-72.0
 31
-46.0
  0
LINE
  5
25C
330
17
100
AcDbEntity
  8
0
100
AcDbLine
 10
-5.100000000000001
 20
-72.0
 30
-46.0
 11
-5.100000000000001
 21
-122.0
 31
-46.0
  0
LINE
  5
25D
330
17
100
AcDbEntity
  8
0
100
AcDbLine
 10
-5.100000000000001
 20
-122.0
 30
-46.0
 11
-1.7763568394002505e-15
 21
-122.0
 31
-46.0
  0
LINE
  5
25E
330
17
100
AcDbEntity
  8
0
100
AcDbLine
 10
-1.7763568394002505e-15
 20
-72.0
 30
-46.0
 11
-1.7763568394002505e-15
 21
-122.0
 31
-46.0
  0
CIRCLE
  5
25F
330
17
100
AcDbEntity
  8
0
100
AcDbCircle
 10
-2.5500000000000016
 20
-77.0
 30
-46.0
 40
1.5
  0
CIRCLE
  5
260
330
17
100
AcDbEntity
  8
0
100
AcDbCircle
 10
-2.5500000000000016
 20
-117.0
 30
-46.0
 40
1.5
  0
LINE
  5
261
330
17
100
AcDbEntity
  8
0
100
AcDbLine
 10
-5.100000000000001
 20
-72.0
 30
-68.0
 11
-1.7763568394002505e-15
 21
-72.0
 31
-68.0
  0
LINE
  5
262
330
17
100
AcDbEntity
  8
0
100
AcDbLine
 10
-5.100000000000001
 20
-72.0
 30
-68.0
 11
-5.100000000000001
 21
-72.0
 31
-46.0
  0
LINE
  5
263
330
17
100
AcDbEntity
  8
0
100
AcDbLine
 10
-5.100000000000001
 20
-72.0
 30
-46.0
 11
-1.7763568394002505e-15
 21
-72.0
 31
-46.0
  0
LINE
  5
264
330
17
100
AcDbEntity
  8
0
100
AcDbLine
 10
-1.7763568394002505e-15
 20
-72.0
 30
-68.0
 11
-1.7763568394002505e-15
 21
-72.0
 31
-46.0
  0
LINE
  5
265
330
17
100
AcDbEntity
  8
0
100
AcDbLine
 10
-5.100000000000001
 20
-67.0
 30
-68.0
 11
-1.7763568394002505e-15
 21
-67.0
 31
-68.0
  0
LINE
  5
266
330
17
100
AcDbEntity
  8
0
100
AcDbLine
 10
-5.100000000000001
 20
-67.0
 30
-68.0
 11
-5.100000000000001
 21
-72.0
 31
-68.0
  0
LINE
  5
267
330
17
100
AcDbEntity
  8
0
100
AcDbLine
 10
-5.100000000000001
 20
-72.0
 30
-68.0
 11
-1.7763568394002505e-15
 21
-72.0
 31
-68.0
  0
LINE
  5
268
330
17
100
AcDbEntity
  8
0
100
AcDbLine
 10
-1.7763568394002505e-15
 20
-67.0
 30
-68.0
 11
-1.7763568394002505e-15
 21
-72.0
 31
-68.0
  0
LINE
  5
269
330
17
100
AcDbEntity
  8
0
100
AcDbLine
 10
-5.100000000000001
 20
-67.0
 30
-93.0
 11
-1.7763568394002505e-15
 21
-67.0
 31
-93.0
  0
LINE
  5
26A
330
17
100
AcDbEntity
  8
0
100
AcDbLine
 10
-5.100000000000001
 20
-67.0
 30
-93.0
 11
-5.100000000000001
 21
-67.0
 31
-68.0
  0
LINE
  5
26B
330
17
100
AcDbEntity
  8
0
100
AcDbLine
 10
-5.100000000000001
 20
-67.0
 30
-68.0
 11
-1.7763568394002505e-15
 21
-67.0
 31
-68.0
  0
LINE
  5
26C
330
17
100
AcDbEntity
  8
0
100
AcDbLine
 10
-1.7763568394002505e-15
 20
-67.0
 30
-93.0
 11
-1.7763568394002505e-15
 21
-67.0
 31
-68.0
  0
LINE
  5
26D
330
17
100
AcDbEntity
  8
0
100
AcDbLine
 10
-5.100000000000001
 20
-79.0
 30
-93.0
 11
-5.100000000000001
 21
-67.0
 31
-93.0
  0
LINE
  5
26E
330
17
100
AcDbEntity
  8
0
100
AcDbLine
 10
-5.100000000000001
 20
-67.0
 30
-93.0
 11
-1.7763568394002505e-15
 21
-67.0
 31
-93.0
  0
LINE
  5
26F
330
17
100
AcDbEntity
  8
0
100
AcDbLine
 10
-1.7763568394002505e-15
 20
-79.0
 30
-93.0
 11
-1.7763568394002505e-15
 21
-67.0
 31
-93.0
  0
LINE
  5
270
330
17
100
AcDbEntity
  8
0
100
AcDbLine
 10
-5.100000000000001
 20
-79.0
 30
-93.0
 11
-1.7763568394002505e-15
 21
-79.0
 31
-93.0
  0
LINE
  5
271
330
17
100
AcDbEntity
  8
0
100
AcDbLine
 10
-5.100000000000001
 20
-79.0
 30
-93.0
 11
-5.100000000000001
 21
-79.0
 31
-88.0
  0
LINE
  5
272
330
17
100
AcDbEntity
  8
0
100
AcDbLine
 10
-5.100000000000001
 20
-79.0
 30
-93.0
 11
-1.7763568394002505e-15
 21
-79.0
 31
-93.0
  0
LINE
  5
273
330
17
100
AcDbEntity
  8
0
100
AcDbLine
 10
-1.7763568394002505e-15
 20
-79.0
 30
-93.0
 11
-1.7763568394002505e-15
 21
-79.0
 31
-88.0
  0
LINE
  5
274
330
17
100
AcDbEntity
  8
0
100
AcDbLine
 10
-5.100000000000001
 20
-79.0
 30
-88.0
 11
-1.7763568394002505e-15
 21
-79.0
 31
-88.0
  0
LINE
  5
275
330
17
100
AcDbEntity
  8
0
100
AcDbLine
 10
-5.100000000000001
 20
-79.0
 30
-88.0
 11
-1.7763568394002505e-15
 21
-79.0
 31
-88.0
  0
LINE
  5
276
330
17
100
AcDbEntity
  8
0
100
AcDbLine
 10
-1.7763568394002505e-15
 20
-79.0
 30
-88.0
 11
-1.7763568394002505e-15
 21
-115.0
 31
-88.0
  0
LINE
  5
277
330
17
100
AcDbEntity
  8
0
100
AcDbLine
 10
-5.100000000000001
 20
-115.0
 30
-88.0
 11
-1.7763568394002505e-15
 21
-115.0
 31
-88.0
  0
LINE
  5
278
330
17
100
AcDbEntity
  8
0
100
AcDbLine
 10
-5.100000000000001
 20
-79.0
 30
-88.0
 11
-5.100000000000001
 21
-115.0
 31
-88.0
  0
LINE
  5
279
330
17
100
AcDbEntity
  8
0
100
AcDbLine
 10
-1.0500000000000016
 20
-77.0
 30
-46.0
 11
-1.0500000000000016
 21
-77.0
 31
-56.0
  0
CIRCLE
  5
27A
330
17
100
AcDbEntity
  8
0
100
AcDbCircle
 10
-2.5500000000000016
 20
-77.0
 30
-46.0
 40
1.5
  0
LINE
  5
27B
330
17
100
AcDbEntity
  8
0
100
AcDbLine
 10
-1.0500000000000016
 20
-77.0
 30
-46.0
 11
-1.0500000000000016
 21
-77.0
 31
-56.0
  0
CIRCLE
  5
27C
330
17
100
AcDbEntity
  8
0
100
AcDbCircle
 10
-2.5500000000000016
 20
-77.0
 30
-56.0
 40
1.5
  0
LINE
  5
27D
330
17
100
AcDbEntity
  8
0
100
AcDbLine
 10
-1.0500000000000016
 20
-117.0
 30
-46.0
 11
-1.0500000000000016
 21
-117.0
 31
-56.0
  0
CIRCLE
  5
27E
330
17
100
AcDbEntity
  8
0
100
AcDbCircle
 10
-2.5500000000000016
 20
-117.0
 30
-46.0
 40
1.5
  0
LINE
  5
27F
330
17
100
AcDbEntity
  8
0
100
AcDbLine
 10
-1.0500000000000016
 20
-117.0
 30
-46.0
 11
-1.0500000000000016
 21
-117.0
 31
-56.0
  0
CIRCLE
  5
280
330
17
100
AcDbEntity
  8
0
100
AcDbCircle
 10
-2.5500000000000016
 20
-117.0
 30
-56.0
 40
1.5
  0
CIRCLE
  5
281
330
17
100
AcDbEntity
  8
0
100
AcDbCircle
 10
-2.5500000000000016
 20
-77.0
 30
-56.0
 40
1.5
  0
CIRCLE
  5
282
330
17
100
AcDbEntity
  8
0
100
AcDbCircle
 10
-2.5500000000000016
 20
-117.0
 30
-56.0
 40
1.5
  0
LINE
  5
283
330
17
100
AcDbEntity
  8
0
100
AcDbLine
 10
0.0
 20
-127.0
 30
-93.0
 11
0.0
 21
-115.0
 31
-93.0
  0
LINE
  5
284
330
17
100
AcDbEntity
  8
0
100
AcDbLine
 10
5.1
 20
-115.0
 30
-93.0
 11
0.0
 21
-115.0
 31
-93.0
  0
LINE
  5
285
330
17
100
AcDbEntity
  8
0
100
AcDbLine
 10
5.1
 20
-127.0
 30
-93.0
 11
5.1
 21
-115.0
 31
-93.0
  0
LINE
  5
286
330
17
100
AcDbEntity
  8
0
100
AcDbLine
 10
0.0
 20
-127.0
 30
-93.0
 11
5.1
 21
-127.0
 31
-93.0
  0
LINE
  5
287
330
17
100
AcDbEntity
  8
0
100
AcDbLine
 10
0.0
 20
-127.0
 30
-68.0
 11
0.0
 21
-127.0
 31
-93.0
  0
LINE
  5
288
330
17
100
AcDbEntity
  8
0
100
AcDbLine
 10
0.0
 20
-122.0
 30
-68.0
 11
0.0
 21
-127.0
 31
-68.0
  0
LINE
  5
289
330
17
100
AcDbEntity
  8
0
100
AcDbLine
 10
0.0
 20
-122.0
 30
-46.0
 11
0.0
 21
-122.0
 31
-68.0
  0
LINE
  5
28A
330
17
100
AcDbEntity
  8
0
100
AcDbLine
 10
0.0
 20
-72.0
 30
-46.0
 11
0.0
 21
-122.0
 31
-46.0
  0
LINE
  5
28B
330
17
100
AcDbEntity
  8
0
100
AcDbLine
 10
0.0
 20
-72.0
 30
-68.0
 11
0.0
 21
-72.0
 31
-46.0
  0
LINE
  5
28C
330
17
100
AcDbEntity
  8
0
100
AcDbLine
 10
0.0
 20
-67.0
 30
-68.0
 11
0.0
 21
-72.0
 31
-68.0
  0
LINE
  5
28D
330
17
100
AcDbEntity
  8
0
100
AcDbLine
 10
0.0
 20
-67.0
 30
-93.0
 11
0.0
 21
-67.0
 31
-68.0
  0
LINE
  5
28E
330
17
100
AcDbEntity
  8
0
100
AcDbLine
 10
0.0
 20
-79.0
 30
-93.0
 11
0.0
 21
-67.0
 31
-93.0
  0
LINE
  5
28F
330
17
100
AcDbEntity
  8
0
100
AcDbLine
 10
0.0
 20
-79.0
 30
-93.0
 11
0.0
 21
-79.0
 31
-88.0
  0
LINE
  5
290
330
17
100
AcDbEntity
  8
0
100
AcDbLine
 10
0.0
 20
-79.0
 30
-88.0
 11
0.0
 21
-115.0
 31
-88.0
  0
LINE
  5
291
330
17
100
AcDbEntity
  8
0
100
AcDbLine
 10
0.0
 20
-115.0
 30
-88.0
 11
0.0
 21
-115.0
 31
-93.0
  0
LINE
  5
292
330
17
100
AcDbEntity
  8
0
100
AcDbLine
 10
0.0
 20
-127.0
 30
-93.0
 11
0.0
 21
-115.0
 31
-93.0
  0
LINE
  5
293
330
17
100
AcDbEntity
  8
0
100
AcDbLine
 10
0.0
 20
-115.0
 30
-88.0
 11
0.0
 21
-115.0
 31
-93.0
  0
LINE
  5
294
330
17
100
AcDbEntity
  8
0
100
AcDbLine
 10
0.0
 20
-115.0
 30
-88.0
 11
5.1
 21
-115.0
 31
-88.0
  0
LINE
  5
295
330
17
100
AcDbEntity
  8
0
100
AcDbLine
 10
5.1
 20
-115.0
 30
-88.0
 11
5.1
 21
-115.0
 31
-93.0
  0
LINE
  5
296
330
17
100
AcDbEntity
  8
0
100
AcDbLine
 10
5.1
 20
-115.0
 30
-93.0
 11
0.0
 21
-115.0
 31
-93.0
  0
LINE
  5
297
330
17
100
AcDbEntity
  8
0
100
AcDbLine
 10
5.1
 20
-127.0
 30
-68.0
 11
5.1
 21
-127.0
 31
-93.0
  0
LINE
  5
298
330
17
100
AcDbEntity
  8
0
100
AcDbLine
 10
5.1
 20
-127.0
 30
-93.0
 11
5.1
 21
-115.0
 31
-93.0
  0
LINE
  5
299
330
17
100
AcDbEntity
  8
0
100
AcDbLine
 10
5.1
 20
-115.0
 30
-88.0
 11
5.1
 21
-115.0
 31
-93.0
  0
LINE
  5
29A
330
17
100
AcDbEntity
  8
0
100
AcDbLine
 10
5.1
 20
-79.0
 30
-88.0
 11
5.1
 21
-115.0
 31
-88.0
  0
LINE
  5
29B
330
17
100
AcDbEntity
  8
0
100
AcDbLine
 10
5.1
 20
-79.0
 30
-93.0
 11
5.1
 21
-79.0
 31
-88.0
  0
LINE
  5
29C
330
17
100
AcDbEntity
  8
0
100
AcDbLine
 10
5.1
 20
-79.0
 30
-93.0
 11
5.1
 21
-67.0
 31
-93.0
  0
LINE
  5
29D
330
17
100
AcDbEntity
  8
0
100
AcDbLine
 10
5.1
 20
-67.0
 30
-93.0
 11
5.1
 21
-67.0
 31
-68.0
  0
LINE
  5
29E
330
17
100
AcDbEntity
  8
0
100
AcDbLine
 10
5.1
 20
-67.0
 30
-68.0
 11
5.1
 21
-72.0
 31
-68.0
  0
LINE
  5
29F
330
17
100
AcDbEntity
  8
0
100
AcDbLine
 10
5.1
 20
-72.0
 30
-68.0
 11
5.1
 21
-72.0
 31
-46.0
  0
LINE
  5
2A0
330
17
100
AcDbEntity
  8
0
100
AcDbLine
 10
5.1
 20
-72.0
 30
-46.0
 11
5.1
 21
-122.0
 31
-46.0
  0
LINE
  5
2A1
330
17
100
AcDbEntity
  8
0
100
AcDbLine
 10
5.1
 20
-122.0
 30
-46.0
 11
5.1
 21
-122.0
 31
-68.0
  0
LINE
  5
2A2
330
17
100
AcDbEntity
  8
0
100
AcDbLine
 10
5.1
 20
-122.0
 30
-68.0
 11
5.1
 21
-127.0
 31
-68.0
  0
LINE
  5
2A3
330
17
100
AcDbEntity
  8
0
100
AcDbLine
 10
0.0
 20
-127.0
 30
-68.0
 11
5.1
 21
-127.0
 31
-68.0
  0
LINE
  5
2A4
330
17
100
AcDbEntity
  8
0
100
AcDbLine
 10
0.0
 20
-127.0
 30
-68.0
 11
0.0
 21
-127.0
 31
-93.0
  0
LINE
  5
2A5
330
17
100
AcDbEntity
  8
0
100
AcDbLine
 10
0.0
 20
-127.0
 30
-93.0
 11
5.1
 21
-127.0
 31
-93.0
  0
LINE
  5
2A6
330
17
100
AcDbEntity
  8
0
100
AcDbLine
 10
5.1
 20
-127.0
 30
-68.0
 11
5.1
 21
-127.0
 31
-93.0
  0
LINE
  5
2A7
330
17
100
AcDbEntity
  8
0
100
AcDbLine
 10
0.0
 20
-122.0
 30
-68.0
 11
5.1
 21
-122.0
 31
-68.0
  0
LINE
  5
2A8
330
17
100
AcDbEntity
  8
0
100
AcDbLine
 10
0.0
 20
-122.0
 30
-68.0
 11
0.0
 21
-127.0
 31
-68.0
  0
LINE
  5
2A9
330
17
100
AcDbEntity
  8
0
100
AcDbLine
 10
0.0
 20
-127.0
 30
-68.0
 11
5.1
 21
-127.0
 31
-68.0
  0
LINE
  5
2AA
330
17
100
AcDbEntity
  8
0
100
AcDbLine
 10
5.1
 20
-122.0
 30
-68.0
 11
5.1
 21
-127.0
 31
-68.0
  0
LINE
  5
2AB
330
17
100
AcDbEntity
  8
0
100
AcDbLine
 10
0.0
 20
-122.0
 30
-46.0
 11
5.1
 21
-122.0
 31
-46.0
  0
LINE
  5
2AC
330
17
100
AcDbEntity
  8
0
100
AcDbLine
 10
0.0
 20
-122.0
 30
-46.0
 11
0.0
 21
-122.0
 31
-68.0
  0
LINE
  5
2AD
330
17
100
AcDbEntity
  8
0
100
AcDbLine
 10
0.0
 20
-122.0
 30
-68.0
 11
5.1
 21
-122.0
 31
-68.0
  0
LINE
  5
2AE
330
17
100
AcDbEntity
  8
0
100
AcDbLine
 10
5.1
 20
-122.0
 30
-46.0
 11
5.1
 21
-122.0
 31
-68.0
  0
LINE
  5
2AF
330
17
100
AcDbEntity
  8
0
100
AcDbLine
 10
0.0
 20
-72.0
 30
-46.0
 11
5.1
 21
-72.0
 31
-46.0
  0
LINE
  5
2B0
330
17
100
AcDbEntity
  8
0
100
AcDbLine
 10
0.0
 20
-72.0
 30
-46.0
 11
0.0
 21
-122.0
 31
-46.0
  0
LINE
  5
2B1
330
17
100
AcDbEntity
  8
0
100
AcDbLine
 10
0.0
 20
-122.0
 30
-46.0
 11
5.1
 21
-122.0
 31
-46.0
  0
LINE
  5
2B2
330
17
100
AcDbEntity
  8
0
100
AcDbLine
 10
5.1
 20
-72.0
 30
-46.0
 11
5.1
 21
-122.0
 31
-46.0
  0
CIRCLE
  5
2B3
330
17
100
AcDbEntity
  8
0
100
AcDbCircle
 10
2.55
 20
-77.0
 30
-46.0
 40
1.5
  0
CIRCLE
  5
2B4
330
17
100
AcDbEntity
  8
0
100
AcDbCircle
 10
2.55
 20
-117.0
 30
-46.0
 40
1.5
  0
LINE
  5
2B5
330
17
100
AcDbEntity
  8
0
100
AcDbLine
 10
0.0
 20
-72.0
 30
-68.0
 11
5.1
 21
-72.0
 31
-68.0
  0
LINE
  5
2B6
330
17
100
AcDbEntity
  8
0
100
AcDbLine
 10
0.0
 20
-72.0
 30
-68.0
 11
0.0
 21
-72.0
 31
-46.0
  0
LINE
  5
2B7
330
17
100
AcDbEntity
  8
0
100
AcDbLine
 10
0.0
 20
-72.0
 30
-46.0
 11
5.1
 21
-72.0
 31
-46.0
  0
LINE
  5
2B8
330
17
100
AcDbEntity
  8
0
100
AcDbLine
 10
5.1
 20
-72.0
 30
-68.0
 11
5.1
 21
-72.0
 31
-46.0
  0
LINE
  5
2B9
330
17
100
AcDbEntity
  8
0
100
AcDbLine
 10
0.0
 20
-67.0
 30
-68.0
 11
5.1
 21
-67.0
 31
-68.0
  0
LINE
  5
2BA
330
17
100
AcDbEntity
  8
0
100
AcDbLine
 10
0.0
 20
-67.0
 30
-68.0
 11
0.0
 21
-72.0
 31
-68.0
  0
LINE
  5
2BB
330
17
100
AcDbEntity
  8
0
100
AcDbLine
 10
0.0
 20
-72.0
 30
-68.0
 11
5.1
 21
-72.0
 31
-68.0
  0
LINE
  5
2BC
330
17
100
AcDbEntity
  8
0
100
AcDbLine
 10
5.1
 20
-67.0
 30
-68.0
 11
5.1
 21
-72.0
 31
-68.0
  0
LINE
  5
2BD
330
17
100
AcDbEntity
  8
0
100
AcDbLine
 10
0.0
 20
-67.0
 30
-93.0
 11
5.1
 21
-67.0
 31
-93.0
  0
LINE
  5
2BE
330
17
100
AcDbEntity
  8
0
100
AcDbLine
 10
0.0
 20
-67.0
 30
-93.0
 11
0.0
 21
-67.0
 31
-68.0
  0
LINE
  5
2BF
330
17
100
AcDbEntity
  8
0
100
AcDbLine
 10
0.0
 20
-67.0
 30
-68.0
 11
5.1
 21
-67.0
 31
-68.0
  0
LINE
  5
2C0
330
17
100
AcDbEntity
  8
0
100
AcDbLine
 10
5.1
 20
-67.0
 30
-93.0
 11
5.1
 21
-67.0
 31
-68.0
  0
LINE
  5
2C1
330
17
100
AcDbEntity
  8
0
100
AcDbLine
 10
0.0
 20
-79.0
 30
-93.0
 11
0.0
 21
-67.0
 31
-93.0
  0
LINE
  5
2C2
330
17
100
AcDbEntity
  8
0
100
AcDbLine
 10
0.0
 20
-67.0
 30
-93.0
 11
5.1
 21
-67.0
 31
-93.0
  0
LINE
  5
2C3
330
17
100
AcDbEntity
  8
0
100
AcDbLine
 10
5.1
 20
-79.0
 30
-93.0
 11
5.1
 21
-67.0
 31
-93.0
  0
LINE
  5
2C4
330
17
100
AcDbEntity
  8
0
100
AcDbLine
 10
0.0
 20
-79.0
 30
-93.0
 11
5.1
 21
-79.0
 31
-93.0
  0
LINE
  5
2C5
330
17
100
AcDbEntity
  8
0
100
AcDbLine
 10
0.0
 20
-79.0
 30
-93.0
 11
0.0
 21
-79.0
 31
-88.0
  0
LINE
  5
2C6
330
17
100
AcDbEntity
  8
0
100
AcDbLine
 10
0.0
 20
-79.0
 30
-93.0
 11
5.1
 21
-79.0
 31
-93.0
  0
LINE
  5
2C7
330
17
100
AcDbEntity
  8
0
100
AcDbLine
 10
5.1
 20
-79.0
 30
-93.0
 11
5.1
 21
-79.0
 31
-88.0
  0
LINE
  5
2C8
330
17
100
AcDbEntity
  8
0
100
AcDbLine
 10
0.0
 20
-79.0
 30
-88.0
 11
5.1
 21
-79.0
 31
-88.0
  0
LINE
  5
2C9
330
17
100
AcDbEntity
  8
0
100
AcDbLine
 10
0.0
 20
-79.0
 30
-88.0
 11
5.1
 21
-79.0
 31
-88.0
  0
LINE
  5
2CA
330
17
100
AcDbEntity
  8
0
100
AcDbLine
 10
5.1
 20
-79.0
 30
-88.0
 11
5.1
 21
-115.0
 31
-88.0
  0
LINE
  5
2CB
330
17
100
AcDbEntity
  8
0
100
AcDbLine
 10
0.0
 20
-115.0
 30
-88.0
 11
5.1
 21
-115.0
 31
-88.0
  0
LINE
  5
2CC
330
17
100
AcDbEntity
  8
0
100
AcDbLine
 10
0.0
 20
-79.0
 30
-88.0
 11
0.0
 21
-115.0
 31
-88.0
  0
LINE
  5
2CD
330
17
100
AcDbEntity
  8
0
100
AcDbLine
 10
4.05
 20
-77.0
 30
-46.0
 11
4.05
 21
-77.0
 31
-56.0
  0
CIRCLE
  5
2CE
330
17
100
AcDbEntity
  8
0
100
AcDbCircle
 10
2.55
 20
-77.0
 30
-46.0
 40
1.5
  0
LINE
  5
2CF
330
17
100
AcDbEntity
  8
0
100
AcDbLine
 10
4.05
 20
-77.0
 30
-46.0
 11
4.05
 21
-77.0
 31
-56.0
  0
CIRCLE
  5
2D0
330
17
100
AcDbEntity
  8
0
100
AcDbCircle
 10
2.55
 20
-77.0
 30
-56.0
 40
1.5
  0
LINE
  5
2D1
330
17
100
AcDbEntity
  8
0
100
AcDbLine
 10
4.05
 20
-117.0
 30
-46.0
 11
4.05
 21
-117.0
 31
-56.0
  0
CIRCLE
  5
2D2
330
17
100
AcDbEntity
  8
0
100
AcDbCircle
 10
2.55
 20
-117.0
 30
-46.0
 40
1.5
  0
LINE
  5
2D3
330
17
100
AcDbEntity
  8
0
100
AcDbLine
 10
4.05
 20
-117.0
 30
-46.0
 11
4.05
 21
-117.0
 31
-56.0
  0
CIRCLE
  5
2D4
330
17
100
AcDbEntity
  8
0
100
AcDbCircle
 10
2.55
 20
-117.0
 30
-56.0
 40
1.5
  0
CIRCLE
  5
2D5
330
17
100
AcDbEntity
  8
0
100
AcDbCircle
 10
2.55
 20
-77.0
 30
-56.0
 40
1.5
  0
CIRCLE
  5
2D6
330
17
100
AcDbEntity
  8
0
100
AcDbCircle
 10
2.55
 20
-117.0
 30
-56.0
 40
1.5
  0
LINE
  5
2D7
330
17
100
AcDbEntity
  8
0
100
AcDbLine
 10
5.099999999999998
 20
-127.0
 30
-93.0
 11
5.099999999999998
 21
-115.0
 31
-93.0
  0
LINE
  5
2D8
330
17
100
AcDbEntity
  8
0
100
AcDbLine
 10
10.199999999999998
 20
-115.0
 30
-93.0
 11
5.099999999999998
 21
-115.0
 31
-93.0
  0
LINE
  5
2D9
330
17
100
AcDbEntity
  8
0
100
AcDbLine
 10
10.199999999999998
 20
-127.0
 30
-93.0
 11
10.199999999999998
 21
-115.0
 31
-93.0
  0
LINE
  5
2DA
330
17
100
AcDbEntity
  8
0
100
AcDbLine
 10
5.099999999999998
 20
-127.0
 30
-93.0
 11
10.199999999999998
 21
-127.0
 31
-93.0
  0
LINE
  5
2DB
330
17
100
AcDbEntity
  8
0
100
AcDbLine
 10
5.099999999999998
 20
-127.0
 30
-68.0
 11
5.099999999999998
 21
-127.0
 31
-93.0
  0
LINE
  5
2DC
330
17
100
AcDbEntity
  8
0
100
AcDbLine
 10
5.099999999999998
 20
-122.0
 30
-68.0
 11
5.099999999999998
 21
-127.0
 31
-68.0
  0
LINE
  5
2DD
330
17
100
AcDbEntity
  8
0
100
AcDbLine
 10
5.099999999999998
 20
-122.0
 30
-46.0
 11
5.099999999999998
 21
-122.0
 31
-68.0
  0
LINE
  5
2DE
330
17
100
AcDbEntity
  8
0
100
AcDbLine
 10
5.099999999999998
 20
-72.0
 30
-46.0
 11
5.099999999999998
 21
-122.0
 31
-46.0
  0
LINE
  5
2DF
330
17
100
AcDbEntity
  8
0
100
AcDbLine
 10
5.099999999999998
 20
-72.0
 30
-68.0
 11
5.099999999999998
 21
-72.0
 31
-46.0
  0
LINE
  5
2E0
330
17
100
AcDbEntity
  8
0
100
AcDbLine
 10
5.099999999999998
 20
-67.0
 30
-68.0
 11
5.099999999999998
 21
-72.0
 31
-68.0
  0
LINE
  5
2E1
330
17
100
AcDbEntity
  8
0
100
AcDbLine
 10
5.099999999999998
 20
-67.0
 30
-93.0
 11
5.099999999999998
 21
-67.0
 31
-68.0
  0
LINE
  5
2E2
330
17
100
AcDbEntity
  8
0
100
AcDbLine
 10
5.099999999999998
 20
-79.0
 30
-93.0
 11
5.099999999999998
 21
-67.0
 31
-93.0
  0
LINE
  5
2E3
330
17
100
AcDbEntity
  8
0
100
AcDbLine
 10
5.099999999999998
 20
-79.0
 30
-93.0
 11
5.099999999999998
 21
-79.0
 31
-88.0
  0
LINE
  5
2E4
330
17
100
AcDbEntity
  8
0
100
AcDbLine
 10
5.099999999999998
 20
-79.0
 30
-88.0
 11
5.099999999999998
 21
-115.0
 31
-88.0
  0
LINE
  5
2E5
330
17
100
AcDbEntity
  8
0
100
AcDbLine
 10
5.099999999999998
 20
-115.0
 30
-88.0
 11
5.099999999999998
 21
-115.0
 31
-93.0
  0
LINE
  5
2E6
330
17
100
AcDbEntity
  8
0
100
AcDbLine
 10
5.099999999999998
 20
-127.0
 30
-93.0
 11
5.099999999999998
 21
-115.0
 31
-93.0
  0
LINE
  5
2E7
330
17
100
AcDbEntity
  8
0
100
AcDbLine
 10
5.099999999999998
 20
-115.0
 30
-88.0
 11
5.099999999999998
 21
-115.0
 31
-93.0
  0
LINE
  5
2E8
330
17
100
AcDbEntity
  8
0
100
AcDbLine
 10
5.099999999999998
 20
-115.0
 30
-88.0
 11
10.199999999999998
 21
-115.0
 31
-88.0
  0
LINE
  5
2E9
330
17
100
AcDbEntity
  8
0
100
AcDbLine
 10
10.199999999999998
 20
-115.0
 30
-88.0
 11
10.199999999999998
 21
-115.0
 31
-93.0
  0
LINE
  5
2EA
330
17
100
AcDbEntity
  8
0
100
AcDbLine
 10
10.199999999999998
 20
-115.0
 30
-93.0
 11
5.099999999999998
 21
-115.0
 31
-93.0
  0
LINE
  5
2EB
330
17
100
AcDbEntity
  8
0
100
AcDbLine
 10
10.199999999999998
 20
-127.0
 30
-68.0
 11
10.199999999999998
 21
-127.0
 31
-93.0
  0
LINE
  5
2EC
330
17
100
AcDbEntity
  8
0
100
AcDbLine
 10
10.199999999999998
 20
-127.0
 30
-93.0
 11
10.199999999999998
 21
-115.0
 31
-93.0
  0
LINE
  5
2ED
330
17
100
AcDbEntity
  8
0
100
AcDbLine
 10
10.199999999999998
 20
-115.0
 30
-88.0
 11
10.199999999999998
 21
-115.0
 31
-93.0
  0
LINE
  5
2EE
330
17
100
AcDbEntity
  8
0
100
AcDbLine
 10
10.199999999999998
 20
-79.0
 30
-88.0
 11
10.199999999999998
 21
-115.0
 31
-88.0
  0
LINE
  5
2EF
330
17
100
AcDbEntity
  8
0
100
AcDbLine
 10
10.199999999999998
 20
-79.0
 30
-93.0
 11
10.199999999999998
 21
-79.0
 31
-88.0
  0
LINE
  5
2F0
330
17
100
AcDbEntity
  8
0
100
AcDbLine
 10
10.199999999999998
 20
-79.0
 30
-93.0
 11
10.199999999999998
 21
-67.0
 31
-93.0
  0
LINE
  5
2F1
330
17
100
AcDbEntity
  8
0
100
AcDbLine
 10
10.199999999999998
 20
-67.0
 30
-93.0
 11
10.199999999999998
 21
-67.0
 31
-68.0
  0
LINE
  5
2F2
330
17
100
AcDbEntity
  8
0
100
AcDbLine
 10
10.199999999999998
 20
-67.0
 30
-68.0
 11
10.199999999999998
 21
-72.0
 31
-68.0
  0
LINE
  5
2F3
330
17
100
AcDbEntity
  8
0
100
AcDbLine
 10
10.199999999999998
 20
-72.0
 30
-68.0
 11
10.199999999999998
 21
-72.0
 31
-46.0
  0
LINE
  5
2F4
330
17
100
AcDbEntity
  8
0
100
AcDbLine
 10
10.199999999999998
 20
-72.0
 30
-46.0
 11
10.199999999999998
 21
-122.0
 31
-46.0
  0
LINE
  5
2F5
330
17
100
AcDbEntity
  8
0
100
AcDbLine
 10
10.199999999999998
 20
-122.0
 30
-46.0
 11
10.199999999999998
 21
-122.0
 31
-68.0
  0
LINE
  5
2F6
330
17
100
AcDbEntity
  8
0
100
AcDbLine
 10
10.199999999999998
 20
-122.0
 30
-68.0
 11
10.199999999999998
 21
-127.0
 31
-68.0
  0
LINE
  5
2F7
330
17
100
AcDbEntity
  8
0
100
AcDbLine
 10
5.099999999999998
 20
-127.0
 30
-68.0
 11
10.199999999999998
 21
-127.0
 31
-68.0
  0
LINE
  5
2F8
330
17
100
AcDbEntity
  8
0
100
AcDbLine
 10
5.099999999999998
 20
-127.0
 30
-68.0
 11
5.099999999999998
 21
-127.0
 31
-93.0
  0
LINE
  5
2F9
330
17
100
AcDbEntity
  8
0
100
AcDbLine
 10
5.099999999999998
 20
-127.0
 30
-93.0
 11
10.199999999999998
 21
-127.0
 31
-93.0
  0
LINE
  5
2FA
330
17
100
AcDbEntity
  8
0
100
AcDbLine
 10
10.199999999999998
 20
-127.0
 30
-68.0
 11
10.199999999999998
 21
-127.0
 31
-93.0
  0
LINE
  5
2FB
330
17
100
AcDbEntity
  8
0
100
AcDbLine
 10
5.099999999999998
 20
-122.0
 30
-68.0
 11
10.199999999999998
 21
-122.0
 31
-68.0
  0
LINE
  5
2FC
330
17
100
AcDbEntity
  8
0
100
AcDbLine
 10
5.099999999999998
 20
-122.0
 30
-68.0
 11
5.099999999999998
 21
-127.0
 31
-68.0
  0
LINE
  5
2FD
330
17
100
AcDbEntity
  8
0
100
AcDbLine
 10
5.099999999999998
 20
-127.0
 30
-68.0
 11
10.199999999999998
 21
-127.0
 31
-68.0
  0
LINE
  5
2FE
330
17
100
AcDbEntity
  8
0
100
AcDbLine
 10
10.199999999999998
 20
-122.0
 30
-68.0
 11
10.199999999999998
 21
-127.0
 31
-68.0
  0
LINE
  5
2FF
330
17
100
AcDbEntity
  8
0
100
AcDbLine
 10
5.099999999999998
 20
-122.0
 30
-46.0
 11
10.199999999999998
 21
-122.0
 31
-46.0
  0
LINE
  5
300
330
17
100
AcDbEntity
  8
0
100
AcDbLine
 10
5.099999999999998
 20
-122.0
 30
-46.0
 11
5.099999999999998
 21
-122.0
 31
-68.0
  0
LINE
  5
301
330
17
100
AcDbEntity
  8
0
100
AcDbLine
 10
5.099999999999998
 20
-122.0
 30
-68.0
 11
10.199999999999998
 21
-122.0
 31
-68.0
  0
LINE
  5
302
330
17
100
AcDbEntity
  8
0
100
AcDbLine
 10
10.199999999999998
 20
-122.0
 30
-46.0
 11
10.199999999999998
 21
-122.0
 31
-68.0
  0
LINE
  5
303
330
17
100
AcDbEntity
  8
0
100
AcDbLine
 10
5.099999999999998
 20
-72.0
 30
-46.0
 11
10.199999999999998
 21
-72.0
 31
-46.0
  0
LINE
  5
304
330
17
100
AcDbEntity
  8
0
100
AcDbLine
 10
5.099999999999998
 20
-72.0
 30
-46.0
 11
5.099999999999998
 21
-122.0
 31
-46.0
  0
LINE
  5
305
330
17
100
AcDbEntity
  8
0
100
AcDbLine
 10
5.099999999999998
 20
-122.0
 30
-46.0
 11
10.199999999999998
 21
-122.0
 31
-46.0
  0
LINE
  5
306
330
17
100
AcDbEntity
  8
0
100
AcDbLine
 10
10.199999999999998
 20
-72.0
 30
-46.0
 11
10.199999999999998
 21
-122.0
 31
-46.0
  0
CIRCLE
  5
307
330
17
100
AcDbEntity
  8
0
100
AcDbCircle
 10
7.649999999999998
 20
-77.0
 30
-46.0
 40
1.5
  0
CIRCLE
  5
308
330
17
100
AcDbEntity
  8
0
100
AcDbCircle
 10
7.649999999999998
 20
-117.0
 30
-46.0
 40
1.5
  0
LINE
  5
309
330
17
100
AcDbEntity
  8
0
100
AcDbLine
 10
5.099999999999998
 20
-72.0
 30
-68.0
 11
10.199999999999998
 21
-72.0
 31
-68.0
  0
LINE
  5
30A
330
17
100
AcDbEntity
  8
0
100
AcDbLine
 10
5.099999999999998
 20
-72.0
 30
-68.0
 11
5.099999999999998
 21
-72.0
 31
-46.0
  0
LINE
  5
30B
330
17
100
AcDbEntity
  8
0
100
AcDbLine
 10
5.099999999999998
 20
-72.0
 30
-46.0
 11
10.199999999999998
 21
-72.0
 31
-46.0
  0
LINE
  5
30C
330
17
100
AcDbEntity
  8
0
100
AcDbLine
 10
10.199999999999998
 20
-72.0
 30
-68.0
 11
10.199999999999998
 21
-72.0
 31
-46.0
  0
LINE
  5
30D
330
17
100
AcDbEntity
  8
0
100
AcDbLine
 10
5.099999999999998
 20
-67.0
 30
-68.0
 11
10.199999999999998
 21
-67.0
 31
-68.0
  0
LINE
  5
30E
330
17
100
AcDbEntity
  8
0
100
AcDbLine
 10
5.099999999999998
 20
-67.0
 30
-68.0
 11
5.099999999999998
 21
-72.0
 31
-68.0
  0
LINE
  5
30F
330
17
100
AcDbEntity
  8
0
100
AcDbLine
 10
5.099999999999998
 20
-72.0
 30
-68.0
 11
10.199999999999998
 21
-72.0
 31
-68.0
  0
LINE
  5
310
330
17
100
AcDbEntity
  8
0
100
AcDbLine
 10
10.199999999999998
 20
-67.0
 30
-68.0
 11
10.199999999999998
 21
-72.0
 31
-68.0
  0
LINE
  5
311
330
17
100
AcDbEntity
  8
0
100
AcDbLine
 10
5.099999999999998
 20
-67.0
 30
-93.0
 11
10.199999999999998
 21
-67.0
 31
-93.0
  0
LINE
  5
312
330
17
100
AcDbEntity
  8
0
100
AcDbLine
 10
5.099999999999998
 20
-67.0
 30
-93.0
 11
5.099999999999998
 21
-67.0
 31
-68.0
  0
LINE
  5
313
330
17
100
AcDbEntity
  8
0
100
AcDbLine
 10
5.099999999999998
 20
-67.0
 30
-68.0
 11
10.199999999999998
 21
-67.0
 31
-68.0
  0
LINE
  5
314
330
17
100
AcDbEntity
  8
0
100
AcDbLine
 10
10.199999999999998
 20
-67.0
 30
-93.0
 11
10.199999999999998
 21
-67.0
 31
-68.0
  0
LINE
  5
315
330
17
100
AcDbEntity
  8
0
100
AcDbLine
 10
5.099999999999998
 20
-79.0
 30
-93.0
 11
5.099999999999998
 21
-67.0
 31
-93.0
  0
LINE
  5
316
330
17
100
AcDbEntity
  8
0
100
AcDbLine
 10
5.099999999999998
 20
-67.0
 30
-93.0
 11
10.199999999999998
 21
-67.0
 31
-93.0
  0
LINE
  5
317
330
17
100
AcDbEntity
  8
0
100
AcDbLine
 10
10.199999999999998
 20
-79.0
 30
-93.0
 11
10.199999999999998
 21
-67.0
 31
-93.0
  0
LINE
  5
318
330
17
100
AcDbEntity
  8
0
100
AcDbLine
 10
5.099999999999998
 20
-79.0
 30
-93.0
 11
10.199999999999998
 21
-79.0
 31
-93.0
  0
LINE
  5
319
330
17
100
AcDbEntity
  8
0
100
AcDbLine
 10
5.099999999999998
 20
-79.0
 30
-93.0
 11
5.099999999999998
 21
-79.0
 31
-88.0
  0
LINE
  5
31A
330
17
100
AcDbEntity
  8
0
100
AcDbLine
 10
5.099999999999998
 20
-79.0
 30
-93.0
 11
10.199999999999998
 21
-79.0
 31
-93.0
  0
LINE
  5
31B
330
17
100
AcDbEntity
  8
0
100
AcDbLine
 10
10.199999999999998
 20
-79.0
 30
-93.0
 11
10.199999999999998
 21
-79.0
 31
-88.0
  0
LINE
  5
31C
330
17
100
AcDbEntity
  8
0
100
AcDbLine
 10
5.099999999999998
 20
-79.0
 30
-88.0
 11
10.199999999999998
 21
-79.0
 31
-88.0
  0
LINE
  5
31D
330
17
100
AcDbEntity
  8
0
100
AcDbLine
 10
5.099999999999998
 20
-79.0
 30
-88.0
 11
10.199999999999998
 21
-79.0
 31
-88.0
  0
LINE
  5
31E
330
17
100
AcDbEntity
  8
0
100
AcDbLine
 10
10.199999999999998
 20
-79.0
 30
-88.0
 11
10.199999999999998
 21
-115.0
 31
-88.0
  0
LINE
  5
31F
330
17
100
AcDbEntity
  8
0
100
AcDbLine
 10
5.099999999999998
 20
-115.0
 30
-88.0
 11
10.199999999999998
 21
-115.0
 31
-88.0
  0
LINE
  5
320
330
17
100
AcDbEntity
  8
0
100
AcDbLine
 10
5.099999999999998
 20
-79.0
 30
-88.0
 11
5.099999999999998
 21
-115.0
 31
-88.0
  0
LINE
  5
321
330
17
100
AcDbEntity
  8
0
100
AcDbLine
 10
9.149999999999999
 20
-77.0
 30
-46.0
 11
9.149999999999999
 21
-77.0
 31
-56.0
  0
CIRCLE
  5
322
330
17
100
AcDbEntity
  8
0
100
AcDbCircle
 10
7.649999999999998
 20
-77.0
 30
-46.0
 40
1.5
  0
LINE
  5
323
330
17
100
AcDbEntity
  8
0
100
AcDbLine
 10
9.149999999999999
 20
-77.0
 30
-46.0
 11
9.149999999999999
 21
-77.0
 31
-56.0
  0
CIRCLE
  5
324
330
17
100
AcDbEntity
  8
0
100
AcDbCircle
 10
7.649999999999998
 20
-77.0
 30
-56.0
 40
1.5
  0
LINE
  5
325
330
17
100
AcDbEntity
  8
0
100
AcDbLine
 10
9.149999999999999
 20
-117.0
 30
-46.0
 11
9.149999999999999
 21
-117.0
 31
-56.0
  0
CIRCLE
  5
326
330
17
100
AcDbEntity
  8
0
100
AcDbCircle
 10
7.649999999999998
 20
-117.0
 30
-46.0
 40
1.5
  0
LINE
  5
327
330
17
100
AcDbEntity
  8
0
100
AcDbLine
 10
9.149999999999999
 20
-117.0
 30
-46.0
 11
9.149999999999999
 21
-117.0
 31
-56.0
  0
CIRCLE
  5
328
330
17
100
AcDbEntity
  8
0
100
AcDbCircle
 10
7.649999999999998
 20
-117.0
 30
-56.0
 40
1.5
  0
CIRCLE
  5
329
330
17
100
AcDbEntity
  8
0
100
AcDbCircle
 10
7.649999999999998
 20
-77.0
 30
-56.0
 40
1.5
  0
CIRCLE
  5
32A
330
17
100
AcDbEntity
  8
0
100
AcDbCircle
 10
7.649999999999998
 20
-117.0
 30
-56.0
 40
1.5
  0
LINE
  5
32B
330
17
100
AcDbEntity
  8
0
100
AcDbLine
 10
10.199999999999996
 20
-127.0
 30
-93.0
 11
10.199999999999996
 21
-115.0
 31
-93.0
  0
LINE
  5
32C
330
17
100
AcDbEntity
  8
0
100
AcDbLine
 10
15.299999999999995
 20
-115.0
 30
-93.0
 11
10.199999999999996
 21
-115.0
 31
-93.0
  0
LINE
  5
32D
330
17
100
AcDbEntity
  8
0
100
AcDbLine
 10
15.299999999999995
 20
-127.0
 30
-93.0
 11
15.299999999999995
 21
-115.0
 31
-93.0
  0
LINE
  5
32E
330
17
100
AcDbEntity
  8
0
100
AcDbLine
 10
10.199999999999996
 20
-127.0
 30
-93.0
 11
15.299999999999995
 21
-127.0
 31
-93.0
  0
LINE
  5
32F
330
17
100
AcDbEntity
  8
0
100
AcDbLine
 10
10.199999999999996
 20
-127.0
 30
-68.0
 11
10.199999999999996
 21
-127.0
 31
-93.0
  0
LINE
  5
330
330
17
100
AcDbEntity
  8
0
100
AcDbLine
 10
10.199999999999996
 20
-122.0
 30
-68.0
 11
10.199999999999996
 21
-127.0
 31
-68.0
  0
LINE
  5
331
330
17
100
AcDbEntity
  8
0
100
AcDbLine
 10
10.199999999999996
 20
-122.0
 30
-46.0
 11
10.199999999999996
 21
-122.0
 31
-68.0
  0
LINE
  5
332
330
17
100
AcDbEntity
  8
0
100
AcDbLine
 10
10.199999999999996
 20
-72.0
 30
-46.0
 11
10.199999999999996
 21
-122.0
 31
-46.0
  0
LINE
  5
333
330
17
100
AcDbEntity
  8
0
100
AcDbLine
 10
10.199999999999996
 20
-72.0
 30
-68.0
 11
10.199999999999996
 21
-72.0
 31
-46.0
  0
LINE
  5
334
330
17
100
AcDbEntity
  8
0
100
AcDbLine
 10
10.199999999999996
 20
-67.0
 30
-68.0
 11
10.199999999999996
 21
-72.0
 31
-68.0
  0
LINE
  5
335
330
17
100
AcDbEntity
  8
0
100
AcDbLine
 10
10.199999999999996
 20
-67.0
 30
-93.0
 11
10.199999999999996
 21
-67.0
 31
-68.0
  0
LINE
  5
336
330
17
100
AcDbEntity
  8
0
100
AcDbLine
 10
10.199999999999996
 20
-79.0
 30
-93.0
 11
10.199999999999996
 21
-67.0
 31
-93.0
  0
LINE
  5
337
330
17
100
AcDbEntity
  8
0
100
AcDbLine
 10
10.199999999999996
 20
-79.0
 30
-93.0
 11
10.199999999999996
 21
-79.0
 31
-88.0
  0
LINE
  5
338
330
17
100
AcDbEntity
  8
0
100
AcDbLine
 10
10.199999999999996
 20
-79.0
 30
-88.0
 11
10.199999999999996
 21
-115.0
 31
-88.0
  0
LINE
  5
339
330
17
100
AcDbEntity
  8
0
100
AcDbLine
 10
10.199999999999996
 20
-115.0
 30
-88.0
 11
10.199999999999996
 21
-115.0
 31
-93.0
  0
LINE
  5
33A
330
17
100
AcDbEntity
  8
0
100
AcDbLine
 10
10.199999999999996
 20
-127.0
 30
-93.0
 11
10.199999999999996
 21
-115.0
 31
-93.0
  0
LINE
  5
33B
330
17
100
AcDbEntity
  8
0
100
AcDbLine
 10
10.199999999999996
 20
-115.0
 30
-88.0
 11
10.199999999999996
 21
-115.0
 31
-93.0
  0
LINE
  5
33C
330
17
100
AcDbEntity
  8
0
100
AcDbLine
 10
10.199999999999996
 20
-115.0
 30
-88.0
 11
15.299999999999995
 21
-115.0
 31
-88.0
  0
LINE
  5
33D
330
17
100
AcDbEntity
  8
0
100
AcDbLine
 10
15.299999999999995
 20
-115.0
 30
-88.0
 11
15.299999999999995
 21
-115.0
 31
-93.0
  0
LINE
  5
33E
330
17
100
AcDbEntity
  8
0
100
AcDbLine
 10
15.299999999999995
 20
-115.0
 30
-93.0
 11
10.199999999999996
 21
-115.0
 31
-93.0
  0
LINE
  5
33F
330
17
100
AcDbEntity
  8
0
100
AcDbLine
 10
15.299999999999995
 20
-127.0
 30
-68.0
 11
15.299999999999995
 21
-127.0
 31
-93.0
  0
LINE
  5
340
330
17
100
AcDbEntity
  8
0
100
AcDbLine
 10
15.299999999999995
 20
-127.0
 30
-93.0
 11
15.299999999999995
 21
-115.0
 31
-93.0
  0
LINE
  5
341
330
17
100
AcDbEntity
  8
0
100
AcDbLine
 10
15.299999999999995
 20
-115.0
 30
-88.0
 11
15.299999999999995
 21
-115.0
 31
-93.0
  0
LINE
  5
342
330
17
100
AcDbEntity
  8
0
100
AcDbLine
 10
15.299999999999995
 20
-79.0
 30
-88.0
 11
15.299999999999995
 21
-115.0
 31
-88.0
  0
LINE
  5
343
330
17
100
AcDbEntity
  8
0
100
AcDbLine
 10
15.299999999999995
 20
-79.0
 30
-93.0
 11
15.299999999999995
 21
-79.0
 31
-88.0
  0
LINE
  5
344
330
17
100
AcDbEntity
  8
0
100
AcDbLine
 10
15.299999999999995
 20
-79.0
 30
-93.0
 11
15.299999999999995
 21
-67.0
 31
-93.0
  0
LINE
  5
345
330
17
100
AcDbEntity
  8
0
100
AcDbLine
 10
15.299999999999995
 20
-67.0
 30
-93.0
 11
15.299999999999995
 21
-67.0
 31
-68.0
  0
LINE
  5
346
330
17
100
AcDbEntity
  8
0
100
AcDbLine
 10
15.299999999999995
 20
-67.0
 30
-68.0
 11
15.299999999999995
 21
-72.0
 31
-68.0
  0
LINE
  5
347
330
17
100
AcDbEntity
  8
0
100
AcDbLine
 10
15.299999999999995
 20
-72.0
 30
-68.0
 11
15.299999999999995
 21
-72.0
 31
-46.0
  0
LINE
  5
348
330
17
100
AcDbEntity
  8
0
100
AcDbLine
 10
15.299999999999995
 20
-72.0
 30
-46.0
 11
15.299999999999995
 21
-122.0
 31
-46.0
  0
LINE
  5
349
330
17
100
AcDbEntity
  8
0
100
AcDbLine
 10
15.299999999999995
 20
-122.0
 30
-46.0
 11
15.299999999999995
 21
-122.0
 31
-68.0
  0
LINE
  5
34A
330
17
100
AcDbEntity
  8
0
100
AcDbLine
 10
15.299999999999995
 20
-122.0
 30
-68.0
 11
15.299999999999995
 21
-127.0
 31
-68.0
  0
LINE
  5
34B
330
17
100
AcDbEntity
  8
0
100
AcDbLine
 10
10.199999999999996
 20
-127.0
 30
-68.0
 11
15.299999999999995
 21
-127.0
 31
-68.0
  0
LINE
  5
34C
330
17
100
AcDbEntity
  8
0
100
AcDbLine
 10
10.199999999999996
 20
-127.0
 30
-68.0
 11
10.199999999999996
 21
-127.0
 31
-93.0
  0
LINE
  5
34D
330
17
100
AcDbEntity
  8
0
100
AcDbLine
 10
10.199999999999996
 20
-127.0
 30
-93.0
 11
15.299999999999995
 21
-127.0
 31
-93.0
  0
LINE
  5
34E
330
17
100
AcDbEntity
  8
0
100
AcDbLine
 10
15.299999999999995
 20
-127.0
 30
-68.0
 11
15.299999999999995
 21
-127.0
 31
-93.0
  0
LINE
  5
34F
330
17
100
AcDbEntity
  8
0
100
AcDbLine
 10
10.199999999999996
 20
-122.0
 30
-68.0
 11
15.299999999999995
 21
-122.0
 31
-68.0
  0
LINE
  5
350
330
17
100
AcDbEntity
  8
0
100
AcDbLine
 10
10.199999999999996
 20
-122.0
 30
-68.0
 11
10.199999999999996
 21
-127.0
 31
-68.0
  0
LINE
  5
351
330
17
100
AcDbEntity
  8
0
100
AcDbLine
 10
10.199999999999996
 20
-127.0
 30
-68.0
 11
15.299999999999995
 21
-127.0
 31
-68.0
  0
LINE
  5
352
330
17
100
AcDbEntity
  8
0
100
AcDbLine
 10
15.299999999999995
 20
-122.0
 30
-68.0
 11
15.299999999999995
 21
-127.0
 31
-68.0
  0
LINE
  5
353
330
17
100
AcDbEntity
  8
0
100
AcDbLine
 10
10.199999999999996
 20
-122.0
 30
-46.0
 11
15.299999999999995
 21
-122.0
 31
-46.0
  0
LINE
  5
354
330
17
100
AcDbEntity
  8
0
100
AcDbLine
 10
10.199999999999996
 20
-122.0
 30
-46.0
 11
10.199999999999996
 21
-122.0
 31
-68.0
  0
LINE
  5
355
330
17
100
AcDbEntity
  8
0
100
AcDbLine
 10
10.199999999999996
 20
-122.0
 30
-68.0
 11
15.299999999999995
 21
-122.0
 31
-68.0
  0
LINE
  5
356
330
17
100
AcDbEntity
  8
0
100
AcDbLine
 10
15.299999999999995
 20
-122.0
 30
-46.0
 11
15.299999999999995
 21
-122.0
 31
-68.0
  0
LINE
  5
357
330
17
100
AcDbEntity
  8
0
100
AcDbLine
 10
10.199999999999996
 20
-72.0
 30
-46.0
 11
15.299999999999995
 21
-72.0
 31
-46.0
  0
LINE
  5
358
330
17
100
AcDbEntity
  8
0
100
AcDbLine
 10
10.199999999999996
 20
-72.0
 30
-46.0
 11
10.199999999999996
 21
-122.0
 31
-46.0
  0
LINE
  5
359
330
17
100
AcDbEntity
  8
0
100
AcDbLine
 10
10.199999999999996
 20
-122.0
 30
-46.0
 11
15.299999999999995
 21
-122.0
 31
-46.0
  0
LINE
  5
35A
330
17
100
AcDbEntity
  8
0
100
AcDbLine
 10
15.299999999999995
 20
-72.0
 30
-46.0
 11
15.299999999999995
 21
-122.0
 31
-46.0
  0
CIRCLE
  5
35B
330
17
100
AcDbEntity
  8
0
100
AcDbCircle
 10
12.749999999999996
 20
-77.0
 30
-46.0
 40
1.5
  0
CIRCLE
  5
35C
330
17
100
AcDbEntity
  8
0
100
AcDbCircle
 10
12.749999999999996
 20
-117.0
 30
-46.0
 40
1.5
  0
LINE
  5
35D
330
17
100
AcDbEntity
  8
0
100
AcDbLine
 10
10.199999999999996
 20
-72.0
 30
-68.0
 11
15.299999999999995
 21
-72.0
 31
-68.0
  0
LINE
  5
35E
330
17
100
AcDbEntity
  8
0
100
AcDbLine
 10
10.199999999999996
 20
-72.0
 30
-68.0
 11
10.199999999999996
 21
-72.0
 31
-46.0
  0
LINE
  5
35F
330
17
100
AcDbEntity
  8
0
100
AcDbLine
 10
10.199999999999996
 20
-72.0
 30
-46.0
 11
15.299999999999995
 21
-72.0
 31
-46.0
  0
LINE
  5
360
330
17
100
AcDbEntity
  8
0
100
AcDbLine
 10
15.299999999999995
 20
-72.0
 30
-68.0
 11
15.299999999999995
 21
-72.0
 31
-46.0
  0
LINE
  5
361
330
17
100
AcDbEntity
  8
0
100
AcDbLine
 10
10.199999999999996
 20
-67.0
 30
-68.0
 11
15.299999999999995
 21
-67.0
 31
-68.0
  0
LINE
  5
362
330
17
100
AcDbEntity
  8
0
100
AcDbLine
 10
10.199999999999996
 20
-67.0
 30
-68.0
 11
10.199999999999996
 21
-72.0
 31
-68.0
  0
LINE
  5
363
330
17
100
AcDbEntity
  8
0
100
AcDbLine
 10
10.199999999999996
 20
-72.0
 30
-68.0
 11
15.299999999999995
 21
-72.0
 31
-68.0
  0
LINE
  5
364
330
17
100
AcDbEntity
  8
0
100
AcDbLine
 10
15.299999999999995
 20
-67.0
 30
-68.0
 11
15.299999999999995
 21
-72.0
 31
-68.0
  0
LINE
  5
365
330
17
100
AcDbEntity
  8
0
100
AcDbLine
 10
10.199999999999996
 20
-67.0
 30
-93.0
 11
15.299999999999995
 21
-67.0
 31
-93.0
  0
LINE
  5
366
330
17
100
AcDbEntity
  8
0
100
AcDbLine
 10
10.199999999999996
 20
-67.0
 30
-93.0
 11
10.199999999999996
 21
-67.0
 31
-68.0
  0
LINE
  5
367
330
17
100
AcDbEntity
  8
0
100
AcDbLine
 10
10.199999999999996
 20
-67.0
 30
-68.0
 11
15.299999999999995
 21
-67.0
 31
-68.0
  0
LINE
  5
368
330
17
100
AcDbEntity
  8
0
100
AcDbLine
 10
15.299999999999995
 20
-67.0
 30
-93.0
 11
15.299999999999995
 21
-67.0
 31
-68.0
  0
LINE
  5
369
330
17
100
AcDbEntity
  8
0
100
AcDbLine
 10
10.199999999999996
 20
-79.0
 30
-93.0
 11
10.199999999999996
 21
-67.0
 31
-93.0
  0
LINE
  5
36A
330
17
100
AcDbEntity
  8
0
100
AcDbLine
 10
10.199999999999996
 20
-67.0
 30
-93.0
 11
15.299999999999995
 21
-67.0
 31
-93.0
  0
LINE
  5
36B
330
17
100
AcDbEntity
  8
0
100
AcDbLine
 10
15.299999999999995
 20
-79.0
 30
-93.0
 11
15.299999999999995
 21
-67.0
 31
-93.0
  0
LINE
  5
36C
330
17
100
AcDbEntity
  8
0
100
AcDbLine
 10
10.199999999999996
 20
-79.0
 30
-93.0
 11
15.299999999999995
 21
-79.0
 31
-93.0
  0
LINE
  5
36D
330
17
100
AcDbEntity
  8
0
100
AcDbLine
 10
10.199999999999996
 20
-79.0
 30
-93.0
 11
10.199999999999996
 21
-79.0
 31
-88.0
  0
LINE
  5
36E
330
17
100
AcDbEntity
  8
0
100
AcDbLine
 10
10.199999999999996
 20
-79.0
 30
-93.0
 11
15.299999999999995
 21
-79.0
 31
-93.0
  0
LINE
  5
36F
330
17
100
AcDbEntity
  8
0
100
AcDbLine
 10
15.299999999999995
 20
-79.0
 30
-93.0
 11
15.299999999999995
 21
-79.0
 31
-88.0
  0
LINE
  5
370
330
17
100
AcDbEntity
  8
0
100
AcDbLine
 10
10.199999999999996
 20
-79.0
 30
-88.0
 11
15.299999999999995
 21
-79.0
 31
-88.0
  0
LINE
  5
371
330
17
100
AcDbEntity
  8
0
100
AcDbLine
 10
10.199999999999996
 20
-79.0
 30
-88.0
 11
15.299999999999995
 21
-79.0
 31
-88.0
  0
LINE
  5
372
330
17
100
AcDbEntity
  8
0
100
AcDbLine
 10
15.299999999999995
 20
-79.0
 30
-88.0
 11
15.299999999999995
 21
-115.0
 31
-88.0
  0
LINE
  5
373
330
17
100
AcDbEntity
  8
0
100
AcDbLine
 10
10.199999999999996
 20
-115.0
 30
-88.0
 11
15.299999999999995
 21
-115.0
 31
-88.0
  0
LINE
  5
374
330
17
100
AcDbEntity
  8
0
100
AcDbLine
 10
10.199999999999996
 20
-79.0
 30
-88.0
 11
10.199999999999996
 21
-115.0
 31
-88.0
  0
LINE
  5
375
330
17
100
AcDbEntity
  8
0
100
AcDbLine
 10
14.249999999999996
 20
-77.0
 30
-46.0
 11
14.249999999999996
 21
-77.0
 31
-56.0
  0
CIRCLE
  5
376
330
17
100
AcDbEntity
  8
0
100
AcDbCircle
 10
12.749999999999996
 20
-77.0
 30
-46.0
 40
1.5
  0
LINE
  5
377
330
17
100
AcDbEntity
  8
0
100
AcDbLine
 10
14.249999999999996
 20
-77.0
 30
-46.0
 11
14.249999999999996
 21
-77.0
 31
-56.0
  0
CIRCLE
  5
378
330
17
100
AcDbEntity
  8
0
100
AcDbCircle
 10
12.749999999999996
 20
-77.0
 30
-56.0
 40
1.5
  0
LINE
  5
379
330
17
100
AcDbEntity
  8
0
100
AcDbLine
 10
14.249999999999996
 20
-117.0
 30
-46.0
 11
14.249999999999996
 21
-117.0
 31
-56.0
  0
CIRCLE
  5
37A
330
17
100
AcDbEntity
  8
0
100
AcDbCircle
 10
12.749999999999996
 20
-117.0
 30
-46.0
 40
1.5
  0
LINE
  5
37B
330
17
100
AcDbEntity
  8
0
100
AcDbLine
 10
14.249999999999996
 20
-117.0
 30
-46.0
 11
14.249999999999996
 21
-117.0
 31
-56.0
  0
CIRCLE
  5
37C
330
17
100
AcDbEntity
  8
0
100
AcDbCircle
 10
12.749999999999996
 20
-117.0
 30
-56.0
 40
1.5
  0
CIRCLE
  5
37D
330
17
100
AcDbEntity
  8
0
100
AcDbCircle
 10
12.749999999999996
 20
-77.0
 30
-56.0
 40
1.5
  0
CIRCLE
  5
37E
330
17
100
AcDbEntity
  8
0
100
AcDbCircle
 10
12.749999999999996
 20
-117.0
 30
-56.0
 40
1.5
  0
LINE
  5
37F
330
17
100
AcDbEntity
  8
0
100
AcDbLine
 10
15.299999999999997
 20
-127.0
 30
-93.0
 11
15.299999999999997
 21
-115.0
 31
-93.0
  0
LINE
  5
380
330
17
100
AcDbEntity
  8
0
100
AcDbLine
 10
20.4
 20
-115.0
 30
-93.0
 11
15.299999999999997
 21
-115.0
 31
-93.0
  0
LINE
  5
381
330
17
100
AcDbEntity
  8
0
100
AcDbLine
 10
20.4
 20
-127.0
 30
-93.0
 11
20.4
 21
-115.0
 31
-93.0
  0
LINE
  5
382
330
17
100
AcDbEntity
  8
0
100
AcDbLine
 10
15.299999999999997
 20
-127.0
 30
-93.0
 11
20.4
 21
-127.0
 31
-93.0
  0
LINE
  5
383
330
17
100
AcDbEntity
  8
0
100
AcDbLine
 10
15.299999999999997
 20
-127.0
 30
-68.0
 11
15.299999999999997
 21
-127.0
 31
-93.0
  0
LINE
  5
384
330
17
100
AcDbEntity
  8
0
100
AcDbLine
 10
15.299999999999997
 20
-122.0
 30
-68.0
 11
15.299999999999997
 21
-127.0
 31
-68.0
  0
LINE
  5
385
330
17
100
AcDbEntity
  8
0
100
AcDbLine
 10
15.299999999999997
 20
-122.0
 30
-46.0
 11
15.299999999999997
 21
-122.0
 31
-68.0
  0
LINE
  5
386
330
17
100
AcDbEntity
  8
0
100
AcDbLine
 10
15.299999999999997
 20
-72.0
 30
-46.0
 11
15.299999999999997
 21
-122.0
 31
-46.0
  0
LINE
  5
387
330
17
100
AcDbEntity
  8
0
100
AcDbLine
 10
15.299999999999997
 20
-72.0
 30
-68.0
 11
15.299999999999997
 21
-72.0
 31
-46.0
  0
LINE
  5
388
330
17
100
AcDbEntity
  8
0
100
AcDbLine
 10
15.299999999999997
 20
-67.0
 30
-68.0
 11
15.299999999999997
 21
-72.0
 31
-68.0
  0
LINE
  5
389
330
17
100
AcDbEntity
  8
0
100
AcDbLine
 10
15.299999999999997
 20
-67.0
 30
-93.0
 11
15.299999999999997
 21
-67.0
 31
-68.0
  0
LINE
  5
38A
330
17
100
AcDbEntity
  8
0
100
AcDbLine
 10
15.299999999999997
 20
-79.0
 30
-93.0
 11
15.299999999999997
 21
-67.0
 31
-93.0
  0
LINE
  5
38B
330
17
100
AcDbEntity
  8
0
100
AcDbLine
 10
15.299999999999997
 20
-79.0
 30
-93.0
 11
15.299999999999997
 21
-79.0
 31
-88.0
  0
LINE
  5
38C
330
17
100
AcDbEntity
  8
0
100
AcDbLine
 10
15.299999999999997
 20
-79.0
 30
-88.0
 11
15.299999999999997
 21
-115.0
 31
-88.0
  0
LINE
  5
38D
330
17
100
AcDbEntity
  8
0
100
AcDbLine
 10
15.299999999999997
 20
-115.0
 30
-88.0
 11
15.299999999999997
 21
-115.0
 31
-93.0
  0
LINE
  5
38E
330
17
100
AcDbEntity
  8
0
100
AcDbLine
 10
15.299999999999997
 20
-127.0
 30
-93.0
 11
15.299999999999997
 21
-115.0
 31
-93.0
  0
LINE
  5
38F
330
17
100
AcDbEntity
  8
0
100
AcDbLine
 10
15.299999999999997
 20
-115.0
 30
-88.0
 11
15.299999999999997
 21
-115.0
 31
-93.0
  0
LINE
  5
390
330
17
100
AcDbEntity
  8
0
100
AcDbLine
 10
15.299999999999997
 20
-115.0
 30
-88.0
 11
20.4
 21
-115.0
 31
-88.0
  0
LINE
  5
391
330
17
100
AcDbEntity
  8
0
100
AcDbLine
 10
20.4
 20
-115.0
 30
-88.0
 11
20.4
 21
-115.0
 31
-93.0
  0
LINE
  5
392
330
17
100
AcDbEntity
  8
0
100
AcDbLine
 10
20.4
 20
-115.0
 30
-93.0
 11
15.299999999999997
 21
-115.0
 31
-93.0
  0
LINE
  5
393
330
17
100
AcDbEntity
  8
0
100
AcDbLine
 10
20.4
 20
-127.0
 30
-68.0
 11
20.4
 21
-127.0
 31
-93.0
  0
LINE
  5
394
330
17
100
AcDbEntity
  8
0
100
AcDbLine
 10
20.4
 20
-127.0
 30
-93.0
 11
20.4
 21
-115.0
 31
-93.0
  0
LINE
  5
395
330
17
100
AcDbEntity
  8
0
100
AcDbLine
 10
20.4
 20
-115.0
 30
-88.0
 11
20.4
 21
-115.0
 31
-93.0
  0
LINE
  5
396
330
17
100
AcDbEntity
  8
0
100
AcDbLine
 10
20.4
 20
-79.0
 30
-88.0
 11
20.4
 21
-115.0
 31
-88.0
  0
LINE
  5
397
330
17
100
AcDbEntity
  8
0
100
AcDbLine
 10
20.4
 20
-79.0
 30
-93.0
 11
20.4
 21
-79.0
 31
-88.0
  0
LINE
  5
398
330
17
100
AcDbEntity
  8
0
100
AcDbLine
 10
20.4
 20
-79.0
 30
-93.0
 11
20.4
 21
-67.0
 31
-93.0
  0
LINE
  5
399
330
17
100
AcDbEntity
  8
0
100
AcDbLine
 10
20.4
 20
-67.0
 30
-93.0
 11
20.4
 21
-67.0
 31
-68.0
  0
LINE
  5
39A
330
17
100
AcDbEntity
  8
0
100
AcDbLine
 10
20.4
 20
-67.0
 30
-68.0
 11
20.4
 21
-72.0
 31
-68.0
  0
LINE
  5
39B
330
17
100
AcDbEntity
  8
0
100
AcDbLine
 10
20.4
 20
-72.0
 30
-68.0
 11
20.4
 21
-72.0
 31
-46.0
  0
LINE
  5
39C
330
17
100
AcDbEntity
  8
0
100
AcDbLine
 10
20.4
 20
-72.0
 30
-46.0
 11
20.4
 21
-122.0
 31
-46.0
  0
LINE
  5
39D
330
17
100
AcDbEntity
  8
0
100
AcDbLine
 10
20.4
 20
-122.0
 30
-46.0
 11
20.4
 21
-122.0
 31
-68.0
  0
LINE
  5
39E
330
17
100
AcDbEntity
  8
0
100
AcDbLine
 10
20.4
 20
-122.0
 30
-68.0
 11
20.4
 21
-127.0
 31
-68.0
  0
LINE
  5
39F
330
17
100
AcDbEntity
  8
0
100
AcDbLine
 10
15.299999999999997
 20
-127.0
 30
-68.0
 11
20.4
 21
-127.0
 31
-68.0
  0
LINE
  5
3A0
330
17
100
AcDbEntity
  8
0
100
AcDbLine
 10
15.299999999999997
 20
-127.0
 30
-68.0
 11
15.299999999999997
 21
-127.0
 31
-93.0
  0
LINE
  5
3A1
330
17
100
AcDbEntity
  8
0
100
AcDbLine
 10
15.299999999999997
 20
-127.0
 30
-93.0
 11
20.4
 21
-127.0
 31
-93.0
  0
LINE
  5
3A2
330
17
100
AcDbEntity
  8
0
100
AcDbLine
 10
20.4
 20
-127.0
 30
-68.0
 11
20.4
 21
-127.0
 31
-93.0
  0
LINE
  5
3A3
330
17
100
AcDbEntity
  8
0
100
AcDbLine
 10
15.299999999999997
 20
-122.0
 30
-68.0
 11
20.4
 21
-122.0
 31
-68.0
  0
LINE
  5
3A4
330
17
100
AcDbEntity
  8
0
100
AcDbLine
 10
15.299999999999997
 20
-122.0
 30
-68.0
 11
15.299999999999997
 21
-127.0
 31
-68.0
  0
LINE
  5
3A5
330
17
100
AcDbEntity
  8
0
100
AcDbLine
 10
15.299999999999997
 20
-127.0
 30
-68.0
 11
20.4
 21
-127.0
 31
-68.0
  0
LINE
  5
3A6
330
17
100
AcDbEntity
  8
0
100
AcDbLine
 10
20.4
 20
-122.0
 30
-68.0
 11
20.4
 21
-127.0
 31
-68.0
  0
LINE
  5
3A7
330
17
100
AcDbEntity
  8
0
100
AcDbLine
 10
15.299999999999997
 20
-122.0
 30
-46.0
 11
20.4
 21
-122.0
 31
-46.0
  0
LINE
  5
3A8
330
17
100
AcDbEntity
  8
0
100
AcDbLine
 10
15.299999999999997
 20
-122.0
 30
-46.0
 11
15.299999999999997
 21
-122.0
 31
-68.0
  0
LINE
  5
3A9
330
17
100
AcDbEntity
  8
0
100
AcDbLine
 10
15.299999999999997
 20
-122.0
 30
-68.0
 11
20.4
 21
-122.0
 31
-68.0
  0
LINE
  5
3AA
330
17
100
AcDbEntity
  8
0
100
AcDbLine
 10
20.4
 20
-122.0
 30
-46.0
 11
20.4
 21
-122.0
 31
-68.0
  0
LINE
  5
3AB
330
17
100
AcDbEntity
  8
0
100
AcDbLine
 10
15.299999999999997
 20
-72.0
 30
-46.0
 11
20.4
 21
-72.0
 31
-46.0
  0
LINE
  5
3AC
330
17
100
AcDbEntity
  8
0
100
AcDbLine
 10
15.299999999999997
 20
-72.0
 30
-46.0
 11
15.299999999999997
 21
-122.0
 31
-46.0
  0
LINE
  5
3AD
330
17
100
AcDbEntity
  8
0
100
AcDbLine
 10
15.299999999999997
 20
-122.0
 30
-46.0
 11
20.4
 21
-122.0
 31
-46.0
  0
LINE
  5
3AE
330
17
100
AcDbEntity
  8
0
100
AcDbLine
 10
20.4
 20
-72.0
 30
-46.0
 11
20.4
 21
-122.0
 31
-46.0
  0
CIRCLE
  5
3AF
330
17
100
AcDbEntity
  8
0
100
AcDbCircle
 10
17.849999999999998
 20
-77.0
 30
-46.0
 40
1.5
  0
CIRCLE
  5
3B0
330
17
100
AcDbEntity
  8
0
100
AcDbCircle
 10
17.849999999999998
 20
-117.0
 30
-46.0
 40
1.5
  0
LINE
  5
3B1
330
17
100
AcDbEntity
  8
0
100
AcDbLine
 10
15.299999999999997
 20
-72.0
 30
-68.0
 11
20.4
 21
-72.0
 31
-68.0
  0
LINE
  5
3B2
330
17
100
AcDbEntity
  8
0
100
AcDbLine
 10
15.299999999999997
 20
-72.0
 30
-68.0
 11
15.299999999999997
 21
-72.0
 31
-46.0
  0
LINE
  5
3B3
330
17
100
AcDbEntity
  8
0
100
AcDbLine
 10
15.299999999999997
 20
-72.0
 30
-46.0
 11
20.4
 21
-72.0
 31
-46.0
  0
LINE
  5
3B4
330
17
100
AcDbEntity
  8
0
100
AcDbLine
 10
20.4
 20
-72.0
 30
-68.0
 11
20.4
 21
-72.0
 31
-46.0
  0
LINE
  5
3B5
330
17
100
AcDbEntity
  8
0
100
AcDbLine
 10
15.299999999999997
 20
-67.0
 30
-68.0
 11
20.4
 21
-67.0
 31
-68.0
  0
LINE
  5
3B6
330
17
100
AcDbEntity
  8
0
100
AcDbLine
 10
15.299999999999997
 20
-67.0
 30
-68.0
 11
15.299999999999997
 21
-72.0
 31
-68.0
  0
LINE
  5
3B7
330
17
100
AcDbEntity
  8
0
100
AcDbLine
 10
15.299999999999997
 20
-72.0
 30
-68.0
 11
20.4
 21
-72.0
 31
-68.0
  0
LINE
  5
3B8
330
17
100
AcDbEntity
  8
0
100
AcDbLine
 10
20.4
 20
-67.0
 30
-68.0
 11
20.4
 21
-72.0
 31
-68.0
  0
LINE
  5
3B9
330
17
100
AcDbEntity
  8
0
100
AcDbLine
 10
15.299999999999997
 20
-67.0
 30
-93.0
 11
20.4
 21
-67.0
 31
-93.0
  0
LINE
  5
3BA
330
17
100
AcDbEntity
  8
0
100
AcDbLine
 10
15.299999999999997
 20
-67.0
 30
-93.0
 11
15.299999999999997
 21
-67.0
 31
-68.0
  0
LINE
  5
3BB
330
17
100
AcDbEntity
  8
0
100
AcDbLine
 10
15.299999999999997
 20
-67.0
 30
-68.0
 11
20.4
 21
-67.0
 31
-68.0
  0
LINE
  5
3BC
330
17
100
AcDbEntity
  8
0
100
AcDbLine
 10
20.4
 20
-67.0
 30
-93.0
 11
20.4
 21
-67.0
 31
-68.0
  0
LINE
  5
3BD
330
17
100
AcDbEntity
  8
0
100
AcDbLine
 10
15.299999999999997
 20
-79.0
 30
-93.0
 11
15.299999999999997
 21
-67.0
 31
-93.0
  0
LINE
  5
3BE
330
17
100
AcDbEntity
  8
0
100
AcDbLine
 10
15.299999999999997
 20
-67.0
 30
-93.0
 11
20.4
 21
-67.0
 31
-93.0
  0
LINE
  5
3BF
330
17
100
AcDbEntity
  8
0
100
AcDbLine
 10
20.4
 20
-79.0
 30
-93.0
 11
20.4
 21
-67.0
 31
-93.0
  0
LINE
  5
3C0
330
17
100
AcDbEntity
  8
0
100
AcDbLine
 10
15.299999999999997
 20
-79.0
 30
-93.0
 11
20.4
 21
-79.0
 31
-93.0
  0
LINE
  5
3C1
330
17
100
AcDbEntity
  8
0
100
AcDbLine
 10
15.299999999999997
 20
-79.0
 30
-93.0
 11
15.299999999999997
 21
-79.0
 31
-88.0
  0
LINE
  5
3C2
330
17
100
AcDbEntity
  8
0
100
AcDbLine
 10
15.299999999999997
 20
-79.0
 30
-93.0
 11
20.4
 21
-79.0
 31
-93.0
  0
LINE
  5
3C3
330
17
100
AcDbEntity
  8
0
100
AcDbLine
 10
20.4
 20
-79.0
 30
-93.0
 11
20.4
 21
-79.0
 31
-88.0
  0
LINE
  5
3C4
330
17
100
AcDbEntity
  8
0
100
AcDbLine
 10
15.299999999999997
 20
-79.0
 30
-88.0
 11
20.4
 21
-79.0
 31
-88.0
  0
LINE
  5
3C5
330
17
100
AcDbEntity
  8
0
100
AcDbLine
 10
15.299999999999997
 20
-79.0
 30
-88.0
 11
20.4
 21
-79.0
 31
-88.0
  0
LINE
  5
3C6
330
17
100
AcDbEntity
  8
0
100
AcDbLine
 10
20.4
 20
-79.0
 30
-88.0
 11
20.4
 21
-115.0
 31
-88.0
  0
LINE
  5
3C7
330
17
100
AcDbEntity
  8
0
100
AcDbLine
 10
15.299999999999997
 20
-115.0
 30
-88.0
 11
20.4
 21
-115.0
 31
-88.0
  0
LINE
  5
3C8
330
17
100
AcDbEntity
  8
0
100
AcDbLine
 10
15.299999999999997
 20
-79.0
 30
-88.0
 11
15.299999999999997
 21
-115.0
 31
-88.0
  0
LINE
  5
3C9
330
17
100
AcDbEntity
  8
0
100
AcDbLine
 10
19.349999999999998
 20
-77.0
 30
-46.0
 11
19.349999999999998
 21
-77.0
 31
-56.0
  0
CIRCLE
  5
3CA
330
17
100
AcDbEntity
  8
0
100
AcDbCircle
 10
17.849999999999998
 20
-77.0
 30
-46.0
 40
1.5
  0
LINE
  5
3CB
330
17
100
AcDbEntity
  8
0
100
AcDbLine
 10
19.349999999999998
 20
-77.0
 30
-46.0
 11
19.349999999999998
 21
-77.0
 31
-56.0
  0
CIRCLE
  5
3CC
330
17
100
AcDbEntity
  8
0
100
AcDbCircle
 10
17.849999999999998
 20
-77.0
 30
-56.0
 40
1.5
  0
LINE
  5
3CD
330
17
100
AcDbEntity
  8
0
100
AcDbLine
 10
19.349999999999998
 20
-117.0
 30
-46.0
 11
19.349999999999998
 21
-117.0
 31
-56.0
  0
CIRCLE
  5
3CE
330
17
100
AcDbEntity
  8
0
100
AcDbCircle
 10
17.849999999999998
 20
-117.0
 30
-46.0
 40
1.5
  0
LINE
  5
3CF
330
17
100
AcDbEntity
  8
0
100
AcDbLine
 10
19.349999999999998
 20
-117.0
 30
-46.0
 11
19.349999999999998
 21
-117.0
 31
-56.0
  0
CIRCLE
  5
3D0
330
17
100
AcDbEntity
  8
0
100
AcDbCircle
 10
17.849999999999998
 20
-117.0
 30
-56.0
 40
1.5
  0
CIRCLE
  5
3D1
330
17
100
AcDbEntity
  8
0
100
AcDbCircle
 10
17.849999999999998
 20
-77.0
 30
-56.0
 40
1.5
  0
CIRCLE
  5
3D2
330
17
100
AcDbEntity
  8
0
100
AcDbCircle
 10
17.849999999999998
 20
-117.0
 30
-56.0
 40
1.5
  0
LINE
  5
3D3
330
17
100
AcDbEntity
  8
0
100
AcDbLine
 10
20.4
 20
-127.0
 30
-93.0
 11
20.4
 21
-115.0
 31
-93.0
  0
LINE
  5
3D4
330
17
100
AcDbEntity
  8
0
100
AcDbLine
 10
25.5
 20
-115.0
 30
-93.0
 11
20.4
 21
-115.0
 31
-93.0
  0
LINE
  5
3D5
330
17
100
AcDbEntity
  8
0
100
AcDbLine
 10
25.5
 20
-127.0
 30
-93.0
 11
25.5
 21
-115.0
 31
-93.0
  0
LINE
  5
3D6
330
17
100
AcDbEntity
  8
0
100
AcDbLine
 10
20.4
 20
-127.0
 30
-93.0
 11
25.5
 21
-127.0
 31
-93.0
  0
LINE
  5
3D7
330
17
100
AcDbEntity
  8
0
100
AcDbLine
 10
20.4
 20
-127.0
 30
-68.0
 11
20.4
 21
-127.0
 31
-93.0
  0
LINE
  5
3D8
330
17
100
AcDbEntity
  8
0
100
AcDbLine
 10
20.4
 20
-122.0
 30
-68.0
 11
20.4
 21
-127.0
 31
-68.0
  0
LINE
  5
3D9
330
17
100
AcDbEntity
  8
0
100
AcDbLine
 10
20.4
 20
-122.0
 30
-46.0
 11
20.4
 21
-122.0
 31
-68.0
  0
LINE
  5
3DA
330
17
100
AcDbEntity
  8
0
100
AcDbLine
 10
20.4
 20
-72.0
 30
-46.0
 11
20.4
 21
-122.0
 31
-46.0
  0
LINE
  5
3DB
330
17
100
AcDbEntity
  8
0
100
AcDbLine
 10
20.4
 20
-72.0
 30
-68.0
 11
20.4
 21
-72.0
 31
-46.0
  0
LINE
  5
3DC
330
17
100
AcDbEntity
  8
0
100
AcDbLine
 10
20.4
 20
-67.0
 30
-68.0
 11
20.4
 21
-72.0
 31
-68.0
  0
LINE
  5
3DD
330
17
100
AcDbEntity
  8
0
100
AcDbLine
 10
20.4
 20
-67.0
 30
-93.0
 11
20.4
 21
-67.0
 31
-68.0
  0
LINE
  5
3DE
330
17
100
AcDbEntity
  8
0
100
AcDbLine
 10
20.4
 20
-79.0
 30
-93.0
 11
20.4
 21
-67.0
 31
-93.0
  0
LINE
  5
3DF
330
17
100
AcDbEntity
  8
0
100
AcDbLine
 10
20.4
 20
-79.0
 30
-93.0
 11
20.4
 21
-79.0
 31
-88.0
  0
LINE
  5
3E0
330
17
100
AcDbEntity
  8
0
100
AcDbLine
 10
20.4
 20
-79.0
 30
-88.0
 11
20.4
 21
-115.0
 31
-88.0
  0
LINE
  5
3E1
330
17
100
AcDbEntity
  8
0
100
AcDbLine
 10
20.4
 20
-115.0
 30
-88.0
 11
20.4
 21
-115.0
 31
-93.0
  0
LINE
  5
3E2
330
17
100
AcDbEntity
  8
0
100
AcDbLine
 10
20.4
 20
-127.0
 30
-93.0
 11
20.4
 21
-115.0
 31
-93.0
  0
LINE
  5
3E3
330
17
100
AcDbEntity
  8
0
100
AcDbLine
 10
20.4
 20
-115.0
 30
-88.0
 11
20.4
 21
-115.0
 31
-93.0
  0
LINE
  5
3E4
330
17
100
AcDbEntity
  8
0
100
AcDbLine
 10
20.4
 20
-115.0
 30
-88.0
 11
25.5
 21
-115.0
 31
-88.0
  0
LINE
  5
3E5
330
17
100
AcDbEntity
  8
0
100
AcDbLine
 10
25.5
 20
-115.0
 30
-88.0
 11
25.5
 21
-115.0
 31
-93.0
  0
LINE
  5
3E6
330
17
100
AcDbEntity
  8
0
100
AcDbLine
 10
25.5
 20
-115.0
 30
-93.0
 11
20.4
 21
-115.0
 31
-93.0
  0
LINE
  5
3E7
330
17
100
AcDbEntity
  8
0
100
AcDbLine
 10
25.5
 20
-127.0
 30
-68.0
 11
25.5
 21
-127.0
 31
-93.0
  0
LINE
  5
3E8
330
17
100
AcDbEntity
  8
0
100
AcDbLine
 10
25.5
 20
-127.0
 30
-93.0
 11
25.5
 21
-115.0
 31
-93.0
  0
LINE
  5
3E9
330
17
100
AcDbEntity
  8
0
100
AcDbLine
 10
25.5
 20
-115.0
 30
-88.0
 11
25.5
 21
-115.0
 31
-93.0
  0
LINE
  5
3EA
330
17
100
AcDbEntity
  8
0
100
AcDbLine
 10
25.5
 20
-79.0
 30
-88.0
 11
25.5
 21
-115.0
 31
-88.0
  0
LINE
  5
3EB
330
17
100
AcDbEntity
  8
0
100
AcDbLine
 10
25.5
 20
-79.0
 30
-93.0
 11
25.5
 21
-79.0
 31
-88.0
  0
LINE
  5
3EC
330
17
100
AcDbEntity
  8
0
100
AcDbLine
 10
25.5
 20
-79.0
 30
-93.0
 11
25.5
 21
-67.0
 31
-93.0
  0
LINE
  5
3ED
330
17
100
AcDbEntity
  8
0
100
AcDbLine
 10
25.5
 20
-67.0
 30
-93.0
 11
25.5
 21
-67.0
 31
-68.0
  0
LINE
  5
3EE
330
17
100
AcDbEntity
  8
0
100
AcDbLine
 10
25.5
 20
-67.0
 30
-68.0
 11
25.5
 21
-72.0
 31
-68.0
  0
LINE
  5
3EF
330
17
100
AcDbEntity
  8
0
100
AcDbLine
 10
25.5
 20
-72.0
 30
-68.0
 11
25.5
 21
-72.0
 31
-46.0
  0
LINE
  5
3F0
330
17
100
AcDbEntity
  8
0
100
AcDbLine
 10
25.5
 20
-72.0
 30
-46.0
 11
25.5
 21
-122.0
 31
-46.0
  0
LINE
  5
3F1
330
17
100
AcDbEntity
  8
0
100
AcDbLine
 10
25.5
 20
-122.0
 30
-46.0
 11
25.5
 21
-122.0
 31
-68.0
  0
LINE
  5
3F2
330
17
100
AcDbEntity
  8
0
100
AcDbLine
 10
25.5
 20
-122.0
 30
-68.0
 11
25.5
 21
-127.0
 31
-68.0
  0
LINE
  5
3F3
330
17
100
AcDbEntity
  8
0
100
AcDbLine
 10
20.4
 20
-127.0
 30
-68.0
 11
25.5
 21
-127.0
 31
-68.0
  0
LINE
  5
3F4
330
17
100
AcDbEntity
  8
0
100
AcDbLine
 10
20.4
 20
-127.0
 30
-68.0
 11
20.4
 21
-127.0
 31
-93.0
  0
LINE
  5
3F5
330
17
100
AcDbEntity
  8
0
100
AcDbLine
 10
20.4
 20
-127.0
 30
-93.0
 11
25.5
 21
-127.0
 31
-93.0
  0
LINE
  5
3F6
330
17
100
AcDbEntity
  8
0
100
AcDbLine
 10
25.5
 20
-127.0
 30
-68.0
 11
25.5
 21
-127.0
 31
-93.0
  0
LINE
  5
3F7
330
17
100
AcDbEntity
  8
0
100
AcDbLine
 10
20.4
 20
-122.0
 30
-68.0
 11
25.5
 21
-122.0
 31
-68.0
  0
LINE
  5
3F8
330
17
100
AcDbEntity
  8
0
100
AcDbLine
 10
20.4
 20
-122.0
 30
-68.0
 11
20.4
 21
-127.0
 31
-68.0
  0
LINE
  5
3F9
330
17
100
AcDbEntity
  8
0
100
AcDbLine
 10
20.4
 20
-127.0
 30
-68.0
 11
25.5
 21
-127.0
 31
-68.0
  0
LINE
  5
3FA
330
17
100
AcDbEntity
  8
0
100
AcDbLine
 10
25.5
 20
-122.0
 30
-68.0
 11
25.5
 21
-127.0
 31
-68.0
  0
LINE
  5
3FB
330
17
100
AcDbEntity
  8
0
100
AcDbLine
 10
20.4
 20
-122.0
 30
-46.0
 11
25.5
 21
-122.0
 31
-46.0
  0
LINE
  5
3FC
330
17
100
AcDbEntity
  8
0
100
AcDbLine
 10
20.4
 20
-122.0
 30
-46.0
 11
20.4
 21
-122.0
 31
-68.0
  0
LINE
  5
3FD
330
17
100
AcDbEntity
  8
0
100
AcDbLine
 10
20.4
 20
-122.0
 30
-68.0
 11
25.5
 21
-122.0
 31
-68.0
  0
LINE
  5
3FE
330
17
100
AcDbEntity
  8
0
100
AcDbLine
 10
25.5
 20
-122.0
 30
-46.0
 11
25.5
 21
-122.0
 31
-68.0
  0
LINE
  5
3FF
330
17
100
AcDbEntity
  8
0
100
AcDbLine
 10
20.4
 20
-72.0
 30
-46.0
 11
25.5
 21
-72.0
 31
-46.0
  0
LINE
  5
400
330
17
100
AcDbEntity
  8
0
100
AcDbLine
 10
20.4
 20
-72.0
 30
-46.0
 11
20.4
 21
-122.0
 31
-46.0
  0
LINE
  5
401
330
17
100
AcDbEntity
  8
0
100
AcDbLine
 10
20.4
 20
-122.0
 30
-46.0
 11
25.5
 21
-122.0
 31
-46.0
  0
LINE
  5
402
330
17
100
AcDbEntity
  8
0
100
AcDbLine
 10
25.5
 20
-72.0
 30
-46.0
 11
25.5
 21
-122.0
 31
-46.0
  0
CIRCLE
  5
403
330
17
100
AcDbEntity
  8
0
100
AcDbCircle
 10
22.95
 20
-77.0
 30
-46.0
 40
1.5
  0
CIRCLE
  5
404
330
17
100
AcDbEntity
  8
0
100
AcDbCircle
 10
22.95
 20
-117.0
 30
-46.0
 40
1.5
  0
LINE
  5
405
330
17
100
AcDbEntity
  8
0
100
AcDbLine
 10
20.4
 20
-72.0
 30
-68.0
 11
25.5
 21
-72.0
 31
-68.0
  0
LINE
  5
406
330
17
100
AcDbEntity
  8
0
100
AcDbLine
 10
20.4
 20
-72.0
 30
-68.0
 11
20.4
 21
-72.0
 31
-46.0
  0
LINE
  5
407
330
17
100
AcDbEntity
  8
0
100
AcDbLine
 10
20.4
 20
-72.0
 30
-46.0
 11
25.5
 21
-72.0
 31
-46.0
  0
LINE
  5
408
330
17
100
AcDbEntity
  8
0
100
AcDbLine
 10
25.5
 20
-72.0
 30
-68.0
 11
25.5
 21
-72.0
 31
-46.0
  0
LINE
  5
409
330
17
100
AcDbEntity
  8
0
100
AcDbLine
 10
20.4
 20
-67.0
 30
-68.0
 11
25.5
 21
-67.0
 31
-68.0
  0
LINE
  5
40A
330
17
100
AcDbEntity
  8
0
100
AcDbLine
 10
20.4
 20
-67.0
 30
-68.0
 11
20.4
 21
-72.0
 31
-68.0
  0
LINE
  5
40B
330
17
100
AcDbEntity
  8
0
100
AcDbLine
 10
20.4
 20
-72.0
 30
-68.0
 11
25.5
 21
-72.0
 31
-68.0
  0
LINE
  5
40C
330
17
100
AcDbEntity
  8
0
100
AcDbLine
 10
25.5
 20
-67.0
 30
-68.0
 11
25.5
 21
-72.0
 31
-68.0
  0
LINE
  5
40D
330
17
100
AcDbEntity
  8
0
100
AcDbLine
 10
20.4
 20
-67.0
 30
-93.0
 11
25.5
 21
-67.0
 31
-93.0
  0
LINE
  5
40E
330
17
100
AcDbEntity
  8
0
100
AcDbLine
 10
20.4
 20
-67.0
 30
-93.0
 11
20.4
 21
-67.0
 31
-68.0
  0
LINE
  5
40F
330
17
100
AcDbEntity
  8
0
100
AcDbLine
 10
20.4
 20
-67.0
 30
-68.0
 11
25.5
 21
-67.0
 31
-68.0
  0
LINE
  5
410
330
17
100
AcDbEntity
  8
0
100
AcDbLine
 10
25.5
 20
-67.0
 30
-93.0
 11
25.5
 21
-67.0
 31
-68.0
  0
LINE
  5
411
330
17
100
AcDbEntity
  8
0
100
AcDbLine
 10
20.4
 20
-79.0
 30
-93.0
 11
20.4
 21
-67.0
 31
-93.0
  0
LINE
  5
412
330
17
100
AcDbEntity
  8
0
100
AcDbLine
 10
20.4
 20
-67.0
 30
-93.0
 11
25.5
 21
-67.0
 31
-93.0
  0
LINE
  5
413
330
17
100
AcDbEntity
  8
0
100
AcDbLine
 10
25.5
 20
-79.0
 30
-93.0
 11
25.5
 21
-67.0
 31
-93.0
  0
LINE
  5
414
330
17
100
AcDbEntity
  8
0
100
AcDbLine
 10
20.4
 20
-79.0
 30
-93.0
 11
25.5
 21
-79.0
 31
-93.0
  0
LINE
  5
415
330
17
100
AcDbEntity
  8
0
100
AcDbLine
 10
20.4
 20
-79.0
 30
-93.0
 11
20.4
 21
-79.0
 31
-88.0
  0
LINE
  5
416
330
17
100
AcDbEntity
  8
0
100
AcDbLine
 10
20.4
 20
-79.0
 30
-93.0
 11
25.5
 21
-79.0
 31
-93.0
  0
LINE
  5
417
330
17
100
AcDbEntity
  8
0
100
AcDbLine
 10
25.5
 20
-79.0
 30
-93.0
 11
25.5
 21
-79.0
 31
-88.0
  0
LINE
  5
418
330
17
100
AcDbEntity
  8
0
100
AcDbLine
 10
20.4
 20
-79.0
 30
-88.0
 11
25.5
 21
-79.0
 31
-88.0
  0
LINE
  5
419
330
17
100
AcDbEntity
  8
0
100
AcDbLine
 10
20.4
 20
-79.0
 30
-88.0
 11
25.5
 21
-79.0
 31
-88.0
  0
LINE
  5
41A
330
17
100
AcDbEntity
  8
0
100
AcDbLine
 10
25.5
 20
-79.0
 30
-88.0
 11
25.5
 21
-115.0
 31
-88.0
  0
LINE
  5
41B
330
17
100
AcDbEntity
  8
0
100
AcDbLine
 10
20.4
 20
-115.0
 30
-88.0
 11
25.5
 21
-115.0
 31
-88.0
  0
LINE
  5
41C
330
17
100
AcDbEntity
  8
0
100
AcDbLine
 10
20.4
 20
-79.0
 30
-88.0
 11
20.4
 21
-115.0
 31
-88.0
  0
LINE
  5
41D
330
17
100
AcDbEntity
  8
0
100
AcDbLine
 10
24.45
 20
-77.0
 30
-46.0
 11
24.45
 21
-77.0
 31
-56.0
  0
CIRCLE
  5
41E
330
17
100
AcDbEntity
  8
0
100
AcDbCircle
 10
22.95
 20
-77.0
 30
-46.0
 40
1.5
  0
LINE
  5
41F
330
17
100
AcDbEntity
  8
0
100
AcDbLine
 10
24.45
 20
-77.0
 30
-46.0
 11
24.45
 21
-77.0
 31
-56.0
  0
CIRCLE
  5
420
330
17
100
AcDbEntity
  8
0
100
AcDbCircle
 10
22.95
 20
-77.0
 30
-56.0
 40
1.5
  0
LINE
  5
421
330
17
100
AcDbEntity
  8
0
100
AcDbLine
 10
24.45
 20
-117.0
 30
-46.0
 11
24.45
 21
-117.0
 31
-56.0
  0
CIRCLE
  5
422
330
17
100
AcDbEntity
  8
0
100
AcDbCircle
 10
22.95
 20
-117.0
 30
-46.0
 40
1.5
  0
LINE
  5
423
330
17
100
AcDbEntity
  8
0
100
AcDbLine
 10
24.45
 20
-117.0
 30
-46.0
 11
24.45
 21
-117.0
 31
-56.0
  0
CIRCLE
  5
424
330
17
100
AcDbEntity
  8
0
100
AcDbCircle
 10
22.95
 20
-117.0
 30
-56.0
 40
1.5
  0
CIRCLE
  5
425
330
17
100
AcDbEntity
  8
0
100
AcDbCircle
 10
22.95
 20
-77.0
 30
-56.0
 40
1.5
  0
CIRCLE
  5
426
330
17
100
AcDbEntity
  8
0
100
AcDbCircle
 10
22.95
 20
-117.0
 30
-56.0
 40
1.5
  0
LINE
  5
427
330
17
100
AcDbEntity
  8
0
100
AcDbLine
 10
0.0
 20
0.0
 30
-98.0
 11
3.863576125695545e-14
 21
-348.0
 31
-98.0
  0
LINE
  5
428
330
17
100
AcDbEntity
  8
0
100
AcDbLine
 10
3.863576125695545e-14
 20
-348.0
 30
-98.0
 11
3.863576125695545e-14
 21
-348.0
 31
-97.0
  0
LINE
  5
429
330
17
100
AcDbEntity
  8
0
100
AcDbLine
 10
0.0
 20
0.0
 30
-97.0
 11
3.863576125695545e-14
 21
-348.0
 31
-97.0
  0
LINE
  5
42A
330
17
100
AcDbEntity
  8
0
100
AcDbLine
 10
0.0
 20
0.0
 30
-98.0
 11
0.0
 21
0.0
 31
-97.0
  0
LINE
  5
42B
330
17
100
AcDbEntity
  8
0
100
AcDbLine
 10
0.0
 20
0.0
 30
-97.0
 11
3.863576125695545e-14
 21
-348.0
 31
-97.0
  0
LINE
  5
42C
330
17
100
AcDbEntity
  8
0
100
AcDbLine
 10
3.863576125695545e-14
 20
-348.0
 30
-97.0
 11
5.000000000000039
 21
-348.0
 31
-97.0
  0
LINE
  5
42D
330
17
100
AcDbEntity
  8
0
100
AcDbLine
 10
5.0
 20
5.551115123125783e-16
 30
-97.0
 11
5.000000000000039
 21
-348.0
 31
-97.0
  0
LINE
  5
42E
330
17
100
AcDbEntity
  8
0
100
AcDbLine
 10
0.0
 20
0.0
 30
-97.0
 11
5.0
 21
5.551115123125783e-16
 31
-97.0
  0
LINE
  5
42F
330
17
100
AcDbEntity
  8
0
100
AcDbLine
 10
5.0
 20
5.551115123125783e-16
 30
-97.0
 11
5.000000000000039
 21
-348.0
 31
-97.0
  0
LINE
  5
430
330
17
100
AcDbEntity
  8
0
100
AcDbLine
 10
5.000000000000039
 20
-348.0
 30
-97.0
 11
5.000000000000039
 21
-348.0
 31
-90.5
  0
LINE
  5
431
330
17
100
AcDbEntity
  8
0
100
AcDbLine
 10
5.0
 20
5.551115123125783e-16
 30
-90.5
 11
5.000000000000039
 21
-348.0
 31
-90.5
  0
LINE
  5
432
330
17
100
AcDbEntity
  8
0
100
AcDbLine
 10
5.0
 20
5.551115123125783e-16
 30
-97.0
 11
5.0
 21
5.551115123125783e-16
 31
-90.5
  0
LINE
  5
433
330
17
100
AcDbEntity
  8
0
100
AcDbLine
 10
5.0
 20
5.551115123125783e-16
 30
-90.5
 11
5.000000000000039
 21
-348.0
 31
-90.5
  0
LINE
  5
434
330
17
100
AcDbEntity
  8
0
100
AcDbLine
 10
5.000000000000039
 20
-348.0
 30
-90.5
 11
25.00000000000004
 21
-348.0
 31
-90.5
  0
LINE
  5
435
330
17
100
AcDbEntity
  8
0
100
AcDbLine
 10
25.0
 20
2.7755575615628914e-15
 30
-90.5
 11
25.00000000000004
 21
-348.0
 31
-90.5
  0
LINE
  5
436
330
17
100
AcDbEntity
  8
0
100
AcDbLine
 10
5.0
 20
5.551115123125783e-16
 30
-90.5
 11
25.0
 21
2.7755575615628914e-15
 31
-90.5
  0
LINE
  5
437
330
17
100
AcDbEntity
  8
0
100
AcDbLine
 10
25.0
 20
2.7755575615628914e-15
 30
-90.5
 11
25.00000000000004
 21
-348.0
 31
-90.5
  0
LINE
  5
438
330
17
100
AcDbEntity
  8
0
100
AcDbLine
 10
25.00000000000004
 20
-348.0
 30
-90.5
 11
25.00000000000004
 21
-348.0
 31
-97.0
  0
LINE
  5
439
330
17
100
AcDbEntity
  8
0
100
AcDbLine
 10
25.0
 20
2.7755575615628914e-15
 30
-97.0
 11
25.00000000000004
 21
-348.0
 31
-97.0
  0
LINE
  5
43A
330
17
100
AcDbEntity
  8
0
100
AcDbLine
 10
25.0
 20
2.7755575615628914e-15
 30
-90.5
 11
25.0
 21
2.7755575615628914e-15
 31
-97.0
  0
LINE
  5
43B
330
17
100
AcDbEntity
  8
0
100
AcDbLine
 10
25.0
 20
2.7755575615628914e-15
 30
-97.0
 11
25.00000000000004
 21
-348.0
 31
-97.0
  0
LINE
  5
43C
330
17
100
AcDbEntity
  8
0
100
AcDbLine
 10
25.00000000000004
 20
-348.0
 30
-97.0
 11
35.00000000000004
 21
-348.0
 31
-97.0
  0
LINE
  5
43D
330
17
100
AcDbEntity
  8
0
100
AcDbLine
 10
35.0
 20
3.885780586188048e-15
 30
-97.0
 11
35.000000000000036
 21
-348.0
 31
-97.0
  0
LINE
  5
43E
330
17
100
AcDbEntity
  8
0
100
AcDbLine
 10
25.0
 20
2.7755575615628914e-15
 30
-97.0
 11
35.0
 21
3.885780586188048e-15
 31
-97.0
  0
LINE
  5
43F
330
17
100
AcDbEntity
  8
0
100
AcDbLine
 10
35.0
 20
3.885780586188048e-15
 30
-97.0
 11
35.000000000000036
 21
-348.0
 31
-97.0
  0
LINE
  5
440
330
17
100
AcDbEntity
  8
0
100
AcDbLine
 10
35.000000000000036
 20
-348.0
 30
-97.0
 11
35.000000000000036
 21
-348.0
 31
-98.0
  0
LINE
  5
441
330
17
100
AcDbEntity
  8
0
100
AcDbLine
 10
35.0
 20
3.885780586188048e-15
 30
-98.0
 11
35.000000000000036
 21
-348.0
 31
-98.0
  0
LINE
  5
442
330
17
100
AcDbEntity
  8
0
100
AcDbLine
 10
35.0
 20
3.885780586188048e-15
 30
-97.0
 11
35.0
 21
3.885780586188048e-15
 31
-98.0
  0
LINE
  5
443
330
17
100
AcDbEntity
  8
0
100
AcDbLine
 10
35.0
 20
3.885780586188048e-15
 30
-98.0
 11
35.000000000000036
 21
-348.0
 31
-98.0
  0
LINE
  5
444
330
17
100
AcDbEntity
  8
0
100
AcDbLine
 10
35.000000000000036
 20
-348.0
 30
-98.0
 11
3.552713678800501e-14
 21
-348.0
 31
-98.0
  0
LINE
  5
445
330
17
100
AcDbEntity
  8
0
100
AcDbLine
 10
0.0
 20
0.0
 30
-98.0
 11
3.863576125695545e-14
 21
-348.0
 31
-98.0
  0
LINE
  5
446
330
17
100
AcDbEntity
  8
0
100
AcDbLine
 10
35.0
 20
3.885780586188048e-15
 30
-98.0
 11
0.0
 21
0.0
 31
-98.0
  0
LINE
  5
447
330
17
100
AcDbEntity
  8
0
100
AcDbLine
 10
0.0
 20
0.0
 30
-98.0
 11
0.0
 21
0.0
 31
-97.0
  0
LINE
  5
448
330
17
100
AcDbEntity
  8
0
100
AcDbLine
 10
0.0
 20
0.0
 30
-97.0
 11
5.0
 21
5.551115123125783e-16
 31
-97.0
  0
LINE
  5
449
330
17
100
AcDbEntity
  8
0
100
AcDbLine
 10
5.0
 20
5.551115123125783e-16
 30
-97.0
 11
5.0
 21
5.551115123125783e-16
 31
-90.5
  0
LINE
  5
44A
330
17
100
AcDbEntity
  8
0
100
AcDbLine
 10
5.0
 20
5.551115123125783e-16
 30
-90.5
 11
25.0
 21
2.7755575615628914e-15
 31
-90.5
  0
LINE
  5
44B
330
17
100
AcDbEntity
  8
0
100
AcDbLine
 10
25.0
 20
2.7755575615628914e-15
 30
-90.5
 11
25.0
 21
2.7755575615628914e-15
 31
-97.0
  0
LINE
  5
44C
330
17
100
AcDbEntity
  8
0
100
AcDbLine
 10
25.0
 20
2.7755575615628914e-15
 30
-97.0
 11
35.0
 21
3.885780586188048e-15
 31
-97.0
  0
LINE
  5
44D
330
17
100
AcDbEntity
  8
0
100
AcDbLine
 10
35.0
 20
3.885780586188048e-15
 30
-97.0
 11
35.0
 21
3.885780586188048e-15
 31
-98.0
  0
LINE
  5
44E
330
17
100
AcDbEntity
  8
0
100
AcDbLine
 10
35.0
 20
3.885780586188048e-15
 30
-98.0
 11
0.0
 21
0.0
 31
-98.0
  0
LINE
  5
44F
330
17
100
AcDbEntity
  8
0
100
AcDbLine
 10
3.863576125695545e-14
 20
-348.0
 30
-98.0
 11
3.863576125695545e-14
 21
-348.0
 31
-97.0
  0
LINE
  5
450
330
17
100
AcDbEntity
  8
0
100
AcDbLine
 10
35.000000000000036
 20
-348.0
 30
-98.0
 11
3.552713678800501e-14
 21
-348.0
 31
-98.0
  0
LINE
  5
451
330
17
100
AcDbEntity
  8
0
100
AcDbLine
 10
35.000000000000036
 20
-348.0
 30
-97.0
 11
35.000000000000036
 21
-348.0
 31
-98.0
  0
LINE
  5
452
330
17
100
AcDbEntity
  8
0
100
AcDbLine
 10
25.00000000000004
 20
-348.0
 30
-97.0
 11
35.00000000000004
 21
-348.0
 31
-97.0
  0
LINE
  5
453
330
17
100
AcDbEntity
  8
0
100
AcDbLine
 10
25.00000000000004
 20
-348.0
 30
-90.5
 11
25.00000000000004
 21
-348.0
 31
-97.0
  0
LINE
  5
454
330
17
100
AcDbEntity
  8
0
100
AcDbLine
 10
5.000000000000039
 20
-348.0
 30
-90.5
 11
25.00000000000004
 21
-348.0
 31
-90.5
  0
LINE
  5
455
330
17
100
AcDbEntity
  8
0
100
AcDbLine
 10
5.000000000000039
 20
-348.0
 30
-97.0
 11
5.000000000000039
 21
-348.0
 31
-90.5
  0
LINE
  5
456
330
17
100
AcDbEntity
  8
0
100
AcDbLine
 10
3.863576125695545e-14
 20
-348.0
 30
-97.0
 11
5.000000000000039
 21
-348.0
 31
-97.0
  0
LINE
  5
457
330
17
100
AcDbEntity
  8
0
100
AcDbLine
 10
-25.5
 20
-30.0
 30
-93.0
 11
-25.5
 21
-18.0
 31
-93.0
  0
LINE
  5
458
330
17
100
AcDbEntity
  8
0
100
AcDbLine
 10
-20.4
 20
-18.0
 30
-93.0
 11
-25.5
 21
-18.0
 31
-93.0
  0
LINE
  5
459
330
17
100
AcDbEntity
  8
0
100
AcDbLine
 10
-20.4
 20
-30.0
 30
-93.0
 11
-20.4
 21
-18.0
 31
-93.0
  0
LINE
  5
45A
330
17
100
AcDbEntity
  8
0
100
AcDbLine
 10
-25.5
 20
-30.0
 30
-93.0
 11
-20.4
 21
-30.0
 31
-93.0
  0
LINE
  5
45B
330
17
100
AcDbEntity
  8
0
100
AcDbLine
 10
-25.5
 20
-30.0
 30
-68.0
 11
-25.5
 21
-30.0
 31
-93.0
  0
LINE
  5
45C
330
17
100
AcDbEntity
  8
0
100
AcDbLine
 10
-25.5
 20
-25.0
 30
-68.0
 11
-25.5
 21
-30.0
 31
-68.0
  0
LINE
  5
45D
330
17
100
AcDbEntity
  8
0
100
AcDbLine
 10
-25.5
 20
-25.0
 30
-46.0
 11
-25.5
 21
-25.0
 31
-68.0
  0
LINE
  5
45E
330
17
100
AcDbEntity
  8
0
100
AcDbLine
 10
-25.5
 20
25.0
 30
-46.0
 11
-25.5
 21
-25.0
 31
-46.0
  0
LINE
  5
45F
330
17
100
AcDbEntity
  8
0
100
AcDbLine
 10
-25.5
 20
25.0
 30
-68.0
 11
-25.5
 21
25.0
 31
-46.0
  0
LINE
  5
460
330
17
100
AcDbEntity
  8
0
100
AcDbLine
 10
-25.5
 20
30.0
 30
-68.0
 11
-25.5
 21
25.0
 31
-68.0
  0
LINE
  5
461
330
17
100
AcDbEntity
  8
0
100
AcDbLine
 10
-25.5
 20
30.0
 30
-93.0
 11
-25.5
 21
30.0
 31
-68.0
  0
LINE
  5
462
330
17
100
AcDbEntity
  8
0
100
AcDbLine
 10
-25.5
 20
18.0
 30
-93.0
 11
-25.5
 21
30.0
 31
-93.0
  0
LINE
  5
463
330
17
100
AcDbEntity
  8
0
100
AcDbLine
 10
-25.5
 20
18.0
 30
-93.0
 11
-25.5
 21
18.0
 31
-88.0
  0
LINE
  5
464
330
17
100
AcDbEntity
  8
0
100
AcDbLine
 10
-25.5
 20
18.0
 30
-88.0
 11
-25.5
 21
-18.0
 31
-88.0
  0
LINE
  5
465
330
17
100
AcDbEntity
  8
0
100
AcDbLine
 10
-25.5
 20
-18.0
 30
-88.0
 11
-25.5
 21
-18.0
 31
-93.0
  0
LINE
  5
466
330
17
100
AcDbEntity
  8
0
100
AcDbLine
 10
-25.5
 20
-30.0
 30
-93.0
 11
-25.5
 21
-18.0
 31
-93.0
  0
LINE
  5
467
330
17
100
AcDbEntity
  8
0
100
AcDbLine
 10
-25.5
 20
-18.0
 30
-88.0
 11
-25.5
 21
-18.0
 31
-93.0
  0
LINE
  5
468
330
17
100
AcDbEntity
  8
0
100
AcDbLine
 10
-25.5
 20
-18.0
 30
-88.0
 11
-20.4
 21
-18.0
 31
-88.0
  0
LINE
  5
469
330
17
100
AcDbEntity
  8
0
100
AcDbLine
 10
-20.4
 20
-18.0
 30
-88.0
 11
-20.4
 21
-18.0
 31
-93.0
  0
LINE
  5
46A
330
17
100
AcDbEntity
  8
0
100
AcDbLine
 10
-20.4
 20
-18.0
 30
-93.0
 11
-25.5
 21
-18.0
 31
-93.0
  0
LINE
  5
46B
330
17
100
AcDbEntity
  8
0
100
AcDbLine
 10
-20.4
 20
-30.0
 30
-68.0
 11
-20.4
 21
-30.0
 31
-93.0
  0
LINE
  5
46C
330
17
100
AcDbEntity
  8
0
100
AcDbLine
 10
-20.4
 20
-30.0
 30
-93.0
 11
-20.4
 21
-18.0
 31
-93.0
  0
LINE
  5
46D
330
17
100
AcDbEntity
  8
0
100
AcDbLine
 10
-20.4
 20
-18.0
 30
-88.0
 11
-20.4
 21
-18.0
 31
-93.0
  0
LINE
  5
46E
330
17
100
AcDbEntity
  8
0
100
AcDbLine
 10
-20.4
 20
18.0
 30
-88.0
 11
-20.4
 21
-18.0
 31
-88.0
  0
LINE
  5
46F
330
17
100
AcDbEntity
  8
0
100
AcDbLine
 10
-20.4
 20
18.0
 30
-93.0
 11
-20.4
 21
18.0
 31
-88.0
  0
LINE
  5
470
330
17
100
AcDbEntity
  8
0
100
AcDbLine
 10
-20.4
 20
18.0
 30
-93.0
 11
-20.4
 21
30.0
 31
-93.0
  0
LINE
  5
471
330
17
100
AcDbEntity
  8
0
100
AcDbLine
 10
-20.4
 20
30.0
 30
-93.0
 11
-20.4
 21
30.0
 31
-68.0
  0
LINE
  5
472
330
17
100
AcDbEntity
  8
0
100
AcDbLine
 10
-20.4
 20
30.0
 30
-68.0
 11
-20.4
 21
25.0
 31
-68.0
  0
LINE
  5
473
330
17
100
AcDbEntity
  8
0
100
AcDbLine
 10
-20.4
 20
25.0
 30
-68.0
 11
-20.4
 21
25.0
 31
-46.0
  0
LINE
  5
474
330
17
100
AcDbEntity
  8
0
100
AcDbLine
 10
-20.4
 20
25.0
 30
-46.0
 11
-20.4
 21
-25.0
 31
-46.0
  0
LINE
  5
475
330
17
100
AcDbEntity
  8
0
100
AcDbLine
 10
-20.4
 20
-25.0
 30
-46.0
 11
-20.4
 21
-25.0
 31
-68.0
  0
LINE
  5
476
330
17
100
AcDbEntity
  8
0
100
AcDbLine
 10
-20.4
 20
-25.0
 30
-68.0
 11
-20.4
 21
-30.0
 31
-68.0
  0
LINE
  5
477
330
17
100
AcDbEntity
  8
0
100
AcDbLine
 10
-25.5
 20
-30.0
 30
-68.0
 11
-20.4
 21
-30.0
 31
-68.0
  0
LINE
  5
478
330
17
100
AcDbEntity
  8
0
100
AcDbLine
 10
-25.5
 20
-30.0
 30
-68.0
 11
-25.5
 21
-30.0
 31
-93.0
  0
LINE
  5
479
330
17
100
AcDbEntity
  8
0
100
AcDbLine
 10
-25.5
 20
-30.0
 30
-93.0
 11
-20.4
 21
-30.0
 31
-93.0
  0
LINE
  5
47A
330
17
100
AcDbEntity
  8
0
100
AcDbLine
 10
-20.4
 20
-30.0
 30
-68.0
 11
-20.4
 21
-30.0
 31
-93.0
  0
LINE
  5
47B
330
17
100
AcDbEntity
  8
0
100
AcDbLine
 10
-25.5
 20
-25.0
 30
-68.0
 11
-20.4
 21
-25.0
 31
-68.0
  0
LINE
  5
47C
330
17
100
AcDbEntity
  8
0
100
AcDbLine
 10
-25.5
 20
-25.0
 30
-68.0
 11
-25.5
 21
-30.0
 31
-68.0
  0
LINE
  5
47D
330
17
100
AcDbEntity
  8
0
100
AcDbLine
 10
-25.5
 20
-30.0
 30
-68.0
 11
-20.4
 21
-30.0
 31
-68.0
  0
LINE
  5
47E
330
17
100
AcDbEntity
  8
0
100
AcDbLine
 10
-20.4
 20
-25.0
 30
-68.0
 11
-20.4
 21
-30.0
 31
-68.0
  0
LINE
  5
47F
330
17
100
AcDbEntity
  8
0
100
AcDbLine
 10
-25.5
 20
-25.0
 30
-46.0
 11
-20.4
 21
-25.0
 31
-46.0
  0
LINE
  5
480
330
17
100
AcDbEntity
  8
0
100
AcDbLine
 10
-25.5
 20
-25.0
 30
-46.0
 11
-25.5
 21
-25.0
 31
-68.0
  0
LINE
  5
481
330
17
100
AcDbEntity
  8
0
100
AcDbLine
 10
-25.5
 20
-25.0
 30
-68.0
 11
-20.4
 21
-25.0
 31
-68.0
  0
LINE
  5
482
330
17
100
AcDbEntity
  8
0
100
AcDbLine
 10
-20.4
 20
-25.0
 30
-46.0
 11
-20.4
 21
-25.0
 31
-68.0
  0
LINE
  5
483
330
17
100
AcDbEntity
  8
0
100
AcDbLine
 10
-25.5
 20
25.0
 30
-46.0
 11
-20.4
 21
25.0
 31
-46.0
  0
LINE
  5
484
330
17
100
AcDbEntity
  8
0
100
AcDbLine
 10
-25.5
 20
25.0
 30
-46.0
 11
-25.5
 21
-25.0
 31
-46.0
  0
LINE
  5
485
330
17
100
AcDbEntity
  8
0
100
AcDbLine
 10
-25.5
 20
-25.0
 30
-46.0
 11
-20.4
 21
-25.0
 31
-46.0
  0
LINE
  5
486
330
17
100
AcDbEntity
  8
0
100
AcDbLine
 10
-20.4
 20
25.0
 30
-46.0
 11
-20.4
 21
-25.0
 31
-46.0
  0
CIRCLE
  5
487
330
17
100
AcDbEntity
  8
0
100
AcDbCircle
 10
-22.95
 20
20.0
 30
-46.0
 40
1.5
  0
CIRCLE
  5
488
330
17
100
AcDbEntity
  8
0
100
AcDbCircle
 10
-22.95
 20
-20.0
 30
-46.0
 40
1.5
  0
LINE
  5
489
330
17
100
AcDbEntity
  8
0
100
AcDbLine
 10
-25.5
 20
25.0
 30
-68.0
 11
-20.4
 21
25.0
 31
-68.0
  0
LINE
  5
48A
330
17
100
AcDbEntity
  8
0
100
AcDbLine
 10
-25.5
 20
25.0
 30
-68.0
 11
-25.5
 21
25.0
 31
-46.0
  0
LINE
  5
48B
330
17
100
AcDbEntity
  8
0
100
AcDbLine
 10
-25.5
 20
25.0
 30
-46.0
 11
-20.4
 21
25.0
 31
-46.0
  0
LINE
  5
48C
330
17
100
AcDbEntity
  8
0
100
AcDbLine
 10
-20.4
 20
25.0
 30
-68.0
 11
-20.4
 21
25.0
 31
-46.0
  0
LINE
  5
48D
330
17
100
AcDbEntity
  8
0
100
AcDbLine
 10
-25.5
 20
30.0
 30
-68.0
 11
-20.4
 21
30.0
 31
-68.0
  0
LINE
  5
48E
330
17
100
AcDbEntity
  8
0
100
AcDbLine
 10
-25.5
 20
30.0
 30
-68.0
 11
-25.5
 21
25.0
 31
-68.0
  0
LINE
  5
48F
330
17
100
AcDbEntity
  8
0
100
AcDbLine
 10
-25.5
 20
25.0
 30
-68.0
 11
-20.4
 21
25.0
 31
-68.0
  0
LINE
  5
490
330
17
100
AcDbEntity
  8
0
100
AcDbLine
 10
-20.4
 20
30.0
 30
-68.0
 11
-20.4
 21
25.0
 31
-68.0
  0
LINE
  5
491
330
17
100
AcDbEntity
  8
0
100
AcDbLine
 10
-25.5
 20
30.0
 30
-93.0
 11
-20.4
 21
30.0
 31
-93.0
  0
LINE
  5
492
330
17
100
AcDbEntity
  8
0
100
AcDbLine
 10
-25.5
 20
30.0
 30
-93.0
 11
-25.5
 21
30.0
 31
-68.0
  0
LINE
  5
493
330
17
100
AcDbEntity
  8
0
100
AcDbLine
 10
-25.5
 20
30.0
 30
-68.0
 11
-20.4
 21
30.0
 31
-68.0
  0
LINE
  5
494
330
17
100
AcDbEntity
  8
0
100
AcDbLine
 10
-20.4
 20
30.0
 30
-93.0
 11
-20.4
 21
30.0
 31
-68.0
  0
LINE
  5
495
330
17
100
AcDbEntity
  8
0
100
AcDbLine
 10
-25.5
 20
18.0
 30
-93.0
 11
-25.5
 21
30.0
 31
-93.0
  0
LINE
  5
496
330
17
100
AcDbEntity
  8
0
100
AcDbLine
 10
-25.5
 20
30.0
 30
-93.0
 11
-20.4
 21
30.0
 31
-93.0
  0
LINE
  5
497
330
17
100
AcDbEntity
  8
0
100
AcDbLine
 10
-20.4
 20
18.0
 30
-93.0
 11
-20.4
 21
30.0
 31
-93.0
  0
LINE
  5
498
330
17
100
AcDbEntity
  8
0
100
AcDbLine
 10
-25.5
 20
18.0
 30
-93.0
 11
-20.4
 21
18.0
 31
-93.0
  0
LINE
  5
499
330
17
100
AcDbEntity
  8
0
100
AcDbLine
 10
-25.5
 20
18.0
 30
-93.0
 11
-25.5
 21
18.0
 31
-88.0
  0
LINE
  5
49A
330
17
100
AcDbEntity
  8
0
100
AcDbLine
 10
-25.5
 20
18.0
 30
-93.0
 11
-20.4
 21
18.0
 31
-93.0
  0
LINE
  5
49B
330
17
100
AcDbEntity
  8
0
100
AcDbLine
 10
-20.4
 20
18.0
 30
-93.0
 11
-20.4
 21
18.0
 31
-88.0
  0
LINE
  5
49C
330
17
100
AcDbEntity
  8
0
100
AcDbLine
 10
-25.5
 20
18.0
 30
-88.0
 11
-20.4
 21
18.0
 31
-88.0
  0
LINE
  5
49D
330
17
100
AcDbEntity
  8
0
100
AcDbLine
 10
-25.5
 20
18.0
 30
-88.0
 11
-20.4
 21
18.0
 31
-88.0
  0
LINE
  5
49E
330
17
100
AcDbEntity
  8
0
100
AcDbLine
 10
-20.4
 20
18.0
 30
-88.0
 11
-20.4
 21
-18.0
 31
-88.0
  0
LINE
  5
49F
330
17
100
AcDbEntity
  8
0
100
AcDbLine
 10
-25.5
 20
-18.0
 30
-88.0
 11
-20.4
 21
-18.0
 31
-88.0
  0
LINE
  5
4A0
330
17
100
AcDbEntity
  8
0
100
AcDbLine
 10
-25.5
 20
18.0
 30
-88.0
 11
-25.5
 21
-18.0
 31
-88.0
  0
LINE
  5
4A1
330
17
100
AcDbEntity
  8
0
100
AcDbLine
 10
-21.45
 20
20.0
 30
-46.0
 11
-21.45
 21
20.0
 31
-56.0
  0
CIRCLE
  5
4A2
330
17
100
AcDbEntity
  8
0
100
AcDbCircle
 10
-22.95
 20
20.0
 30
-46.0
 40
1.5
  0
LINE
  5
4A3
330
17
100
AcDbEntity
  8
0
100
AcDbLine
 10
-21.45
 20
20.0
 30
-46.0
 11
-21.45
 21
20.0
 31
-56.0
  0
CIRCLE
  5
4A4
330
17
100
AcDbEntity
  8
0
100
AcDbCircle
 10
-22.95
 20
20.0
 30
-56.0
 40
1.5
  0
LINE
  5
4A5
330
17
100
AcDbEntity
  8
0
100
AcDbLine
 10
-21.45
 20
-20.0
 30
-46.0
 11
-21.45
 21
-20.0
 31
-56.0
  0
CIRCLE
  5
4A6
330
17
100
AcDbEntity
  8
0
100
AcDbCircle
 10
-22.95
 20
-20.0
 30
-46.0
 40
1.5
  0
LINE
  5
4A7
330
17
100
AcDbEntity
  8
0
100
AcDbLine
 10
-21.45
 20
-20.0
 30
-46.0
 11
-21.45
 21
-20.0
 31
-56.0
  0
CIRCLE
  5
4A8
330
17
100
AcDbEntity
  8
0
100
AcDbCircle
 10
-22.95
 20
-20.0
 30
-56.0
 40
1.5
  0
CIRCLE
  5
4A9
330
17
100
AcDbEntity
  8
0
100
AcDbCircle
 10
-22.95
 20
20.0
 30
-56.0
 40
1.5
  0
CIRCLE
  5
4AA
330
17
100
AcDbEntity
  8
0
100
AcDbCircle
 10
-22.95
 20
-20.0
 30
-56.0
 40
1.5
  0
LINE
  5
4AB
330
17
100
AcDbEntity
  8
0
100
AcDbLine
 10
-20.4
 20
-30.0
 30
-93.0
 11
-20.4
 21
-18.0
 31
-93.0
  0
LINE
  5
4AC
330
17
100
AcDbEntity
  8
0
100
AcDbLine
 10
-15.299999999999999
 20
-18.0
 30
-93.0
 11
-20.4
 21
-18.0
 31
-93.0
  0
LINE
  5
4AD
330
17
100
AcDbEntity
  8
0
100
AcDbLine
 10
-15.299999999999999
 20
-30.0
 30
-93.0
 11
-15.299999999999999
 21
-18.0
 31
-93.0
  0
LINE
  5
4AE
330
17
100
AcDbEntity
  8
0
100
AcDbLine
 10
-20.4
 20
-30.0
 30
-93.0
 11
-15.299999999999999
 21
-30.0
 31
-93.0
  0
LINE
  5
4AF
330
17
100
AcDbEntity
  8
0
100
AcDbLine
 10
-20.4
 20
-30.0
 30
-68.0
 11
-20.4
 21
-30.0
 31
-93.0
  0
LINE
  5
4B0
330
17
100
AcDbEntity
  8
0
100
AcDbLine
 10
-20.4
 20
-25.0
 30
-68.0
 11
-20.4
 21
-30.0
 31
-68.0
  0
LINE
  5
4B1
330
17
100
AcDbEntity
  8
0
100
AcDbLine
 10
-20.4
 20
-25.0
 30
-46.0
 11
-20.4
 21
-25.0
 31
-68.0
  0
LINE
  5
4B2
330
17
100
AcDbEntity
  8
0
100
AcDbLine
 10
-20.4
 20
25.0
 30
-46.0
 11
-20.4
 21
-25.0
 31
-46.0
  0
LINE
  5
4B3
330
17
100
AcDbEntity
  8
0
100
AcDbLine
 10
-20.4
 20
25.0
 30
-68.0
 11
-20.4
 21
25.0
 31
-46.0
  0
LINE
  5
4B4
330
17
100
AcDbEntity
  8
0
100
AcDbLine
 10
-20.4
 20
30.0
 30
-68.0
 11
-20.4
 21
25.0
 31
-68.0
  0
LINE
  5
4B5
330
17
100
AcDbEntity
  8
0
100
AcDbLine
 10
-20.4
 20
30.0
 30
-93.0
 11
-20.4
 21
30.0
 31
-68.0
  0
LINE
  5
4B6
330
17
100
AcDbEntity
  8
0
100
AcDbLine
 10
-20.4
 20
18.0
 30
-93.0
 11
-20.4
 21
30.0
 31
-93.0
  0
LINE
  5
4B7
330
17
100
AcDbEntity
  8
0
100
AcDbLine
 10
-20.4
 20
18.0
 30
-93.0
 11
-20.4
 21
18.0
 31
-88.0
  0
LINE
  5
4B8
330
17
100
AcDbEntity
  8
0
100
AcDbLine
 10
-20.4
 20
18.0
 30
-88.0
 11
-20.4
 21
-18.0
 31
-88.0
  0
LINE
  5
4B9
330
17
100
AcDbEntity
  8
0
100
AcDbLine
 10
-20.4
 20
-18.0
 30
-88.0
 11
-20.4
 21
-18.0
 31
-93.0
  0
LINE
  5
4BA
330
17
100
AcDbEntity
  8
0
100
AcDbLine
 10
-20.4
 20
-30.0
 30
-93.0
 11
-20.4
 21
-18.0
 31
-93.0
  0
LINE
  5
4BB
330
17
100
AcDbEntity
  8
0
100
AcDbLine
 10
-20.4
 20
-18.0
 30
-88.0
 11
-20.4
 21
-18.0
 31
-93.0
  0
LINE
  5
4BC
330
17
100
AcDbEntity
  8
0
100
AcDbLine
 10
-20.4
 20
-18.0
 30
-88.0
 11
-15.299999999999999
 21
-18.0
 31
-88.0
  0
LINE
  5
4BD
330
17
100
AcDbEntity
  8
0
100
AcDbLine
 10
-15.299999999999999
 20
-18.0
 30
-88.0
 11
-15.299999999999999
 21
-18.0
 31
-93.0
  0
LINE
  5
4BE
330
17
100
AcDbEntity
  8
0
100
AcDbLine
 10
-15.299999999999999
 20
-18.0
 30
-93.0
 11
-20.4
 21
-18.0
 31
-93.0
  0
LINE
  5
4BF
330
17
100
AcDbEntity
  8
0
100
AcDbLine
 10
-15.299999999999999
 20
-30.0
 30
-68.0
 11
-15.299999999999999
 21
-30.0
 31
-93.0
  0
LINE
  5
4C0
330
17
100
AcDbEntity
  8
0
100
AcDbLine
 10
-15.299999999999999
 20
-30.0
 30
-93.0
 11
-15.299999999999999
 21
-18.0
 31
-93.0
  0
LINE
  5
4C1
330
17
100
AcDbEntity
  8
0
100
AcDbLine
 10
-15.299999999999999
 20
-18.0
 30
-88.0
 11
-15.299999999999999
 21
-18.0
 31
-93.0
  0
LINE
  5
4C2
330
17
100
AcDbEntity
  8
0
100
AcDbLine
 10
-15.299999999999999
 20
18.0
 30
-88.0
 11
-15.299999999999999
 21
-18.0
 31
-88.0
  0
LINE
  5
4C3
330
17
100
AcDbEntity
  8
0
100
AcDbLine
 10
-15.299999999999999
 20
18.0
 30
-93.0
 11
-15.299999999999999
 21
18.0
 31
-88.0
  0
LINE
  5
4C4
330
17
100
AcDbEntity
  8
0
100
AcDbLine
 10
-15.299999999999999
 20
18.0
 30
-93.0
 11
-15.299999999999999
 21
30.0
 31
-93.0
  0
LINE
  5
4C5
330
17
100
AcDbEntity
  8
0
100
AcDbLine
 10
-15.299999999999999
 20
30.0
 30
-93.0
 11
-15.299999999999999
 21
30.0
 31
-68.0
  0
LINE
  5
4C6
330
17
100
AcDbEntity
  8
0
100
AcDbLine
 10
-15.299999999999999
 20
30.0
 30
-68.0
 11
-15.299999999999999
 21
25.0
 31
-68.0
  0
LINE
  5
4C7
330
17
100
AcDbEntity
  8
0
100
AcDbLine
 10
-15.299999999999999
 20
25.0
 30
-68.0
 11
-15.299999999999999
 21
25.0
 31
-46.0
  0
LINE
  5
4C8
330
17
100
AcDbEntity
  8
0
100
AcDbLine
 10
-15.299999999999999
 20
25.0
 30
-46.0
 11
-15.299999999999999
 21
-25.0
 31
-46.0
  0
LINE
  5
4C9
330
17
100
AcDbEntity
  8
0
100
AcDbLine
 10
-15.299999999999999
 20
-25.0
 30
-46.0
 11
-15.299999999999999
 21
-25.0
 31
-68.0
  0
LINE
  5
4CA
330
17
100
AcDbEntity
  8
0
100
AcDbLine
 10
-15.299999999999999
 20
-25.0
 30
-68.0
 11
-15.299999999999999
 21
-30.0
 31
-68.0
  0
LINE
  5
4CB
330
17
100
AcDbEntity
  8
0
100
AcDbLine
 10
-20.4
 20
-30.0
 30
-68.0
 11
-15.299999999999999
 21
-30.0
 31
-68.0
  0
LINE
  5
4CC
330
17
100
AcDbEntity
  8
0
100
AcDbLine
 10
-20.4
 20
-30.0
 30
-68.0
 11
-20.4
 21
-30.0
 31
-93.0
  0
LINE
  5
4CD
330
17
100
AcDbEntity
  8
0
100
AcDbLine
 10
-20.4
 20
-30.0
 30
-93.0
 11
-15.299999999999999
 21
-30.0
 31
-93.0
  0
LINE
  5
4CE
330
17
100
AcDbEntity
  8
0
100
AcDbLine
 10
-15.299999999999999
 20
-30.0
 30
-68.0
 11
-15.299999999999999
 21
-30.0
 31
-93.0
  0
LINE
  5
4CF
330
17
100
AcDbEntity
  8
0
100
AcDbLine
 10
-20.4
 20
-25.0
 30
-68.0
 11
-15.299999999999999
 21
-25.0
 31
-68.0
  0
LINE
  5
4D0
330
17
100
AcDbEntity
  8
0
100
AcDbLine
 10
-20.4
 20
-25.0
 30
-68.0
 11
-20.4
 21
-30.0
 31
-68.0
  0
LINE
  5
4D1
330
17
100
AcDbEntity
  8
0
100
AcDbLine
 10
-20.4
 20
-30.0
 30
-68.0
 11
-15.299999999999999
 21
-30.0
 31
-68.0
  0
LINE
  5
4D2
330
17
100
AcDbEntity
  8
0
100
AcDbLine
 10
-15.299999999999999
 20
-25.0
 30
-68.0
 11
-15.299999999999999
 21
-30.0
 31
-68.0
  0
LINE
  5
4D3
330
17
100
AcDbEntity
  8
0
100
AcDbLine
 10
-20.4
 20
-25.0
 30
-46.0
 11
-15.299999999999999
 21
-25.0
 31
-46.0
  0
LINE
  5
4D4
330
17
100
AcDbEntity
  8
0
100
AcDbLine
 10
-20.4
 20
-25.0
 30
-46.0
 11
-20.4
 21
-25.0
 31
-68.0
  0
LINE
  5
4D5
330
17
100
AcDbEntity
  8
0
100
AcDbLine
 10
-20.4
 20
-25.0
 30
-68.0
 11
-15.299999999999999
 21
-25.0
 31
-68.0
  0
LINE
  5
4D6
330
17
100
AcDbEntity
  8
0
100
AcDbLine
 10
-15.299999999999999
 20
-25.0
 30
-46.0
 11
-15.299999999999999
 21
-25.0
 31
-68.0
  0
LINE
  5
4D7
330
17
100
AcDbEntity
  8
0
100
AcDbLine
 10
-20.4
 20
25.0
 30
-46.0
 11
-15.299999999999999
 21
25.0
 31
-46.0
  0
LINE
  5
4D8
330
17
100
AcDbEntity
  8
0
100
AcDbLine
 10
-20.4
 20
25.0
 30
-46.0
 11
-20.4
 21
-25.0
 31
-46.0
  0
LINE
  5
4D9
330
17
100
AcDbEntity
  8
0
100
AcDbLine
 10
-20.4
 20
-25.0
 30
-46.0
 11
-15.299999999999999
 21
-25.0
 31
-46.0
  0
LINE
  5
4DA
330
17
100
AcDbEntity
  8
0
100
AcDbLine
 10
-15.299999999999999
 20
25.0
 30
-46.0
 11
-15.299999999999999
 21
-25.0
 31
-46.0
  0
CIRCLE
  5
4DB
330
17
100
AcDbEntity
  8
0
100
AcDbCircle
 10
-17.849999999999998
 20
20.0
 30
-46.0
 40
1.5
  0
CIRCLE
  5
4DC
330
17
100
AcDbEntity
  8
0
100
AcDbCircle
 10
-17.849999999999998
 20
-20.0
 30
-46.0
 40
1.5
  0
LINE
  5
4DD
330
17
100
AcDbEntity
  8
0
100
AcDbLine
 10
-20.4
 20
25.0
 30
-68.0
 11
-15.299999999999999
 21
25.0
 31
-68.0
  0
LINE
  5
4DE
330
17
100
AcDbEntity
  8
0
100
AcDbLine
 10
-20.4
 20
25.0
 30
-68.0
 11
-20.4
 21
25.0
 31
-46.0
  0
LINE
  5
4DF
330
17
100
AcDbEntity
  8
0
100
AcDbLine
 10
-20.4
 20
25.0
 30
-46.0
 11
-15.299999999999999
 21
25.0
 31
-46.0
  0
LINE
  5
4E0
330
17
100
AcDbEntity
  8
0
100
AcDbLine
 10
-15.299999999999999
 20
25.0
 30
-68.0
 11
-15.299999999999999
 21
25.0
 31
-46.0
  0
LINE
  5
4E1
330
17
100
AcDbEntity
  8
0
100
AcDbLine
 10
-20.4
 20
30.0
 30
-68.0
 11
-15.299999999999999
 21
30.0
 31
-68.0
  0
LINE
  5
4E2
330
17
100
AcDbEntity
  8
0
100
AcDbLine
 10
-20.4
 20
30.0
 30
-68.0
 11
-20.4
 21
25.0
 31
-68.0
  0
LINE
  5
4E3
330
17
100
AcDbEntity
  8
0
100
AcDbLine
 10
-20.4
 20
25.0
 30
-68.0
 11
-15.299999999999999
 21
25.0
 31
-68.0
  0
LINE
  5
4E4
330
17
100
AcDbEntity
  8
0
100
AcDbLine
 10
-15.299999999999999
 20
30.0
 30
-68.0
 11
-15.299999999999999
 21
25.0
 31
-68.0
  0
LINE
  5
4E5
330
17
100
AcDbEntity
  8
0
100
AcDbLine
 10
-20.4
 20
30.0
 30
-93.0
 11
-15.299999999999999
 21
30.0
 31
-93.0
  0
LINE
  5
4E6
330
17
100
AcDbEntity
  8
0
100
AcDbLine
 10
-20.4
 20
30.0
 30
-93.0
 11
-20.4
 21
30.0
 31
-68.0
  0
LINE
  5
4E7
330
17
100
AcDbEntity
  8
0
100
AcDbLine
 10
-20.4
 20
30.0
 30
-68.0
 11
-15.299999999999999
 21
30.0
 31
-68.0
  0
LINE
  5
4E8
330
17
100
AcDbEntity
  8
0
100
AcDbLine
 10
-15.299999999999999
 20
30.0
 30
-93.0
 11
-15.299999999999999
 21
30.0
 31
-68.0
  0
LINE
  5
4E9
330
17
100
AcDbEntity
  8
0
100
AcDbLine
 10
-20.4
 20
18.0
 30
-93.0
 11
-20.4
 21
30.0
 31
-93.0
  0
LINE
  5
4EA
330
17
100
AcDbEntity
  8
0
100
AcDbLine
 10
-20.4
 20
30.0
 30
-93.0
 11
-15.299999999999999
 21
30.0
 31
-93.0
  0
LINE
  5
4EB
330
17
100
AcDbEntity
  8
0
100
AcDbLine
 10
-15.299999999999999
 20
18.0
 30
-93.0
 11
-15.299999999999999
 21
30.0
 31
-93.0
  0
LINE
  5
4EC
330
17
100
AcDbEntity
  8
0
100
AcDbLine
 10
-20.4
 20
18.0
 30
-93.0
 11
-15.299999999999999
 21
18.0
 31
-93.0
  0
LINE
  5
4ED
330
17
100
AcDbEntity
  8
0
100
AcDbLine
 10
-20.4
 20
18.0
 30
-93.0
 11
-20.4
 21
18.0
 31
-88.0
  0
LINE
  5
4EE
330
17
100
AcDbEntity
  8
0
100
AcDbLine
 10
-20.4
 20
18.0
 30
-93.0
 11
-15.299999999999999
 21
18.0
 31
-93.0
  0
LINE
  5
4EF
330
17
100
AcDbEntity
  8
0
100
AcDbLine
 10
-15.299999999999999
 20
18.0
 30
-93.0
 11
-15.299999999999999
 21
18.0
 31
-88.0
  0
LINE
  5
4F0
330
17
100
AcDbEntity
  8
0
100
AcDbLine
 10
-20.4
 20
18.0
 30
-88.0
 11
-15.299999999999999
 21
18.0
 31
-88.0
  0
LINE
  5
4F1
330
17
100
AcDbEntity
  8
0
100
AcDbLine
 10
-20.4
 20
18.0
 30
-88.0
 11
-15.299999999999999
 21
18.0
 31
-88.0
  0
LINE
  5
4F2
330
17
100
AcDbEntity
  8
0
100
AcDbLine
 10
-15.299999999999999
 20
18.0
 30
-88.0
 11
-15.299999999999999
 21
-18.0
 31
-88.0
  0
LINE
  5
4F3
330
17
100
AcDbEntity
  8
0
100
AcDbLine
 10
-20.4
 20
-18.0
 30
-88.0
 11
-15.299999999999999
 21
-18.0
 31
-88.0
  0
LINE
  5
4F4
330
17
100
AcDbEntity
  8
0
100
AcDbLine
 10
-20.4
 20
18.0
 30
-88.0
 11
-20.4
 21
-18.0
 31
-88.0
  0
LINE
  5
4F5
330
17
100
AcDbEntity
  8
0
100
AcDbLine
 10
-16.349999999999998
 20
20.0
 30
-46.0
 11
-16.349999999999998
 21
20.0
 31
-56.0
  0
CIRCLE
  5
4F6
330
17
100
AcDbEntity
  8
0
100
AcDbCircle
 10
-17.849999999999998
 20
20.0
 30
-46.0
 40
1.5
  0
LINE
  5
4F7
330
17
100
AcDbEntity
  8
0
100
AcDbLine
 10
-16.349999999999998
 20
20.0
 30
-46.0
 11
-16.349999999999998
 21
20.0
 31
-56.0
  0
CIRCLE
  5
4F8
330
17
100
AcDbEntity
  8
0
100
AcDbCircle
 10
-17.849999999999998
 20
20.0
 30
-56.0
 40
1.5
  0
LINE
  5
4F9
330
17
100
AcDbEntity
  8
0
100
AcDbLine
 10
-16.349999999999998
 20
-20.0
 30
-46.0
 11
-16.349999999999998
 21
-20.0
 31
-56.0
  0
CIRCLE
  5
4FA
330
17
100
AcDbEntity
  8
0
100
AcDbCircle
 10
-17.849999999999998
 20
-20.0
 30
-46.0
 40
1.5
  0
LINE
  5
4FB
330
17
100
AcDbEntity
  8
0
100
AcDbLine
 10
-16.349999999999998
 20
-20.0
 30
-46.0
 11
-16.349999999999998
 21
-20.0
 31
-56.0
  0
CIRCLE
  5
4FC
330
17
100
AcDbEntity
  8
0
100
AcDbCircle
 10
-17.849999999999998
 20
-20.0
 30
-56.0
 40
1.5
  0
CIRCLE
  5
4FD
330
17
100
AcDbEntity
  8
0
100
AcDbCircle
 10
-17.849999999999998
 20
20.0
 30
-56.0
 40
1.5
  0
CIRCLE
  5
4FE
330
17
100
AcDbEntity
  8
0
100
AcDbCircle
 10
-17.849999999999998
 20
-20.0
 30
-56.0
 40
1.5
  0
LINE
  5
4FF
330
17
100
AcDbEntity
  8
0
100
AcDbLine
 10
-15.3
 20
-30.0
 30
-93.0
 11
-15.3
 21
-18.0
 31
-93.0
  0
LINE
  5
500
330
17
100
AcDbEntity
  8
0
100
AcDbLine
 10
-10.200000000000001
 20
-18.0
 30
-93.0
 11
-15.3
 21
-18.0
 31
-93.0
  0
LINE
  5
501
330
17
100
AcDbEntity
  8
0
100
AcDbLine
 10
-10.200000000000001
 20
-30.0
 30
-93.0
 11
-10.200000000000001
 21
-18.0
 31
-93.0
  0
LINE
  5
502
330
17
100
AcDbEntity
  8
0
100
AcDbLine
 10
-15.3
 20
-30.0
 30
-93.0
 11
-10.200000000000001
 21
-30.0
 31
-93.0
  0
LINE
  5
503
330
17
100
AcDbEntity
  8
0
100
AcDbLine
 10
-15.3
 20
-30.0
 30
-68.0
 11
-15.3
 21
-30.0
 31
-93.0
  0
LINE
  5
504
330
17
100
AcDbEntity
  8
0
100
AcDbLine
 10
-15.3
 20
-25.0
 30
-68.0
 11
-15.3
 21
-30.0
 31
-68.0
  0
LINE
  5
505
330
17
100
AcDbEntity
  8
0
100
AcDbLine
 10
-15.3
 20
-25.0
 30
-46.0
 11
-15.3
 21
-25.0
 31
-68.0
  0
LINE
  5
506
330
17
100
AcDbEntity
  8
0
100
AcDbLine
 10
-15.3
 20
25.0
 30
-46.0
 11
-15.3
 21
-25.0
 31
-46.0
  0
LINE
  5
507
330
17
100
AcDbEntity
  8
0
100
AcDbLine
 10
-15.3
 20
25.0
 30
-68.0
 11
-15.3
 21
25.0
 31
-46.0
  0
LINE
  5
508
330
17
100
AcDbEntity
  8
0
100
AcDbLine
 10
-15.3
 20
30.0
 30
-68.0
 11
-15.3
 21
25.0
 31
-68.0
  0
LINE
  5
509
330
17
100
AcDbEntity
  8
0
100
AcDbLine
 10
-15.3
 20
30.0
 30
-93.0
 11
-15.3
 21
30.0
 31
-68.0
  0
LINE
  5
50A
330
17
100
AcDbEntity
  8
0
100
AcDbLine
 10
-15.3
 20
18.0
 30
-93.0
 11
-15.3
 21
30.0
 31
-93.0
  0
LINE
  5
50B
330
17
100
AcDbEntity
  8
0
100
AcDbLine
 10
-15.3
 20
18.0
 30
-93.0
 11
-15.3
 21
18.0
 31
-88.0
  0
LINE
  5
50C
330
17
100
AcDbEntity
  8
0
100
AcDbLine
 10
-15.3
 20
18.0
 30
-88.0
 11
-15.3
 21
-18.0
 31
-88.0
  0
LINE
  5
50D
330
17
100
AcDbEntity
  8
0
100
AcDbLine
 10
-15.3
 20
-18.0
 30
-88.0
 11
-15.3
 21
-18.0
 31
-93.0
  0
LINE
  5
50E
330
17
100
AcDbEntity
  8
0
100
AcDbLine
 10
-15.3
 20
-30.0
 30
-93.0
 11
-15.3
 21
-18.0
 31
-93.0
  0
LINE
  5
50F
330
17
100
AcDbEntity
  8
0
100
AcDbLine
 10
-15.3
 20
-18.0
 30
-88.0
 11
-15.3
 21
-18.0
 31
-93.0
  0
LINE
  5
510
330
17
100
AcDbEntity
  8
0
100
AcDbLine
 10
-15.3
 20
-18.0
 30
-88.0
 11
-10.200000000000001
 21
-18.0
 31
-88.0
  0
LINE
  5
511
330
17
100
AcDbEntity
  8
0
100
AcDbLine
 10
-10.200000000000001
 20
-18.0
 30
-88.0
 11
-10.200000000000001
 21
-18.0
 31
-93.0
  0
LINE
  5
512
330
17
100
AcDbEntity
  8
0
100
AcDbLine
 10
-10.200000000000001
 20
-18.0
 30
-93.0
 11
-15.3
 21
-18.0
 31
-93.0
  0
LINE
  5
513
330
17
100
AcDbEntity
  8
0
100
AcDbLine
 10
-10.200000000000001
 20
-30.0
 30
-68.0
 11
-10.200000000000001
 21
-30.0
 31
-93.0
  0
LINE
  5
514
330
17
100
AcDbEntity
  8
0
100
AcDbLine
 10
-10.200000000000001
 20
-30.0
 30
-93.0
 11
-10.200000000000001
 21
-18.0
 31
-93.0
  0
LINE
  5
515
330
17
100
AcDbEntity
  8
0
100
AcDbLine
 10
-10.200000000000001
 20
-18.0
 30
-88.0
 11
-10.200000000000001
 21
-18.0
 31
-93.0
  0
LINE
  5
516
330
17
100
AcDbEntity
  8
0
100
AcDbLine
 10
-10.200000000000001
 20
18.0
 30
-88.0
 11
-10.200000000000001
 21
-18.0
 31
-88.0
  0
LINE
  5
517
330
17
100
AcDbEntity
  8
0
100
AcDbLine
 10
-10.200000000000001
 20
18.0
 30
-93.0
 11
-10.200000000000001
 21
18.0
 31
-88.0
  0
LINE
  5
518
330
17
100
AcDbEntity
  8
0
100
AcDbLine
 10
-10.200000000000001
 20
18.0
 30
-93.0
 11
-10.200000000000001
 21
30.0
 31
-93.0
  0
LINE
  5
519
330
17
100
AcDbEntity
  8
0
100
AcDbLine
 10
-10.200000000000001
 20
30.0
 30
-93.0
 11
-10.200000000000001
 21
30.0
 31
-68.0
  0
LINE
  5
51A
330
17
100
AcDbEntity
  8
0
100
AcDbLine
 10
-10.200000000000001
 20
30.0
 30
-68.0
 11
-10.200000000000001
 21
25.0
 31
-68.0
  0
LINE
  5
51B
330
17
100
AcDbEntity
  8
0
100
AcDbLine
 10
-10.200000000000001
 20
25.0
 30
-68.0
 11
-10.200000000000001
 21
25.0
 31
-46.0
  0
LINE
  5
51C
330
17
100
AcDbEntity
  8
0
100
AcDbLine
 10
-10.200000000000001
 20
25.0
 30
-46.0
 11
-10.200000000000001
 21
-25.0
 31
-46.0
  0
LINE
  5
51D
330
17
100
AcDbEntity
  8
0
100
AcDbLine
 10
-10.200000000000001
 20
-25.0
 30
-46.0
 11
-10.200000000000001
 21
-25.0
 31
-68.0
  0
LINE
  5
51E
330
17
100
AcDbEntity
  8
0
100
AcDbLine
 10
-10.200000000000001
 20
-25.0
 30
-68.0
 11
-10.200000000000001
 21
-30.0
 31
-68.0
  0
LINE
  5
51F
330
17
100
AcDbEntity
  8
0
100
AcDbLine
 10
-15.3
 20
-30.0
 30
-68.0
 11
-10.200000000000001
 21
-30.0
 31
-68.0
  0
LINE
  5
520
330
17
100
AcDbEntity
  8
0
100
AcDbLine
 10
-15.3
 20
-30.0
 30
-68.0
 11
-15.3
 21
-30.0
 31
-93.0
  0
LINE
  5
521
330
17
100
AcDbEntity
  8
0
100
AcDbLine
 10
-15.3
 20
-30.0
 30
-93.0
 11
-10.200000000000001
 21
-30.0
 31
-93.0
  0
LINE
  5
522
330
17
100
AcDbEntity
  8
0
100
AcDbLine
 10
-10.200000000000001
 20
-30.0
 30
-68.0
 11
-10.200000000000001
 21
-30.0
 31
-93.0
  0
LINE
  5
523
330
17
100
AcDbEntity
  8
0
100
AcDbLine
 10
-15.3
 20
-25.0
 30
-68.0
 11
-10.200000000000001
 21
-25.0
 31
-68.0
  0
LINE
  5
524
330
17
100
AcDbEntity
  8
0
100
AcDbLine
 10
-15.3
 20
-25.0
 30
-68.0
 11
-15.3
 21
-30.0
 31
-68.0
  0
LINE
  5
525
330
17
100
AcDbEntity
  8
0
100
AcDbLine
 10
-15.3
 20
-30.0
 30
-68.0
 11
-10.200000000000001
 21
-30.0
 31
-68.0
  0
LINE
  5
526
330
17
100
AcDbEntity
  8
0
100
AcDbLine
 10
-10.200000000000001
 20
-25.0
 30
-68.0
 11
-10.200000000000001
 21
-30.0
 31
-68.0
  0
LINE
  5
527
330
17
100
AcDbEntity
  8
0
100
AcDbLine
 10
-15.3
 20
-25.0
 30
-46.0
 11
-10.200000000000001
 21
-25.0
 31
-46.0
  0
LINE
  5
528
330
17
100
AcDbEntity
  8
0
100
AcDbLine
 10
-15.3
 20
-25.0
 30
-46.0
 11
-15.3
 21
-25.0
 31
-68.0
  0
LINE
  5
529
330
17
100
AcDbEntity
  8
0
100
AcDbLine
 10
-15.3
 20
-25.0
 30
-68.0
 11
-10.200000000000001
 21
-25.0
 31
-68.0
  0
LINE
  5
52A
330
17
100
AcDbEntity
  8
0
100
AcDbLine
 10
-10.200000000000001
 20
-25.0
 30
-46.0
 11
-10.200000000000001
 21
-25.0
 31
-68.0
  0
LINE
  5
52B
330
17
100
AcDbEntity
  8
0
100
AcDbLine
 10
-15.3
 20
25.0
 30
-46.0
 11
-10.200000000000001
 21
25.0
 31
-46.0
  0
LINE
  5
52C
330
17
100
AcDbEntity
  8
0
100
AcDbLine
 10
-15.3
 20
25.0
 30
-46.0
 11
-15.3
 21
-25.0
 31
-46.0
  0
LINE
  5
52D
330
17
100
AcDbEntity
  8
0
100
AcDbLine
 10
-15.3
 20
-25.0
 30
-46.0
 11
-10.200000000000001
 21
-25.0
 31
-46.0
  0
LINE
  5
52E
330
17
100
AcDbEntity
  8
0
100
AcDbLine
 10
-10.200000000000001
 20
25.0
 30
-46.0
 11
-10.200000000000001
 21
-25.0
 31
-46.0
  0
CIRCLE
  5
52F
330
17
100
AcDbEntity
  8
0
100
AcDbCircle
 10
-12.75
 20
20.0
 30
-46.0
 40
1.5
  0
CIRCLE
  5
530
330
17
100
AcDbEntity
  8
0
100
AcDbCircle
 10
-12.75
 20
-20.0
 30
-46.0
 40
1.5
  0
LINE
  5
531
330
17
100
AcDbEntity
  8
0
100
AcDbLine
 10
-15.3
 20
25.0
 30
-68.0
 11
-10.200000000000001
 21
25.0
 31
-68.0
  0
LINE
  5
532
330
17
100
AcDbEntity
  8
0
100
AcDbLine
 10
-15.3
 20
25.0
 30
-68.0
 11
-15.3
 21
25.0
 31
-46.0
  0
LINE
  5
533
330
17
100
AcDbEntity
  8
0
100
AcDbLine
 10
-15.3
 20
25.0
 30
-46.0
 11
-10.200000000000001
 21
25.0
 31
-46.0
  0
LINE
  5
534
330
17
100
AcDbEntity
  8
0
100
AcDbLine
 10
-10.200000000000001
 20
25.0
 30
-68.0
 11
-10.200000000000001
 21
25.0
 31
-46.0
  0
LINE
  5
535
330
17
100
AcDbEntity
  8
0
100
AcDbLine
 10
-15.3
 20
30.0
 30
-68.0
 11
-10.200000000000001
 21
30.0
 31
-68.0
  0
LINE
  5
536
330
17
100
AcDbEntity
  8
0
100
AcDbLine
 10
-15.3
 20
30.0
 30
-68.0
 11
-15.3
 21
25.0
 31
-68.0
  0
LINE
  5
537
330
17
100
AcDbEntity
  8
0
100
AcDbLine
 10
-15.3
 20
25.0
 30
-68.0
 11
-10.200000000000001
 21
25.0
 31
-68.0
  0
LINE
  5
538
330
17
100
AcDbEntity
  8
0
100
AcDbLine
 10
-10.200000000000001
 20
30.0
 30
-68.0
 11
-10.200000000000001
 21
25.0
 31
-68.0
  0
LINE
  5
539
330
17
100
AcDbEntity
  8
0
100
AcDbLine
 10
-15.3
 20
30.0
 30
-93.0
 11
-10.200000000000001
 21
30.0
 31
-93.0
  0
LINE
  5
53A
330
17
100
AcDbEntity
  8
0
100
AcDbLine
 10
-15.3
 20
30.0
 30
-93.0
 11
-15.3
 21
30.0
 31
-68.0
  0
LINE
  5
53B
330
17
100
AcDbEntity
  8
0
100
AcDbLine
 10
-15.3
 20
30.0
 30
-68.0
 11
-10.200000000000001
 21
30.0
 31
-68.0
  0
LINE
  5
53C
330
17
100
AcDbEntity
  8
0
100
AcDbLine
 10
-10.200000000000001
 20
30.0
 30
-93.0
 11
-10.200000000000001
 21
30.0
 31
-68.0
  0
LINE
  5
53D
330
17
100
AcDbEntity
  8
0
100
AcDbLine
 10
-15.3
 20
18.0
 30
-93.0
 11
-15.3
 21
30.0
 31
-93.0
  0
LINE
  5
53E
330
17
100
AcDbEntity
  8
0
100
AcDbLine
 10
-15.3
 20
30.0
 30
-93.0
 11
-10.200000000000001
 21
30.0
 31
-93.0
  0
LINE
  5
53F
330
17
100
AcDbEntity
  8
0
100
AcDbLine
 10
-10.200000000000001
 20
18.0
 30
-93.0
 11
-10.200000000000001
 21
30.0
 31
-93.0
  0
LINE
  5
540
330
17
100
AcDbEntity
  8
0
100
AcDbLine
 10
-15.3
 20
18.0
 30
-93.0
 11
-10.200000000000001
 21
18.0
 31
-93.0
  0
LINE
  5
541
330
17
100
AcDbEntity
  8
0
100
AcDbLine
 10
-15.3
 20
18.0
 30
-93.0
 11
-15.3
 21
18.0
 31
-88.0
  0
LINE
  5
542
330
17
100
AcDbEntity
  8
0
100
AcDbLine
 10
-15.3
 20
18.0
 30
-93.0
 11
-10.200000000000001
 21
18.0
 31
-93.0
  0
LINE
  5
543
330
17
100
AcDbEntity
  8
0
100
AcDbLine
 10
-10.200000000000001
 20
18.0
 30
-93.0
 11
-10.200000000000001
 21
18.0
 31
-88.0
  0
LINE
  5
544
330
17
100
AcDbEntity
  8
0
100
AcDbLine
 10
-15.3
 20
18.0
 30
-88.0
 11
-10.200000000000001
 21
18.0
 31
-88.0
  0
LINE
  5
545
330
17
100
AcDbEntity
  8
0
100
AcDbLine
 10
-15.3
 20
18.0
 30
-88.0
 11
-10.200000000000001
 21
18.0
 31
-88.0
  0
LINE
  5
546
330
17
100
AcDbEntity
  8
0
100
AcDbLine
 10
-10.200000000000001
 20
18.0
 30
-88.0
 11
-10.200000000000001
 21
-18.0
 31
-88.0
  0
LINE
  5
547
330
17
100
AcDbEntity
  8
0
100
AcDbLine
 10
-15.3
 20
-18.0
 30
-88.0
 11
-10.200000000000001
 21
-18.0
 31
-88.0
  0
LINE
  5
548
330
17
100
AcDbEntity
  8
0
100
AcDbLine
 10
-15.3
 20
18.0
 30
-88.0
 11
-15.3
 21
-18.0
 31
-88.0
  0
LINE
  5
549
330
17
100
AcDbEntity
  8
0
100
AcDbLine
 10
-11.25
 20
20.0
 30
-46.0
 11
-11.25
 21
20.0
 31
-56.0
  0
CIRCLE
  5
54A
330
17
100
AcDbEntity
  8
0
100
AcDbCircle
 10
-12.75
 20
20.0
 30
-46.0
 40
1.5
  0
LINE
  5
54B
330
17
100
AcDbEntity
  8
0
100
AcDbLine
 10
-11.25
 20
20.0
 30
-46.0
 11
-11.25
 21
20.0
 31
-56.0
  0
CIRCLE
  5
54C
330
17
100
AcDbEntity
  8
0
100
AcDbCircle
 10
-12.75
 20
20.0
 30
-56.0
 40
1.5
  0
LINE
  5
54D
330
17
100
AcDbEntity
  8
0
100
AcDbLine
 10
-11.25
 20
-20.0
 30
-46.0
 11
-11.25
 21
-20.0
 31
-56.0
  0
CIRCLE
  5
54E
330
17
100
AcDbEntity
  8
0
100
AcDbCircle
 10
-12.75
 20
-20.0
 30
-46.0
 40
1.5
  0
LINE
  5
54F
330
17
100
AcDbEntity
  8
0
100
AcDbLine
 10
-11.25
 20
-20.0
 30
-46.0
 11
-11.25
 21
-20.0
 31
-56.0
  0
CIRCLE
  5
550
330
17
100
AcDbEntity
  8
0
100
AcDbCircle
 10
-12.75
 20
-20.0
 30
-56.0
 40
1.5
  0
CIRCLE
  5
551
330
17
100
AcDbEntity
  8
0
100
AcDbCircle
 10
-12.75
 20
20.0
 30
-56.0
 40
1.5
  0
CIRCLE
  5
552
330
17
100
AcDbEntity
  8
0
100
AcDbCircle
 10
-12.75
 20
-20.0
 30
-56.0
 40
1.5
  0
LINE
  5
553
330
17
100
AcDbEntity
  8
0
100
AcDbLine
 10
-10.200000000000001
 20
-30.0
 30
-93.0
 11
-10.200000000000001
 21
-18.0
 31
-93.0
  0
LINE
  5
554
330
17
100
AcDbEntity
  8
0
100
AcDbLine
 10
-5.100000000000001
 20
-18.0
 30
-93.0
 11
-10.200000000000001
 21
-18.0
 31
-93.0
  0
LINE
  5
555
330
17
100
AcDbEntity
  8
0
100
AcDbLine
 10
-5.100000000000001
 20
-30.0
 30
-93.0
 11
-5.100000000000001
 21
-18.0
 31
-93.0
  0
LINE
  5
556
330
17
100
AcDbEntity
  8
0
100
AcDbLine
 10
-10.200000000000001
 20
-30.0
 30
-93.0
 11
-5.100000000000001
 21
-30.0
 31
-93.0
  0
LINE
  5
557
330
17
100
AcDbEntity
  8
0
100
AcDbLine
 10
-10.200000000000001
 20
-30.0
 30
-68.0
 11
-10.200000000000001
 21
-30.0
 31
-93.0
  0
LINE
  5
558
330
17
100
AcDbEntity
  8
0
100
AcDbLine
 10
-10.200000000000001
 20
-25.0
 30
-68.0
 11
-10.200000000000001
 21
-30.0
 31
-68.0
  0
LINE
  5
559
330
17
100
AcDbEntity
  8
0
100
AcDbLine
 10
-10.200000000000001
 20
-25.0
 30
-46.0
 11
-10.200000000000001
 21
-25.0
 31
-68.0
  0
LINE
  5
55A
330
17
100
AcDbEntity
  8
0
100
AcDbLine
 10
-10.200000000000001
 20
25.0
 30
-46.0
 11
-10.200000000000001
 21
-25.0
 31
-46.0
  0
LINE
  5
55B
330
17
100
AcDbEntity
  8
0
100
AcDbLine
 10
-10.200000000000001
 20
25.0
 30
-68.0
 11
-10.200000000000001
 21
25.0
 31
-46.0
  0
LINE
  5
55C
330
17
100
AcDbEntity
  8
0
100
AcDbLine
 10
-10.200000000000001
 20
30.0
 30
-68.0
 11
-10.200000000000001
 21
25.0
 31
-68.0
  0
LINE
  5
55D
330
17
100
AcDbEntity
  8
0
100
AcDbLine
 10
-10.200000000000001
 20
30.0
 30
-93.0
 11
-10.200000000000001
 21
30.0
 31
-68.0
  0
LINE
  5
55E
330
17
100
AcDbEntity
  8
0
100
AcDbLine
 10
-10.200000000000001
 20
18.0
 30
-93.0
 11
-10.200000000000001
 21
30.0
 31
-93.0
  0
LINE
  5
55F
330
17
100
AcDbEntity
  8
0
100
AcDbLine
 10
-10.200000000000001
 20
18.0
 30
-93.0
 11
-10.200000000000001
 21
18.0
 31
-88.0
  0
LINE
  5
560
330
17
100
AcDbEntity
  8
0
100
AcDbLine
 10
-10.200000000000001
 20
18.0
 30
-88.0
 11
-10.200000000000001
 21
-18.0
 31
-88.0
  0
LINE
  5
561
330
17
100
AcDbEntity
  8
0
100
AcDbLine
 10
-10.200000000000001
 20
-18.0
 30
-88.0
 11
-10.200000000000001
 21
-18.0
 31
-93.0
  0
LINE
  5
562
330
17
100
AcDbEntity
  8
0
100
AcDbLine
 10
-10.200000000000001
 20
-30.0
 30
-93.0
 11
-10.200000000000001
 21
-18.0
 31
-93.0
  0
LINE
  5
563
330
17
100
AcDbEntity
  8
0
100
AcDbLine
 10
-10.200000000000001
 20
-18.0
 30
-88.0
 11
-10.200000000000001
 21
-18.0
 31
-93.0
  0
LINE
  5
564
330
17
100
AcDbEntity
  8
0
100
AcDbLine
 10
-10.200000000000001
 20
-18.0
 30
-88.0
 11
-5.100000000000001
 21
-18.0
 31
-88.0
  0
LINE
  5
565
330
17
100
AcDbEntity
  8
0
100
AcDbLine
 10
-5.100000000000001
 20
-18.0
 30
-88.0
 11
-5.100000000000001
 21
-18.0
 31
-93.0
  0
LINE
  5
566
330
17
100
AcDbEntity
  8
0
100
AcDbLine
 10
-5.100000000000001
 20
-18.0
 30
-93.0
 11
-10.200000000000001
 21
-18.0
 31
-93.0
  0
LINE
  5
567
330
17
100
AcDbEntity
  8
0
100
AcDbLine
 10
-5.100000000000001
 20
-30.0
 30
-68.0
 11
-5.100000000000001
 21
-30.0
 31
-93.0
  0
LINE
  5
568
330
17
100
AcDbEntity
  8
0
100
AcDbLine
 10
-5.100000000000001
 20
-30.0
 30
-93.0
 11
-5.100000000000001
 21
-18.0
 31
-93.0
  0
LINE
  5
569
330
17
100
AcDbEntity
  8
0
100
AcDbLine
 10
-5.100000000000001
 20
-18.0
 30
-88.0
 11
-5.100000000000001
 21
-18.0
 31
-93.0
  0
LINE
  5
56A
330
17
100
AcDbEntity
  8
0
100
AcDbLine
 10
-5.100000000000001
 20
18.0
 30
-88.0
 11
-5.100000000000001
 21
-18.0
 31
-88.0
  0
LINE
  5
56B
330
17
100
AcDbEntity
  8
0
100
AcDbLine
 10
-5.100000000000001
 20
18.0
 30
-93.0
 11
-5.100000000000001
 21
18.0
 31
-88.0
  0
LINE
  5
56C
330
17
100
AcDbEntity
  8
0
100
AcDbLine
 10
-5.100000000000001
 20
18.0
 30
-93.0
 11
-5.100000000000001
 21
30.0
 31
-93.0
  0
LINE
  5
56D
330
17
100
AcDbEntity
  8
0
100
AcDbLine
 10
-5.100000000000001
 20
30.0
 30
-93.0
 11
-5.100000000000001
 21
30.0
 31
-68.0
  0
LINE
  5
56E
330
17
100
AcDbEntity
  8
0
100
AcDbLine
 10
-5.100000000000001
 20
30.0
 30
-68.0
 11
-5.100000000000001
 21
25.0
 31
-68.0
  0
LINE
  5
56F
330
17
100
AcDbEntity
  8
0
100
AcDbLine
 10
-5.100000000000001
 20
25.0
 30
-68.0
 11
-5.100000000000001
 21
25.0
 31
-46.0
  0
LINE
  5
570
330
17
100
AcDbEntity
  8
0
100
AcDbLine
 10
-5.100000000000001
 20
25.0
 30
-46.0
 11
-5.100000000000001
 21
-25.0
 31
-46.0
  0
LINE
  5
571
330
17
100
AcDbEntity
  8
0
100
AcDbLine
 10
-5.100000000000001
 20
-25.0
 30
-46.0
 11
-5.100000000000001
 21
-25.0
 31
-68.0
  0
LINE
  5
572
330
17
100
AcDbEntity
  8
0
100
AcDbLine
 10
-5.100000000000001
 20
-25.0
 30
-68.0
 11
-5.100000000000001
 21
-30.0
 31
-68.0
  0
LINE
  5
573
330
17
100
AcDbEntity
  8
0
100
AcDbLine
 10
-10.200000000000001
 20
-30.0
 30
-68.0
 11
-5.100000000000001
 21
-30.0
 31
-68.0
  0
LINE
  5
574
330
17
100
AcDbEntity
  8
0
100
AcDbLine
 10
-10.200000000000001
 20
-30.0
 30
-68.0
 11
-10.200000000000001
 21
-30.0
 31
-93.0
  0
LINE
  5
575
330
17
100
AcDbEntity
  8
0
100
AcDbLine
 10
-10.200000000000001
 20
-30.0
 30
-93.0
 11
-5.100000000000001
 21
-30.0
 31
-93.0
  0
LINE
  5
576
330
17
100
AcDbEntity
  8
0
100
AcDbLine
 10
-5.100000000000001
 20
-30.0
 30
-68.0
 11
-5.100000000000001
 21
-30.0
 31
-93.0
  0
LINE
  5
577
330
17
100
AcDbEntity
  8
0
100
AcDbLine
 10
-10.200000000000001
 20
-25.0
 30
-68.0
 11
-5.100000000000001
 21
-25.0
 31
-68.0
  0
LINE
  5
578
330
17
100
AcDbEntity
  8
0
100
AcDbLine
 10
-10.200000000000001
 20
-25.0
 30
-68.0
 11
-10.200000000000001
 21
-30.0
 31
-68.0
  0
LINE
  5
579
330
17
100
AcDbEntity
  8
0
100
AcDbLine
 10
-10.200000000000001
 20
-30.0
 30
-68.0
 11
-5.100000000000001
 21
-30.0
 31
-68.0
  0
LINE
  5
57A
330
17
100
AcDbEntity
  8
0
100
AcDbLine
 10
-5.100000000000001
 20
-25.0
 30
-68.0
 11
-5.100000000000001
 21
-30.0
 31
-68.0
  0
LINE
  5
57B
330
17
100
AcDbEntity
  8
0
100
AcDbLine
 10
-10.200000000000001
 20
-25.0
 30
-46.0
 11
-5.100000000000001
 21
-25.0
 31
-46.0
  0
LINE
  5
57C
330
17
100
AcDbEntity
  8
0
100
AcDbLine
 10
-10.200000000000001
 20
-25.0
 30
-46.0
 11
-10.200000000000001
 21
-25.0
 31
-68.0
  0
LINE
  5
57D
330
17
100
AcDbEntity
  8
0
100
AcDbLine
 10
-10.200000000000001
 20
-25.0
 30
-68.0
 11
-5.100000000000001
 21
-25.0
 31
-68.0
  0
LINE
  5
57E
330
17
100
AcDbEntity
  8
0
100
AcDbLine
 10
-5.100000000000001
 20
-25.0
 30
-46.0
 11
-5.100000000000001
 21
-25.0
 31
-68.0
  0
LINE
  5
57F
330
17
100
AcDbEntity
  8
0
100
AcDbLine
 10
-10.200000000000001
 20
25.0
 30
-46.0
 11
-5.100000000000001
 21
25.0
 31
-46.0
  0
LINE
  5
580
330
17
100
AcDbEntity
  8
0
100
AcDbLine
 10
-10.200000000000001
 20
25.0
 30
-46.0
 11
-10.200000000000001
 21
-25.0
 31
-46.0
  0
LINE
  5
581
330
17
100
AcDbEntity
  8
0
100
AcDbLine
 10
-10.200000000000001
 20
-25.0
 30
-46.0
 11
-5.100000000000001
 21
-25.0
 31
-46.0
  0
LINE
  5
582
330
17
100
AcDbEntity
  8
0
100
AcDbLine
 10
-5.100000000000001
 20
25.0
 30
-46.0
 11
-5.100000000000001
 21
-25.0
 31
-46.0
  0
CIRCLE
  5
583
330
17
100
AcDbEntity
  8
0
100
AcDbCircle
 10
-7.650000000000001
 20
20.0
 30
-46.0
 40
1.5
  0
CIRCLE
  5
584
330
17
100
AcDbEntity
  8
0
100
AcDbCircle
 10
-7.650000000000001
 20
-20.0
 30
-46.0
 40
1.5
  0
LINE
  5
585
330
17
100
AcDbEntity
  8
0
100
AcDbLine
 10
-10.200000000000001
 20
25.0
 30
-68.0
 11
-5.100000000000001
 21
25.0
 31
-68.0
  0
LINE
  5
586
330
17
100
AcDbEntity
  8
0
100
AcDbLine
 10
-10.200000000000001
 20
25.0
 30
-68.0
 11
-10.200000000000001
 21
25.0
 31
-46.0
  0
LINE
  5
587
330
17
100
AcDbEntity
  8
0
100
AcDbLine
 10
-10.200000000000001
 20
25.0
 30
-46.0
 11
-5.100000000000001
 21
25.0
 31
-46.0
  0
LINE
  5
588
330
17
100
AcDbEntity
  8
0
100
AcDbLine
 10
-5.100000000000001
 20
25.0
 30
-68.0
 11
-5.100000000000001
 21
25.0
 31
-46.0
  0
LINE
  5
589
330
17
100
AcDbEntity
  8
0
100
AcDbLine
 10
-10.200000000000001
 20
30.0
 30
-68.0
 11
-5.100000000000001
 21
30.0
 31
-68.0
  0
LINE
  5
58A
330
17
100
AcDbEntity
  8
0
100
AcDbLine
 10
-10.200000000000001
 20
30.0
 30
-68.0
 11
-10.200000000000001
 21
25.0
 31
-68.0
  0
LINE
  5
58B
330
17
100
AcDbEntity
  8
0
100
AcDbLine
 10
-10.200000000000001
 20
25.0
 30
-68.0
 11
-5.100000000000001
 21
25.0
 31
-68.0
  0
LINE
  5
58C
330
17
100
AcDbEntity
  8
0
100
AcDbLine
 10
-5.100000000000001
 20
30.0
 30
-68.0
 11
-5.100000000000001
 21
25.0
 31
-68.0
  0
LINE
  5
58D
330
17
100
AcDbEntity
  8
0
100
AcDbLine
 10
-10.200000000000001
 20
30.0
 30
-93.0
 11
-5.100000000000001
 21
30.0
 31
-93.0
  0
LINE
  5
58E
330
17
100
AcDbEntity
  8
0
100
AcDbLine
 10
-10.200000000000001
 20
30.0
 30
-93.0
 11
-10.200000000000001
 21
30.0
 31
-68.0
  0
LINE
  5
58F
330
17
100
AcDbEntity
  8
0
100
AcDbLine
 10
-10.200000000000001
 20
30.0
 30
-68.0
 11
-5.100000000000001
 21
30.0
 31
-68.0
  0
LINE
  5
590
330
17
100
AcDbEntity
  8
0
100
AcDbLine
 10
-5.100000000000001
 20
30.0
 30
-93.0
 11
-5.100000000000001
 21
30.0
 31
-68.0
  0
LINE
  5
591
330
17
100
AcDbEntity
  8
0
100
AcDbLine
 10
-10.200000000000001
 20
18.0
 30
-93.0
 11
-10.200000000000001
 21
30.0
 31
-93.0
  0
LINE
  5
592
330
17
100
AcDbEntity
  8
0
100
AcDbLine
 10
-10.200000000000001
 20
30.0
 30
-93.0
 11
-5.100000000000001
 21
30.0
 31
-93.0
  0
LINE
  5
593
330
17
100
AcDbEntity
  8
0
100
AcDbLine
 10
-5.100000000000001
 20
18.0
 30
-93.0
 11
-5.100000000000001
 21
30.0
 31
-93.0
  0
LINE
  5
594
330
17
100
AcDbEntity
  8
0
100
AcDbLine
 10
-10.200000000000001
 20
18.0
 30
-93.0
 11
-5.100000000000001
 21
18.0
 31
-93.0
  0
LINE
  5
595
330
17
100
AcDbEntity
  8
0
100
AcDbLine
 10
-10.200000000000001
 20
18.0
 30
-93.0
 11
-10.200000000000001
 21
18.0
 31
-88.0
  0
LINE
  5
596
330
17
100
AcDbEntity
  8
0
100
AcDbLine
 10
-10.200000000000001
 20
18.0
 30
-93.0
 11
-5.100000000000001
 21
18.0
 31
-93.0
  0
LINE
  5
597
330
17
100
AcDbEntity
  8
0
100
AcDbLine
 10
-5.100000000000001
 20
18.0
 30
-93.0
 11
-5.100000000000001
 21
18.0
 31
-88.0
  0
LINE
  5
598
330
17
100
AcDbEntity
  8
0
100
AcDbLine
 10
-10.200000000000001
 20
18.0
 30
-88.0
 11
-5.100000000000001
 21
18.0
 31
-88.0
  0
LINE
  5
599
330
17
100
AcDbEntity
  8
0
100
AcDbLine
 10
-10.200000000000001
 20
18.0
 30
-88.0
 11
-5.100000000000001
 21
18.0
 31
-88.0
  0
LINE
  5
59A
330
17
100
AcDbEntity
  8
0
100
AcDbLine
 10
-5.100000000000001
 20
18.0
 30
-88.0
 11
-5.100000000000001
 21
-18.0
 31
-88.0
  0
LINE
  5
59B
330
17
100
AcDbEntity
  8
0
100
AcDbLine
 10
-10.200000000000001
 20
-18.0
 30
-88.0
 11
-5.100000000000001
 21
-18.0
 31
-88.0
  0
LINE
  5
59C
330
17
100
AcDbEntity
  8
0
100
AcDbLine
 10
-10.200000000000001
 20
18.0
 30
-88.0
 11
-10.200000000000001
 21
-18.0
 31
-88.0
  0
LINE
  5
59D
330
17
100
AcDbEntity
  8
0
100
AcDbLine
 10
-6.150000000000001
 20
20.0
 30
-46.0
 11
-6.150000000000001
 21
20.0
 31
-56.0
  0
CIRCLE
  5
59E
330
17
100
AcDbEntity
  8
0
100
AcDbCircle
 10
-7.650000000000001
 20
20.0
 30
-46.0
 40
1.5
  0
LINE
  5
59F
330
17
100
AcDbEntity
  8
0
100
AcDbLine
 10
-6.150000000000001
 20
20.0
 30
-46.0
 11
-6.150000000000001
 21
20.0
 31
-56.0
  0
CIRCLE
  5
5A0
330
17
100
AcDbEntity
  8
0
100
AcDbCircle
 10
-7.650000000000001
 20
20.0
 30
-56.0
 40
1.5
  0
LINE
  5
5A1
330
17
100
AcDbEntity
  8
0
100
AcDbLine
 10
-6.150000000000001
 20
-20.0
 30
-46.0
 11
-6.150000000000001
 21
-20.0
 31
-56.0
  0
CIRCLE
  5
5A2
330
17
100
AcDbEntity
  8
0
100
AcDbCircle
 10
-7.650000000000001
 20
-20.0
 30
-46.0
 40
1.5
  0
LINE
  5
5A3
330
17
100
AcDbEntity
  8
0
100
AcDbLine
 10
-6.150000000000001
 20
-20.0
 30
-46.0
 11
-6.150000000000001
 21
-20.0
 31
-56.0
  0
CIRCLE
  5
5A4
330
17
100
AcDbEntity
  8
0
100
AcDbCircle
 10
-7.650000000000001
 20
-20.0
 30
-56.0
 40
1.5
  0
CIRCLE
  5
5A5
330
17
100
AcDbEntity
  8
0
100
AcDbCircle
 10
-7.650000000000001
 20
20.0
 30
-56.0
 40
1.5
  0
CIRCLE
  5
5A6
330
17
100
AcDbEntity
  8
0
100
AcDbCircle
 10
-7.650000000000001
 20
-20.0
 30
-56.0
 40
1.5
  0
LINE
  5
5A7
330
17
100
AcDbEntity
  8
0
100
AcDbLine
 10
-5.100000000000001
 20
-30.0
 30
-93.0
 11
-5.100000000000001
 21
-18.0
 31
-93.0
  0
LINE
  5
5A8
330
17
100
AcDbEntity
  8
0
100
AcDbLine
 10
-1.7763568394002505e-15
 20
-18.0
 30
-93.0
 11
-5.100000000000001
 21
-18.0
 31
-93.0
  0
LINE
  5
5A9
330
17
100
AcDbEntity
  8
0
100
AcDbLine
 10
-1.7763568394002505e-15
 20
-30.0
 30
-93.0
 11
-1.7763568394002505e-15
 21
-18.0
 31
-93.0
  0
LINE
  5
5AA
330
17
100
AcDbEntity
  8
0
100
AcDbLine
 10
-5.100000000000001
 20
-30.0
 30
-93.0
 11
-1.7763568394002505e-15
 21
-30.0
 31
-93.0
  0
LINE
  5
5AB
330
17
100
AcDbEntity
  8
0
100
AcDbLine
 10
-5.100000000000001
 20
-30.0
 30
-68.0
 11
-5.100000000000001
 21
-30.0
 31
-93.0
  0
LINE
  5
5AC
330
17
100
AcDbEntity
  8
0
100
AcDbLine
 10
-5.100000000000001
 20
-25.0
 30
-68.0
 11
-5.100000000000001
 21
-30.0
 31
-68.0
  0
LINE
  5
5AD
330
17
100
AcDbEntity
  8
0
100
AcDbLine
 10
-5.100000000000001
 20
-25.0
 30
-46.0
 11
-5.100000000000001
 21
-25.0
 31
-68.0
  0
LINE
  5
5AE
330
17
100
AcDbEntity
  8
0
100
AcDbLine
 10
-5.100000000000001
 20
25.0
 30
-46.0
 11
-5.100000000000001
 21
-25.0
 31
-46.0
  0
LINE
  5
5AF
330
17
100
AcDbEntity
  8
0
100
AcDbLine
 10
-5.100000000000001
 20
25.0
 30
-68.0
 11
-5.100000000000001
 21
25.0
 31
-46.0
  0
LINE
  5
5B0
330
17
100
AcDbEntity
  8
0
100
AcDbLine
 10
-5.100000000000001
 20
30.0
 30
-68.0
 11
-5.100000000000001
 21
25.0
 31
-68.0
  0
LINE
  5
5B1
330
17
100
AcDbEntity
  8
0
100
AcDbLine
 10
-5.100000000000001
 20
30.0
 30
-93.0
 11
-5.100000000000001
 21
30.0
 31
-68.0
  0
LINE
  5
5B2
330
17
100
AcDbEntity
  8
0
100
AcDbLine
 10
-5.100000000000001
 20
18.0
 30
-93.0
 11
-5.100000000000001
 21
30.0
 31
-93.0
  0
LINE
  5
5B3
330
17
100
AcDbEntity
  8
0
100
AcDbLine
 10
-5.100000000000001
 20
18.0
 30
-93.0
 11
-5.100000000000001
 21
18.0
 31
-88.0
  0
LINE
  5
5B4
330
17
100
AcDbEntity
  8
0
100
AcDbLine
 10
-5.100000000000001
 20
18.0
 30
-88.0
 11
-5.100000000000001
 21
-18.0
 31
-88.0
  0
LINE
  5
5B5
330
17
100
AcDbEntity
  8
0
100
AcDbLine
 10
-5.100000000000001
 20
-18.0
 30
-88.0
 11
-5.100000000000001
 21
-18.0
 31
-93.0
  0
LINE
  5
5B6
330
17
100
AcDbEntity
  8
0
100
AcDbLine
 10
-5.100000000000001
 20
-30.0
 30
-93.0
 11
-5.100000000000001
 21
-18.0
 31
-93.0
  0
LINE
  5
5B7
330
17
100
AcDbEntity
  8
0
100
AcDbLine
 10
-5.100000000000001
 20
-18.0
 30
-88.0
 11
-5.100000000000001
 21
-18.0
 31
-93.0
  0
LINE
  5
5B8
330
17
100
AcDbEntity
  8
0
100
AcDbLine
 10
-5.100000000000001
 20
-18.0
 30
-88.0
 11
-1.7763568394002505e-15
 21
-18.0
 31
-88.0
  0
LINE
  5
5B9
330
17
100
AcDbEntity
  8
0
100
AcDbLine
 10
-1.7763568394002505e-15
 20
-18.0
 30
-88.0
 11
-1.7763568394002505e-15
 21
-18.0
 31
-93.0
  0
LINE
  5
5BA
330
17
100
AcDbEntity
  8
0
100
AcDbLine
 10
-1.7763568394002505e-15
 20
-18.0
 30
-93.0
 11
-5.100000000000001
 21
-18.0
 31
-93.0
  0
LINE
  5
5BB
330
17
100
AcDbEntity
  8
0
100
AcDbLine
 10
-1.7763568394002505e-15
 20
-30.0
 30
-68.0
 11
-1.7763568394002505e-15
 21
-30.0
 31
-93.0
  0
LINE
  5
5BC
330
17
100
AcDbEntity
  8
0
100
AcDbLine
 10
-1.7763568394002505e-15
 20
-30.0
 30
-93.0
 11
-1.7763568394002505e-15
 21
-18.0
 31
-93.0
  0
LINE
  5
5BD
330
17
100
AcDbEntity
  8
0
100
AcDbLine
 10
-1.7763568394002505e-15
 20
-18.0
 30
-88.0
 11
-1.7763568394002505e-15
 21
-18.0
 31
-93.0
  0
LINE
  5
5BE
330
17
100
AcDbEntity
  8
0
100
AcDbLine
 10
-1.7763568394002505e-15
 20
18.0
 30
-88.0
 11
-1.7763568394002505e-15
 21
-18.0
 31
-88.0
  0
LINE
  5
5BF
330
17
100
AcDbEntity
  8
0
100
AcDbLine
 10
-1.7763568394002505e-15
 20
18.0
 30
-93.0
 11
-1.7763568394002505e-15
 21
18.0
 31
-88.0
  0
LINE
  5
5C0
330
17
100
AcDbEntity
  8
0
100
AcDbLine
 10
-1.7763568394002505e-15
 20
18.0
 30
-93.0
 11
-1.7763568394002505e-15
 21
30.0
 31
-93.0
  0
LINE
  5
5C1
330
17
100
AcDbEntity
  8
0
100
AcDbLine
 10
-1.7763568394002505e-15
 20
30.0
 30
-93.0
 11
-1.7763568394002505e-15
 21
30.0
 31
-68.0
  0
LINE
  5
5C2
330
17
100
AcDbEntity
  8
0
100
AcDbLine
 10
-1.7763568394002505e-15
 20
30.0
 30
-68.0
 11
-1.7763568394002505e-15
 21
25.0
 31
-68.0
  0
LINE
  5
5C3
330
17
100
AcDbEntity
  8
0
100
AcDbLine
 10
-1.7763568394002505e-15
 20
25.0
 30
-68.0
 11
-1.7763568394002505e-15
 21
25.0
 31
-46.0
  0
LINE
  5
5C4
330
17
100
AcDbEntity
  8
0
100
AcDbLine
 10
-1.7763568394002505e-15
 20
25.0
 30
-46.0
 11
-1.7763568394002505e-15
 21
-25.0
 31
-46.0
  0
LINE
  5
5C5
330
17
100
AcDbEntity
  8
0
100
AcDbLine
 10
-1.7763568394002505e-15
 20
-25.0
 30
-46.0
 11
-1.7763568394002505e-15
 21
-25.0
 31
-68.0
  0
LINE
  5
5C6
330
17
100
AcDbEntity
  8
0
100
AcDbLine
 10
-1.7763568394002505e-15
 20
-25.0
 30
-68.0
 11
-1.7763568394002505e-15
 21
-30.0
 31
-68.0
  0
LINE
  5
5C7
330
17
100
AcDbEntity
  8
0
100
AcDbLine
 10
-5.100000000000001
 20
-30.0
 30
-68.0
 11
-1.7763568394002505e-15
 21
-30.0
 31
-68.0
  0
LINE
  5
5C8
330
17
100
AcDbEntity
  8
0
100
AcDbLine
 10
-5.100000000000001
 20
-30.0
 30
-68.0
 11
-5.100000000000001
 21
-30.0
 31
-93.0
  0
LINE
  5
5C9
330
17
100
AcDbEntity
  8
0
100
AcDbLine
 10
-5.100000000000001
 20
-30.0
 30
-93.0
 11
-1.7763568394002505e-15
 21
-30.0
 31
-93.0
  0
LINE
  5
5CA
330
17
100
AcDbEntity
  8
0
100
AcDbLine
 10
-1.7763568394002505e-15
 20
-30.0
 30
-68.0
 11
-1.7763568394002505e-15
 21
-30.0
 31
-93.0
  0
LINE
  5
5CB
330
17
100
AcDbEntity
  8
0
100
AcDbLine
 10
-5.100000000000001
 20
-25.0
 30
-68.0
 11
-1.7763568394002505e-15
 21
-25.0
 31
-68.0
  0
LINE
  5
5CC
330
17
100
AcDbEntity
  8
0
100
AcDbLine
 10
-5.100000000000001
 20
-25.0
 30
-68.0
 11
-5.100000000000001
 21
-30.0
 31
-68.0
  0
LINE
  5
5CD
330
17
100
AcDbEntity
  8
0
100
AcDbLine
 10
-5.100000000000001
 20
-30.0
 30
-68.0
 11
-1.7763568394002505e-15
 21
-30.0
 31
-68.0
  0
LINE
  5
5CE
330
17
100
AcDbEntity
  8
0
100
AcDbLine
 10
-1.7763568394002505e-15
 20
-25.0
 30
-68.0
 11
-1.7763568394002505e-15
 21
-30.0
 31
-68.0
  0
LINE
  5
5CF
330
17
100
AcDbEntity
  8
0
100
AcDbLine
 10
-5.100000000000001
 20
-25.0
 30
-46.0
 11
-1.7763568394002505e-15
 21
-25.0
 31
-46.0
  0
LINE
  5
5D0
330
17
100
AcDbEntity
  8
0
100
AcDbLine
 10
-5.100000000000001
 20
-25.0
 30
-46.0
 11
-5.100000000000001
 21
-25.0
 31
-68.0
  0
LINE
  5
5D1
330
17
100
AcDbEntity
  8
0
100
AcDbLine
 10
-5.100000000000001
 20
-25.0
 30
-68.0
 11
-1.7763568394002505e-15
 21
-25.0
 31
-68.0
  0
LINE
  5
5D2
330
17
100
AcDbEntity
  8
0
100
AcDbLine
 10
-1.7763568394002505e-15
 20
-25.0
 30
-46.0
 11
-1.7763568394002505e-15
 21
-25.0
 31
-68.0
  0
LINE
  5
5D3
330
17
100
AcDbEntity
  8
0
100
AcDbLine
 10
-5.100000000000001
 20
25.0
 30
-46.0
 11
-1.7763568394002505e-15
 21
25.0
 31
-46.0
  0
LINE
  5
5D4
330
17
100
AcDbEntity
  8
0
100
AcDbLine
 10
-5.100000000000001
 20
25.0
 30
-46.0
 11
-5.100000000000001
 21
-25.0
 31
-46.0
  0
LINE
  5
5D5
330
17
100
AcDbEntity
  8
0
100
AcDbLine
 10
-5.100000000000001
 20
-25.0
 30
-46.0
 11
-1.7763568394002505e-15
 21
-25.0
 31
-46.0
  0
LINE
  5
5D6
330
17
100
AcDbEntity
  8
0
100
AcDbLine
 10
-1.7763568394002505e-15
 20
25.0
 30
-46.0
 11
-1.7763568394002505e-15
 21
-25.0
 31
-46.0
  0
CIRCLE
  5
5D7
330
17
100
AcDbEntity
  8
0
100
AcDbCircle
 10
-2.5500000000000016
 20
20.0
 30
-46.0
 40
1.5
  0
CIRCLE
  5
5D8
330
17
100
AcDbEntity
  8
0
100
AcDbCircle
 10
-2.5500000000000016
 20
-20.0
 30
-46.0
 40
1.5
  0
LINE
  5
5D9
330
17
100
AcDbEntity
  8
0
100
AcDbLine
 10
-5.100000000000001
 20
25.0
 30
-68.0
 11
-1.7763568394002505e-15
 21
25.0
 31
-68.0
  0
LINE
  5
5DA
330
17
100
AcDbEntity
  8
0
100
AcDbLine
 10
-5.100000000000001
 20
25.0
 30
-68.0
 11
-5.100000000000001
 21
25.0
 31
-46.0
  0
LINE
  5
5DB
330
17
100
AcDbEntity
  8
0
100
AcDbLine
 10
-5.100000000000001
 20
25.0
 30
-46.0
 11
-1.7763568394002505e-15
 21
25.0
 31
-46.0
  0
LINE
  5
5DC
330
17
100
AcDbEntity
  8
0
100
AcDbLine
 10
-1.7763568394002505e-15
 20
25.0
 30
-68.0
 11
-1.7763568394002505e-15
 21
25.0
 31
-46.0
  0
LINE
  5
5DD
330
17
100
AcDbEntity
  8
0
100
AcDbLine
 10
-5.100000000000001
 20
30.0
 30
-68.0
 11
-1.7763568394002505e-15
 21
30.0
 31
-68.0
  0
LINE
  5
5DE
330
17
100
AcDbEntity
  8
0
100
AcDbLine
 10
-5.100000000000001
 20
30.0
 30
-68.0
 11
-5.100000000000001
 21
25.0
 31
-68.0
  0
LINE
  5
5DF
330
17
100
AcDbEntity
  8
0
100
AcDbLine
 10
-5.100000000000001
 20
25.0
 30
-68.0
 11
-1.7763568394002505e-15
 21
25.0
 31
-68.0
  0
LINE
  5
5E0
330
17
100
AcDbEntity
  8
0
100
AcDbLine
 10
-1.7763568394002505e-15
 20
30.0
 30
-68.0
 11
-1.7763568394002505e-15
 21
25.0
 31
-68.0
  0
LINE
  5
5E1
330
17
100
AcDbEntity
  8
0
100
AcDbLine
 10
-5.100000000000001
 20
30.0
 30
-93.0
 11
-1.7763568394002505e-15
 21
30.0
 31
-93.0
  0
LINE
  5
5E2
330
17
100
AcDbEntity
  8
0
100
AcDbLine
 10
-5.100000000000001
 20
30.0
 30
-93.0
 11
-5.100000000000001
 21
30.0
 31
-68.0
  0
LINE
  5
5E3
330
17
100
AcDbEntity
  8
0
100
AcDbLine
 10
-5.100000000000001
 20
30.0
 30
-68.0
 11
-1.7763568394002505e-15
 21
30.0
 31
-68.0
  0
LINE
  5
5E4
330
17
100
AcDbEntity
  8
0
100
AcDbLine
 10
-1.7763568394002505e-15
 20
30.0
 30
-93.0
 11
-1.7763568394002505e-15
 21
30.0
 31
-68.0
  0
LINE
  5
5E5
330
17
100
AcDbEntity
  8
0
100
AcDbLine
 10
-5.100000000000001
 20
18.0
 30
-93.0
 11
-5.100000000000001
 21
30.0
 31
-93.0
  0
LINE
  5
5E6
330
17
100
AcDbEntity
  8
0
100
AcDbLine
 10
-5.100000000000001
 20
30.0
 30
-93.0
 11
-1.7763568394002505e-15
 21
30.0
 31
-93.0
  0
LINE
  5
5E7
330
17
100
AcDbEntity
  8
0
100
AcDbLine
 10
-1.7763568394002505e-15
 20
18.0
 30
-93.0
 11
-1.7763568394002505e-15
 21
30.0
 31
-93.0
  0
LINE
  5
5E8
330
17
100
AcDbEntity
  8
0
100
AcDbLine
 10
-5.100000000000001
 20
18.0
 30
-93.0
 11
-1.7763568394002505e-15
 21
18.0
 31
-93.0
  0
LINE
  5
5E9
330
17
100
AcDbEntity
  8
0
100
AcDbLine
 10
-5.100000000000001
 20
18.0
 30
-93.0
 11
-5.100000000000001
 21
18.0
 31
-88.0
  0
LINE
  5
5EA
330
17
100
AcDbEntity
  8
0
100
AcDbLine
 10
-5.100000000000001
 20
18.0
 30
-93.0
 11
-1.7763568394002505e-15
 21
18.0
 31
-93.0
  0
LINE
  5
5EB
330
17
100
AcDbEntity
  8
0
100
AcDbLine
 10
-1.7763568394002505e-15
 20
18.0
 30
-93.0
 11
-1.7763568394002505e-15
 21
18.0
 31
-88.0
  0
LINE
  5
5EC
330
17
100
AcDbEntity
  8
0
100
AcDbLine
 10
-5.100000000000001
 20
18.0
 30
-88.0
 11
-1.7763568394002505e-15
 21
18.0
 31
-88.0
  0
LINE
  5
5ED
330
17
100
AcDbEntity
  8
0
100
AcDbLine
 10
-5.100000000000001
 20
18.0
 30
-88.0
 11
-1.7763568394002505e-15
 21
18.0
 31
-88.0
  0
LINE
  5
5EE
330
17
100
AcDbEntity
  8
0
100
AcDbLine
 10
-1.7763568394002505e-15
 20
18.0
 30
-88.0
 11
-1.7763568394002505e-15
 21
-18.0
 31
-88.0
  0
LINE
  5
5EF
330
17
100
AcDbEntity
  8
0
100
AcDbLine
 10
-5.100000000000001
 20
-18.0
 30
-88.0
 11
-1.7763568394002505e-15
 21
-18.0
 31
-88.0
  0
LINE
  5
5F0
330
17
100
AcDbEntity
  8
0
100
AcDbLine
 10
-5.100000000000001
 20
18.0
 30
-88.0
 11
-5.100000000000001
 21
-18.0
 31
-88.0
  0
LINE
  5
5F1
330
17
100
AcDbEntity
  8
0
100
AcDbLine
 10
-1.0500000000000016
 20
20.0
 30
-46.0
 11
-1.0500000000000016
 21
20.0
 31
-56.0
  0
CIRCLE
  5
5F2
330
17
100
AcDbEntity
  8
0
100
AcDbCircle
 10
-2.5500000000000016
 20
20.0
 30
-46.0
 40
1.5
  0
LINE
  5
5F3
330
17
100
AcDbEntity
  8
0
100
AcDbLine
 10
-1.0500000000000016
 20
20.0
 30
-46.0
 11
-1.0500000000000016
 21
20.0
 31
-56.0
  0
CIRCLE
  5
5F4
330
17
100
AcDbEntity
  8
0
100
AcDbCircle
 10
-2.5500000000000016
 20
20.0
 30
-56.0
 40
1.5
  0
LINE
  5
5F5
330
17
100
AcDbEntity
  8
0
100
AcDbLine
 10
-1.0500000000000016
 20
-20.0
 30
-46.0
 11
-1.0500000000000016
 21
-20.0
 31
-56.0
  0
CIRCLE
  5
5F6
330
17
100
AcDbEntity
  8
0
100
AcDbCircle
 10
-2.5500000000000016
 20
-20.0
 30
-46.0
 40
1.5
  0
LINE
  5
5F7
330
17
100
AcDbEntity
  8
0
100
AcDbLine
 10
-1.0500000000000016
 20
-20.0
 30
-46.0
 11
-1.0500000000000016
 21
-20.0
 31
-56.0
  0
CIRCLE
  5
5F8
330
17
100
AcDbEntity
  8
0
100
AcDbCircle
 10
-2.5500000000000016
 20
-20.0
 30
-56.0
 40
1.5
  0
CIRCLE
  5
5F9
330
17
100
AcDbEntity
  8
0
100
AcDbCircle
 10
-2.5500000000000016
 20
20.0
 30
-56.0
 40
1.5
  0
CIRCLE
  5
5FA
330
17
100
AcDbEntity
  8
0
100
AcDbCircle
 10
-2.5500000000000016
 20
-20.0
 30
-56.0
 40
1.5
  0
LINE
  5
5FB
330
17
100
AcDbEntity
  8
0
100
AcDbLine
 10
0.0
 20
-30.0
 30
-93.0
 11
0.0
 21
-18.0
 31
-93.0
  0
LINE
  5
5FC
330
17
100
AcDbEntity
  8
0
100
AcDbLine
 10
5.1
 20
-18.0
 30
-93.0
 11
0.0
 21
-18.0
 31
-93.0
  0
LINE
  5
5FD
330
17
100
AcDbEntity
  8
0
100
AcDbLine
 10
5.1
 20
-30.0
 30
-93.0
 11
5.1
 21
-18.0
 31
-93.0
  0
LINE
  5
5FE
330
17
100
AcDbEntity
  8
0
100
AcDbLine
 10
0.0
 20
-30.0
 30
-93.0
 11
5.1
 21
-30.0
 31
-93.0
  0
LINE
  5
5FF
330
17
100
AcDbEntity
  8
0
100
AcDbLine
 10
0.0
 20
-30.0
 30
-68.0
 11
0.0
 21
-30.0
 31
-93.0
  0
LINE
  5
600
330
17
100
AcDbEntity
  8
0
100
AcDbLine
 10
0.0
 20
-25.0
 30
-68.0
 11
0.0
 21
-30.0
 31
-68.0
  0
LINE
  5
601
330
17
100
AcDbEntity
  8
0
100
AcDbLine
 10
0.0
 20
-25.0
 30
-46.0
 11
0.0
 21
-25.0
 31
-68.0
  0
LINE
  5
602
330
17
100
AcDbEntity
  8
0
100
AcDbLine
 10
0.0
 20
25.0
 30
-46.0
 11
0.0
 21
-25.0
 31
-46.0
  0
LINE
  5
603
330
17
100
AcDbEntity
  8
0
100
AcDbLine
 10
0.0
 20
25.0
 30
-68.0
 11
0.0
 21
25.0
 31
-46.0
  0
LINE
  5
604
330
17
100
AcDbEntity
  8
0
100
AcDbLine
 10
0.0
 20
30.0
 30
-68.0
 11
0.0
 21
25.0
 31
-68.0
  0
LINE
  5
605
330
17
100
AcDbEntity
  8
0
100
AcDbLine
 10
0.0
 20
30.0
 30
-93.0
 11
0.0
 21
30.0
 31
-68.0
  0
LINE
  5
606
330
17
100
AcDbEntity
  8
0
100
AcDbLine
 10
0.0
 20
18.0
 30
-93.0
 11
0.0
 21
30.0
 31
-93.0
  0
LINE
  5
607
330
17
100
AcDbEntity
  8
0
100
AcDbLine
 10
0.0
 20
18.0
 30
-93.0
 11
0.0
 21
18.0
 31
-88.0
  0
LINE
  5
608
330
17
100
AcDbEntity
  8
0
100
AcDbLine
 10
0.0
 20
18.0
 30
-88.0
 11
0.0
 21
-18.0
 31
-88.0
  0
LINE
  5
609
330
17
100
AcDbEntity
  8
0
100
AcDbLine
 10
0.0
 20
-18.0
 30
-88.0
 11
0.0
 21
-18.0
 31
-93.0
  0
LINE
  5
60A
330
17
100
AcDbEntity
  8
0
100
AcDbLine
 10
0.0
 20
-30.0
 30
-93.0
 11
0.0
 21
-18.0
 31
-93.0
  0
LINE
  5
60B
330
17
100
AcDbEntity
  8
0
100
AcDbLine
 10
0.0
 20
-18.0
 30
-88.0
 11
0.0
 21
-18.0
 31
-93.0
  0
LINE
  5
60C
330
17
100
AcDbEntity
  8
0
100
AcDbLine
 10
0.0
 20
-18.0
 30
-88.0
 11
5.1
 21
-18.0
 31
-88.0
  0
LINE
  5
60D
330
17
100
AcDbEntity
  8
0
100
AcDbLine
 10
5.1
 20
-18.0
 30
-88.0
 11
5.1
 21
-18.0
 31
-93.0
  0
LINE
  5
60E
330
17
100
AcDbEntity
  8
0
100
AcDbLine
 10
5.1
 20
-18.0
 30
-93.0
 11
0.0
 21
-18.0
 31
-93.0
  0
LINE
  5
60F
330
17
100
AcDbEntity
  8
0
100
AcDbLine
 10
5.1
 20
-30.0
 30
-68.0
 11
5.1
 21
-30.0
 31
-93.0
  0
LINE
  5
610
330
17
100
AcDbEntity
  8
0
100
AcDbLine
 10
5.1
 20
-30.0
 30
-93.0
 11
5.1
 21
-18.0
 31
-93.0
  0
LINE
  5
611
330
17
100
AcDbEntity
  8
0
100
AcDbLine
 10
5.1
 20
-18.0
 30
-88.0
 11
5.1
 21
-18.0
 31
-93.0
  0
LINE
  5
612
330
17
100
AcDbEntity
  8
0
100
AcDbLine
 10
5.1
 20
18.0
 30
-88.0
 11
5.1
 21
-18.0
 31
-88.0
  0
LINE
  5
613
330
17
100
AcDbEntity
  8
0
100
AcDbLine
 10
5.1
 20
18.0
 30
-93.0
 11
5.1
 21
18.0
 31
-88.0
  0
LINE
  5
614
330
17
100
AcDbEntity
  8
0
100
AcDbLine
 10
5.1
 20
18.0
 30
-93.0
 11
5.1
 21
30.0
 31
-93.0
  0
LINE
  5
615
330
17
100
AcDbEntity
  8
0
100
AcDbLine
 10
5.1
 20
30.0
 30
-93.0
 11
5.1
 21
30.0
 31
-68.0
  0
LINE
  5
616
330
17
100
AcDbEntity
  8
0
100
AcDbLine
 10
5.1
 20
30.0
 30
-68.0
 11
5.1
 21
25.0
 31
-68.0
  0
LINE
  5
617
330
17
100
AcDbEntity
  8
0
100
AcDbLine
 10
5.1
 20
25.0
 30
-68.0
 11
5.1
 21
25.0
 31
-46.0
  0
LINE
  5
618
330
17
100
AcDbEntity
  8
0
100
AcDbLine
 10
5.1
 20
25.0
 30
-46.0
 11
5.1
 21
-25.0
 31
-46.0
  0
LINE
  5
619
330
17
100
AcDbEntity
  8
0
100
AcDbLine
 10
5.1
 20
-25.0
 30
-46.0
 11
5.1
 21
-25.0
 31
-68.0
  0
LINE
  5
61A
330
17
100
AcDbEntity
  8
0
100
AcDbLine
 10
5.1
 20
-25.0
 30
-68.0
 11
5.1
 21
-30.0
 31
-68.0
  0
LINE
  5
61B
330
17
100
AcDbEntity
  8
0
100
AcDbLine
 10
0.0
 20
-30.0
 30
-68.0
 11
5.1
 21
-30.0
 31
-68.0
  0
LINE
  5
61C
330
17
100
AcDbEntity
  8
0
100
AcDbLine
 10
0.0
 20
-30.0
 30
-68.0
 11
0.0
 21
-30.0
 31
-93.0
  0
LINE
  5
61D
330
17
100
AcDbEntity
  8
0
100
AcDbLine
 10
0.0
 20
-30.0
 30
-93.0
 11
5.1
 21
-30.0
 31
-93.0
  0
LINE
  5
61E
330
17
100
AcDbEntity
  8
0
100
AcDbLine
 10
5.1
 20
-30.0
 30
-68.0
 11
5.1
 21
-30.0
 31
-93.0
  0
LINE
  5
61F
330
17
100
AcDbEntity
  8
0
100
AcDbLine
 10
0.0
 20
-25.0
 30
-68.0
 11
5.1
 21
-25.0
 31
-68.0
  0
LINE
  5
620
330
17
100
AcDbEntity
  8
0
100
AcDbLine
 10
0.0
 20
-25.0
 30
-68.0
 11
0.0
 21
-30.0
 31
-68.0
  0
LINE
  5
621
330
17
100
AcDbEntity
  8
0
100
AcDbLine
 10
0.0
 20
-30.0
 30
-68.0
 11
5.1
 21
-30.0
 31
-68.0
  0
LINE
  5
622
330
17
100
AcDbEntity
  8
0
100
AcDbLine
 10
5.1
 20
-25.0
 30
-68.0
 11
5.1
 21
-30.0
 31
-68.0
  0
LINE
  5
623
330
17
100
AcDbEntity
  8
0
100
AcDbLine
 10
0.0
 20
-25.0
 30
-46.0
 11
5.1
 21
-25.0
 31
-46.0
  0
LINE
  5
624
330
17
100
AcDbEntity
  8
0
100
AcDbLine
 10
0.0
 20
-25.0
 30
-46.0
 11
0.0
 21
-25.0
 31
-68.0
  0
LINE
  5
625
330
17
100
AcDbEntity
  8
0
100
AcDbLine
 10
0.0
 20
-25.0
 30
-68.0
 11
5.1
 21
-25.0
 31
-68.0
  0
LINE
  5
626
330
17
100
AcDbEntity
  8
0
100
AcDbLine
 10
5.1
 20
-25.0
 30
-46.0
 11
5.1
 21
-25.0
 31
-68.0
  0
LINE
  5
627
330
17
100
AcDbEntity
  8
0
100
AcDbLine
 10
0.0
 20
25.0
 30
-46.0
 11
5.1
 21
25.0
 31
-46.0
  0
LINE
  5
628
330
17
100
AcDbEntity
  8
0
100
AcDbLine
 10
0.0
 20
25.0
 30
-46.0
 11
0.0
 21
-25.0
 31
-46.0
  0
LINE
  5
629
330
17
100
AcDbEntity
  8
0
100
AcDbLine
 10
0.0
 20
-25.0
 30
-46.0
 11
5.1
 21
-25.0
 31
-46.0
  0
LINE
  5
62A
330
17
100
AcDbEntity
  8
0
100
AcDbLine
 10
5.1
 20
25.0
 30
-46.0
 11
5.1
 21
-25.0
 31
-46.0
  0
CIRCLE
  5
62B
330
17
100
AcDbEntity
  8
0
100
AcDbCircle
 10
2.55
 20
20.0
 30
-46.0
 40
1.5
  0
CIRCLE
  5
62C
330
17
100
AcDbEntity
  8
0
100
AcDbCircle
 10
2.55
 20
-20.0
 30
-46.0
 40
1.5
  0
LINE
  5
62D
330
17
100
AcDbEntity
  8
0
100
AcDbLine
 10
0.0
 20
25.0
 30
-68.0
 11
5.1
 21
25.0
 31
-68.0
  0
LINE
  5
62E
330
17
100
AcDbEntity
  8
0
100
AcDbLine
 10
0.0
 20
25.0
 30
-68.0
 11
0.0
 21
25.0
 31
-46.0
  0
LINE
  5
62F
330
17
100
AcDbEntity
  8
0
100
AcDbLine
 10
0.0
 20
25.0
 30
-46.0
 11
5.1
 21
25.0
 31
-46.0
  0
LINE
  5
630
330
17
100
AcDbEntity
  8
0
100
AcDbLine
 10
5.1
 20
25.0
 30
-68.0
 11
5.1
 21
25.0
 31
-46.0
  0
LINE
  5
631
330
17
100
AcDbEntity
  8
0
100
AcDbLine
 10
0.0
 20
30.0
 30
-68.0
 11
5.1
 21
30.0
 31
-68.0
  0
LINE
  5
632
330
17
100
AcDbEntity
  8
0
100
AcDbLine
 10
0.0
 20
30.0
 30
-68.0
 11
0.0
 21
25.0
 31
-68.0
  0
LINE
  5
633
330
17
100
AcDbEntity
  8
0
100
AcDbLine
 10
0.0
 20
25.0
 30
-68.0
 11
5.1
 21
25.0
 31
-68.0
  0
LINE
  5
634
330
17
100
AcDbEntity
  8
0
100
AcDbLine
 10
5.1
 20
30.0
 30
-68.0
 11
5.1
 21
25.0
 31
-68.0
  0
LINE
  5
635
330
17
100
AcDbEntity
  8
0
100
AcDbLine
 10
0.0
 20
30.0
 30
-93.0
 11
5.1
 21
30.0
 31
-93.0
  0
LINE
  5
636
330
17
100
AcDbEntity
  8
0
100
AcDbLine
 10
0.0
 20
30.0
 30
-93.0
 11
0.0
 21
30.0
 31
-68.0
  0
LINE
  5
637
330
17
100
AcDbEntity
  8
0
100
AcDbLine
 10
0.0
 20
30.0
 30
-68.0
 11
5.1
 21
30.0
 31
-68.0
  0
LINE
  5
638
330
17
100
AcDbEntity
  8
0
100
AcDbLine
 10
5.1
 20
30.0
 30
-93.0
 11
5.1
 21
30.0
 31
-68.0
  0
LINE
  5
639
330
17
100
AcDbEntity
  8
0
100
AcDbLine
 10
0.0
 20
18.0
 30
-93.0
 11
0.0
 21
30.0
 31
-93.0
  0
LINE
  5
63A
330
17
100
AcDbEntity
  8
0
100
AcDbLine
 10
0.0
 20
30.0
 30
-93.0
 11
5.1
 21
30.0
 31
-93.0
  0
LINE
  5
63B
330
17
100
AcDbEntity
  8
0
100
AcDbLine
 10
5.1
 20
18.0
 30
-93.0
 11
5.1
 21
30.0
 31
-93.0
  0
LINE
  5
63C
330
17
100
AcDbEntity
  8
0
100
AcDbLine
 10
0.0
 20
18.0
 30
-93.0
 11
5.1
 21
18.0
 31
-93.0
  0
LINE
  5
63D
330
17
100
AcDbEntity
  8
0
100
AcDbLine
 10
0.0
 20
18.0
 30
-93.0
 11
0.0
 21
18.0
 31
-88.0
  0
LINE
  5
63E
330
17
100
AcDbEntity
  8
0
100
AcDbLine
 10
0.0
 20
18.0
 30
-93.0
 11
5.1
 21
18.0
 31
-93.0
  0
LINE
  5
63F
330
17
100
AcDbEntity
  8
0
100
AcDbLine
 10
5.1
 20
18.0
 30
-93.0
 11
5.1
 21
18.0
 31
-88.0
  0
LINE
  5
640
330
17
100
AcDbEntity
  8
0
100
AcDbLine
 10
0.0
 20
18.0
 30
-88.0
 11
5.1
 21
18.0
 31
-88.0
  0
LINE
  5
641
330
17
100
AcDbEntity
  8
0
100
AcDbLine
 10
0.0
 20
18.0
 30
-88.0
 11
5.1
 21
18.0
 31
-88.0
  0
LINE
  5
642
330
17
100
AcDbEntity
  8
0
100
AcDbLine
 10
5.1
 20
18.0
 30
-88.0
 11
5.1
 21
-18.0
 31
-88.0
  0
LINE
  5
643
330
17
100
AcDbEntity
  8
0
100
AcDbLine
 10
0.0
 20
-18.0
 30
-88.0
 11
5.1
 21
-18.0
 31
-88.0
  0
LINE
  5
644
330
17
100
AcDbEntity
  8
0
100
AcDbLine
 10
0.0
 20
18.0
 30
-88.0
 11
0.0
 21
-18.0
 31
-88.0
  0
LINE
  5
645
330
17
100
AcDbEntity
  8
0
100
AcDbLine
 10
4.05
 20
20.0
 30
-46.0
 11
4.05
 21
20.0
 31
-56.0
  0
CIRCLE
  5
646
330
17
100
AcDbEntity
  8
0
100
AcDbCircle
 10
2.55
 20
20.0
 30
-46.0
 40
1.5
  0
LINE
  5
647
330
17
100
AcDbEntity
  8
0
100
AcDbLine
 10
4.05
 20
20.0
 30
-46.0
 11
4.05
 21
20.0
 31
-56.0
  0
CIRCLE
  5
648
330
17
100
AcDbEntity
  8
0
100
AcDbCircle
 10
2.55
 20
20.0
 30
-56.0
 40
1.5
  0
LINE
  5
649
330
17
100
AcDbEntity
  8
0
100
AcDbLine
 10
4.05
 20
-20.0
 30
-46.0
 11
4.05
 21
-20.0
 31
-56.0
  0
CIRCLE
  5
64A
330
17
100
AcDbEntity
  8
0
100
AcDbCircle
 10
2.55
 20
-20.0
 30
-46.0
 40
1.5
  0
LINE
  5
64B
330
17
100
AcDbEntity
  8
0
100
AcDbLine
 10
4.05
 20
-20.0
 30
-46.0
 11
4.05
 21
-20.0
 31
-56.0
  0
CIRCLE
  5
64C
330
17
100
AcDbEntity
  8
0
100
AcDbCircle
 10
2.55
 20
-20.0
 30
-56.0
 40
1.5
  0
CIRCLE
  5
64D
330
17
100
AcDbEntity
  8
0
100
AcDbCircle
 10
2.55
 20
20.0
 30
-56.0
 40
1.5
  0
CIRCLE
  5
64E
330
17
100
AcDbEntity
  8
0
100
AcDbCircle
 10
2.55
 20
-20.0
 30
-56.0
 40
1.5
  0
LINE
  5
64F
330
17
100
AcDbEntity
  8
0
100
AcDbLine
 10
5.099999999999998
 20
-30.0
 30
-93.0
 11
5.099999999999998
 21
-18.0
 31
-93.0
  0
LINE
  5
650
330
17
100
AcDbEntity
  8
0
100
AcDbLine
 10
10.199999999999998
 20
-18.0
 30
-93.0
 11
5.099999999999998
 21
-18.0
 31
-93.0
  0
LINE
  5
651
330
17
100
AcDbEntity
  8
0
100
AcDbLine
 10
10.199999999999998
 20
-30.0
 30
-93.0
 11
10.199999999999998
 21
-18.0
 31
-93.0
  0
LINE
  5
652
330
17
100
AcDbEntity
  8
0
100
AcDbLine
 10
5.099999999999998
 20
-30.0
 30
-93.0
 11
10.199999999999998
 21
-30.0
 31
-93.0
  0
LINE
  5
653
330
17
100
AcDbEntity
  8
0
100
AcDbLine
 10
5.099999999999998
 20
-30.0
 30
-68.0
 11
5.099999999999998
 21
-30.0
 31
-93.0
  0
LINE
  5
654
330
17
100
AcDbEntity
  8
0
100
AcDbLine
 10
5.099999999999998
 20
-25.0
 30
-68.0
 11
5.099999999999998
 21
-30.0
 31
-68.0
  0
LINE
  5
655
330
17
100
AcDbEntity
  8
0
100
AcDbLine
 10
5.099999999999998
 20
-25.0
 30
-46.0
 11
5.099999999999998
 21
-25.0
 31
-68.0
  0
LINE
  5
656
330
17
100
AcDbEntity
  8
0
100
AcDbLine
 10
5.099999999999998
 20
25.0
 30
-46.0
 11
5.099999999999998
 21
-25.0
 31
-46.0
  0
LINE
  5
657
330
17
100
AcDbEntity
  8
0
100
AcDbLine
 10
5.099999999999998
 20
25.0
 30
-68.0
 11
5.099999999999998
 21
25.0
 31
-46.0
  0
LINE
  5
658
330
17
100
AcDbEntity
  8
0
100
AcDbLine
 10
5.099999999999998
 20
30.0
 30
-68.0
 11
5.099999999999998
 21
25.0
 31
-68.0
  0
LINE
  5
659
330
17
100
AcDbEntity
  8
0
100
AcDbLine
 10
5.099999999999998
 20
30.0
 30
-93.0
 11
5.099999999999998
 21
30.0
 31
-68.0
  0
LINE
  5
65A
330
17
100
AcDbEntity
  8
0
100
AcDbLine
 10
5.099999999999998
 20
18.0
 30
-93.0
 11
5.099999999999998
 21
30.0
 31
-93.0
  0
LINE
  5
65B
330
17
100
AcDbEntity
  8
0
100
AcDbLine
 10
5.099999999999998
 20
18.0
 30
-93.0
 11
5.099999999999998
 21
18.0
 31
-88.0
  0
LINE
  5
65C
330
17
100
AcDbEntity
  8
0
100
AcDbLine
 10
5.099999999999998
 20
18.0
 30
-88.0
 11
5.099999999999998
 21
-18.0
 31
-88.0
  0
LINE
  5
65D
330
17
100
AcDbEntity
  8
0
100
AcDbLine
 10
5.099999999999998
 20
-18.0
 30
-88.0
 11
5.099999999999998
 21
-18.0
 31
-93.0
  0
LINE
  5
65E
330
17
100
AcDbEntity
  8
0
100
AcDbLine
 10
5.099999999999998
 20
-30.0
 30
-93.0
 11
5.099999999999998
 21
-18.0
 31
-93.0
  0
LINE
  5
65F
330
17
100
AcDbEntity
  8
0
100
AcDbLine
 10
5.099999999999998
 20
-18.0
 30
-88.0
 11
5.099999999999998
 21
-18.0
 31
-93.0
  0
LINE
  5
660
330
17
100
AcDbEntity
  8
0
100
AcDbLine
 10
5.099999999999998
 20
-18.0
 30
-88.0
 11
10.199999999999998
 21
-18.0
 31
-88.0
  0
LINE
  5
661
330
17
100
AcDbEntity
  8
0
100
AcDbLine
 10
10.199999999999998
 20
-18.0
 30
-88.0
 11
10.199999999999998
 21
-18.0
 31
-93.0
  0
LINE
  5
662
330
17
100
AcDbEntity
  8
0
100
AcDbLine
 10
10.199999999999998
 20
-18.0
 30
-93.0
 11
5.099999999999998
 21
-18.0
 31
-93.0
  0
LINE
  5
663
330
17
100
AcDbEntity
  8
0
100
AcDbLine
 10
10.199999999999998
 20
-30.0
 30
-68.0
 11
10.199999999999998
 21
-30.0
 31
-93.0
  0
LINE
  5
664
330
17
100
AcDbEntity
  8
0
100
AcDbLine
 10
10.199999999999998
 20
-30.0
 30
-93.0
 11
10.199999999999998
 21
-18.0
 31
-93.0
  0
LINE
  5
665
330
17
100
AcDbEntity
  8
0
100
AcDbLine
 10
10.199999999999998
 20
-18.0
 30
-88.0
 11
10.199999999999998
 21
-18.0
 31
-93.0
  0
LINE
  5
666
330
17
100
AcDbEntity
  8
0
100
AcDbLine
 10
10.199999999999998
 20
18.0
 30
-88.0
 11
10.199999999999998
 21
-18.0
 31
-88.0
  0
LINE
  5
667
330
17
100
AcDbEntity
  8
0
100
AcDbLine
 10
10.199999999999998
 20
18.0
 30
-93.0
 11
10.199999999999998
 21
18.0
 31
-88.0
  0
LINE
  5
668
330
17
100
AcDbEntity
  8
0
100
AcDbLine
 10
10.199999999999998
 20
18.0
 30
-93.0
 11
10.199999999999998
 21
30.0
 31
-93.0
  0
LINE
  5
669
330
17
100
AcDbEntity
  8
0
100
AcDbLine
 10
10.199999999999998
 20
30.0
 30
-93.0
 11
10.199999999999998
 21
30.0
 31
-68.0
  0
LINE
  5
66A
330
17
100
AcDbEntity
  8
0
100
AcDbLine
 10
10.199999999999998
 20
30.0
 30
-68.0
 11
10.199999999999998
 21
25.0
 31
-68.0
  0
LINE
  5
66B
330
17
100
AcDbEntity
  8
0
100
AcDbLine
 10
10.199999999999998
 20
25.0
 30
-68.0
 11
10.199999999999998
 21
25.0
 31
-46.0
  0
LINE
  5
66C
330
17
100
AcDbEntity
  8
0
100
AcDbLine
 10
10.199999999999998
 20
25.0
 30
-46.0
 11
10.199999999999998
 21
-25.0
 31
-46.0
  0
LINE
  5
66D
330
17
100
AcDbEntity
  8
0
100
AcDbLine
 10
10.199999999999998
 20
-25.0
 30
-46.0
 11
10.199999999999998
 21
-25.0
 31
-68.0
  0
LINE
  5
66E
330
17
100
AcDbEntity
  8
0
100
AcDbLine
 10
10.199999999999998
 20
-25.0
 30
-68.0
 11
10.199999999999998
 21
-30.0
 31
-68.0
  0
LINE
  5
66F
330
17
100
AcDbEntity
  8
0
100
AcDbLine
 10
5.099999999999998
 20
-30.0
 30
-68.0
 11
10.199999999999998
 21
-30.0
 31
-68.0
  0
LINE
  5
670
330
17
100
AcDbEntity
  8
0
100
AcDbLine
 10
5.099999999999998
 20
-30.0
 30
-68.0
 11
5.099999999999998
 21
-30.0
 31
-93.0
  0
LINE
  5
671
330
17
100
AcDbEntity
  8
0
100
AcDbLine
 10
5.099999999999998
 20
-30.0
 30
-93.0
 11
10.199999999999998
 21
-30.0
 31
-93.0
  0
LINE
  5
672
330
17
100
AcDbEntity
  8
0
100
AcDbLine
 10
10.199999999999998
 20
-30.0
 30
-68.0
 11
10.199999999999998
 21
-30.0
 31
-93.0
  0
LINE
  5
673
330
17
100
AcDbEntity
  8
0
100
AcDbLine
 10
5.099999999999998
 20
-25.0
 30
-68.0
 11
10.199999999999998
 21
-25.0
 31
-68.0
  0
LINE
  5
674
330
17
100
AcDbEntity
  8
0
100
AcDbLine
 10
5.099999999999998
 20
-25.0
 30
-68.0
 11
5.099999999999998
 21
-30.0
 31
-68.0
  0
LINE
  5
675
330
17
100
AcDbEntity
  8
0
100
AcDbLine
 10
5.099999999999998
 20
-30.0
 30
-68.0
 11
10.199999999999998
 21
-30.0
 31
-68.0
  0
LINE
  5
676
330
17
100
AcDbEntity
  8
0
100
AcDbLine
 10
10.199999999999998
 20
-25.0
 30
-68.0
 11
10.199999999999998
 21
-30.0
 31
-68.0
  0
LINE
  5
677
330
17
100
AcDbEntity
  8
0
100
AcDbLine
 10
5.099999999999998
 20
-25.0
 30
-46.0
 11
10.199999999999998
 21
-25.0
 31
-46.0
  0
LINE
  5
678
330
17
100
AcDbEntity
  8
0
100
AcDbLine
 10
5.099999999999998
 20
-25.0
 30
-46.0
 11
5.099999999999998
 21
-25.0
 31
-68.0
  0
LINE
  5
679
330
17
100
AcDbEntity
  8
0
100
AcDbLine
 10
5.099999999999998
 20
-25.0
 30
-68.0
 11
10.199999999999998
 21
-25.0
 31
-68.0
  0
LINE
  5
67A
330
17
100
AcDbEntity
  8
0
100
AcDbLine
 10
10.199999999999998
 20
-25.0
 30
-46.0
 11
10.199999999999998
 21
-25.0
 31
-68.0
  0
LINE
  5
67B
330
17
100
AcDbEntity
  8
0
100
AcDbLine
 10
5.099999999999998
 20
25.0
 30
-46.0
 11
10.199999999999998
 21
25.0
 31
-46.0
  0
LINE
  5
67C
330
17
100
AcDbEntity
  8
0
100
AcDbLine
 10
5.099999999999998
 20
25.0
 30
-46.0
 11
5.099999999999998
 21
-25.0
 31
-46.0
  0
LINE
  5
67D
330
17
100
AcDbEntity
  8
0
100
AcDbLine
 10
5.099999999999998
 20
-25.0
 30
-46.0
 11
10.199999999999998
 21
-25.0
 31
-46.0
  0
LINE
  5
67E
330
17
100
AcDbEntity
  8
0
100
AcDbLine
 10
10.199999999999998
 20
25.0
 30
-46.0
 11
10.199999999999998
 21
-25.0
 31
-46.0
  0
CIRCLE
  5
67F
330
17
100
AcDbEntity
  8
0
100
AcDbCircle
 10
7.649999999999998
 20
20.0
 30
-46.0
 40
1.5
  0
CIRCLE
  5
680
330
17
100
AcDbEntity
  8
0
100
AcDbCircle
 10
7.649999999999998
 20
-20.0
 30
-46.0
 40
1.5
  0
LINE
  5
681
330
17
100
AcDbEntity
  8
0
100
AcDbLine
 10
5.099999999999998
 20
25.0
 30
-68.0
 11
10.199999999999998
 21
25.0
 31
-68.0
  0
LINE
  5
682
330
17
100
AcDbEntity
  8
0
100
AcDbLine
 10
5.099999999999998
 20
25.0
 30
-68.0
 11
5.099999999999998
 21
25.0
 31
-46.0
  0
LINE
  5
683
330
17
100
AcDbEntity
  8
0
100
AcDbLine
 10
5.099999999999998
 20
25.0
 30
-46.0
 11
10.199999999999998
 21
25.0
 31
-46.0
  0
LINE
  5
684
330
17
100
AcDbEntity
  8
0
100
AcDbLine
 10
10.199999999999998
 20
25.0
 30
-68.0
 11
10.199999999999998
 21
25.0
 31
-46.0
  0
LINE
  5
685
330
17
100
AcDbEntity
  8
0
100
AcDbLine
 10
5.099999999999998
 20
30.0
 30
-68.0
 11
10.199999999999998
 21
30.0
 31
-68.0
  0
LINE
  5
686
330
17
100
AcDbEntity
  8
0
100
AcDbLine
 10
5.099999999999998
 20
30.0
 30
-68.0
 11
5.099999999999998
 21
25.0
 31
-68.0
  0
LINE
  5
687
330
17
100
AcDbEntity
  8
0
100
AcDbLine
 10
5.099999999999998
 20
25.0
 30
-68.0
 11
10.199999999999998
 21
25.0
 31
-68.0
  0
LINE
  5
688
330
17
100
AcDbEntity
  8
0
100
AcDbLine
 10
10.199999999999998
 20
30.0
 30
-68.0
 11
10.199999999999998
 21
25.0
 31
-68.0
  0
LINE
  5
689
330
17
100
AcDbEntity
  8
0
100
AcDbLine
 10
5.099999999999998
 20
30.0
 30
-93.0
 11
10.199999999999998
 21
30.0
 31
-93.0
  0
LINE
  5
68A
330
17
100
AcDbEntity
  8
0
100
AcDbLine
 10
5.099999999999998
 20
30.0
 30
-93.0
 11
5.099999999999998
 21
30.0
 31
-68.0
  0
LINE
  5
68B
330
17
100
AcDbEntity
  8
0
100
AcDbLine
 10
5.099999999999998
 20
30.0
 30
-68.0
 11
10.199999999999998
 21
30.0
 31
-68.0
  0
LINE
  5
68C
330
17
100
AcDbEntity
  8
0
100
AcDbLine
 10
10.199999999999998
 20
30.0
 30
-93.0
 11
10.199999999999998
 21
30.0
 31
-68.0
  0
LINE
  5
68D
330
17
100
AcDbEntity
  8
0
100
AcDbLine
 10
5.099999999999998
 20
18.0
 30
-93.0
 11
5.099999999999998
 21
30.0
 31
-93.0
  0
LINE
  5
68E
330
17
100
AcDbEntity
  8
0
100
AcDbLine
 10
5.099999999999998
 20
30.0
 30
-93.0
 11
10.199999999999998
 21
30.0
 31
-93.0
  0
LINE
  5
68F
330
17
100
AcDbEntity
  8
0
100
AcDbLine
 10
10.199999999999998
 20
18.0
 30
-93.0
 11
10.199999999999998
 21
30.0
 31
-93.0
  0
LINE
  5
690
330
17
100
AcDbEntity
  8
0
100
AcDbLine
 10
5.099999999999998
 20
18.0
 30
-93.0
 11
10.199999999999998
 21
18.0
 31
-93.0
  0
LINE
  5
691
330
17
100
AcDbEntity
  8
0
100
AcDbLine
 10
5.099999999999998
 20
18.0
 30
-93.0
 11
5.099999999999998
 21
18.0
 31
-88.0
  0
LINE
  5
692
330
17
100
AcDbEntity
  8
0
100
AcDbLine
 10
5.099999999999998
 20
18.0
 30
-93.0
 11
10.199999999999998
 21
18.0
 31
-93.0
  0
LINE
  5
693
330
17
100
AcDbEntity
  8
0
100
AcDbLine
 10
10.199999999999998
 20
18.0
 30
-93.0
 11
10.199999999999998
 21
18.0
 31
-88.0
  0
LINE
  5
694
330
17
100
AcDbEntity
  8
0
100
AcDbLine
 10
5.099999999999998
 20
18.0
 30
-88.0
 11
10.199999999999998
 21
18.0
 31
-88.0
  0
LINE
  5
695
330
17
100
AcDbEntity
  8
0
100
AcDbLine
 10
5.099999999999998
 20
18.0
 30
-88.0
 11
10.199999999999998
 21
18.0
 31
-88.0
  0
LINE
  5
696
330
17
100
AcDbEntity
  8
0
100
AcDbLine
 10
10.199999999999998
 20
18.0
 30
-88.0
 11
10.199999999999998
 21
-18.0
 31
-88.0
  0
LINE
  5
697
330
17
100
AcDbEntity
  8
0
100
AcDbLine
 10
5.099999999999998
 20
-18.0
 30
-88.0
 11
10.199999999999998
 21
-18.0
 31
-88.0
  0
LINE
  5
698
330
17
100
AcDbEntity
  8
0
100
AcDbLine
 10
5.099999999999998
 20
18.0
 30
-88.0
 11
5.099999999999998
 21
-18.0
 31
-88.0
  0
LINE
  5
699
330
17
100
AcDbEntity
  8
0
100
AcDbLine
 10
9.149999999999999
 20
20.0
 30
-46.0
 11
9.149999999999999
 21
20.0
 31
-56.0
  0
CIRCLE
  5
69A
330
17
100
AcDbEntity
  8
0
100
AcDbCircle
 10
7.649999999999998
 20
20.0
 30
-46.0
 40
1.5
  0
LINE
  5
69B
330
17
100
AcDbEntity
  8
0
100
AcDbLine
 10
9.149999999999999
 20
20.0
 30
-46.0
 11
9.149999999999999
 21
20.0
 31
-56.0
  0
CIRCLE
  5
69C
330
17
100
AcDbEntity
  8
0
100
AcDbCircle
 10
7.649999999999998
 20
20.0
 30
-56.0
 40
1.5
  0
LINE
  5
69D
330
17
100
AcDbEntity
  8
0
100
AcDbLine
 10
9.149999999999999
 20
-20.0
 30
-46.0
 11
9.149999999999999
 21
-20.0
 31
-56.0
  0
CIRCLE
  5
69E
330
17
100
AcDbEntity
  8
0
100
AcDbCircle
 10
7.649999999999998
 20
-20.0
 30
-46.0
 40
1.5
  0
LINE
  5
69F
330
17
100
AcDbEntity
  8
0
100
AcDbLine
 10
9.149999999999999
 20
-20.0
 30
-46.0
 11
9.149999999999999
 21
-20.0
 31
-56.0
  0
CIRCLE
  5
6A0
330
17
100
AcDbEntity
  8
0
100
AcDbCircle
 10
7.649999999999998
 20
-20.0
 30
-56.0
 40
1.5
  0
CIRCLE
  5
6A1
330
17
100
AcDbEntity
  8
0
100
AcDbCircle
 10
7.649999999999998
 20
20.0
 30
-56.0
 40
1.5
  0
CIRCLE
  5
6A2
330
17
100
AcDbEntity
  8
0
100
AcDbCircle
 10
7.649999999999998
 20
-20.0
 30
-56.0
 40
1.5
  0
LINE
  5
6A3
330
17
100
AcDbEntity
  8
0
100
AcDbLine
 10
10.199999999999996
 20
-30.0
 30
-93.0
 11
10.199999999999996
 21
-18.0
 31
-93.0
  0
LINE
  5
6A4
330
17
100
AcDbEntity
  8
0
100
AcDbLine
 10
15.299999999999995
 20
-18.0
 30
-93.0
 11
10.199999999999996
 21
-18.0
 31
-93.0
  0
LINE
  5
6A5
330
17
100
AcDbEntity
  8
0
100
AcDbLine
 10
15.299999999999995
 20
-30.0
 30
-93.0
 11
15.299999999999995
 21
-18.0
 31
-93.0
  0
LINE
  5
6A6
330
17
100
AcDbEntity
  8
0
100
AcDbLine
 10
10.199999999999996
 20
-30.0
 30
-93.0
 11
15.299999999999995
 21
-30.0
 31
-93.0
  0
LINE
  5
6A7
330
17
100
AcDbEntity
  8
0
100
AcDbLine
 10
10.199999999999996
 20
-30.0
 30
-68.0
 11
10.199999999999996
 21
-30.0
 31
-93.0
  0
LINE
  5
6A8
330
17
100
AcDbEntity
  8
0
100
AcDbLine
 10
10.199999999999996
 20
-25.0
 30
-68.0
 11
10.199999999999996
 21
-30.0
 31
-68.0
  0
LINE
  5
6A9
330
17
100
AcDbEntity
  8
0
100
AcDbLine
 10
10.199999999999996
 20
-25.0
 30
-46.0
 11
10.199999999999996
 21
-25.0
 31
-68.0
  0
LINE
  5
6AA
330
17
100
AcDbEntity
  8
0
100
AcDbLine
 10
10.199999999999996
 20
25.0
 30
-46.0
 11
10.199999999999996
 21
-25.0
 31
-46.0
  0
LINE
  5
6AB
330
17
100
AcDbEntity
  8
0
100
AcDbLine
 10
10.199999999999996
 20
25.0
 30
-68.0
 11
10.199999999999996
 21
25.0
 31
-46.0
  0
LINE
  5
6AC
330
17
100
AcDbEntity
  8
0
100
AcDbLine
 10
10.199999999999996
 20
30.0
 30
-68.0
 11
10.199999999999996
 21
25.0
 31
-68.0
  0
LINE
  5
6AD
330
17
100
AcDbEntity
  8
0
100
AcDbLine
 10
10.199999999999996
 20
30.0
 30
-93.0
 11
10.199999999999996
 21
30.0
 31
-68.0
  0
LINE
  5
6AE
330
17
100
AcDbEntity
  8
0
100
AcDbLine
 10
10.199999999999996
 20
18.0
 30
-93.0
 11
10.199999999999996
 21
30.0
 31
-93.0
  0
LINE
  5
6AF
330
17
100
AcDbEntity
  8
0
100
AcDbLine
 10
10.199999999999996
 20
18.0
 30
-93.0
 11
10.199999999999996
 21
18.0
 31
-88.0
  0
LINE
  5
6B0
330
17
100
AcDbEntity
  8
0
100
AcDbLine
 10
10.199999999999996
 20
18.0
 30
-88.0
 11
10.199999999999996
 21
-18.0
 31
-88.0
  0
LINE
  5
6B1
330
17
100
AcDbEntity
  8
0
100
AcDbLine
 10
10.199999999999996
 20
-18.0
 30
-88.0
 11
10.199999999999996
 21
-18.0
 31
-93.0
  0
LINE
  5
6B2
330
17
100
AcDbEntity
  8
0
100
AcDbLine
 10
10.199999999999996
 20
-30.0
 30
-93.0
 11
10.199999999999996
 21
-18.0
 31
-93.0
  0
LINE
  5
6B3
330
17
100
AcDbEntity
  8
0
100
AcDbLine
 10
10.199999999999996
 20
-18.0
 30
-88.0
 11
10.199999999999996
 21
-18.0
 31
-93.0
  0
LINE
  5
6B4
330
17
100
AcDbEntity
  8
0
100
AcDbLine
 10
10.199999999999996
 20
-18.0
 30
-88.0
 11
15.299999999999995
 21
-18.0
 31
-88.0
  0
LINE
  5
6B5
330
17
100
AcDbEntity
  8
0
100
AcDbLine
 10
15.299999999999995
 20
-18.0
 30
-88.0
 11
15.299999999999995
 21
-18.0
 31
-93.0
  0
LINE
  5
6B6
330
17
100
AcDbEntity
  8
0
100
AcDbLine
 10
15.299999999999995
 20
-18.0
 30
-93.0
 11
10.199999999999996
 21
-18.0
 31
-93.0
  0
LINE
  5
6B7
330
17
100
AcDbEntity
  8
0
100
AcDbLine
 10
15.299999999999995
 20
-30.0
 30
-68.0
 11
15.299999999999995
 21
-30.0
 31
-93.0
  0
LINE
  5
6B8
330
17
100
AcDbEntity
  8
0
100
AcDbLine
 10
15.299999999999995
 20
-30.0
 30
-93.0
 11
15.299999999999995
 21
-18.0
 31
-93.0
  0
LINE
  5
6B9
330
17
100
AcDbEntity
  8
0
100
AcDbLine
 10
15.299999999999995
 20
-18.0
 30
-88.0
 11
15.299999999999995
 21
-18.0
 31
-93.0
  0
LINE
  5
6BA
330
17
100
AcDbEntity
  8
0
100
AcDbLine
 10
15.299999999999995
 20
18.0
 30
-88.0
 11
15.299999999999995
 21
-18.0
 31
-88.0
  0
LINE
  5
6BB
330
17
100
AcDbEntity
  8
0
100
AcDbLine
 10
15.299999999999995
 20
18.0
 30
-93.0
 11
15.299999999999995
 21
18.0
 31
-88.0
  0
LINE
  5
6BC
330
17
100
AcDbEntity
  8
0
100
AcDbLine
 10
15.299999999999995
 20
18.0
 30
-93.0
 11
15.299999999999995
 21
30.0
 31
-93.0
  0
LINE
  5
6BD
330
17
100
AcDbEntity
  8
0
100
AcDbLine
 10
15.299999999999995
 20
30.0
 30
-93.0
 11
15.299999999999995
 21
30.0
 31
-68.0
  0
LINE
  5
6BE
330
17
100
AcDbEntity
  8
0
100
AcDbLine
 10
15.299999999999995
 20
30.0
 30
-68.0
 11
15.299999999999995
 21
25.0
 31
-68.0
  0
LINE
  5
6BF
330
17
100
AcDbEntity
  8
0
100
AcDbLine
 10
15.299999999999995
 20
25.0
 30
-68.0
 11
15.299999999999995
 21
25.0
 31
-46.0
  0
LINE
  5
6C0
330
17
100
AcDbEntity
  8
0
100
AcDbLine
 10
15.299999999999995
 20
25.0
 30
-46.0
 11
15.299999999999995
 21
-25.0
 31
-46.0
  0
LINE
  5
6C1
330
17
100
AcDbEntity
  8
0
100
AcDbLine
 10
15.299999999999995
 20
-25.0
 30
-46.0
 11
15.299999999999995
 21
-25.0
 31
-68.0
  0
LINE
  5
6C2
330
17
100
AcDbEntity
  8
0
100
AcDbLine
 10
15.299999999999995
 20
-25.0
 30
-68.0
 11
15.299999999999995
 21
-30.0
 31
-68.0
  0
LINE
  5
6C3
330
17
100
AcDbEntity
  8
0
100
AcDbLine
 10
10.199999999999996
 20
-30.0
 30
-68.0
 11
15.299999999999995
 21
-30.0
 31
-68.0
  0
LINE
  5
6C4
330
17
100
AcDbEntity
  8
0
100
AcDbLine
 10
10.199999999999996
 20
-30.0
 30
-68.0
 11
10.199999999999996
 21
-30.0
 31
-93.0
  0
LINE
  5
6C5
330
17
100
AcDbEntity
  8
0
100
AcDbLine
 10
10.199999999999996
 20
-30.0
 30
-93.0
 11
15.299999999999995
 21
-30.0
 31
-93.0
  0
LINE
  5
6C6
330
17
100
AcDbEntity
  8
0
100
AcDbLine
 10
15.299999999999995
 20
-30.0
 30
-68.0
 11
15.299999999999995
 21
-30.0
 31
-93.0
  0
LINE
  5
6C7
330
17
100
AcDbEntity
  8
0
100
AcDbLine
 10
10.199999999999996
 20
-25.0
 30
-68.0
 11
15.299999999999995
 21
-25.0
 31
-68.0
  0
LINE
  5
6C8
330
17
100
AcDbEntity
  8
0
100
AcDbLine
 10
10.199999999999996
 20
-25.0
 30
-68.0
 11
10.199999999999996
 21
-30.0
 31
-68.0
  0
LINE
  5
6C9
330
17
100
AcDbEntity
  8
0
100
AcDbLine
 10
10.199999999999996
 20
-30.0
 30
-68.0
 11
15.299999999999995
 21
-30.0
 31
-68.0
  0
LINE
  5
6CA
330
17
100
AcDbEntity
  8
0
100
AcDbLine
 10
15.299999999999995
 20
-25.0
 30
-68.0
 11
15.299999999999995
 21
-30.0
 31
-68.0
  0
LINE
  5
6CB
330
17
100
AcDbEntity
  8
0
100
AcDbLine
 10
10.199999999999996
 20
-25.0
 30
-46.0
 11
15.299999999999995
 21
-25.0
 31
-46.0
  0
LINE
  5
6CC
330
17
100
AcDbEntity
  8
0
100
AcDbLine
 10
10.199999999999996
 20
-25.0
 30
-46.0
 11
10.199999999999996
 21
-25.0
 31
-68.0
  0
LINE
  5
6CD
330
17
100
AcDbEntity
  8
0
100
AcDbLine
 10
10.199999999999996
 20
-25.0
 30
-68.0
 11
15.299999999999995
 21
-25.0
 31
-68.0
  0
LINE
  5
6CE
330
17
100
AcDbEntity
  8
0
100
AcDbLine
 10
15.299999999999995
 20
-25.0
 30
-46.0
 11
15.299999999999995
 21
-25.0
 31
-68.0
  0
LINE
  5
6CF
330
17
100
AcDbEntity
  8
0
100
AcDbLine
 10
10.199999999999996
 20
25.0
 30
-46.0
 11
15.299999999999995
 21
25.0
 31
-46.0
  0
LINE
  5
6D0
330
17
100
AcDbEntity
  8
0
100
AcDbLine
 10
10.199999999999996
 20
25.0
 30
-46.0
 11
10.199999999999996
 21
-25.0
 31
-46.0
  0
LINE
  5
6D1
330
17
100
AcDbEntity
  8
0
100
AcDbLine
 10
10.199999999999996
 20
-25.0
 30
-46.0
 11
15.299999999999995
 21
-25.0
 31
-46.0
  0
LINE
  5
6D2
330
17
100
AcDbEntity
  8
0
100
AcDbLine
 10
15.299999999999995
 20
25.0
 30
-46.0
 11
15.299999999999995
 21
-25.0
 31
-46.0
  0
CIRCLE
  5
6D3
330
17
100
AcDbEntity
  8
0
100
AcDbCircle
 10
12.749999999999996
 20
20.0
 30
-46.0
 40
1.5
  0
CIRCLE
  5
6D4
330
17
100
AcDbEntity
  8
0
100
AcDbCircle
 10
12.749999999999996
 20
-20.0
 30
-46.0
 40
1.5
  0
LINE
  5
6D5
330
17
100
AcDbEntity
  8
0
100
AcDbLine
 10
10.199999999999996
 20
25.0
 30
-68.0
 11
15.299999999999995
 21
25.0
 31
-68.0
  0
LINE
  5
6D6
330
17
100
AcDbEntity
  8
0
100
AcDbLine
 10
10.199999999999996
 20
25.0
 30
-68.0
 11
10.199999999999996
 21
25.0
 31
-46.0
  0
LINE
  5
6D7
330
17
100
AcDbEntity
  8
0
100
AcDbLine
 10
10.199999999999996
 20
25.0
 30
-46.0
 11
15.299999999999995
 21
25.0
 31
-46.0
  0
LINE
  5
6D8
330
17
100
AcDbEntity
  8
0
100
AcDbLine
 10
15.299999999999995
 20
25.0
 30
-68.0
 11
15.299999999999995
 21
25.0
 31
-46.0
  0
LINE
  5
6D9
330
17
100
AcDbEntity
  8
0
100
AcDbLine
 10
10.199999999999996
 20
30.0
 30
-68.0
 11
15.299999999999995
 21
30.0
 31
-68.0
  0
LINE
  5
6DA
330
17
100
AcDbEntity
  8
0
100
AcDbLine
 10
10.199999999999996
 20
30.0
 30
-68.0
 11
10.199999999999996
 21
25.0
 31
-68.0
  0
LINE
  5
6DB
330
17
100
AcDbEntity
  8
0
100
AcDbLine
 10
10.199999999999996
 20
25.0
 30
-68.0
 11
15.299999999999995
 21
25.0
 31
-68.0
  0
LINE
  5
6DC
330
17
100
AcDbEntity
  8
0
100
AcDbLine
 10
15.299999999999995
 20
30.0
 30
-68.0
 11
15.299999999999995
 21
25.0
 31
-68.0
  0
LINE
  5
6DD
330
17
100
AcDbEntity
  8
0
100
AcDbLine
 10
10.199999999999996
 20
30.0
 30
-93.0
 11
15.299999999999995
 21
30.0
 31
-93.0
  0
LINE
  5
6DE
330
17
100
AcDbEntity
  8
0
100
AcDbLine
 10
10.199999999999996
 20
30.0
 30
-93.0
 11
10.199999999999996
 21
30.0
 31
-68.0
  0
LINE
  5
6DF
330
17
100
AcDbEntity
  8
0
100
AcDbLine
 10
10.199999999999996
 20
30.0
 30
-68.0
 11
15.299999999999995
 21
30.0
 31
-68.0
  0
LINE
  5
6E0
330
17
100
AcDbEntity
  8
0
100
AcDbLine
 10
15.299999999999995
 20
30.0
 30
-93.0
 11
15.299999999999995
 21
30.0
 31
-68.0
  0
LINE
  5
6E1
330
17
100
AcDbEntity
  8
0
100
AcDbLine
 10
10.199999999999996
 20
18.0
 30
-93.0
 11
10.199999999999996
 21
30.0
 31
-93.0
  0
LINE
  5
6E2
330
17
100
AcDbEntity
  8
0
100
AcDbLine
 10
10.199999999999996
 20
30.0
 30
-93.0
 11
15.299999999999995
 21
30.0
 31
-93.0
  0
LINE
  5
6E3
330
17
100
AcDbEntity
  8
0
100
AcDbLine
 10
15.299999999999995
 20
18.0
 30
-93.0
 11
15.299999999999995
 21
30.0
 31
-93.0
  0
LINE
  5
6E4
330
17
100
AcDbEntity
  8
0
100
AcDbLine
 10
10.199999999999996
 20
18.0
 30
-93.0
 11
15.299999999999995
 21
18.0
 31
-93.0
  0
LINE
  5
6E5
330
17
100
AcDbEntity
  8
0
100
AcDbLine
 10
10.199999999999996
 20
18.0
 30
-93.0
 11
10.199999999999996
 21
18.0
 31
-88.0
  0
LINE
  5
6E6
330
17
100
AcDbEntity
  8
0
100
AcDbLine
 10
10.199999999999996
 20
18.0
 30
-93.0
 11
15.299999999999995
 21
18.0
 31
-93.0
  0
LINE
  5
6E7
330
17
100
AcDbEntity
  8
0
100
AcDbLine
 10
15.299999999999995
 20
18.0
 30
-93.0
 11
15.299999999999995
 21
18.0
 31
-88.0
  0
LINE
  5
6E8
330
17
100
AcDbEntity
  8
0
100
AcDbLine
 10
10.199999999999996
 20
18.0
 30
-88.0
 11
15.299999999999995
 21
18.0
 31
-88.0
  0
LINE
  5
6E9
330
17
100
AcDbEntity
  8
0
100
AcDbLine
 10
10.199999999999996
 20
18.0
 30
-88.0
 11
15.299999999999995
 21
18.0
 31
-88.0
  0
LINE
  5
6EA
330
17
100
AcDbEntity
  8
0
100
AcDbLine
 10
15.299999999999995
 20
18.0
 30
-88.0
 11
15.299999999999995
 21
-18.0
 31
-88.0
  0
LINE
  5
6EB
330
17
100
AcDbEntity
  8
0
100
AcDbLine
 10
10.199999999999996
 20
-18.0
 30
-88.0
 11
15.299999999999995
 21
-18.0
 31
-88.0
  0
LINE
  5
6EC
330
17
100
AcDbEntity
  8
0
100
AcDbLine
 10
10.199999999999996
 20
18.0
 30
-88.0
 11
10.199999999999996
 21
-18.0
 31
-88.0
  0
LINE
  5
6ED
330
17
100
AcDbEntity
  8
0
100
AcDbLine
 10
14.249999999999996
 20
20.0
 30
-46.0
 11
14.249999999999996
 21
20.0
 31
-56.0
  0
CIRCLE
  5
6EE
330
17
100
AcDbEntity
  8
0
100
AcDbCircle
 10
12.749999999999996
 20
20.0
 30
-46.0
 40
1.5
  0
LINE
  5
6EF
330
17
100
AcDbEntity
  8
0
100
AcDbLine
 10
14.249999999999996
 20
20.0
 30
-46.0
 11
14.249999999999996
 21
20.0
 31
-56.0
  0
CIRCLE
  5
6F0
330
17
100
AcDbEntity
  8
0
100
AcDbCircle
 10
12.749999999999996
 20
20.0
 30
-56.0
 40
1.5
  0
LINE
  5
6F1
330
17
100
AcDbEntity
  8
0
100
AcDbLine
 10
14.249999999999996
 20
-20.0
 30
-46.0
 11
14.249999999999996
 21
-20.0
 31
-56.0
  0
CIRCLE
  5
6F2
330
17
100
AcDbEntity
  8
0
100
AcDbCircle
 10
12.749999999999996
 20
-20.0
 30
-46.0
 40
1.5
  0
LINE
  5
6F3
330
17
100
AcDbEntity
  8
0
100
AcDbLine
 10
14.249999999999996
 20
-20.0
 30
-46.0
 11
14.249999999999996
 21
-20.0
 31
-56.0
  0
CIRCLE
  5
6F4
330
17
100
AcDbEntity
  8
0
100
AcDbCircle
 10
12.749999999999996
 20
-20.0
 30
-56.0
 40
1.5
  0
CIRCLE
  5
6F5
330
17
100
AcDbEntity
  8
0
100
AcDbCircle
 10
12.749999999999996
 20
20.0
 30
-56.0
 40
1.5
  0
CIRCLE
  5
6F6
330
17
100
AcDbEntity
  8
0
100
AcDbCircle
 10
12.749999999999996
 20
-20.0
 30
-56.0
 40
1.5
  0
LINE
  5
6F7
330
17
100
AcDbEntity
  8
0
100
AcDbLine
 10
15.299999999999997
 20
-30.0
 30
-93.0
 11
15.299999999999997
 21
-18.0
 31
-93.0
  0
LINE
  5
6F8
330
17
100
AcDbEntity
  8
0
100
AcDbLine
 10
20.4
 20
-18.0
 30
-93.0
 11
15.299999999999997
 21
-18.0
 31
-93.0
  0
LINE
  5
6F9
330
17
100
AcDbEntity
  8
0
100
AcDbLine
 10
20.4
 20
-30.0
 30
-93.0
 11
20.4
 21
-18.0
 31
-93.0
  0
LINE
  5
6FA
330
17
100
AcDbEntity
  8
0
100
AcDbLine
 10
15.299999999999997
 20
-30.0
 30
-93.0
 11
20.4
 21
-30.0
 31
-93.0
  0
LINE
  5
6FB
330
17
100
AcDbEntity
  8
0
100
AcDbLine
 10
15.299999999999997
 20
-30.0
 30
-68.0
 11
15.299999999999997
 21
-30.0
 31
-93.0
  0
LINE
  5
6FC
330
17
100
AcDbEntity
  8
0
100
AcDbLine
 10
15.299999999999997
 20
-25.0
 30
-68.0
 11
15.299999999999997
 21
-30.0
 31
-68.0
  0
LINE
  5
6FD
330
17
100
AcDbEntity
  8
0
100
AcDbLine
 10
15.299999999999997
 20
-25.0
 30
-46.0
 11
15.299999999999997
 21
-25.0
 31
-68.0
  0
LINE
  5
6FE
330
17
100
AcDbEntity
  8
0
100
AcDbLine
 10
15.299999999999997
 20
25.0
 30
-46.0
 11
15.299999999999997
 21
-25.0
 31
-46.0
  0
LINE
  5
6FF
330
17
100
AcDbEntity
  8
0
100
AcDbLine
 10
15.299999999999997
 20
25.0
 30
-68.0
 11
15.299999999999997
 21
25.0
 31
-46.0
  0
LINE
  5
700
330
17
100
AcDbEntity
  8
0
100
AcDbLine
 10
15.299999999999997
 20
30.0
 30
-68.0
 11
15.299999999999997
 21
25.0
 31
-68.0
  0
LINE
  5
701
330
17
100
AcDbEntity
  8
0
100
AcDbLine
 10
15.299999999999997
 20
30.0
 30
-93.0
 11
15.299999999999997
 21
30.0
 31
-68.0
  0
LINE
  5
702
330
17
100
AcDbEntity
  8
0
100
AcDbLine
 10
15.299999999999997
 20
18.0
 30
-93.0
 11
15.299999999999997
 21
30.0
 31
-93.0
  0
LINE
  5
703
330
17
100
AcDbEntity
  8
0
100
AcDbLine
 10
15.299999999999997
 20
18.0
 30
-93.0
 11
15.299999999999997
 21
18.0
 31
-88.0
  0
LINE
  5
704
330
17
100
AcDbEntity
  8
0
100
AcDbLine
 10
15.299999999999997
 20
18.0
 30
-88.0
 11
15.299999999999997
 21
-18.0
 31
-88.0
  0
LINE
  5
705
330
17
100
AcDbEntity
  8
0
100
AcDbLine
 10
15.299999999999997
 20
-18.0
 30
-88.0
 11
15.299999999999997
 21
-18.0
 31
-93.0
  0
LINE
  5
706
330
17
100
AcDbEntity
  8
0
100
AcDbLine
 10
15.299999999999997
 20
-30.0
 30
-93.0
 11
15.299999999999997
 21
-18.0
 31
-93.0
  0
LINE
  5
707
330
17
100
AcDbEntity
  8
0
100
AcDbLine
 10
15.299999999999997
 20
-18.0
 30
-88.0
 11
15.299999999999997
 21
-18.0
 31
-93.0
  0
LINE
  5
708
330
17
100
AcDbEntity
  8
0
100
AcDbLine
 10
15.299999999999997
 20
-18.0
 30
-88.0
 11
20.4
 21
-18.0
 31
-88.0
  0
LINE
  5
709
330
17
100
AcDbEntity
  8
0
100
AcDbLine
 10
20.4
 20
-18.0
 30
-88.0
 11
20.4
 21
-18.0
 31
-93.0
  0
LINE
  5
70A
330
17
100
AcDbEntity
  8
0
100
AcDbLine
 10
20.4
 20
-18.0
 30
-93.0
 11
15.299999999999997
 21
-18.0
 31
-93.0
  0
LINE
  5
70B
330
17
100
AcDbEntity
  8
0
100
AcDbLine
 10
20.4
 20
-30.0
 30
-68.0
 11
20.4
 21
-30.0
 31
-93.0
  0
LINE
  5
70C
330
17
100
AcDbEntity
  8
0
100
AcDbLine
 10
20.4
 20
-30.0
 30
-93.0
 11
20.4
 21
-18.0
 31
-93.0
  0
LINE
  5
70D
330
17
100
AcDbEntity
  8
0
100
AcDbLine
 10
20.4
 20
-18.0
 30
-88.0
 11
20.4
 21
-18.0
 31
-93.0
  0
LINE
  5
70E
330
17
100
AcDbEntity
  8
0
100
AcDbLine
 10
20.4
 20
18.0
 30
-88.0
 11
20.4
 21
-18.0
 31
-88.0
  0
LINE
  5
70F
330
17
100
AcDbEntity
  8
0
100
AcDbLine
 10
20.4
 20
18.0
 30
-93.0
 11
20.4
 21
18.0
 31
-88.0
  0
LINE
  5
710
330
17
100
AcDbEntity
  8
0
100
AcDbLine
 10
20.4
 20
18.0
 30
-93.0
 11
20.4
 21
30.0
 31
-93.0
  0
LINE
  5
711
330
17
100
AcDbEntity
  8
0
100
AcDbLine
 10
20.4
 20
30.0
 30
-93.0
 11
20.4
 21
30.0
 31
-68.0
  0
LINE
  5
712
330
17
100
AcDbEntity
  8
0
100
AcDbLine
 10
20.4
 20
30.0
 30
-68.0
 11
20.4
 21
25.0
 31
-68.0
  0
LINE
  5
713
330
17
100
AcDbEntity
  8
0
100
AcDbLine
 10
20.4
 20
25.0
 30
-68.0
 11
20.4
 21
25.0
 31
-46.0
  0
LINE
  5
714
330
17
100
AcDbEntity
  8
0
100
AcDbLine
 10
20.4
 20
25.0
 30
-46.0
 11
20.4
 21
-25.0
 31
-46.0
  0
LINE
  5
715
330
17
100
AcDbEntity
  8
0
100
AcDbLine
 10
20.4
 20
-25.0
 30
-46.0
 11
20.4
 21
-25.0
 31
-68.0
  0
LINE
  5
716
330
17
100
AcDbEntity
  8
0
100
AcDbLine
 10
20.4
 20
-25.0
 30
-68.0
 11
20.4
 21
-30.0
 31
-68.0
  0
LINE
  5
717
330
17
100
AcDbEntity
  8
0
100
AcDbLine
 10
15.299999999999997
 20
-30.0
 30
-68.0
 11
20.4
 21
-30.0
 31
-68.0
  0
LINE
  5
718
330
17
100
AcDbEntity
  8
0
100
AcDbLine
 10
15.299999999999997
 20
-30.0
 30
-68.0
 11
15.299999999999997
 21
-30.0
 31
-93.0
  0
LINE
  5
719
330
17
100
AcDbEntity
  8
0
100
AcDbLine
 10
15.299999999999997
 20
-30.0
 30
-93.0
 11
20.4
 21
-30.0
 31
-93.0
  0
LINE
  5
71A
330
17
100
AcDbEntity
  8
0
100
AcDbLine
 10
20.4
 20
-30.0
 30
-68.0
 11
20.4
 21
-30.0
 31
-93.0
  0
LINE
  5
71B
330
17
100
AcDbEntity
  8
0
100
AcDbLine
 10
15.299999999999997
 20
-25.0
 30
-68.0
 11
20.4
 21
-25.0
 31
-68.0
  0
LINE
  5
71C
330
17
100
AcDbEntity
  8
0
100
AcDbLine
 10
15.299999999999997
 20
-25.0
 30
-68.0
 11
15.299999999999997
 21
-30.0
 31
-68.0
  0
LINE
  5
71D
330
17
100
AcDbEntity
  8
0
100
AcDbLine
 10
15.299999999999997
 20
-30.0
 30
-68.0
 11
20.4
 21
-30.0
 31
-68.0
  0
LINE
  5
71E
330
17
100
AcDbEntity
  8
0
100
AcDbLine
 10
20.4
 20
-25.0
 30
-68.0
 11
20.4
 21
-30.0
 31
-68.0
  0
LINE
  5
71F
330
17
100
AcDbEntity
  8
0
100
AcDbLine
 10
15.299999999999997
 20
-25.0
 30
-46.0
 11
20.4
 21
-25.0
 31
-46.0
  0
LINE
  5
720
330
17
100
AcDbEntity
  8
0
100
AcDbLine
 10
15.299999999999997
 20
-25.0
 30
-46.0
 11
15.299999999999997
 21
-25.0
 31
-68.0
  0
LINE
  5
721
330
17
100
AcDbEntity
  8
0
100
AcDbLine
 10
15.299999999999997
 20
-25.0
 30
-68.0
 11
20.4
 21
-25.0
 31
-68.0
  0
LINE
  5
722
330
17
100
AcDbEntity
  8
0
100
AcDbLine
 10
20.4
 20
-25.0
 30
-46.0
 11
20.4
 21
-25.0
 31
-68.0
  0
LINE
  5
723
330
17
100
AcDbEntity
  8
0
100
AcDbLine
 10
15.299999999999997
 20
25.0
 30
-46.0
 11
20.4
 21
25.0
 31
-46.0
  0
LINE
  5
724
330
17
100
AcDbEntity
  8
0
100
AcDbLine
 10
15.299999999999997
 20
25.0
 30
-46.0
 11
15.299999999999997
 21
-25.0
 31
-46.0
  0
LINE
  5
725
330
17
100
AcDbEntity
  8
0
100
AcDbLine
 10
15.299999999999997
 20
-25.0
 30
-46.0
 11
20.4
 21
-25.0
 31
-46.0
  0
LINE
  5
726
330
17
100
AcDbEntity
  8
0
100
AcDbLine
 10
20.4
 20
25.0
 30
-46.0
 11
20.4
 21
-25.0
 31
-46.0
  0
CIRCLE
  5
727
330
17
100
AcDbEntity
  8
0
100
AcDbCircle
 10
17.849999999999998
 20
20.0
 30
-46.0
 40
1.5
  0
CIRCLE
  5
728
330
17
100
AcDbEntity
  8
0
100
AcDbCircle
 10
17.849999999999998
 20
-20.0
 30
-46.0
 40
1.5
  0
LINE
  5
729
330
17
100
AcDbEntity
  8
0
100
AcDbLine
 10
15.299999999999997
 20
25.0
 30
-68.0
 11
20.4
 21
25.0
 31
-68.0
  0
LINE
  5
72A
330
17
100
AcDbEntity
  8
0
100
AcDbLine
 10
15.299999999999997
 20
25.0
 30
-68.0
 11
15.299999999999997
 21
25.0
 31
-46.0
  0
LINE
  5
72B
330
17
100
AcDbEntity
  8
0
100
AcDbLine
 10
15.299999999999997
 20
25.0
 30
-46.0
 11
20.4
 21
25.0
 31
-46.0
  0
LINE
  5
72C
330
17
100
AcDbEntity
  8
0
100
AcDbLine
 10
20.4
 20
25.0
 30
-68.0
 11
20.4
 21
25.0
 31
-46.0
  0
LINE
  5
72D
330
17
100
AcDbEntity
  8
0
100
AcDbLine
 10
15.299999999999997
 20
30.0
 30
-68.0
 11
20.4
 21
30.0
 31
-68.0
  0
LINE
  5
72E
330
17
100
AcDbEntity
  8
0
100
AcDbLine
 10
15.299999999999997
 20
30.0
 30
-68.0
 11
15.299999999999997
 21
25.0
 31
-68.0
  0
LINE
  5
72F
330
17
100
AcDbEntity
  8
0
100
AcDbLine
 10
15.299999999999997
 20
25.0
 30
-68.0
 11
20.4
 21
25.0
 31
-68.0
  0
LINE
  5
730
330
17
100
AcDbEntity
  8
0
100
AcDbLine
 10
20.4
 20
30.0
 30
-68.0
 11
20.4
 21
25.0
 31
-68.0
  0
LINE
  5
731
330
17
100
AcDbEntity
  8
0
100
AcDbLine
 10
15.299999999999997
 20
30.0
 30
-93.0
 11
20.4
 21
30.0
 31
-93.0
  0
LINE
  5
732
330
17
100
AcDbEntity
  8
0
100
AcDbLine
 10
15.299999999999997
 20
30.0
 30
-93.0
 11
15.299999999999997
 21
30.0
 31
-68.0
  0
LINE
  5
733
330
17
100
AcDbEntity
  8
0
100
AcDbLine
 10
15.299999999999997
 20
30.0
 30
-68.0
 11
20.4
 21
30.0
 31
-68.0
  0
LINE
  5
734
330
17
100
AcDbEntity
  8
0
100
AcDbLine
 10
20.4
 20
30.0
 30
-93.0
 11
20.4
 21
30.0
 31
-68.0
  0
LINE
  5
735
330
17
100
AcDbEntity
  8
0
100
AcDbLine
 10
15.299999999999997
 20
18.0
 30
-93.0
 11
15.299999999999997
 21
30.0
 31
-93.0
  0
LINE
  5
736
330
17
100
AcDbEntity
  8
0
100
AcDbLine
 10
15.299999999999997
 20
30.0
 30
-93.0
 11
20.4
 21
30.0
 31
-93.0
  0
LINE
  5
737
330
17
100
AcDbEntity
  8
0
100
AcDbLine
 10
20.4
 20
18.0
 30
-93.0
 11
20.4
 21
30.0
 31
-93.0
  0
LINE
  5
738
330
17
100
AcDbEntity
  8
0
100
AcDbLine
 10
15.299999999999997
 20
18.0
 30
-93.0
 11
20.4
 21
18.0
 31
-93.0
  0
LINE
  5
739
330
17
100
AcDbEntity
  8
0
100
AcDbLine
 10
15.299999999999997
 20
18.0
 30
-93.0
 11
15.299999999999997
 21
18.0
 31
-88.0
  0
LINE
  5
73A
330
17
100
AcDbEntity
  8
0
100
AcDbLine
 10
15.299999999999997
 20
18.0
 30
-93.0
 11
20.4
 21
18.0
 31
-93.0
  0
LINE
  5
73B
330
17
100
AcDbEntity
  8
0
100
AcDbLine
 10
20.4
 20
18.0
 30
-93.0
 11
20.4
 21
18.0
 31
-88.0
  0
LINE
  5
73C
330
17
100
AcDbEntity
  8
0
100
AcDbLine
 10
15.299999999999997
 20
18.0
 30
-88.0
 11
20.4
 21
18.0
 31
-88.0
  0
LINE
  5
73D
330
17
100
AcDbEntity
  8
0
100
AcDbLine
 10
15.299999999999997
 20
18.0
 30
-88.0
 11
20.4
 21
18.0
 31
-88.0
  0
LINE
  5
73E
330
17
100
AcDbEntity
  8
0
100
AcDbLine
 10
20.4
 20
18.0
 30
-88.0
 11
20.4
 21
-18.0
 31
-88.0
  0
LINE
  5
73F
330
17
100
AcDbEntity
  8
0
100
AcDbLine
 10
15.299999999999997
 20
-18.0
 30
-88.0
 11
20.4
 21
-18.0
 31
-88.0
  0
LINE
  5
740
330
17
100
AcDbEntity
  8
0
100
AcDbLine
 10
15.299999999999997
 20
18.0
 30
-88.0
 11
15.299999999999997
 21
-18.0
 31
-88.0
  0
LINE
  5
741
330
17
100
AcDbEntity
  8
0
100
AcDbLine
 10
19.349999999999998
 20
20.0
 30
-46.0
 11
19.349999999999998
 21
20.0
 31
-56.0
  0
CIRCLE
  5
742
330
17
100
AcDbEntity
  8
0
100
AcDbCircle
 10
17.849999999999998
 20
20.0
 30
-46.0
 40
1.5
  0
LINE
  5
743
330
17
100
AcDbEntity
  8
0
100
AcDbLine
 10
19.349999999999998
 20
20.0
 30
-46.0
 11
19.349999999999998
 21
20.0
 31
-56.0
  0
CIRCLE
  5
744
330
17
100
AcDbEntity
  8
0
100
AcDbCircle
 10
17.849999999999998
 20
20.0
 30
-56.0
 40
1.5
  0
LINE
  5
745
330
17
100
AcDbEntity
  8
0
100
AcDbLine
 10
19.349999999999998
 20
-20.0
 30
-46.0
 11
19.349999999999998
 21
-20.0
 31
-56.0
  0
CIRCLE
  5
746
330
17
100
AcDbEntity
  8
0
100
AcDbCircle
 10
17.849999999999998
 20
-20.0
 30
-46.0
 40
1.5
  0
LINE
  5
747
330
17
100
AcDbEntity
  8
0
100
AcDbLine
 10
19.349999999999998
 20
-20.0
 30
-46.0
 11
19.349999999999998
 21
-20.0
 31
-56.0
  0
CIRCLE
  5
748
330
17
100
AcDbEntity
  8
0
100
AcDbCircle
 10
17.849999999999998
 20
-20.0
 30
-56.0
 40
1.5
  0
CIRCLE
  5
749
330
17
100
AcDbEntity
  8
0
100
AcDbCircle
 10
17.849999999999998
 20
20.0
 30
-56.0
 40
1.5
  0
CIRCLE
  5
74A
330
17
100
AcDbEntity
  8
0
100
AcDbCircle
 10
17.849999999999998
 20
-20.0
 30
-56.0
 40
1.5
  0
LINE
  5
74B
330
17
100
AcDbEntity
  8
0
100
AcDbLine
 10
20.4
 20
-30.0
 30
-93.0
 11
20.4
 21
-18.0
 31
-93.0
  0
LINE
  5
74C
330
17
100
AcDbEntity
  8
0
100
AcDbLine
 10
25.5
 20
-18.0
 30
-93.0
 11
20.4
 21
-18.0
 31
-93.0
  0
LINE
  5
74D
330
17
100
AcDbEntity
  8
0
100
AcDbLine
 10
25.5
 20
-30.0
 30
-93.0
 11
25.5
 21
-18.0
 31
-93.0
  0
LINE
  5
74E
330
17
100
AcDbEntity
  8
0
100
AcDbLine
 10
20.4
 20
-30.0
 30
-93.0
 11
25.5
 21
-30.0
 31
-93.0
  0
LINE
  5
74F
330
17
100
AcDbEntity
  8
0
100
AcDbLine
 10
20.4
 20
-30.0
 30
-68.0
 11
20.4
 21
-30.0
 31
-93.0
  0
LINE
  5
750
330
17
100
AcDbEntity
  8
0
100
AcDbLine
 10
20.4
 20
-25.0
 30
-68.0
 11
20.4
 21
-30.0
 31
-68.0
  0
LINE
  5
751
330
17
100
AcDbEntity
  8
0
100
AcDbLine
 10
20.4
 20
-25.0
 30
-46.0
 11
20.4
 21
-25.0
 31
-68.0
  0
LINE
  5
752
330
17
100
AcDbEntity
  8
0
100
AcDbLine
 10
20.4
 20
25.0
 30
-46.0
 11
20.4
 21
-25.0
 31
-46.0
  0
LINE
  5
753
330
17
100
AcDbEntity
  8
0
100
AcDbLine
 10
20.4
 20
25.0
 30
-68.0
 11
20.4
 21
25.0
 31
-46.0
  0
LINE
  5
754
330
17
100
AcDbEntity
  8
0
100
AcDbLine
 10
20.4
 20
30.0
 30
-68.0
 11
20.4
 21
25.0
 31
-68.0
  0
LINE
  5
755
330
17
100
AcDbEntity
  8
0
100
AcDbLine
 10
20.4
 20
30.0
 30
-93.0
 11
20.4
 21
30.0
 31
-68.0
  0
LINE
  5
756
330
17
100
AcDbEntity
  8
0
100
AcDbLine
 10
20.4
 20
18.0
 30
-93.0
 11
20.4
 21
30.0
 31
-93.0
  0
LINE
  5
757
330
17
100
AcDbEntity
  8
0
100
AcDbLine
 10
20.4
 20
18.0
 30
-93.0
 11
20.4
 21
18.0
 31
-88.0
  0
LINE
  5
758
330
17
100
AcDbEntity
  8
0
100
AcDbLine
 10
20.4
 20
18.0
 30
-88.0
 11
20.4
 21
-18.0
 31
-88.0
  0
LINE
  5
759
330
17
100
AcDbEntity
  8
0
100
AcDbLine
 10
20.4
 20
-18.0
 30
-88.0
 11
20.4
 21
-18.0
 31
-93.0
  0
LINE
  5
75A
330
17
100
AcDbEntity
  8
0
100
AcDbLine
 10
20.4
 20
-30.0
 30
-93.0
 11
20.4
 21
-18.0
 31
-93.0
  0
LINE
  5
75B
330
17
100
AcDbEntity
  8
0
100
AcDbLine
 10
20.4
 20
-18.0
 30
-88.0
 11
20.4
 21
-18.0
 31
-93.0
  0
LINE
  5
75C
330
17
100
AcDbEntity
  8
0
100
AcDbLine
 10
20.4
 20
-18.0
 30
-88.0
 11
25.5
 21
-18.0
 31
-88.0
  0
LINE
  5
75D
330
17
100
AcDbEntity
  8
0
100
AcDbLine
 10
25.5
 20
-18.0
 30
-88.0
 11
25.5
 21
-18.0
 31
-93.0
  0
LINE
  5
75E
330
17
100
AcDbEntity
  8
0
100
AcDbLine
 10
25.5
 20
-18.0
 30
-93.0
 11
20.4
 21
-18.0
 31
-93.0
  0
LINE
  5
75F
330
17
100
AcDbEntity
  8
0
100
AcDbLine
 10
25.5
 20
-30.0
 30
-68.0
 11
25.5
 21
-30.0
 31
-93.0
  0
LINE
  5
760
330
17
100
AcDbEntity
  8
0
100
AcDbLine
 10
25.5
 20
-30.0
 30
-93.0
 11
25.5
 21
-18.0
 31
-93.0
  0
LINE
  5
761
330
17
100
AcDbEntity
  8
0
100
AcDbLine
 10
25.5
 20
-18.0
 30
-88.0
 11
25.5
 21
-18.0
 31
-93.0
  0
LINE
  5
762
330
17
100
AcDbEntity
  8
0
100
AcDbLine
 10
25.5
 20
18.0
 30
-88.0
 11
25.5
 21
-18.0
 31
-88.0
  0
LINE
  5
763
330
17
100
AcDbEntity
  8
0
100
AcDbLine
 10
25.5
 20
18.0
 30
-93.0
 11
25.5
 21
18.0
 31
-88.0
  0
LINE
  5
764
330
17
100
AcDbEntity
  8
0
100
AcDbLine
 10
25.5
 20
18.0
 30
-93.0
 11
25.5
 21
30.0
 31
-93.0
  0
LINE
  5
765
330
17
100
AcDbEntity
  8
0
100
AcDbLine
 10
25.5
 20
30.0
 30
-93.0
 11
25.5
 21
30.0
 31
-68.0
  0
LINE
  5
766
330
17
100
AcDbEntity
  8
0
100
AcDbLine
 10
25.5
 20
30.0
 30
-68.0
 11
25.5
 21
25.0
 31
-68.0
  0
LINE
  5
767
330
17
100
AcDbEntity
  8
0
100
AcDbLine
 10
25.5
 20
25.0
 30
-68.0
 11
25.5
 21
25.0
 31
-46.0
  0
LINE
  5
768
330
17
100
AcDbEntity
  8
0
100
AcDbLine
 10
25.5
 20
25.0
 30
-46.0
 11
25.5
 21
-25.0
 31
-46.0
  0
LINE
  5
769
330
17
100
AcDbEntity
  8
0
100
AcDbLine
 10
25.5
 20
-25.0
 30
-46.0
 11
25.5
 21
-25.0
 31
-68.0
  0
LINE
  5
76A
330
17
100
AcDbEntity
  8
0
100
AcDbLine
 10
25.5
 20
-25.0
 30
-68.0
 11
25.5
 21
-30.0
 31
-68.0
  0
LINE
  5
76B
330
17
100
AcDbEntity
  8
0
100
AcDbLine
 10
20.4
 20
-30.0
 30
-68.0
 11
25.5
 21
-30.0
 31
-68.0
  0
LINE
  5
76C
330
17
100
AcDbEntity
  8
0
100
AcDbLine
 10
20.4
 20
-30.0
 30
-68.0
 11
20.4
 21
-30.0
 31
-93.0
  0
LINE
  5
76D
330
17
100
AcDbEntity
  8
0
100
AcDbLine
 10
20.4
 20
-30.0
 30
-93.0
 11
25.5
 21
-30.0
 31
-93.0
  0
LINE
  5
76E
330
17
100
AcDbEntity
  8
0
100
AcDbLine
 10
25.5
 20
-30.0
 30
-68.0
 11
25.5
 21
-30.0
 31
-93.0
  0
LINE
  5
76F
330
17
100
AcDbEntity
  8
0
100
AcDbLine
 10
20.4
 20
-25.0
 30
-68.0
 11
25.5
 21
-25.0
 31
-68.0
  0
LINE
  5
770
330
17
100
AcDbEntity
  8
0
100
AcDbLine
 10
20.4
 20
-25.0
 30
-68.0
 11
20.4
 21
-30.0
 31
-68.0
  0
LINE
  5
771
330
17
100
AcDbEntity
  8
0
100
AcDbLine
 10
20.4
 20
-30.0
 30
-68.0
 11
25.5
 21
-30.0
 31
-68.0
  0
LINE
  5
772
330
17
100
AcDbEntity
  8
0
100
AcDbLine
 10
25.5
 20
-25.0
 30
-68.0
 11
25.5
 21
-30.0
 31
-68.0
  0
LINE
  5
773
330
17
100
AcDbEntity
  8
0
100
AcDbLine
 10
20.4
 20
-25.0
 30
-46.0
 11
25.5
 21
-25.0
 31
-46.0
  0
LINE
  5
774
330
17
100
AcDbEntity
  8
0
100
AcDbLine
 10
20.4
 20
-25.0
 30
-46.0
 11
20.4
 21
-25.0
 31
-68.0
  0
LINE
  5
775
330
17
100
AcDbEntity
  8
0
100
AcDbLine
 10
20.4
 20
-25.0
 30
-68.0
 11
25.5
 21
-25.0
 31
-68.0
  0
LINE
  5
776
330
17
100
AcDbEntity
  8
0
100
AcDbLine
 10
25.5
 20
-25.0
 30
-46.0
 11
25.5
 21
-25.0
 31
-68.0
  0
LINE
  5
777
330
17
100
AcDbEntity
  8
0
100
AcDbLine
 10
20.4
 20
25.0
 30
-46.0
 11
25.5
 21
25.0
 31
-46.0
  0
LINE
  5
778
330
17
100
AcDbEntity
  8
0
100
AcDbLine
 10
20.4
 20
25.0
 30
-46.0
 11
20.4
 21
-25.0
 31
-46.0
  0
LINE
  5
779
330
17
100
AcDbEntity
  8
0
100
AcDbLine
 10
20.4
 20
-25.0
 30
-46.0
 11
25.5
 21
-25.0
 31
-46.0
  0
LINE
  5
77A
330
17
100
AcDbEntity
  8
0
100
AcDbLine
 10
25.5
 20
25.0
 30
-46.0
 11
25.5
 21
-25.0
 31
-46.0
  0
CIRCLE
  5
77B
330
17
100
AcDbEntity
  8
0
100
AcDbCircle
 10
22.95
 20
20.0
 30
-46.0
 40
1.5
  0
CIRCLE
  5
77C
330
17
100
AcDbEntity
  8
0
100
AcDbCircle
 10
22.95
 20
-20.0
 30
-46.0
 40
1.5
  0
LINE
  5
77D
330
17
100
AcDbEntity
  8
0
100
AcDbLine
 10
20.4
 20
25.0
 30
-68.0
 11
25.5
 21
25.0
 31
-68.0
  0
LINE
  5
77E
330
17
100
AcDbEntity
  8
0
100
AcDbLine
 10
20.4
 20
25.0
 30
-68.0
 11
20.4
 21
25.0
 31
-46.0
  0
LINE
  5
77F
330
17
100
AcDbEntity
  8
0
100
AcDbLine
 10
20.4
 20
25.0
 30
-46.0
 11
25.5
 21
25.0
 31
-46.0
  0
LINE
  5
780
330
17
100
AcDbEntity
  8
0
100
AcDbLine
 10
25.5
 20
25.0
 30
-68.0
 11
25.5
 21
25.0
 31
-46.0
  0
LINE
  5
781
330
17
100
AcDbEntity
  8
0
100
AcDbLine
 10
20.4
 20
30.0
 30
-68.0
 11
25.5
 21
30.0
 31
-68.0
  0
LINE
  5
782
330
17
100
AcDbEntity
  8
0
100
AcDbLine
 10
20.4
 20
30.0
 30
-68.0
 11
20.4
 21
25.0
 31
-68.0
  0
LINE
  5
783
330
17
100
AcDbEntity
  8
0
100
AcDbLine
 10
20.4
 20
25.0
 30
-68.0
 11
25.5
 21
25.0
 31
-68.0
  0
LINE
  5
784
330
17
100
AcDbEntity
  8
0
100
AcDbLine
 10
25.5
 20
30.0
 30
-68.0
 11
25.5
 21
25.0
 31
-68.0
  0
LINE
  5
785
330
17
100
AcDbEntity
  8
0
100
AcDbLine
 10
20.4
 20
30.0
 30
-93.0
 11
25.5
 21
30.0
 31
-93.0
  0
LINE
  5
786
330
17
100
AcDbEntity
  8
0
100
AcDbLine
 10
20.4
 20
30.0
 30
-93.0
 11
20.4
 21
30.0
 31
-68.0
  0
LINE
  5
787
330
17
100
AcDbEntity
  8
0
100
AcDbLine
 10
20.4
 20
30.0
 30
-68.0
 11
25.5
 21
30.0
 31
-68.0
  0
LINE
  5
788
330
17
100
AcDbEntity
  8
0
100
AcDbLine
 10
25.5
 20
30.0
 30
-93.0
 11
25.5
 21
30.0
 31
-68.0
  0
LINE
  5
789
330
17
100
AcDbEntity
  8
0
100
AcDbLine
 10
20.4
 20
18.0
 30
-93.0
 11
20.4
 21
30.0
 31
-93.0
  0
LINE
  5
78A
330
17
100
AcDbEntity
  8
0
100
AcDbLine
 10
20.4
 20
30.0
 30
-93.0
 11
25.5
 21
30.0
 31
-93.0
  0
LINE
  5
78B
330
17
100
AcDbEntity
  8
0
100
AcDbLine
 10
25.5
 20
18.0
 30
-93.0
 11
25.5
 21
30.0
 31
-93.0
  0
LINE
  5
78C
330
17
100
AcDbEntity
  8
0
100
AcDbLine
 10
20.4
 20
18.0
 30
-93.0
 11
25.5
 21
18.0
 31
-93.0
  0
LINE
  5
78D
330
17
100
AcDbEntity
  8
0
100
AcDbLine
 10
20.4
 20
18.0
 30
-93.0
 11
20.4
 21
18.0
 31
-88.0
  0
LINE
  5
78E
330
17
100
AcDbEntity
  8
0
100
AcDbLine
 10
20.4
 20
18.0
 30
-93.0
 11
25.5
 21
18.0
 31
-93.0
  0
LINE
  5
78F
330
17
100
AcDbEntity
  8
0
100
AcDbLine
 10
25.5
 20
18.0
 30
-93.0
 11
25.5
 21
18.0
 31
-88.0
  0
LINE
  5
790
330
17
100
AcDbEntity
  8
0
100
AcDbLine
 10
20.4
 20
18.0
 30
-88.0
 11
25.5
 21
18.0
 31
-88.0
  0
LINE
  5
791
330
17
100
AcDbEntity
  8
0
100
AcDbLine
 10
20.4
 20
18.0
 30
-88.0
 11
25.5
 21
18.0
 31
-88.0
  0
LINE
  5
792
330
17
100
AcDbEntity
  8
0
100
AcDbLine
 10
25.5
 20
18.0
 30
-88.0
 11
25.5
 21
-18.0
 31
-88.0
  0
LINE
  5
793
330
17
100
AcDbEntity
  8
0
100
AcDbLine
 10
20.4
 20
-18.0
 30
-88.0
 11
25.5
 21
-18.0
 31
-88.0
  0
LINE
  5
794
330
17
100
AcDbEntity
  8
0
100
AcDbLine
 10
20.4
 20
18.0
 30
-88.0
 11
20.4
 21
-18.0
 31
-88.0
  0
LINE
  5
795
330
17
100
AcDbEntity
  8
0
100
AcDbLine
 10
24.45
 20
20.0
 30
-46.0
 11
24.45
 21
20.0
 31
-56.0
  0
CIRCLE
  5
796
330
17
100
AcDbEntity
  8
0
100
AcDbCircle
 10
22.95
 20
20.0
 30
-46.0
 40
1.5
  0
LINE
  5
797
330
17
100
AcDbEntity
  8
0
100
AcDbLine
 10
24.45
 20
20.0
 30
-46.0
 11
24.45
 21
20.0
 31
-56.0
  0
CIRCLE
  5
798
330
17
100
AcDbEntity
  8
0
100
AcDbCircle
 10
22.95
 20
20.0
 30
-56.0
 40
1.5
  0
LINE
  5
799
330
17
100
AcDbEntity
  8
0
100
AcDbLine
 10
24.45
 20
-20.0
 30
-46.0
 11
24.45
 21
-20.0
 31
-56.0
  0
CIRCLE
  5
79A
330
17
100
AcDbEntity
  8
0
100
AcDbCircle
 10
22.95
 20
-20.0
 30
-46.0
 40
1.5
  0
LINE
  5
79B
330
17
100
AcDbEntity
  8
0
100
AcDbLine
 10
24.45
 20
-20.0
 30
-46.0
 11
24.45
 21
-20.0
 31
-56.0
  0
CIRCLE
  5
79C
330
17
100
AcDbEntity
  8
0
100
AcDbCircle
 10
22.95
 20
-20.0
 30
-56.0
 40
1.5
  0
CIRCLE
  5
79D
330
17
100
AcDbEntity
  8
0
100
AcDbCircle
 10
22.95
 20
20.0
 30
-56.0
 40
1.5
  0
CIRCLE
  5
79E
330
17
100
AcDbEntity
  8
0
100
AcDbCircle
 10
22.95
 20
-20.0
 30
-56.0
 40
1.5
  0
LINE
  5
79F
330
17
100
AcDbEntity
  8
0
100
AcDbLine
 10
0.0
 20
97.0
 30
-98.0
 11
3.863576125695545e-14
 21
-251.0
 31
-98.0
  0
LINE
  5
7A0
330
17
100
AcDbEntity
  8
0
100
AcDbLine
 10
3.863576125695545e-14
 20
-251.0
 30
-98.0
 11
3.863576125695545e-14
 21
-251.0
 31
-97.0
  0
LINE
  5
7A1
330
17
100
AcDbEntity
  8
0
100
AcDbLine
 10
0.0
 20
97.0
 30
-97.0
 11
3.863576125695545e-14
 21
-251.0
 31
-97.0
  0
LINE
  5
7A2
330
17
100
AcDbEntity
  8
0
100
AcDbLine
 10
0.0
 20
97.0
 30
-98.0
 11
0.0
 21
97.0
 31
-97.0
  0
LINE
  5
7A3
330
17
100
AcDbEntity
  8
0
100
AcDbLine
 10
0.0
 20
97.0
 30
-97.0
 11
3.863576125695545e-14
 21
-251.0
 31
-97.0
  0
LINE
  5
7A4
330
17
100
AcDbEntity
  8
0
100
AcDbLine
 10
3.863576125695545e-14
 20
-251.0
 30
-97.0
 11
5.000000000000039
 21
-251.0
 31
-97.0
  0
LINE
  5
7A5
330
17
100
AcDbEntity
  8
0
100
AcDbLine
 10
5.0
 20
97.0
 30
-97.0
 11
5.000000000000039
 21
-251.0
 31
-97.0
  0
LINE
  5
7A6
330
17
100
AcDbEntity
  8
0
100
AcDbLine
 10
0.0
 20
97.0
 30
-97.0
 11
5.0
 21
97.0
 31
-97.0
  0
LINE
  5
7A7
330
17
100
AcDbEntity
  8
0
100
AcDbLine
 10
5.0
 20
97.0
 30
-97.0
 11
5.000000000000039
 21
-251.0
 31
-97.0
  0
LINE
  5
7A8
330
17
100
AcDbEntity
  8
0
100
AcDbLine
 10
5.000000000000039
 20
-251.0
 30
-97.0
 11
5.000000000000039
 21
-251.0
 31
-90.5
  0
LINE
  5
7A9
330
17
100
AcDbEntity
  8
0
100
AcDbLine
 10
5.0
 20
97.0
 30
-90.5
 11
5.000000000000039
 21
-251.0
 31
-90.5
  0
LINE
  5
7AA
330
17
100
AcDbEntity
  8
0
100
AcDbLine
 10
5.0
 20
97.0
 30
-97.0
 11
5.0
 21
97.0
 31
-90.5
  0
LINE
  5
7AB
330
17
100
AcDbEntity
  8
0
100
AcDbLine
 10
5.0
 20
97.0
 30
-90.5
 11
5.000000000000039
 21
-251.0
 31
-90.5
  0
LINE
  5
7AC
330
17
100
AcDbEntity
  8
0
100
AcDbLine
 10
5.000000000000039
 20
-251.0
 30
-90.5
 11
25.00000000000004
 21
-251.0
 31
-90.5
  0
LINE
  5
7AD
330
17
100
AcDbEntity
  8
0
100
AcDbLine
 10
25.0
 20
97.0
 30
-90.5
 11
25.00000000000004
 21
-251.0
 31
-90.5
  0
LINE
  5
7AE
330
17
100
AcDbEntity
  8
0
100
AcDbLine
 10
5.0
 20
97.0
 30
-90.5
 11
25.0
 21
97.0
 31
-90.5
  0
LINE
  5
7AF
330
17
100
AcDbEntity
  8
0
100
AcDbLine
 10
25.0
 20
97.0
 30
-90.5
 11
25.00000000000004
 21
-251.0
 31
-90.5
  0
LINE
  5
7B0
330
17
100
AcDbEntity
  8
0
100
AcDbLine
 10
25.00000000000004
 20
-251.0
 30
-90.5
 11
25.00000000000004
 21
-251.0
 31
-97.0
  0
LINE
  5
7B1
330
17
100
AcDbEntity
  8
0
100
AcDbLine
 10
25.0
 20
97.0
 30
-97.0
 11
25.00000000000004
 21
-251.0
 31
-97.0
  0
LINE
  5
7B2
330
17
100
AcDbEntity
  8
0
100
AcDbLine
 10
25.0
 20
97.0
 30
-90.5
 11
25.0
 21
97.0
 31
-97.0
  0
LINE
  5
7B3
330
17
100
AcDbEntity
  8
0
100
AcDbLine
 10
25.0
 20
97.0
 30
-97.0
 11
25.00000000000004
 21
-251.0
 31
-97.0
  0
LINE
  5
7B4
330
17
100
AcDbEntity
  8
0
100
AcDbLine
 10
25.00000000000004
 20
-251.0
 30
-97.0
 11
35.00000000000004
 21
-251.0
 31
-97.0
  0
LINE
  5
7B5
330
17
100
AcDbEntity
  8
0
100
AcDbLine
 10
35.0
 20
97.0
 30
-97.0
 11
35.000000000000036
 21
-251.0
 31
-97.0
  0
LINE
  5
7B6
330
17
100
AcDbEntity
  8
0
100
AcDbLine
 10
25.0
 20
97.0
 30
-97.0
 11
35.0
 21
97.0
 31
-97.0
  0
LINE
  5
7B7
330
17
100
AcDbEntity
  8
0
100
AcDbLine
 10
35.0
 20
97.0
 30
-97.0
 11
35.000000000000036
 21
-251.0
 31
-97.0
  0
LINE
  5
7B8
330
17
100
AcDbEntity
  8
0
100
AcDbLine
 10
35.000000000000036
 20
-251.0
 30
-97.0
 11
35.000000000000036
 21
-251.0
 31
-98.0
  0
LINE
  5
7B9
330
17
100
AcDbEntity
  8
0
100
AcDbLine
 10
35.0
 20
97.0
 30
-98.0
 11
35.000000000000036
 21
-251.0
 31
-98.0
  0
LINE
  5
7BA
330
17
100
AcDbEntity
  8
0
100
AcDbLine
 10
35.0
 20
97.0
 30
-97.0
 11
35.0
 21
97.0
 31
-98.0
  0
LINE
  5
7BB
330
17
100
AcDbEntity
  8
0
100
AcDbLine
 10
35.0
 20
97.0
 30
-98.0
 11
35.000000000000036
 21
-251.0
 31
-98.0
  0
LINE
  5
7BC
330
17
100
AcDbEntity
  8
0
100
AcDbLine
 10
35.000000000000036
 20
-251.0
 30
-98.0
 11
3.552713678800501e-14
 21
-251.0
 31
-98.0
  0
LINE
  5
7BD
330
17
100
AcDbEntity
  8
0
100
AcDbLine
 10
0.0
 20
97.0
 30
-98.0
 11
3.863576125695545e-14
 21
-251.0
 31
-98.0
  0
LINE
  5
7BE
330
17
100
AcDbEntity
  8
0
100
AcDbLine
 10
35.0
 20
97.0
 30
-98.0
 11
0.0
 21
97.0
 31
-98.0
  0
LINE
  5
7BF
330
17
100
AcDbEntity
  8
0
100
AcDbLine
 10
0.0
 20
97.0
 30
-98.0
 11
0.0
 21
97.0
 31
-97.0
  0
LINE
  5
7C0
330
17
100
AcDbEntity
  8
0
100
AcDbLine
 10
0.0
 20
97.0
 30
-97.0
 11
5.0
 21
97.0
 31
-97.0
  0
LINE
  5
7C1
330
17
100
AcDbEntity
  8
0
100
AcDbLine
 10
5.0
 20
97.0
 30
-97.0
 11
5.0
 21
97.0
 31
-90.5
  0
LINE
  5
7C2
330
17
100
AcDbEntity
  8
0
100
AcDbLine
 10
5.0
 20
97.0
 30
-90.5
 11
25.0
 21
97.0
 31
-90.5
  0
LINE
  5
7C3
330
17
100
AcDbEntity
  8
0
100
AcDbLine
 10
25.0
 20
97.0
 30
-90.5
 11
25.0
 21
97.0
 31
-97.0
  0
LINE
  5
7C4
330
17
100
AcDbEntity
  8
0
100
AcDbLine
 10
25.0
 20
97.0
 30
-97.0
 11
35.0
 21
97.0
 31
-97.0
  0
LINE
  5
7C5
330
17
100
AcDbEntity
  8
0
100
AcDbLine
 10
35.0
 20
97.0
 30
-97.0
 11
35.0
 21
97.0
 31
-98.0
  0
LINE
  5
7C6
330
17
100
AcDbEntity
  8
0
100
AcDbLine
 10
35.0
 20
97.0
 30
-98.0
 11
0.0
 21
97.0
 31
-98.0
  0
LINE
  5
7C7
330
17
100
AcDbEntity
  8
0
100
AcDbLine
 10
3.863576125695545e-14
 20
-251.0
 30
-98.0
 11
3.863576125695545e-14
 21
-251.0
 31
-97.0
  0
LINE
  5
7C8
330
17
100
AcDbEntity
  8
0
100
AcDbLine
 10
35.000000000000036
 20
-251.0
 30
-98.0
 11
3.552713678800501e-14
 21
-251.0
 31
-98.0
  0
LINE
  5
7C9
330
17
100
AcDbEntity
  8
0
100
AcDbLine
 10
35.000000000000036
 20
-251.0
 30
-97.0
 11
35.000000000000036
 21
-251.0
 31
-98.0
  0
LINE
  5
7CA
330
17
100
AcDbEntity
  8
0
100
AcDbLine
 10
25.00000000000004
 20
-251.0
 30
-97.0
 11
35.00000000000004
 21
-251.0
 31
-97.0
  0
LINE
  5
7CB
330
17
100
AcDbEntity
  8
0
100
AcDbLine
 10
25.00000000000004
 20
-251.0
 30
-90.5
 11
25.00000000000004
 21
-251.0
 31
-97.0
  0
LINE
  5
7CC
330
17
100
AcDbEntity
  8
0
100
AcDbLine
 10
5.000000000000039
 20
-251.0
 30
-90.5
 11
25.00000000000004
 21
-251.0
 31
-90.5
  0
LINE
  5
7CD
330
17
100
AcDbEntity
  8
0
100
AcDbLine
 10
5.000000000000039
 20
-251.0
 30
-97.0
 11
5.000000000000039
 21
-251.0
 31
-90.5
  0
LINE
  5
7CE
330
17
100
AcDbEntity
  8
0
100
AcDbLine
 10
3.863576125695545e-14
 20
-251.0
 30
-97.0
 11
5.000000000000039
 21
-251.0
 31
-97.0
  0
LINE
  5
7CF
330
17
100
AcDbEntity
  8
0
100
AcDbLine
 10
-25.5
 20
67.0
 30
-93.0
 11
-25.5
 21
79.0
 31
-93.0
  0
LINE
  5
7D0
330
17
100
AcDbEntity
  8
0
100
AcDbLine
 10
-20.4
 20
79.0
 30
-93.0
 11
-25.5
 21
79.0
 31
-93.0
  0
LINE
  5
7D1
330
17
100
AcDbEntity
  8
0
100
AcDbLine
 10
-20.4
 20
67.0
 30
-93.0
 11
-20.4
 21
79.0
 31
-93.0
  0
LINE
  5
7D2
330
17
100
AcDbEntity
  8
0
100
AcDbLine
 10
-25.5
 20
67.0
 30
-93.0
 11
-20.4
 21
67.0
 31
-93.0
  0
LINE
  5
7D3
330
17
100
AcDbEntity
  8
0
100
AcDbLine
 10
-25.5
 20
67.0
 30
-68.0
 11
-25.5
 21
67.0
 31
-93.0
  0
LINE
  5
7D4
330
17
100
AcDbEntity
  8
0
100
AcDbLine
 10
-25.5
 20
72.0
 30
-68.0
 11
-25.5
 21
67.0
 31
-68.0
  0
LINE
  5
7D5
330
17
100
AcDbEntity
  8
0
100
AcDbLine
 10
-25.5
 20
72.0
 30
-46.0
 11
-25.5
 21
72.0
 31
-68.0
  0
LINE
  5
7D6
330
17
100
AcDbEntity
  8
0
100
AcDbLine
 10
-25.5
 20
122.0
 30
-46.0
 11
-25.5
 21
72.0
 31
-46.0
  0
LINE
  5
7D7
330
17
100
AcDbEntity
  8
0
100
AcDbLine
 10
-25.5
 20
122.0
 30
-68.0
 11
-25.5
 21
122.0
 31
-46.0
  0
LINE
  5
7D8
330
17
100
AcDbEntity
  8
0
100
AcDbLine
 10
-25.5
 20
127.0
 30
-68.0
 11
-25.5
 21
122.0
 31
-68.0
  0
LINE
  5
7D9
330
17
100
AcDbEntity
  8
0
100
AcDbLine
 10
-25.5
 20
127.0
 30
-93.0
 11
-25.5
 21
127.0
 31
-68.0
  0
LINE
  5
7DA
330
17
100
AcDbEntity
  8
0
100
AcDbLine
 10
-25.5
 20
115.0
 30
-93.0
 11
-25.5
 21
127.0
 31
-93.0
  0
LINE
  5
7DB
330
17
100
AcDbEntity
  8
0
100
AcDbLine
 10
-25.5
 20
115.0
 30
-93.0
 11
-25.5
 21
115.0
 31
-88.0
  0
LINE
  5
7DC
330
17
100
AcDbEntity
  8
0
100
AcDbLine
 10
-25.5
 20
115.0
 30
-88.0
 11
-25.5
 21
79.0
 31
-88.0
  0
LINE
  5
7DD
330
17
100
AcDbEntity
  8
0
100
AcDbLine
 10
-25.5
 20
79.0
 30
-88.0
 11
-25.5
 21
79.0
 31
-93.0
  0
LINE
  5
7DE
330
17
100
AcDbEntity
  8
0
100
AcDbLine
 10
-25.5
 20
67.0
 30
-93.0
 11
-25.5
 21
79.0
 31
-93.0
  0
LINE
  5
7DF
330
17
100
AcDbEntity
  8
0
100
AcDbLine
 10
-25.5
 20
79.0
 30
-88.0
 11
-25.5
 21
79.0
 31
-93.0
  0
LINE
  5
7E0
330
17
100
AcDbEntity
  8
0
100
AcDbLine
 10
-25.5
 20
79.0
 30
-88.0
 11
-20.4
 21
79.0
 31
-88.0
  0
LINE
  5
7E1
330
17
100
AcDbEntity
  8
0
100
AcDbLine
 10
-20.4
 20
79.0
 30
-88.0
 11
-20.4
 21
79.0
 31
-93.0
  0
LINE
  5
7E2
330
17
100
AcDbEntity
  8
0
100
AcDbLine
 10
-20.4
 20
79.0
 30
-93.0
 11
-25.5
 21
79.0
 31
-93.0
  0
LINE
  5
7E3
330
17
100
AcDbEntity
  8
0
100
AcDbLine
 10
-20.4
 20
67.0
 30
-68.0
 11
-20.4
 21
67.0
 31
-93.0
  0
LINE
  5
7E4
330
17
100
AcDbEntity
  8
0
100
AcDbLine
 10
-20.4
 20
67.0
 30
-93.0
 11
-20.4
 21
79.0
 31
-93.0
  0
LINE
  5
7E5
330
17
100
AcDbEntity
  8
0
100
AcDbLine
 10
-20.4
 20
79.0
 30
-88.0
 11
-20.4
 21
79.0
 31
-93.0
  0
LINE
  5
7E6
330
17
100
AcDbEntity
  8
0
100
AcDbLine
 10
-20.4
 20
115.0
 30
-88.0
 11
-20.4
 21
79.0
 31
-88.0
  0
LINE
  5
7E7
330
17
100
AcDbEntity
  8
0
100
AcDbLine
 10
-20.4
 20
115.0
 30
-93.0
 11
-20.4
 21
115.0
 31
-88.0
  0
LINE
  5
7E8
330
17
100
AcDbEntity
  8
0
100
AcDbLine
 10
-20.4
 20
115.0
 30
-93.0
 11
-20.4
 21
127.0
 31
-93.0
  0
LINE
  5
7E9
330
17
100
AcDbEntity
  8
0
100
AcDbLine
 10
-20.4
 20
127.0
 30
-93.0
 11
-20.4
 21
127.0
 31
-68.0
  0
LINE
  5
7EA
330
17
100
AcDbEntity
  8
0
100
AcDbLine
 10
-20.4
 20
127.0
 30
-68.0
 11
-20.4
 21
122.0
 31
-68.0
  0
LINE
  5
7EB
330
17
100
AcDbEntity
  8
0
100
AcDbLine
 10
-20.4
 20
122.0
 30
-68.0
 11
-20.4
 21
122.0
 31
-46.0
  0
LINE
  5
7EC
330
17
100
AcDbEntity
  8
0
100
AcDbLine
 10
-20.4
 20
122.0
 30
-46.0
 11
-20.4
 21
72.0
 31
-46.0
  0
LINE
  5
7ED
330
17
100
AcDbEntity
  8
0
100
AcDbLine
 10
-20.4
 20
72.0
 30
-46.0
 11
-20.4
 21
72.0
 31
-68.0
  0
LINE
  5
7EE
330
17
100
AcDbEntity
  8
0
100
AcDbLine
 10
-20.4
 20
72.0
 30
-68.0
 11
-20.4
 21
67.0
 31
-68.0
  0
LINE
  5
7EF
330
17
100
AcDbEntity
  8
0
100
AcDbLine
 10
-25.5
 20
67.0
 30
-68.0
 11
-20.4
 21
67.0
 31
-68.0
  0
LINE
  5
7F0
330
17
100
AcDbEntity
  8
0
100
AcDbLine
 10
-25.5
 20
67.0
 30
-68.0
 11
-25.5
 21
67.0
 31
-93.0
  0
LINE
  5
7F1
330
17
100
AcDbEntity
  8
0
100
AcDbLine
 10
-25.5
 20
67.0
 30
-93.0
 11
-20.4
 21
67.0
 31
-93.0
  0
LINE
  5
7F2
330
17
100
AcDbEntity
  8
0
100
AcDbLine
 10
-20.4
 20
67.0
 30
-68.0
 11
-20.4
 21
67.0
 31
-93.0
  0
LINE
  5
7F3
330
17
100
AcDbEntity
  8
0
100
AcDbLine
 10
-25.5
 20
72.0
 30
-68.0
 11
-20.4
 21
72.0
 31
-68.0
  0
LINE
  5
7F4
330
17
100
AcDbEntity
  8
0
100
AcDbLine
 10
-25.5
 20
72.0
 30
-68.0
 11
-25.5
 21
67.0
 31
-68.0
  0
LINE
  5
7F5
330
17
100
AcDbEntity
  8
0
100
AcDbLine
 10
-25.5
 20
67.0
 30
-68.0
 11
-20.4
 21
67.0
 31
-68.0
  0
LINE
  5
7F6
330
17
100
AcDbEntity
  8
0
100
AcDbLine
 10
-20.4
 20
72.0
 30
-68.0
 11
-20.4
 21
67.0
 31
-68.0
  0
LINE
  5
7F7
330
17
100
AcDbEntity
  8
0
100
AcDbLine
 10
-25.5
 20
72.0
 30
-46.0
 11
-20.4
 21
72.0
 31
-46.0
  0
LINE
  5
7F8
330
17
100
AcDbEntity
  8
0
100
AcDbLine
 10
-25.5
 20
72.0
 30
-46.0
 11
-25.5
 21
72.0
 31
-68.0
  0
LINE
  5
7F9
330
17
100
AcDbEntity
  8
0
100
AcDbLine
 10
-25.5
 20
72.0
 30
-68.0
 11
-20.4
 21
72.0
 31
-68.0
  0
LINE
  5
7FA
330
17
100
AcDbEntity
  8
0
100
AcDbLine
 10
-20.4
 20
72.0
 30
-46.0
 11
-20.4
 21
72.0
 31
-68.0
  0
LINE
  5
7FB
330
17
100
AcDbEntity
  8
0
100
AcDbLine
 10
-25.5
 20
122.0
 30
-46.0
 11
-20.4
 21
122.0
 31
-46.0
  0
LINE
  5
7FC
330
17
100
AcDbEntity
  8
0
100
AcDbLine
 10
-25.5
 20
122.0
 30
-46.0
 11
-25.5
 21
72.0
 31
-46.0
  0
LINE
  5
7FD
330
17
100
AcDbEntity
  8
0
100
AcDbLine
 10
-25.5
 20
72.0
 30
-46.0
 11
-20.4
 21
72.0
 31
-46.0
  0
LINE
  5
7FE
330
17
100
AcDbEntity
  8
0
100
AcDbLine
 10
-20.4
 20
122.0
 30
-46.0
 11
-20.4
 21
72.0
 31
-46.0
  0
CIRCLE
  5
7FF
330
17
100
AcDbEntity
  8
0
100
AcDbCircle
 10
-22.95
 20
117.0
 30
-46.0
 40
1.5
  0
CIRCLE
  5
800
330
17
100
AcDbEntity
  8
0
100
AcDbCircle
 10
-22.95
 20
77.0
 30
-46.0
 40
1.5
  0
LINE
  5
801
330
17
100
AcDbEntity
  8
0
100
AcDbLine
 10
-25.5
 20
122.0
 30
-68.0
 11
-20.4
 21
122.0
 31
-68.0
  0
LINE
  5
802
330
17
100
AcDbEntity
  8
0
100
AcDbLine
 10
-25.5
 20
122.0
 30
-68.0
 11
-25.5
 21
122.0
 31
-46.0
  0
LINE
  5
803
330
17
100
AcDbEntity
  8
0
100
AcDbLine
 10
-25.5
 20
122.0
 30
-46.0
 11
-20.4
 21
122.0
 31
-46.0
  0
LINE
  5
804
330
17
100
AcDbEntity
  8
0
100
AcDbLine
 10
-20.4
 20
122.0
 30
-68.0
 11
-20.4
 21
122.0
 31
-46.0
  0
LINE
  5
805
330
17
100
AcDbEntity
  8
0
100
AcDbLine
 10
-25.5
 20
127.0
 30
-68.0
 11
-20.4
 21
127.0
 31
-68.0
  0
LINE
  5
806
330
17
100
AcDbEntity
  8
0
100
AcDbLine
 10
-25.5
 20
127.0
 30
-68.0
 11
-25.5
 21
122.0
 31
-68.0
  0
LINE
  5
807
330
17
100
AcDbEntity
  8
0
100
AcDbLine
 10
-25.5
 20
122.0
 30
-68.0
 11
-20.4
 21
122.0
 31
-68.0
  0
LINE
  5
808
330
17
100
AcDbEntity
  8
0
100
AcDbLine
 10
-20.4
 20
127.0
 30
-68.0
 11
-20.4
 21
122.0
 31
-68.0
  0
LINE
  5
809
330
17
100
AcDbEntity
  8
0
100
AcDbLine
 10
-25.5
 20
127.0
 30
-93.0
 11
-20.4
 21
127.0
 31
-93.0
  0
LINE
  5
80A
330
17
100
AcDbEntity
  8
0
100
AcDbLine
 10
-25.5
 20
127.0
 30
-93.0
 11
-25.5
 21
127.0
 31
-68.0
  0
LINE
  5
80B
330
17
100
AcDbEntity
  8
0
100
AcDbLine
 10
-25.5
 20
127.0
 30
-68.0
 11
-20.4
 21
127.0
 31
-68.0
  0
LINE
  5
80C
330
17
100
AcDbEntity
  8
0
100
AcDbLine
 10
-20.4
 20
127.0
 30
-93.0
 11
-20.4
 21
127.0
 31
-68.0
  0
LINE
  5
80D
330
17
100
AcDbEntity
  8
0
100
AcDbLine
 10
-25.5
 20
115.0
 30
-93.0
 11
-25.5
 21
127.0
 31
-93.0
  0
LINE
  5
80E
330
17
100
AcDbEntity
  8
0
100
AcDbLine
 10
-25.5
 20
127.0
 30
-93.0
 11
-20.4
 21
127.0
 31
-93.0
  0
LINE
  5
80F
330
17
100
AcDbEntity
  8
0
100
AcDbLine
 10
-20.4
 20
115.0
 30
-93.0
 11
-20.4
 21
127.0
 31
-93.0
  0
LINE
  5
810
330
17
100
AcDbEntity
  8
0
100
AcDbLine
 10
-25.5
 20
115.0
 30
-93.0
 11
-20.4
 21
115.0
 31
-93.0
  0
LINE
  5
811
330
17
100
AcDbEntity
  8
0
100
AcDbLine
 10
-25.5
 20
115.0
 30
-93.0
 11
-25.5
 21
115.0
 31
-88.0
  0
LINE
  5
812
330
17
100
AcDbEntity
  8
0
100
AcDbLine
 10
-25.5
 20
115.0
 30
-93.0
 11
-20.4
 21
115.0
 31
-93.0
  0
LINE
  5
813
330
17
100
AcDbEntity
  8
0
100
AcDbLine
 10
-20.4
 20
115.0
 30
-93.0
 11
-20.4
 21
115.0
 31
-88.0
  0
LINE
  5
814
330
17
100
AcDbEntity
  8
0
100
AcDbLine
 10
-25.5
 20
115.0
 30
-88.0
 11
-20.4
 21
115.0
 31
-88.0
  0
LINE
  5
815
330
17
100
AcDbEntity
  8
0
100
AcDbLine
 10
-25.5
 20
115.0
 30
-88.0
 11
-20.4
 21
115.0
 31
-88.0
  0
LINE
  5
816
330
17
100
AcDbEntity
  8
0
100
AcDbLine
 10
-20.4
 20
115.0
 30
-88.0
 11
-20.4
 21
79.0
 31
-88.0
  0
LINE
  5
817
330
17
100
AcDbEntity
  8
0
100
AcDbLine
 10
-25.5
 20
79.0
 30
-88.0
 11
-20.4
 21
79.0
 31
-88.0
  0
LINE
  5
818
330
17
100
AcDbEntity
  8
0
100
AcDbLine
 10
-25.5
 20
115.0
 30
-88.0
 11
-25.5
 21
79.0
 31
-88.0
  0
LINE
  5
819
330
17
100
AcDbEntity
  8
0
100
AcDbLine
 10
-21.45
 20
117.0
 30
-46.0
 11
-21.45
 21
117.0
 31
-56.0
  0
CIRCLE
  5
81A
330
17
100
AcDbEntity
  8
0
100
AcDbCircle
 10
-22.95
 20
117.0
 30
-46.0
 40
1.5
  0
LINE
  5
81B
330
17
100
AcDbEntity
  8
0
100
AcDbLine
 10
-21.45
 20
117.0
 30
-46.0
 11
-21.45
 21
117.0
 31
-56.0
  0
CIRCLE
  5
81C
330
17
100
AcDbEntity
  8
0
100
AcDbCircle
 10
-22.95
 20
117.0
 30
-56.0
 40
1.5
  0
LINE
  5
81D
330
17
100
AcDbEntity
  8
0
100
AcDbLine
 10
-21.45
 20
77.0
 30
-46.0
 11
-21.45
 21
77.0
 31
-56.0
  0
CIRCLE
  5
81E
330
17
100
AcDbEntity
  8
0
100
AcDbCircle
 10
-22.95
 20
77.0
 30
-46.0
 40
1.5
  0
LINE
  5
81F
330
17
100
AcDbEntity
  8
0
100
AcDbLine
 10
-21.45
 20
77.0
 30
-46.0
 11
-21.45
 21
77.0
 31
-56.0
  0
CIRCLE
  5
820
330
17
100
AcDbEntity
  8
0
100
AcDbCircle
 10
-22.95
 20
77.0
 30
-56.0
 40
1.5
  0
CIRCLE
  5
821
330
17
100
AcDbEntity
  8
0
100
AcDbCircle
 10
-22.95
 20
117.0
 30
-56.0
 40
1.5
  0
CIRCLE
  5
822
330
17
100
AcDbEntity
  8
0
100
AcDbCircle
 10
-22.95
 20
77.0
 30
-56.0
 40
1.5
  0
LINE
  5
823
330
17
100
AcDbEntity
  8
0
100
AcDbLine
 10
-20.4
 20
67.0
 30
-93.0
 11
-20.4
 21
79.0
 31
-93.0
  0
LINE
  5
824
330
17
100
AcDbEntity
  8
0
100
AcDbLine
 10
-15.299999999999999
 20
79.0
 30
-93.0
 11
-20.4
 21
79.0
 31
-93.0
  0
LINE
  5
825
330
17
100
AcDbEntity
  8
0
100
AcDbLine
 10
-15.299999999999999
 20
67.0
 30
-93.0
 11
-15.299999999999999
 21
79.0
 31
-93.0
  0
LINE
  5
826
330
17
100
AcDbEntity
  8
0
100
AcDbLine
 10
-20.4
 20
67.0
 30
-93.0
 11
-15.299999999999999
 21
67.0
 31
-93.0
  0
LINE
  5
827
330
17
100
AcDbEntity
  8
0
100
AcDbLine
 10
-20.4
 20
67.0
 30
-68.0
 11
-20.4
 21
67.0
 31
-93.0
  0
LINE
  5
828
330
17
100
AcDbEntity
  8
0
100
AcDbLine
 10
-20.4
 20
72.0
 30
-68.0
 11
-20.4
 21
67.0
 31
-68.0
  0
LINE
  5
829
330
17
100
AcDbEntity
  8
0
100
AcDbLine
 10
-20.4
 20
72.0
 30
-46.0
 11
-20.4
 21
72.0
 31
-68.0
  0
LINE
  5
82A
330
17
100
AcDbEntity
  8
0
100
AcDbLine
 10
-20.4
 20
122.0
 30
-46.0
 11
-20.4
 21
72.0
 31
-46.0
  0
LINE
  5
82B
330
17
100
AcDbEntity
  8
0
100
AcDbLine
 10
-20.4
 20
122.0
 30
-68.0
 11
-20.4
 21
122.0
 31
-46.0
  0
LINE
  5
82C
330
17
100
AcDbEntity
  8
0
100
AcDbLine
 10
-20.4
 20
127.0
 30
-68.0
 11
-20.4
 21
122.0
 31
-68.0
  0
LINE
  5
82D
330
17
100
AcDbEntity
  8
0
100
AcDbLine
 10
-20.4
 20
127.0
 30
-93.0
 11
-20.4
 21
127.0
 31
-68.0
  0
LINE
  5
82E
330
17
100
AcDbEntity
  8
0
100
AcDbLine
 10
-20.4
 20
115.0
 30
-93.0
 11
-20.4
 21
127.0
 31
-93.0
  0
LINE
  5
82F
330
17
100
AcDbEntity
  8
0
100
AcDbLine
 10
-20.4
 20
115.0
 30
-93.0
 11
-20.4
 21
115.0
 31
-88.0
  0
LINE
  5
830
330
17
100
AcDbEntity
  8
0
100
AcDbLine
 10
-20.4
 20
115.0
 30
-88.0
 11
-20.4
 21
79.0
 31
-88.0
  0
LINE
  5
831
330
17
100
AcDbEntity
  8
0
100
AcDbLine
 10
-20.4
 20
79.0
 30
-88.0
 11
-20.4
 21
79.0
 31
-93.0
  0
LINE
  5
832
330
17
100
AcDbEntity
  8
0
100
AcDbLine
 10
-20.4
 20
67.0
 30
-93.0
 11
-20.4
 21
79.0
 31
-93.0
  0
LINE
  5
833
330
17
100
AcDbEntity
  8
0
100
AcDbLine
 10
-20.4
 20
79.0
 30
-88.0
 11
-20.4
 21
79.0
 31
-93.0
  0
LINE
  5
834
330
17
100
AcDbEntity
  8
0
100
AcDbLine
 10
-20.4
 20
79.0
 30
-88.0
 11
-15.299999999999999
 21
79.0
 31
-88.0
  0
LINE
  5
835
330
17
100
AcDbEntity
  8
0
100
AcDbLine
 10
-15.299999999999999
 20
79.0
 30
-88.0
 11
-15.299999999999999
 21
79.0
 31
-93.0
  0
LINE
  5
836
330
17
100
AcDbEntity
  8
0
100
AcDbLine
 10
-15.299999999999999
 20
79.0
 30
-93.0
 11
-20.4
 21
79.0
 31
-93.0
  0
LINE
  5
837
330
17
100
AcDbEntity
  8
0
100
AcDbLine
 10
-15.299999999999999
 20
67.0
 30
-68.0
 11
-15.299999999999999
 21
67.0
 31
-93.0
  0
LINE
  5
838
330
17
100
AcDbEntity
  8
0
100
AcDbLine
 10
-15.299999999999999
 20
67.0
 30
-93.0
 11
-15.299999999999999
 21
79.0
 31
-93.0
  0
LINE
  5
839
330
17
100
AcDbEntity
  8
0
100
AcDbLine
 10
-15.299999999999999
 20
79.0
 30
-88.0
 11
-15.299999999999999
 21
79.0
 31
-93.0
  0
LINE
  5
83A
330
17
100
AcDbEntity
  8
0
100
AcDbLine
 10
-15.299999999999999
 20
115.0
 30
-88.0
 11
-15.299999999999999
 21
79.0
 31
-88.0
  0
LINE
  5
83B
330
17
100
AcDbEntity
  8
0
100
AcDbLine
 10
-15.299999999999999
 20
115.0
 30
-93.0
 11
-15.299999999999999
 21
115.0
 31
-88.0
  0
LINE
  5
83C
330
17
100
AcDbEntity
  8
0
100
AcDbLine
 10
-15.299999999999999
 20
115.0
 30
-93.0
 11
-15.299999999999999
 21
127.0
 31
-93.0
  0
LINE
  5
83D
330
17
100
AcDbEntity
  8
0
100
AcDbLine
 10
-15.299999999999999
 20
127.0
 30
-93.0
 11
-15.299999999999999
 21
127.0
 31
-68.0
  0
LINE
  5
83E
330
17
100
AcDbEntity
  8
0
100
AcDbLine
 10
-15.299999999999999
 20
127.0
 30
-68.0
 11
-15.299999999999999
 21
122.0
 31
-68.0
  0
LINE
  5
83F
330
17
100
AcDbEntity
  8
0
100
AcDbLine
 10
-15.299999999999999
 20
122.0
 30
-68.0
 11
-15.299999999999999
 21
122.0
 31
-46.0
  0
LINE
  5
840
330
17
100
AcDbEntity
  8
0
100
AcDbLine
 10
-15.299999999999999
 20
122.0
 30
-46.0
 11
-15.299999999999999
 21
72.0
 31
-46.0
  0
LINE
  5
841
330
17
100
AcDbEntity
  8
0
100
AcDbLine
 10
-15.299999999999999
 20
72.0
 30
-46.0
 11
-15.299999999999999
 21
72.0
 31
-68.0
  0
LINE
  5
842
330
17
100
AcDbEntity
  8
0
100
AcDbLine
 10
-15.299999999999999
 20
72.0
 30
-68.0
 11
-15.299999999999999
 21
67.0
 31
-68.0
  0
LINE
  5
843
330
17
100
AcDbEntity
  8
0
100
AcDbLine
 10
-20.4
 20
67.0
 30
-68.0
 11
-15.299999999999999
 21
67.0
 31
-68.0
  0
LINE
  5
844
330
17
100
AcDbEntity
  8
0
100
AcDbLine
 10
-20.4
 20
67.0
 30
-68.0
 11
-20.4
 21
67.0
 31
-93.0
  0
LINE
  5
845
330
17
100
AcDbEntity
  8
0
100
AcDbLine
 10
-20.4
 20
67.0
 30
-93.0
 11
-15.299999999999999
 21
67.0
 31
-93.0
  0
LINE
  5
846
330
17
100
AcDbEntity
  8
0
100
AcDbLine
 10
-15.299999999999999
 20
67.0
 30
-68.0
 11
-15.299999999999999
 21
67.0
 31
-93.0
  0
LINE
  5
847
330
17
100
AcDbEntity
  8
0
100
AcDbLine
 10
-20.4
 20
72.0
 30
-68.0
 11
-15.299999999999999
 21
72.0
 31
-68.0
  0
LINE
  5
848
330
17
100
AcDbEntity
  8
0
100
AcDbLine
 10
-20.4
 20
72.0
 30
-68.0
 11
-20.4
 21
67.0
 31
-68.0
  0
LINE
  5
849
330
17
100
AcDbEntity
  8
0
100
AcDbLine
 10
-20.4
 20
67.0
 30
-68.0
 11
-15.299999999999999
 21
67.0
 31
-68.0
  0
LINE
  5
84A
330
17
100
AcDbEntity
  8
0
100
AcDbLine
 10
-15.299999999999999
 20
72.0
 30
-68.0
 11
-15.299999999999999
 21
67.0
 31
-68.0
  0
LINE
  5
84B
330
17
100
AcDbEntity
  8
0
100
AcDbLine
 10
-20.4
 20
72.0
 30
-46.0
 11
-15.299999999999999
 21
72.0
 31
-46.0
  0
LINE
  5
84C
330
17
100
AcDbEntity
  8
0
100
AcDbLine
 10
-20.4
 20
72.0
 30
-46.0
 11
-20.4
 21
72.0
 31
-68.0
  0
LINE
  5
84D
330
17
100
AcDbEntity
  8
0
100
AcDbLine
 10
-20.4
 20
72.0
 30
-68.0
 11
-15.299999999999999
 21
72.0
 31
-68.0
  0
LINE
  5
84E
330
17
100
AcDbEntity
  8
0
100
AcDbLine
 10
-15.299999999999999
 20
72.0
 30
-46.0
 11
-15.299999999999999
 21
72.0
 31
-68.0
  0
LINE
  5
84F
330
17
100
AcDbEntity
  8
0
100
AcDbLine
 10
-20.4
 20
122.0
 30
-46.0
 11
-15.299999999999999
 21
122.0
 31
-46.0
  0
LINE
  5
850
330
17
100
AcDbEntity
  8
0
100
AcDbLine
 10
-20.4
 20
122.0
 30
-46.0
 11
-20.4
 21
72.0
 31
-46.0
  0
LINE
  5
851
330
17
100
AcDbEntity
  8
0
100
AcDbLine
 10
-20.4
 20
72.0
 30
-46.0
 11
-15.299999999999999
 21
72.0
 31
-46.0
  0
LINE
  5
852
330
17
100
AcDbEntity
  8
0
100
AcDbLine
 10
-15.299999999999999
 20
122.0
 30
-46.0
 11
-15.299999999999999
 21
72.0
 31
-46.0
  0
CIRCLE
  5
853
330
17
100
AcDbEntity
  8
0
100
AcDbCircle
 10
-17.849999999999998
 20
117.0
 30
-46.0
 40
1.5
  0
CIRCLE
  5
854
330
17
100
AcDbEntity
  8
0
100
AcDbCircle
 10
-17.849999999999998
 20
77.0
 30
-46.0
 40
1.5
  0
LINE
  5
855
330
17
100
AcDbEntity
  8
0
100
AcDbLine
 10
-20.4
 20
122.0
 30
-68.0
 11
-15.299999999999999
 21
122.0
 31
-68.0
  0
LINE
  5
856
330
17
100
AcDbEntity
  8
0
100
AcDbLine
 10
-20.4
 20
122.0
 30
-68.0
 11
-20.4
 21
122.0
 31
-46.0
  0
LINE
  5
857
330
17
100
AcDbEntity
  8
0
100
AcDbLine
 10
-20.4
 20
122.0
 30
-46.0
 11
-15.299999999999999
 21
122.0
 31
-46.0
  0
LINE
  5
858
330
17
100
AcDbEntity
  8
0
100
AcDbLine
 10
-15.299999999999999
 20
122.0
 30
-68.0
 11
-15.299999999999999
 21
122.0
 31
-46.0
  0
LINE
  5
859
330
17
100
AcDbEntity
  8
0
100
AcDbLine
 10
-20.4
 20
127.0
 30
-68.0
 11
-15.299999999999999
 21
127.0
 31
-68.0
  0
LINE
  5
85A
330
17
100
AcDbEntity
  8
0
100
AcDbLine
 10
-20.4
 20
127.0
 30
-68.0
 11
-20.4
 21
122.0
 31
-68.0
  0
LINE
  5
85B
330
17
100
AcDbEntity
  8
0
100
AcDbLine
 10
-20.4
 20
122.0
 30
-68.0
 11
-15.299999999999999
 21
122.0
 31
-68.0
  0
LINE
  5
85C
330
17
100
AcDbEntity
  8
0
100
AcDbLine
 10
-15.299999999999999
 20
127.0
 30
-68.0
 11
-15.299999999999999
 21
122.0
 31
-68.0
  0
LINE
  5
85D
330
17
100
AcDbEntity
  8
0
100
AcDbLine
 10
-20.4
 20
127.0
 30
-93.0
 11
-15.299999999999999
 21
127.0
 31
-93.0
  0
LINE
  5
85E
330
17
100
AcDbEntity
  8
0
100
AcDbLine
 10
-20.4
 20
127.0
 30
-93.0
 11
-20.4
 21
127.0
 31
-68.0
  0
LINE
  5
85F
330
17
100
AcDbEntity
  8
0
100
AcDbLine
 10
-20.4
 20
127.0
 30
-68.0
 11
-15.299999999999999
 21
127.0
 31
-68.0
  0
LINE
  5
860
330
17
100
AcDbEntity
  8
0
100
AcDbLine
 10
-15.299999999999999
 20
127.0
 30
-93.0
 11
-15.299999999999999
 21
127.0
 31
-68.0
  0
LINE
  5
861
330
17
100
AcDbEntity
  8
0
100
AcDbLine
 10
-20.4
 20
115.0
 30
-93.0
 11
-20.4
 21
127.0
 31
-93.0
  0
LINE
  5
862
330
17
100
AcDbEntity
  8
0
100
AcDbLine
 10
-20.4
 20
127.0
 30
-93.0
 11
-15.299999999999999
 21
127.0
 31
-93.0
  0
LINE
  5
863
330
17
100
AcDbEntity
  8
0
100
AcDbLine
 10
-15.299999999999999
 20
115.0
 30
-93.0
 11
-15.299999999999999
 21
127.0
 31
-93.0
  0
LINE
  5
864
330
17
100
AcDbEntity
  8
0
100
AcDbLine
 10
-20.4
 20
115.0
 30
-93.0
 11
-15.299999999999999
 21
115.0
 31
-93.0
  0
LINE
  5
865
330
17
100
AcDbEntity
  8
0
100
AcDbLine
 10
-20.4
 20
115.0
 30
-93.0
 11
-20.4
 21
115.0
 31
-88.0
  0
LINE
  5
866
330
17
100
AcDbEntity
  8
0
100
AcDbLine
 10
-20.4
 20
115.0
 30
-93.0
 11
-15.299999999999999
 21
115.0
 31
-93.0
  0
LINE
  5
867
330
17
100
AcDbEntity
  8
0
100
AcDbLine
 10
-15.299999999999999
 20
115.0
 30
-93.0
 11
-15.299999999999999
 21
115.0
 31
-88.0
  0
LINE
  5
868
330
17
100
AcDbEntity
  8
0
100
AcDbLine
 10
-20.4
 20
115.0
 30
-88.0
 11
-15.299999999999999
 21
115.0
 31
-88.0
  0
LINE
  5
869
330
17
100
AcDbEntity
  8
0
100
AcDbLine
 10
-20.4
 20
115.0
 30
-88.0
 11
-15.299999999999999
 21
115.0
 31
-88.0
  0
LINE
  5
86A
330
17
100
AcDbEntity
  8
0
100
AcDbLine
 10
-15.299999999999999
 20
115.0
 30
-88.0
 11
-15.299999999999999
 21
79.0
 31
-88.0
  0
LINE
  5
86B
330
17
100
AcDbEntity
  8
0
100
AcDbLine
 10
-20.4
 20
79.0
 30
-88.0
 11
-15.299999999999999
 21
79.0
 31
-88.0
  0
LINE
  5
86C
330
17
100
AcDbEntity
  8
0
100
AcDbLine
 10
-20.4
 20
115.0
 30
-88.0
 11
-20.4
 21
79.0
 31
-88.0
  0
LINE
  5
86D
330
17
100
AcDbEntity
  8
0
100
AcDbLine
 10
-16.349999999999998
 20
117.0
 30
-46.0
 11
-16.349999999999998
 21
117.0
 31
-56.0
  0
CIRCLE
  5
86E
330
17
100
AcDbEntity
  8
0
100
AcDbCircle
 10
-17.849999999999998
 20
117.0
 30
-46.0
 40
1.5
  0
LINE
  5
86F
330
17
100
AcDbEntity
  8
0
100
AcDbLine
 10
-16.349999999999998
 20
117.0
 30
-46.0
 11
-16.349999999999998
 21
117.0
 31
-56.0
  0
CIRCLE
  5
870
330
17
100
AcDbEntity
  8
0
100
AcDbCircle
 10
-17.849999999999998
 20
117.0
 30
-56.0
 40
1.5
  0
LINE
  5
871
330
17
100
AcDbEntity
  8
0
100
AcDbLine
 10
-16.349999999999998
 20
77.0
 30
-46.0
 11
-16.349999999999998
 21
77.0
 31
-56.0
  0
CIRCLE
  5
872
330
17
100
AcDbEntity
  8
0
100
AcDbCircle
 10
-17.849999999999998
 20
77.0
 30
-46.0
 40
1.5
  0
LINE
  5
873
330
17
100
AcDbEntity
  8
0
100
AcDbLine
 10
-16.349999999999998
 20
77.0
 30
-46.0
 11
-16.349999999999998
 21
77.0
 31
-56.0
  0
CIRCLE
  5
874
330
17
100
AcDbEntity
  8
0
100
AcDbCircle
 10
-17.849999999999998
 20
77.0
 30
-56.0
 40
1.5
  0
CIRCLE
  5
875
330
17
100
AcDbEntity
  8
0
100
AcDbCircle
 10
-17.849999999999998
 20
117.0
 30
-56.0
 40
1.5
  0
CIRCLE
  5
876
330
17
100
AcDbEntity
  8
0
100
AcDbCircle
 10
-17.849999999999998
 20
77.0
 30
-56.0
 40
1.5
  0
LINE
  5
877
330
17
100
AcDbEntity
  8
0
100
AcDbLine
 10
-15.3
 20
67.0
 30
-93.0
 11
-15.3
 21
79.0
 31
-93.0
  0
LINE
  5
878
330
17
100
AcDbEntity
  8
0
100
AcDbLine
 10
-10.200000000000001
 20
79.0
 30
-93.0
 11
-15.3
 21
79.0
 31
-93.0
  0
LINE
  5
879
330
17
100
AcDbEntity
  8
0
100
AcDbLine
 10
-10.200000000000001
 20
67.0
 30
-93.0
 11
-10.200000000000001
 21
79.0
 31
-93.0
  0
LINE
  5
87A
330
17
100
AcDbEntity
  8
0
100
AcDbLine
 10
-15.3
 20
67.0
 30
-93.0
 11
-10.200000000000001
 21
67.0
 31
-93.0
  0
LINE
  5
87B
330
17
100
AcDbEntity
  8
0
100
AcDbLine
 10
-15.3
 20
67.0
 30
-68.0
 11
-15.3
 21
67.0
 31
-93.0
  0
LINE
  5
87C
330
17
100
AcDbEntity
  8
0
100
AcDbLine
 10
-15.3
 20
72.0
 30
-68.0
 11
-15.3
 21
67.0
 31
-68.0
  0
LINE
  5
87D
330
17
100
AcDbEntity
  8
0
100
AcDbLine
 10
-15.3
 20
72.0
 30
-46.0
 11
-15.3
 21
72.0
 31
-68.0
  0
LINE
  5
87E
330
17
100
AcDbEntity
  8
0
100
AcDbLine
 10
-15.3
 20
122.0
 30
-46.0
 11
-15.3
 21
72.0
 31
-46.0
  0
LINE
  5
87F
330
17
100
AcDbEntity
  8
0
100
AcDbLine
 10
-15.3
 20
122.0
 30
-68.0
 11
-15.3
 21
122.0
 31
-46.0
  0
LINE
  5
880
330
17
100
AcDbEntity
  8
0
100
AcDbLine
 10
-15.3
 20
127.0
 30
-68.0
 11
-15.3
 21
122.0
 31
-68.0
  0
LINE
  5
881
330
17
100
AcDbEntity
  8
0
100
AcDbLine
 10
-15.3
 20
127.0
 30
-93.0
 11
-15.3
 21
127.0
 31
-68.0
  0
LINE
  5
882
330
17
100
AcDbEntity
  8
0
100
AcDbLine
 10
-15.3
 20
115.0
 30
-93.0
 11
-15.3
 21
127.0
 31
-93.0
  0
LINE
  5
883
330
17
100
AcDbEntity
  8
0
100
AcDbLine
 10
-15.3
 20
115.0
 30
-93.0
 11
-15.3
 21
115.0
 31
-88.0
  0
LINE
  5
884
330
17
100
AcDbEntity
  8
0
100
AcDbLine
 10
-15.3
 20
115.0
 30
-88.0
 11
-15.3
 21
79.0
 31
-88.0
  0
LINE
  5
885
330
17
100
AcDbEntity
  8
0
100
AcDbLine
 10
-15.3
 20
79.0
 30
-88.0
 11
-15.3
 21
79.0
 31
-93.0
  0
LINE
  5
886
330
17
100
AcDbEntity
  8
0
100
AcDbLine
 10
-15.3
 20
67.0
 30
-93.0
 11
-15.3
 21
79.0
 31
-93.0
  0
LINE
  5
887
330
17
100
AcDbEntity
  8
0
100
AcDbLine
 10
-15.3
 20
79.0
 30
-88.0
 11
-15.3
 21
79.0
 31
-93.0
  0
LINE
  5
888
330
17
100
AcDbEntity
  8
0
100
AcDbLine
 10
-15.3
 20
79.0
 30
-88.0
 11
-10.200000000000001
 21
79.0
 31
-88.0
  0
LINE
  5
889
330
17
100
AcDbEntity
  8
0
100
AcDbLine
 10
-10.200000000000001
 20
79.0
 30
-88.0
 11
-10.200000000000001
 21
79.0
 31
-93.0
  0
LINE
  5
88A
330
17
100
AcDbEntity
  8
0
100
AcDbLine
 10
-10.200000000000001
 20
79.0
 30
-93.0
 11
-15.3
 21
79.0
 31
-93.0
  0
LINE
  5
88B
330
17
100
AcDbEntity
  8
0
100
AcDbLine
 10
-10.200000000000001
 20
67.0
 30
-68.0
 11
-10.200000000000001
 21
67.0
 31
-93.0
  0
LINE
  5
88C
330
17
100
AcDbEntity
  8
0
100
AcDbLine
 10
-10.200000000000001
 20
67.0
 30
-93.0
 11
-10.200000000000001
 21
79.0
 31
-93.0
  0
LINE
  5
88D
330
17
100
AcDbEntity
  8
0
100
AcDbLine
 10
-10.200000000000001
 20
79.0
 30
-88.0
 11
-10.200000000000001
 21
79.0
 31
-93.0
  0
LINE
  5
88E
330
17
100
AcDbEntity
  8
0
100
AcDbLine
 10
-10.200000000000001
 20
115.0
 30
-88.0
 11
-10.200000000000001
 21
79.0
 31
-88.0
  0
LINE
  5
88F
330
17
100
AcDbEntity
  8
0
100
AcDbLine
 10
-10.200000000000001
 20
115.0
 30
-93.0
 11
-10.200000000000001
 21
115.0
 31
-88.0
  0
LINE
  5
890
330
17
100
AcDbEntity
  8
0
100
AcDbLine
 10
-10.200000000000001
 20
115.0
 30
-93.0
 11
-10.200000000000001
 21
127.0
 31
-93.0
  0
LINE
  5
891
330
17
100
AcDbEntity
  8
0
100
AcDbLine
 10
-10.200000000000001
 20
127.0
 30
-93.0
 11
-10.200000000000001
 21
127.0
 31
-68.0
  0
LINE
  5
892
330
17
100
AcDbEntity
  8
0
100
AcDbLine
 10
-10.200000000000001
 20
127.0
 30
-68.0
 11
-10.200000000000001
 21
122.0
 31
-68.0
  0
LINE
  5
893
330
17
100
AcDbEntity
  8
0
100
AcDbLine
 10
-10.200000000000001
 20
122.0
 30
-68.0
 11
-10.200000000000001
 21
122.0
 31
-46.0
  0
LINE
  5
894
330
17
100
AcDbEntity
  8
0
100
AcDbLine
 10
-10.200000000000001
 20
122.0
 30
-46.0
 11
-10.200000000000001
 21
72.0
 31
-46.0
  0
LINE
  5
895
330
17
100
AcDbEntity
  8
0
100
AcDbLine
 10
-10.200000000000001
 20
72.0
 30
-46.0
 11
-10.200000000000001
 21
72.0
 31
-68.0
  0
LINE
  5
896
330
17
100
AcDbEntity
  8
0
100
AcDbLine
 10
-10.200000000000001
 20
72.0
 30
-68.0
 11
-10.200000000000001
 21
67.0
 31
-68.0
  0
LINE
  5
897
330
17
100
AcDbEntity
  8
0
100
AcDbLine
 10
-15.3
 20
67.0
 30
-68.0
 11
-10.200000000000001
 21
67.0
 31
-68.0
  0
LINE
  5
898
330
17
100
AcDbEntity
  8
0
100
AcDbLine
 10
-15.3
 20
67.0
 30
-68.0
 11
-15.3
 21
67.0
 31
-93.0
  0
LINE
  5
899
330
17
100
AcDbEntity
  8
0
100
AcDbLine
 10
-15.3
 20
67.0
 30
-93.0
 11
-10.200000000000001
 21
67.0
 31
-93.0
  0
LINE
  5
89A
330
17
100
AcDbEntity
  8
0
100
AcDbLine
 10
-10.200000000000001
 20
67.0
 30
-68.0
 11
-10.200000000000001
 21
67.0
 31
-93.0
  0
LINE
  5
89B
330
17
100
AcDbEntity
  8
0
100
AcDbLine
 10
-15.3
 20
72.0
 30
-68.0
 11
-10.200000000000001
 21
72.0
 31
-68.0
  0
LINE
  5
89C
330
17
100
AcDbEntity
  8
0
100
AcDbLine
 10
-15.3
 20
72.0
 30
-68.0
 11
-15.3
 21
67.0
 31
-68.0
  0
LINE
  5
89D
330
17
100
AcDbEntity
  8
0
100
AcDbLine
 10
-15.3
 20
67.0
 30
-68.0
 11
-10.200000000000001
 21
67.0
 31
-68.0
  0
LINE
  5
89E
330
17
100
AcDbEntity
  8
0
100
AcDbLine
 10
-10.200000000000001
 20
72.0
 30
-68.0
 11
-10.200000000000001
 21
67.0
 31
-68.0
  0
LINE
  5
89F
330
17
100
AcDbEntity
  8
0
100
AcDbLine
 10
-15.3
 20
72.0
 30
-46.0
 11
-10.200000000000001
 21
72.0
 31
-46.0
  0
LINE
  5
8A0
330
17
100
AcDbEntity
  8
0
100
AcDbLine
 10
-15.3
 20
72.0
 30
-46.0
 11
-15.3
 21
72.0
 31
-68.0
  0
LINE
  5
8A1
330
17
100
AcDbEntity
  8
0
100
AcDbLine
 10
-15.3
 20
72.0
 30
-68.0
 11
-10.200000000000001
 21
72.0
 31
-68.0
  0
LINE
  5
8A2
330
17
100
AcDbEntity
  8
0
100
AcDbLine
 10
-10.200000000000001
 20
72.0
 30
-46.0
 11
-10.200000000000001
 21
72.0
 31
-68.0
  0
LINE
  5
8A3
330
17
100
AcDbEntity
  8
0
100
AcDbLine
 10
-15.3
 20
122.0
 30
-46.0
 11
-10.200000000000001
 21
122.0
 31
-46.0
  0
LINE
  5
8A4
330
17
100
AcDbEntity
  8
0
100
AcDbLine
 10
-15.3
 20
122.0
 30
-46.0
 11
-15.3
 21
72.0
 31
-46.0
  0
LINE
  5
8A5
330
17
100
AcDbEntity
  8
0
100
AcDbLine
 10
-15.3
 20
72.0
 30
-46.0
 11
-10.200000000000001
 21
72.0
 31
-46.0
  0
LINE
  5
8A6
330
17
100
AcDbEntity
  8
0
100
AcDbLine
 10
-10.200000000000001
 20
122.0
 30
-46.0
 11
-10.200000000000001
 21
72.0
 31
-46.0
  0
CIRCLE
  5
8A7
330
17
100
AcDbEntity
  8
0
100
AcDbCircle
 10
-12.75
 20
117.0
 30
-46.0
 40
1.5
  0
CIRCLE
  5
8A8
330
17
100
AcDbEntity
  8
0
100
AcDbCircle
 10
-12.75
 20
77.0
 30
-46.0
 40
1.5
  0
LINE
  5
8A9
330
17
100
AcDbEntity
  8
0
100
AcDbLine
 10
-15.3
 20
122.0
 30
-68.0
 11
-10.200000000000001
 21
122.0
 31
-68.0
  0
LINE
  5
8AA
330
17
100
AcDbEntity
  8
0
100
AcDbLine
 10
-15.3
 20
122.0
 30
-68.0
 11
-15.3
 21
122.0
 31
-46.0
  0
LINE
  5
8AB
330
17
100
AcDbEntity
  8
0
100
AcDbLine
 10
-15.3
 20
122.0
 30
-46.0
 11
-10.200000000000001
 21
122.0
 31
-46.0
  0
LINE
  5
8AC
330
17
100
AcDbEntity
  8
0
100
AcDbLine
 10
-10.200000000000001
 20
122.0
 30
-68.0
 11
-10.200000000000001
 21
122.0
 31
-46.0
  0
LINE
  5
8AD
330
17
100
AcDbEntity
  8
0
100
AcDbLine
 10
-15.3
 20
127.0
 30
-68.0
 11
-10.200000000000001
 21
127.0
 31
-68.0
  0
LINE
  5
8AE
330
17
100
AcDbEntity
  8
0
100
AcDbLine
 10
-15.3
 20
127.0
 30
-68.0
 11
-15.3
 21
122.0
 31
-68.0
  0
LINE
  5
8AF
330
17
100
AcDbEntity
  8
0
100
AcDbLine
 10
-15.3
 20
122.0
 30
-68.0
 11
-10.200000000000001
 21
122.0
 31
-68.0
  0
LINE
  5
8B0
330
17
100
AcDbEntity
  8
0
100
AcDbLine
 10
-10.200000000000001
 20
127.0
 30
-68.0
 11
-10.200000000000001
 21
122.0
 31
-68.0
  0
LINE
  5
8B1
330
17
100
AcDbEntity
  8
0
100
AcDbLine
 10
-15.3
 20
127.0
 30
-93.0
 11
-10.200000000000001
 21
127.0
 31
-93.0
  0
LINE
  5
8B2
330
17
100
AcDbEntity
  8
0
100
AcDbLine
 10
-15.3
 20
127.0
 30
-93.0
 11
-15.3
 21
127.0
 31
-68.0
  0
LINE
  5
8B3
330
17
100
AcDbEntity
  8
0
100
AcDbLine
 10
-15.3
 20
127.0
 30
-68.0
 11
-10.200000000000001
 21
127.0
 31
-68.0
  0
LINE
  5
8B4
330
17
100
AcDbEntity
  8
0
100
AcDbLine
 10
-10.200000000000001
 20
127.0
 30
-93.0
 11
-10.200000000000001
 21
127.0
 31
-68.0
  0
LINE
  5
8B5
330
17
100
AcDbEntity
  8
0
100
AcDbLine
 10
-15.3
 20
115.0
 30
-93.0
 11
-15.3
 21
127.0
 31
-93.0
  0
LINE
  5
8B6
330
17
100
AcDbEntity
  8
0
100
AcDbLine
 10
-15.3
 20
127.0
 30
-93.0
 11
-10.200000000000001
 21
127.0
 31
-93.0
  0
LINE
  5
8B7
330
17
100
AcDbEntity
  8
0
100
AcDbLine
 10
-10.200000000000001
 20
115.0
 30
-93.0
 11
-10.200000000000001
 21
127.0
 31
-93.0
  0
LINE
  5
8B8
330
17
100
AcDbEntity
  8
0
100
AcDbLine
 10
-15.3
 20
115.0
 30
-93.0
 11
-10.200000000000001
 21
115.0
 31
-93.0
  0
LINE
  5
8B9
330
17
100
AcDbEntity
  8
0
100
AcDbLine
 10
-15.3
 20
115.0
 30
-93.0
 11
-15.3
 21
115.0
 31
-88.0
  0
LINE
  5
8BA
330
17
100
AcDbEntity
  8
0
100
AcDbLine
 10
-15.3
 20
115.0
 30
-93.0
 11
-10.200000000000001
 21
115.0
 31
-93.0
  0
LINE
  5
8BB
330
17
100
AcDbEntity
  8
0
100
AcDbLine
 10
-10.200000000000001
 20
115.0
 30
-93.0
 11
-10.200000000000001
 21
115.0
 31
-88.0
  0
LINE
  5
8BC
330
17
100
AcDbEntity
  8
0
100
AcDbLine
 10
-15.3
 20
115.0
 30
-88.0
 11
-10.200000000000001
 21
115.0
 31
-88.0
  0
LINE
  5
8BD
330
17
100
AcDbEntity
  8
0
100
AcDbLine
 10
-15.3
 20
115.0
 30
-88.0
 11
-10.200000000000001
 21
115.0
 31
-88.0
  0
LINE
  5
8BE
330
17
100
AcDbEntity
  8
0
100
AcDbLine
 10
-10.200000000000001
 20
115.0
 30
-88.0
 11
-10.200000000000001
 21
79.0
 31
-88.0
  0
LINE
  5
8BF
330
17
100
AcDbEntity
  8
0
100
AcDbLine
 10
-15.3
 20
79.0
 30
-88.0
 11
-10.200000000000001
 21
79.0
 31
-88.0
  0
LINE
  5
8C0
330
17
100
AcDbEntity
  8
0
100
AcDbLine
 10
-15.3
 20
115.0
 30
-88.0
 11
-15.3
 21
79.0
 31
-88.0
  0
LINE
  5
8C1
330
17
100
AcDbEntity
  8
0
100
AcDbLine
 10
-11.25
 20
117.0
 30
-46.0
 11
-11.25
 21
117.0
 31
-56.0
  0
CIRCLE
  5
8C2
330
17
100
AcDbEntity
  8
0
100
AcDbCircle
 10
-12.75
 20
117.0
 30
-46.0
 40
1.5
  0
LINE
  5
8C3
330
17
100
AcDbEntity
  8
0
100
AcDbLine
 10
-11.25
 20
117.0
 30
-46.0
 11
-11.25
 21
117.0
 31
-56.0
  0
CIRCLE
  5
8C4
330
17
100
AcDbEntity
  8
0
100
AcDbCircle
 10
-12.75
 20
117.0
 30
-56.0
 40
1.5
  0
LINE
  5
8C5
330
17
100
AcDbEntity
  8
0
100
AcDbLine
 10
-11.25
 20
77.0
 30
-46.0
 11
-11.25
 21
77.0
 31
-56.0
  0
CIRCLE
  5
8C6
330
17
100
AcDbEntity
  8
0
100
AcDbCircle
 10
-12.75
 20
77.0
 30
-46.0
 40
1.5
  0
LINE
  5
8C7
330
17
100
AcDbEntity
  8
0
100
AcDbLine
 10
-11.25
 20
77.0
 30
-46.0
 11
-11.25
 21
77.0
 31
-56.0
  0
CIRCLE
  5
8C8
330
17
100
AcDbEntity
  8
0
100
AcDbCircle
 10
-12.75
 20
77.0
 30
-56.0
 40
1.5
  0
CIRCLE
  5
8C9
330
17
100
AcDbEntity
  8
0
100
AcDbCircle
 10
-12.75
 20
117.0
 30
-56.0
 40
1.5
  0
CIRCLE
  5
8CA
330
17
100
AcDbEntity
  8
0
100
AcDbCircle
 10
-12.75
 20
77.0
 30
-56.0
 40
1.5
  0
LINE
  5
8CB
330
17
100
AcDbEntity
  8
0
100
AcDbLine
 10
-10.200000000000001
 20
67.0
 30
-93.0
 11
-10.200000000000001
 21
79.0
 31
-93.0
  0
LINE
  5
8CC
330
17
100
AcDbEntity
  8
0
100
AcDbLine
 10
-5.100000000000001
 20
79.0
 30
-93.0
 11
-10.200000000000001
 21
79.0
 31
-93.0
  0
LINE
  5
8CD
330
17
100
AcDbEntity
  8
0
100
AcDbLine
 10
-5.100000000000001
 20
67.0
 30
-93.0
 11
-5.100000000000001
 21
79.0
 31
-93.0
  0
LINE
  5
8CE
330
17
100
AcDbEntity
  8
0
100
AcDbLine
 10
-10.200000000000001
 20
67.0
 30
-93.0
 11
-5.100000000000001
 21
67.0
 31
-93.0
  0
LINE
  5
8CF
330
17
100
AcDbEntity
  8
0
100
AcDbLine
 10
-10.200000000000001
 20
67.0
 30
-68.0
 11
-10.200000000000001
 21
67.0
 31
-93.0
  0
LINE
  5
8D0
330
17
100
AcDbEntity
  8
0
100
AcDbLine
 10
-10.200000000000001
 20
72.0
 30
-68.0
 11
-10.200000000000001
 21
67.0
 31
-68.0
  0
LINE
  5
8D1
330
17
100
AcDbEntity
  8
0
100
AcDbLine
 10
-10.200000000000001
 20
72.0
 30
-46.0
 11
-10.200000000000001
 21
72.0
 31
-68.0
  0
LINE
  5
8D2
330
17
100
AcDbEntity
  8
0
100
AcDbLine
 10
-10.200000000000001
 20
122.0
 30
-46.0
 11
-10.200000000000001
 21
72.0
 31
-46.0
  0
LINE
  5
8D3
330
17
100
AcDbEntity
  8
0
100
AcDbLine
 10
-10.200000000000001
 20
122.0
 30
-68.0
 11
-10.200000000000001
 21
122.0
 31
-46.0
  0
LINE
  5
8D4
330
17
100
AcDbEntity
  8
0
100
AcDbLine
 10
-10.200000000000001
 20
127.0
 30
-68.0
 11
-10.200000000000001
 21
122.0
 31
-68.0
  0
LINE
  5
8D5
330
17
100
AcDbEntity
  8
0
100
AcDbLine
 10
-10.200000000000001
 20
127.0
 30
-93.0
 11
-10.200000000000001
 21
127.0
 31
-68.0
  0
LINE
  5
8D6
330
17
100
AcDbEntity
  8
0
100
AcDbLine
 10
-10.200000000000001
 20
115.0
 30
-93.0
 11
-10.200000000000001
 21
127.0
 31
-93.0
  0
LINE
  5
8D7
330
17
100
AcDbEntity
  8
0
100
AcDbLine
 10
-10.200000000000001
 20
115.0
 30
-93.0
 11
-10.200000000000001
 21
115.0
 31
-88.0
  0
LINE
  5
8D8
330
17
100
AcDbEntity
  8
0
100
AcDbLine
 10
-10.200000000000001
 20
115.0
 30
-88.0
 11
-10.200000000000001
 21
79.0
 31
-88.0
  0
LINE
  5
8D9
330
17
100
AcDbEntity
  8
0
100
AcDbLine
 10
-10.200000000000001
 20
79.0
 30
-88.0
 11
-10.200000000000001
 21
79.0
 31
-93.0
  0
LINE
  5
8DA
330
17
100
AcDbEntity
  8
0
100
AcDbLine
 10
-10.200000000000001
 20
67.0
 30
-93.0
 11
-10.200000000000001
 21
79.0
 31
-93.0
  0
LINE
  5
8DB
330
17
100
AcDbEntity
  8
0
100
AcDbLine
 10
-10.200000000000001
 20
79.0
 30
-88.0
 11
-10.200000000000001
 21
79.0
 31
-93.0
  0
LINE
  5
8DC
330
17
100
AcDbEntity
  8
0
100
AcDbLine
 10
-10.200000000000001
 20
79.0
 30
-88.0
 11
-5.100000000000001
 21
79.0
 31
-88.0
  0
LINE
  5
8DD
330
17
100
AcDbEntity
  8
0
100
AcDbLine
 10
-5.100000000000001
 20
79.0
 30
-88.0
 11
-5.100000000000001
 21
79.0
 31
-93.0
  0
LINE
  5
8DE
330
17
100
AcDbEntity
  8
0
100
AcDbLine
 10
-5.100000000000001
 20
79.0
 30
-93.0
 11
-10.200000000000001
 21
79.0
 31
-93.0
  0
LINE
  5
8DF
330
17
100
AcDbEntity
  8
0
100
AcDbLine
 10
-5.100000000000001
 20
67.0
 30
-68.0
 11
-5.100000000000001
 21
67.0
 31
-93.0
  0
LINE
  5
8E0
330
17
100
AcDbEntity
  8
0
100
AcDbLine
 10
-5.100000000000001
 20
67.0
 30
-93.0
 11
-5.100000000000001
 21
79.0
 31
-93.0
  0
LINE
  5
8E1
330
17
100
AcDbEntity
  8
0
100
AcDbLine
 10
-5.100000000000001
 20
79.0
 30
-88.0
 11
-5.100000000000001
 21
79.0
 31
-93.0
  0
LINE
  5
8E2
330
17
100
AcDbEntity
  8
0
100
AcDbLine
 10
-5.100000000000001
 20
115.0
 30
-88.0
 11
-5.100000000000001
 21
79.0
 31
-88.0
  0
LINE
  5
8E3
330
17
100
AcDbEntity
  8
0
100
AcDbLine
 10
-5.100000000000001
 20
115.0
 30
-93.0
 11
-5.100000000000001
 21
115.0
 31
-88.0
  0
LINE
  5
8E4
330
17
100
AcDbEntity
  8
0
100
AcDbLine
 10
-5.100000000000001
 20
115.0
 30
-93.0
 11
-5.100000000000001
 21
127.0
 31
-93.0
  0
LINE
  5
8E5
330
17
100
AcDbEntity
  8
0
100
AcDbLine
 10
-5.100000000000001
 20
127.0
 30
-93.0
 11
-5.100000000000001
 21
127.0
 31
-68.0
  0
LINE
  5
8E6
330
17
100
AcDbEntity
  8
0
100
AcDbLine
 10
-5.100000000000001
 20
127.0
 30
-68.0
 11
-5.100000000000001
 21
122.0
 31
-68.0
  0
LINE
  5
8E7
330
17
100
AcDbEntity
  8
0
100
AcDbLine
 10
-5.100000000000001
 20
122.0
 30
-68.0
 11
-5.100000000000001
 21
122.0
 31
-46.0
  0
LINE
  5
8E8
330
17
100
AcDbEntity
  8
0
100
AcDbLine
 10
-5.100000000000001
 20
122.0
 30
-46.0
 11
-5.100000000000001
 21
72.0
 31
-46.0
  0
LINE
  5
8E9
330
17
100
AcDbEntity
  8
0
100
AcDbLine
 10
-5.100000000000001
 20
72.0
 30
-46.0
 11
-5.100000000000001
 21
72.0
 31
-68.0
  0
LINE
  5
8EA
330
17
100
AcDbEntity
  8
0
100
AcDbLine
 10
-5.100000000000001
 20
72.0
 30
-68.0
 11
-5.100000000000001
 21
67.0
 31
-68.0
  0
LINE
  5
8EB
330
17
100
AcDbEntity
  8
0
100
AcDbLine
 10
-10.200000000000001
 20
67.0
 30
-68.0
 11
-5.100000000000001
 21
67.0
 31
-68.0
  0
LINE
  5
8EC
330
17
100
AcDbEntity
  8
0
100
AcDbLine
 10
-10.200000000000001
 20
67.0
 30
-68.0
 11
-10.200000000000001
 21
67.0
 31
-93.0
  0
LINE
  5
8ED
330
17
100
AcDbEntity
  8
0
100
AcDbLine
 10
-10.200000000000001
 20
67.0
 30
-93.0
 11
-5.100000000000001
 21
67.0
 31
-93.0
  0
LINE
  5
8EE
330
17
100
AcDbEntity
  8
0
100
AcDbLine
 10
-5.100000000000001
 20
67.0
 30
-68.0
 11
-5.100000000000001
 21
67.0
 31
-93.0
  0
LINE
  5
8EF
330
17
100
AcDbEntity
  8
0
100
AcDbLine
 10
-10.200000000000001
 20
72.0
 30
-68.0
 11
-5.100000000000001
 21
72.0
 31
-68.0
  0
LINE
  5
8F0
330
17
100
AcDbEntity
  8
0
100
AcDbLine
 10
-10.200000000000001
 20
72.0
 30
-68.0
 11
-10.200000000000001
 21
67.0
 31
-68.0
  0
LINE
  5
8F1
330
17
100
AcDbEntity
  8
0
100
AcDbLine
 10
-10.200000000000001
 20
67.0
 30
-68.0
 11
-5.100000000000001
 21
67.0
 31
-68.0
  0
LINE
  5
8F2
330
17
100
AcDbEntity
  8
0
100
AcDbLine
 10
-5.100000000000001
 20
72.0
 30
-68.0
 11
-5.100000000000001
 21
67.0
 31
-68.0
  0
LINE
  5
8F3
330
17
100
AcDbEntity
  8
0
100
AcDbLine
 10
-10.200000000000001
 20
72.0
 30
-46.0
 11
-5.100000000000001
 21
72.0
 31
-46.0
  0
LINE
  5
8F4
330
17
100
AcDbEntity
  8
0
100
AcDbLine
 10
-10.200000000000001
 20
72.0
 30
-46.0
 11
-10.200000000000001
 21
72.0
 31
-68.0
  0
LINE
  5
8F5
330
17
100
AcDbEntity
  8
0
100
AcDbLine
 10
-10.200000000000001
 20
72.0
 30
-68.0
 11
-5.100000000000001
 21
72.0
 31
-68.0
  0
LINE
  5
8F6
330
17
100
AcDbEntity
  8
0
100
AcDbLine
 10
-5.100000000000001
 20
72.0
 30
-46.0
 11
-5.100000000000001
 21
72.0
 31
-68.0
  0
LINE
  5
8F7
330
17
100
AcDbEntity
  8
0
100
AcDbLine
 10
-10.200000000000001
 20
122.0
 30
-46.0
 11
-5.100000000000001
 21
122.0
 31
-46.0
  0
LINE
  5
8F8
330
17
100
AcDbEntity
  8
0
100
AcDbLine
 10
-10.200000000000001
 20
122.0
 30
-46.0
 11
-10.200000000000001
 21
72.0
 31
-46.0
  0
LINE
  5
8F9
330
17
100
AcDbEntity
  8
0
100
AcDbLine
 10
-10.200000000000001
 20
72.0
 30
-46.0
 11
-5.100000000000001
 21
72.0
 31
-46.0
  0
LINE
  5
8FA
330
17
100
AcDbEntity
  8
0
100
AcDbLine
 10
-5.100000000000001
 20
122.0
 30
-46.0
 11
-5.100000000000001
 21
72.0
 31
-46.0
  0
CIRCLE
  5
8FB
330
17
100
AcDbEntity
  8
0
100
AcDbCircle
 10
-7.650000000000001
 20
117.0
 30
-46.0
 40
1.5
  0
CIRCLE
  5
8FC
330
17
100
AcDbEntity
  8
0
100
AcDbCircle
 10
-7.650000000000001
 20
77.0
 30
-46.0
 40
1.5
  0
LINE
  5
8FD
330
17
100
AcDbEntity
  8
0
100
AcDbLine
 10
-10.200000000000001
 20
122.0
 30
-68.0
 11
-5.100000000000001
 21
122.0
 31
-68.0
  0
LINE
  5
8FE
330
17
100
AcDbEntity
  8
0
100
AcDbLine
 10
-10.200000000000001
 20
122.0
 30
-68.0
 11
-10.200000000000001
 21
122.0
 31
-46.0
  0
LINE
  5
8FF
330
17
100
AcDbEntity
  8
0
100
AcDbLine
 10
-10.200000000000001
 20
122.0
 30
-46.0
 11
-5.100000000000001
 21
122.0
 31
-46.0
  0
LINE
  5
900
330
17
100
AcDbEntity
  8
0
100
AcDbLine
 10
-5.100000000000001
 20
122.0
 30
-68.0
 11
-5.100000000000001
 21
122.0
 31
-46.0
  0
LINE
  5
901
330
17
100
AcDbEntity
  8
0
100
AcDbLine
 10
-10.200000000000001
 20
127.0
 30
-68.0
 11
-5.100000000000001
 21
127.0
 31
-68.0
  0
LINE
  5
902
330
17
100
AcDbEntity
  8
0
100
AcDbLine
 10
-10.200000000000001
 20
127.0
 30
-68.0
 11
-10.200000000000001
 21
122.0
 31
-68.0
  0
LINE
  5
903
330
17
100
AcDbEntity
  8
0
100
AcDbLine
 10
-10.200000000000001
 20
122.0
 30
-68.0
 11
-5.100000000000001
 21
122.0
 31
-68.0
  0
LINE
  5
904
330
17
100
AcDbEntity
  8
0
100
AcDbLine
 10
-5.100000000000001
 20
127.0
 30
-68.0
 11
-5.100000000000001
 21
122.0
 31
-68.0
  0
LINE
  5
905
330
17
100
AcDbEntity
  8
0
100
AcDbLine
 10
-10.200000000000001
 20
127.0
 30
-93.0
 11
-5.100000000000001
 21
127.0
 31
-93.0
  0
LINE
  5
906
330
17
100
AcDbEntity
  8
0
100
AcDbLine
 10
-10.200000000000001
 20
127.0
 30
-93.0
 11
-10.200000000000001
 21
127.0
 31
-68.0
  0
LINE
  5
907
330
17
100
AcDbEntity
  8
0
100
AcDbLine
 10
-10.200000000000001
 20
127.0
 30
-68.0
 11
-5.100000000000001
 21
127.0
 31
-68.0
  0
LINE
  5
908
330
17
100
AcDbEntity
  8
0
100
AcDbLine
 10
-5.100000000000001
 20
127.0
 30
-93.0
 11
-5.100000000000001
 21
127.0
 31
-68.0
  0
LINE
  5
909
330
17
100
AcDbEntity
  8
0
100
AcDbLine
 10
-10.200000000000001
 20
115.0
 30
-93.0
 11
-10.200000000000001
 21
127.0
 31
-93.0
  0
LINE
  5
90A
330
17
100
AcDbEntity
  8
0
100
AcDbLine
 10
-10.200000000000001
 20
127.0
 30
-93.0
 11
-5.100000000000001
 21
127.0
 31
-93.0
  0
LINE
  5
90B
330
17
100
AcDbEntity
  8
0
100
AcDbLine
 10
-5.100000000000001
 20
115.0
 30
-93.0
 11
-5.100000000000001
 21
127.0
 31
-93.0
  0
LINE
  5
90C
330
17
100
AcDbEntity
  8
0
100
AcDbLine
 10
-10.200000000000001
 20
115.0
 30
-93.0
 11
-5.100000000000001
 21
115.0
 31
-93.0
  0
LINE
  5
90D
330
17
100
AcDbEntity
  8
0
100
AcDbLine
 10
-10.200000000000001
 20
115.0
 30
-93.0
 11
-10.200000000000001
 21
115.0
 31
-88.0
  0
LINE
  5
90E
330
17
100
AcDbEntity
  8
0
100
AcDbLine
 10
-10.200000000000001
 20
115.0
 30
-93.0
 11
-5.100000000000001
 21
115.0
 31
-93.0
  0
LINE
  5
90F
330
17
100
AcDbEntity
  8
0
100
AcDbLine
 10
-5.100000000000001
 20
115.0
 30
-93.0
 11
-5.100000000000001
 21
115.0
 31
-88.0
  0
LINE
  5
910
330
17
100
AcDbEntity
  8
0
100
AcDbLine
 10
-10.200000000000001
 20
115.0
 30
-88.0
 11
-5.100000000000001
 21
115.0
 31
-88.0
  0
LINE
  5
911
330
17
100
AcDbEntity
  8
0
100
AcDbLine
 10
-10.200000000000001
 20
115.0
 30
-88.0
 11
-5.100000000000001
 21
115.0
 31
-88.0
  0
LINE
  5
912
330
17
100
AcDbEntity
  8
0
100
AcDbLine
 10
-5.100000000000001
 20
115.0
 30
-88.0
 11
-5.100000000000001
 21
79.0
 31
-88.0
  0
LINE
  5
913
330
17
100
AcDbEntity
  8
0
100
AcDbLine
 10
-10.200000000000001
 20
79.0
 30
-88.0
 11
-5.100000000000001
 21
79.0
 31
-88.0
  0
LINE
  5
914
330
17
100
AcDbEntity
  8
0
100
AcDbLine
 10
-10.200000000000001
 20
115.0
 30
-88.0
 11
-10.200000000000001
 21
79.0
 31
-88.0
  0
LINE
  5
915
330
17
100
AcDbEntity
  8
0
100
AcDbLine
 10
-6.150000000000001
 20
117.0
 30
-46.0
 11
-6.150000000000001
 21
117.0
 31
-56.0
  0
CIRCLE
  5
916
330
17
100
AcDbEntity
  8
0
100
AcDbCircle
 10
-7.650000000000001
 20
117.0
 30
-46.0
 40
1.5
  0
LINE
  5
917
330
17
100
AcDbEntity
  8
0
100
AcDbLine
 10
-6.150000000000001
 20
117.0
 30
-46.0
 11
-6.150000000000001
 21
117.0
 31
-56.0
  0
CIRCLE
  5
918
330
17
100
AcDbEntity
  8
0
100
AcDbCircle
 10
-7.650000000000001
 20
117.0
 30
-56.0
 40
1.5
  0
LINE
  5
919
330
17
100
AcDbEntity
  8
0
100
AcDbLine
 10
-6.150000000000001
 20
77.0
 30
-46.0
 11
-6.150000000000001
 21
77.0
 31
-56.0
  0
CIRCLE
  5
91A
330
17
100
AcDbEntity
  8
0
100
AcDbCircle
 10
-7.650000000000001
 20
77.0
 30
-46.0
 40
1.5
  0
LINE
  5
91B
330
17
100
AcDbEntity
  8
0
100
AcDbLine
 10
-6.150000000000001
 20
77.0
 30
-46.0
 11
-6.150000000000001
 21
77.0
 31
-56.0
  0
CIRCLE
  5
91C
330
17
100
AcDbEntity
  8
0
100
AcDbCircle
 10
-7.650000000000001
 20
77.0
 30
-56.0
 40
1.5
  0
CIRCLE
  5
91D
330
17
100
AcDbEntity
  8
0
100
AcDbCircle
 10
-7.650000000000001
 20
117.0
 30
-56.0
 40
1.5
  0
CIRCLE
  5
91E
330
17
100
AcDbEntity
  8
0
100
AcDbCircle
 10
-7.650000000000001
 20
77.0
 30
-56.0
 40
1.5
  0
LINE
  5
91F
330
17
100
AcDbEntity
  8
0
100
AcDbLine
 10
-5.100000000000001
 20
67.0
 30
-93.0
 11
-5.100000000000001
 21
79.0
 31
-93.0
  0
LINE
  5
920
330
17
100
AcDbEntity
  8
0
100
AcDbLine
 10
-1.7763568394002505e-15
 20
79.0
 30
-93.0
 11
-5.100000000000001
 21
79.0
 31
-93.0
  0
LINE
  5
921
330
17
100
AcDbEntity
  8
0
100
AcDbLine
 10
-1.7763568394002505e-15
 20
67.0
 30
-93.0
 11
-1.7763568394002505e-15
 21
79.0
 31
-93.0
  0
LINE
  5
922
330
17
100
AcDbEntity
  8
0
100
AcDbLine
 10
-5.100000000000001
 20
67.0
 30
-93.0
 11
-1.7763568394002505e-15
 21
67.0
 31
-93.0
  0
LINE
  5
923
330
17
100
AcDbEntity
  8
0
100
AcDbLine
 10
-5.100000000000001
 20
67.0
 30
-68.0
 11
-5.100000000000001
 21
67.0
 31
-93.0
  0
LINE
  5
924
330
17
100
AcDbEntity
  8
0
100
AcDbLine
 10
-5.100000000000001
 20
72.0
 30
-68.0
 11
-5.100000000000001
 21
67.0
 31
-68.0
  0
LINE
  5
925
330
17
100
AcDbEntity
  8
0
100
AcDbLine
 10
-5.100000000000001
 20
72.0
 30
-46.0
 11
-5.100000000000001
 21
72.0
 31
-68.0
  0
LINE
  5
926
330
17
100
AcDbEntity
  8
0
100
AcDbLine
 10
-5.100000000000001
 20
122.0
 30
-46.0
 11
-5.100000000000001
 21
72.0
 31
-46.0
  0
LINE
  5
927
330
17
100
AcDbEntity
  8
0
100
AcDbLine
 10
-5.100000000000001
 20
122.0
 30
-68.0
 11
-5.100000000000001
 21
122.0
 31
-46.0
  0
LINE
  5
928
330
17
100
AcDbEntity
  8
0
100
AcDbLine
 10
-5.100000000000001
 20
127.0
 30
-68.0
 11
-5.100000000000001
 21
122.0
 31
-68.0
  0
LINE
  5
929
330
17
100
AcDbEntity
  8
0
100
AcDbLine
 10
-5.100000000000001
 20
127.0
 30
-93.0
 11
-5.100000000000001
 21
127.0
 31
-68.0
  0
LINE
  5
92A
330
17
100
AcDbEntity
  8
0
100
AcDbLine
 10
-5.100000000000001
 20
115.0
 30
-93.0
 11
-5.100000000000001
 21
127.0
 31
-93.0
  0
LINE
  5
92B
330
17
100
AcDbEntity
  8
0
100
AcDbLine
 10
-5.100000000000001
 20
115.0
 30
-93.0
 11
-5.100000000000001
 21
115.0
 31
-88.0
  0
LINE
  5
92C
330
17
100
AcDbEntity
  8
0
100
AcDbLine
 10
-5.100000000000001
 20
115.0
 30
-88.0
 11
-5.100000000000001
 21
79.0
 31
-88.0
  0
LINE
  5
92D
330
17
100
AcDbEntity
  8
0
100
AcDbLine
 10
-5.100000000000001
 20
79.0
 30
-88.0
 11
-5.100000000000001
 21
79.0
 31
-93.0
  0
LINE
  5
92E
330
17
100
AcDbEntity
  8
0
100
AcDbLine
 10
-5.100000000000001
 20
67.0
 30
-93.0
 11
-5.100000000000001
 21
79.0
 31
-93.0
  0
LINE
  5
92F
330
17
100
AcDbEntity
  8
0
100
AcDbLine
 10
-5.100000000000001
 20
79.0
 30
-88.0
 11
-5.100000000000001
 21
79.0
 31
-93.0
  0
LINE
  5
930
330
17
100
AcDbEntity
  8
0
100
AcDbLine
 10
-5.100000000000001
 20
79.0
 30
-88.0
 11
-1.7763568394002505e-15
 21
79.0
 31
-88.0
  0
LINE
  5
931
330
17
100
AcDbEntity
  8
0
100
AcDbLine
 10
-1.7763568394002505e-15
 20
79.0
 30
-88.0
 11
-1.7763568394002505e-15
 21
79.0
 31
-93.0
  0
LINE
  5
932
330
17
100
AcDbEntity
  8
0
100
AcDbLine
 10
-1.7763568394002505e-15
 20
79.0
 30
-93.0
 11
-5.100000000000001
 21
79.0
 31
-93.0
  0
LINE
  5
933
330
17
100
AcDbEntity
  8
0
100
AcDbLine
 10
-1.7763568394002505e-15
 20
67.0
 30
-68.0
 11
-1.7763568394002505e-15
 21
67.0
 31
-93.0
  0
LINE
  5
934
330
17
100
AcDbEntity
  8
0
100
AcDbLine
 10
-1.7763568394002505e-15
 20
67.0
 30
-93.0
 11
-1.7763568394002505e-15
 21
79.0
 31
-93.0
  0
LINE
  5
935
330
17
100
AcDbEntity
  8
0
100
AcDbLine
 10
-1.7763568394002505e-15
 20
79.0
 30
-88.0
 11
-1.7763568394002505e-15
 21
79.0
 31
-93.0
  0
LINE
  5
936
330
17
100
AcDbEntity
  8
0
100
AcDbLine
 10
-1.7763568394002505e-15
 20
115.0
 30
-88.0
 11
-1.7763568394002505e-15
 21
79.0
 31
-88.0
  0
LINE
  5
937
330
17
100
AcDbEntity
  8
0
100
AcDbLine
 10
-1.7763568394002505e-15
 20
115.0
 30
-93.0
 11
-1.7763568394002505e-15
 21
115.0
 31
-88.0
  0
LINE
  5
938
330
17
100
AcDbEntity
  8
0
100
AcDbLine
 10
-1.7763568394002505e-15
 20
115.0
 30
-93.0
 11
-1.7763568394002505e-15
 21
127.0
 31
-93.0
  0
LINE
  5
939
330
17
100
AcDbEntity
  8
0
100
AcDbLine
 10
-1.7763568394002505e-15
 20
127.0
 30
-93.0
 11
-1.7763568394002505e-15
 21
127.0
 31
-68.0
  0
LINE
  5
93A
330
17
100
AcDbEntity
  8
0
100
AcDbLine
 10
-1.7763568394002505e-15
 20
127.0
 30
-68.0
 11
-1.7763568394002505e-15
 21
122.0
 31
-68.0
  0
LINE
  5
93B
330
17
100
AcDbEntity
  8
0
100
AcDbLine
 10
-1.7763568394002505e-15
 20
122.0
 30
-68.0
 11
-1.7763568394002505e-15
 21
122.0
 31
-46.0
  0
LINE
  5
93C
330
17
100
AcDbEntity
  8
0
100
AcDbLine
 10
-1.7763568394002505e-15
 20
122.0
 30
-46.0
 11
-1.7763568394002505e-15
 21
72.0
 31
-46.0
  0
LINE
  5
93D
330
17
100
AcDbEntity
  8
0
100
AcDbLine
 10
-1.7763568394002505e-15
 20
72.0
 30
-46.0
 11
-1.7763568394002505e-15
 21
72.0
 31
-68.0
  0
LINE
  5
93E
330
17
100
AcDbEntity
  8
0
100
AcDbLine
 10
-1.7763568394002505e-15
 20
72.0
 30
-68.0
 11
-1.7763568394002505e-15
 21
67.0
 31
-68.0
  0
LINE
  5
93F
330
17
100
AcDbEntity
  8
0
100
AcDbLine
 10
-5.100000000000001
 20
67.0
 30
-68.0
 11
-1.7763568394002505e-15
 21
67.0
 31
-68.0
  0
LINE
  5
940
330
17
100
AcDbEntity
  8
0
100
AcDbLine
 10
-5.100000000000001
 20
67.0
 30
-68.0
 11
-5.100000000000001
 21
67.0
 31
-93.0
  0
LINE
  5
941
330
17
100
AcDbEntity
  8
0
100
AcDbLine
 10
-5.100000000000001
 20
67.0
 30
-93.0
 11
-1.7763568394002505e-15
 21
67.0
 31
-93.0
  0
LINE
  5
942
330
17
100
AcDbEntity
  8
0
100
AcDbLine
 10
-1.7763568394002505e-15
 20
67.0
 30
-68.0
 11
-1.7763568394002505e-15
 21
67.0
 31
-93.0
  0
LINE
  5
943
330
17
100
AcDbEntity
  8
0
100
AcDbLine
 10
-5.100000000000001
 20
72.0
 30
-68.0
 11
-1.7763568394002505e-15
 21
72.0
 31
-68.0
  0
LINE
  5
944
330
17
100
AcDbEntity
  8
0
100
AcDbLine
 10
-5.100000000000001
 20
72.0
 30
-68.0
 11
-5.100000000000001
 21
67.0
 31
-68.0
  0
LINE
  5
945
330
17
100
AcDbEntity
  8
0
100
AcDbLine
 10
-5.100000000000001
 20
67.0
 30
-68.0
 11
-1.7763568394002505e-15
 21
67.0
 31
-68.0
  0
LINE
  5
946
330
17
100
AcDbEntity
  8
0
100
AcDbLine
 10
-1.7763568394002505e-15
 20
72.0
 30
-68.0
 11
-1.7763568394002505e-15
 21
67.0
 31
-68.0
  0
LINE
  5
947
330
17
100
AcDbEntity
  8
0
100
AcDbLine
 10
-5.100000000000001
 20
72.0
 30
-46.0
 11
-1.7763568394002505e-15
 21
72.0
 31
-46.0
  0
LINE
  5
948
330
17
100
AcDbEntity
  8
0
100
AcDbLine
 10
-5.100000000000001
 20
72.0
 30
-46.0
 11
-5.100000000000001
 21
72.0
 31
-68.0
  0
LINE
  5
949
330
17
100
AcDbEntity
  8
0
100
AcDbLine
 10
-5.100000000000001
 20
72.0
 30
-68.0
 11
-1.7763568394002505e-15
 21
72.0
 31
-68.0
  0
LINE
  5
94A
330
17
100
AcDbEntity
  8
0
100
AcDbLine
 10
-1.7763568394002505e-15
 20
72.0
 30
-46.0
 11
-1.7763568394002505e-15
 21
72.0
 31
-68.0
  0
LINE
  5
94B
330
17
100
AcDbEntity
  8
0
100
AcDbLine
 10
-5.100000000000001
 20
122.0
 30
-46.0
 11
-1.7763568394002505e-15
 21
122.0
 31
-46.0
  0
LINE
  5
94C
330
17
100
AcDbEntity
  8
0
100
AcDbLine
 10
-5.100000000000001
 20
122.0
 30
-46.0
 11
-5.100000000000001
 21
72.0
 31
-46.0
  0
LINE
  5
94D
330
17
100
AcDbEntity
  8
0
100
AcDbLine
 10
-5.100000000000001
 20
72.0
 30
-46.0
 11
-1.7763568394002505e-15
 21
72.0
 31
-46.0
  0
LINE
  5
94E
330
17
100
AcDbEntity
  8
0
100
AcDbLine
 10
-1.7763568394002505e-15
 20
122.0
 30
-46.0
 11
-1.7763568394002505e-15
 21
72.0
 31
-46.0
  0
CIRCLE
  5
94F
330
17
100
AcDbEntity
  8
0
100
AcDbCircle
 10
-2.5500000000000016
 20
117.0
 30
-46.0
 40
1.5
  0
CIRCLE
  5
950
330
17
100
AcDbEntity
  8
0
100
AcDbCircle
 10
-2.5500000000000016
 20
77.0
 30
-46.0
 40
1.5
  0
LINE
  5
951
330
17
100
AcDbEntity
  8
0
100
AcDbLine
 10
-5.100000000000001
 20
122.0
 30
-68.0
 11
-1.7763568394002505e-15
 21
122.0
 31
-68.0
  0
LINE
  5
952
330
17
100
AcDbEntity
  8
0
100
AcDbLine
 10
-5.100000000000001
 20
122.0
 30
-68.0
 11
-5.100000000000001
 21
122.0
 31
-46.0
  0
LINE
  5
953
330
17
100
AcDbEntity
  8
0
100
AcDbLine
 10
-5.100000000000001
 20
122.0
 30
-46.0
 11
-1.7763568394002505e-15
 21
122.0
 31
-46.0
  0
LINE
  5
954
330
17
100
AcDbEntity
  8
0
100
AcDbLine
 10
-1.7763568394002505e-15
 20
122.0
 30
-68.0
 11
-1.7763568394002505e-15
 21
122.0
 31
-46.0
  0
LINE
  5
955
330
17
100
AcDbEntity
  8
0
100
AcDbLine
 10
-5.100000000000001
 20
127.0
 30
-68.0
 11
-1.7763568394002505e-15
 21
127.0
 31
-68.0
  0
LINE
  5
956
330
17
100
AcDbEntity
  8
0
100
AcDbLine
 10
-5.100000000000001
 20
127.0
 30
-68.0
 11
-5.100000000000001
 21
122.0
 31
-68.0
  0
LINE
  5
957
330
17
100
AcDbEntity
  8
0
100
AcDbLine
 10
-5.100000000000001
 20
122.0
 30
-68.0
 11
-1.7763568394002505e-15
 21
122.0
 31
-68.0
  0
LINE
  5
958
330
17
100
AcDbEntity
  8
0
100
AcDbLine
 10
-1.7763568394002505e-15
 20
127.0
 30
-68.0
 11
-1.7763568394002505e-15
 21
122.0
 31
-68.0
  0
LINE
  5
959
330
17
100
AcDbEntity
  8
0
100
AcDbLine
 10
-5.100000000000001
 20
127.0
 30
-93.0
 11
-1.7763568394002505e-15
 21
127.0
 31
-93.0
  0
LINE
  5
95A
330
17
100
AcDbEntity
  8
0
100
AcDbLine
 10
-5.100000000000001
 20
127.0
 30
-93.0
 11
-5.100000000000001
 21
127.0
 31
-68.0
  0
LINE
  5
95B
330
17
100
AcDbEntity
  8
0
100
AcDbLine
 10
-5.100000000000001
 20
127.0
 30
-68.0
 11
-1.7763568394002505e-15
 21
127.0
 31
-68.0
  0
LINE
  5
95C
330
17
100
AcDbEntity
  8
0
100
AcDbLine
 10
-1.7763568394002505e-15
 20
127.0
 30
-93.0
 11
-1.7763568394002505e-15
 21
127.0
 31
-68.0
  0
LINE
  5
95D
330
17
100
AcDbEntity
  8
0
100
AcDbLine
 10
-5.100000000000001
 20
115.0
 30
-93.0
 11
-5.100000000000001
 21
127.0
 31
-93.0
  0
LINE
  5
95E
330
17
100
AcDbEntity
  8
0
100
AcDbLine
 10
-5.100000000000001
 20
127.0
 30
-93.0
 11
-1.7763568394002505e-15
 21
127.0
 31
-93.0
  0
LINE
  5
95F
330
17
100
AcDbEntity
  8
0
100
AcDbLine
 10
-1.7763568394002505e-15
 20
115.0
 30
-93.0
 11
-1.7763568394002505e-15
 21
127.0
 31
-93.0
  0
LINE
  5
960
330
17
100
AcDbEntity
  8
0
100
AcDbLine
 10
-5.100000000000001
 20
115.0
 30
-93.0
 11
-1.7763568394002505e-15
 21
115.0
 31
-93.0
  0
LINE
  5
961
330
17
100
AcDbEntity
  8
0
100
AcDbLine
 10
-5.100000000000001
 20
115.0
 30
-93.0
 11
-5.100000000000001
 21
115.0
 31
-88.0
  0
LINE
  5
962
330
17
100
AcDbEntity
  8
0
100
AcDbLine
 10
-5.100000000000001
 20
115.0
 30
-93.0
 11
-1.7763568394002505e-15
 21
115.0
 31
-93.0
  0
LINE
  5
963
330
17
100
AcDbEntity
  8
0
100
AcDbLine
 10
-1.7763568394002505e-15
 20
115.0
 30
-93.0
 11
-1.7763568394002505e-15
 21
115.0
 31
-88.0
  0
LINE
  5
964
330
17
100
AcDbEntity
  8
0
100
AcDbLine
 10
-5.100000000000001
 20
115.0
 30
-88.0
 11
-1.7763568394002505e-15
 21
115.0
 31
-88.0
  0
LINE
  5
965
330
17
100
AcDbEntity
  8
0
100
AcDbLine
 10
-5.100000000000001
 20
115.0
 30
-88.0
 11
-1.7763568394002505e-15
 21
115.0
 31
-88.0
  0
LINE
  5
966
330
17
100
AcDbEntity
  8
0
100
AcDbLine
 10
-1.7763568394002505e-15
 20
115.0
 30
-88.0
 11
-1.7763568394002505e-15
 21
79.0
 31
-88.0
  0
LINE
  5
967
330
17
100
AcDbEntity
  8
0
100
AcDbLine
 10
-5.100000000000001
 20
79.0
 30
-88.0
 11
-1.7763568394002505e-15
 21
79.0
 31
-88.0
  0
LINE
  5
968
330
17
100
AcDbEntity
  8
0
100
AcDbLine
 10
-5.100000000000001
 20
115.0
 30
-88.0
 11
-5.100000000000001
 21
79.0
 31
-88.0
  0
LINE
  5
969
330
17
100
AcDbEntity
  8
0
100
AcDbLine
 10
-1.0500000000000016
 20
117.0
 30
-46.0
 11
-1.0500000000000016
 21
117.0
 31
-56.0
  0
CIRCLE
  5
96A
330
17
100
AcDbEntity
  8
0
100
AcDbCircle
 10
-2.5500000000000016
 20
117.0
 30
-46.0
 40
1.5
  0
LINE
  5
96B
330
17
100
AcDbEntity
  8
0
100
AcDbLine
 10
-1.0500000000000016
 20
117.0
 30
-46.0
 11
-1.0500000000000016
 21
117.0
 31
-56.0
  0
CIRCLE
  5
96C
330
17
100
AcDbEntity
  8
0
100
AcDbCircle
 10
-2.5500000000000016
 20
117.0
 30
-56.0
 40
1.5
  0
LINE
  5
96D
330
17
100
AcDbEntity
  8
0
100
AcDbLine
 10
-1.0500000000000016
 20
77.0
 30
-46.0
 11
-1.0500000000000016
 21
77.0
 31
-56.0
  0
CIRCLE
  5
96E
330
17
100
AcDbEntity
  8
0
100
AcDbCircle
 10
-2.5500000000000016
 20
77.0
 30
-46.0
 40
1.5
  0
LINE
  5
96F
330
17
100
AcDbEntity
  8
0
100
AcDbLine
 10
-1.0500000000000016
 20
77.0
 30
-46.0
 11
-1.0500000000000016
 21
77.0
 31
-56.0
  0
CIRCLE
  5
970
330
17
100
AcDbEntity
  8
0
100
AcDbCircle
 10
-2.5500000000000016
 20
77.0
 30
-56.0
 40
1.5
  0
CIRCLE
  5
971
330
17
100
AcDbEntity
  8
0
100
AcDbCircle
 10
-2.5500000000000016
 20
117.0
 30
-56.0
 40
1.5
  0
CIRCLE
  5
972
330
17
100
AcDbEntity
  8
0
100
AcDbCircle
 10
-2.5500000000000016
 20
77.0
 30
-56.0
 40
1.5
  0
LINE
  5
973
330
17
100
AcDbEntity
  8
0
100
AcDbLine
 10
0.0
 20
67.0
 30
-93.0
 11
0.0
 21
79.0
 31
-93.0
  0
LINE
  5
974
330
17
100
AcDbEntity
  8
0
100
AcDbLine
 10
5.1
 20
79.0
 30
-93.0
 11
0.0
 21
79.0
 31
-93.0
  0
LINE
  5
975
330
17
100
AcDbEntity
  8
0
100
AcDbLine
 10
5.1
 20
67.0
 30
-93.0
 11
5.1
 21
79.0
 31
-93.0
  0
LINE
  5
976
330
17
100
AcDbEntity
  8
0
100
AcDbLine
 10
0.0
 20
67.0
 30
-93.0
 11
5.1
 21
67.0
 31
-93.0
  0
LINE
  5
977
330
17
100
AcDbEntity
  8
0
100
AcDbLine
 10
0.0
 20
67.0
 30
-68.0
 11
0.0
 21
67.0
 31
-93.0
  0
LINE
  5
978
330
17
100
AcDbEntity
  8
0
100
AcDbLine
 10
0.0
 20
72.0
 30
-68.0
 11
0.0
 21
67.0
 31
-68.0
  0
LINE
  5
979
330
17
100
AcDbEntity
  8
0
100
AcDbLine
 10
0.0
 20
72.0
 30
-46.0
 11
0.0
 21
72.0
 31
-68.0
  0
LINE
  5
97A
330
17
100
AcDbEntity
  8
0
100
AcDbLine
 10
0.0
 20
122.0
 30
-46.0
 11
0.0
 21
72.0
 31
-46.0
  0
LINE
  5
97B
330
17
100
AcDbEntity
  8
0
100
AcDbLine
 10
0.0
 20
122.0
 30
-68.0
 11
0.0
 21
122.0
 31
-46.0
  0
LINE
  5
97C
330
17
100
AcDbEntity
  8
0
100
AcDbLine
 10
0.0
 20
127.0
 30
-68.0
 11
0.0
 21
122.0
 31
-68.0
  0
LINE
  5
97D
330
17
100
AcDbEntity
  8
0
100
AcDbLine
 10
0.0
 20
127.0
 30
-93.0
 11
0.0
 21
127.0
 31
-68.0
  0
LINE
  5
97E
330
17
100
AcDbEntity
  8
0
100
AcDbLine
 10
0.0
 20
115.0
 30
-93.0
 11
0.0
 21
127.0
 31
-93.0
  0
LINE
  5
97F
330
17
100
AcDbEntity
  8
0
100
AcDbLine
 10
0.0
 20
115.0
 30
-93.0
 11
0.0
 21
115.0
 31
-88.0
  0
LINE
  5
980
330
17
100
AcDbEntity
  8
0
100
AcDbLine
 10
0.0
 20
115.0
 30
-88.0
 11
0.0
 21
79.0
 31
-88.0
  0
LINE
  5
981
330
17
100
AcDbEntity
  8
0
100
AcDbLine
 10
0.0
 20
79.0
 30
-88.0
 11
0.0
 21
79.0
 31
-93.0
  0
LINE
  5
982
330
17
100
AcDbEntity
  8
0
100
AcDbLine
 10
0.0
 20
67.0
 30
-93.0
 11
0.0
 21
79.0
 31
-93.0
  0
LINE
  5
983
330
17
100
AcDbEntity
  8
0
100
AcDbLine
 10
0.0
 20
79.0
 30
-88.0
 11
0.0
 21
79.0
 31
-93.0
  0
LINE
  5
984
330
17
100
AcDbEntity
  8
0
100
AcDbLine
 10
0.0
 20
79.0
 30
-88.0
 11
5.1
 21
79.0
 31
-88.0
  0
LINE
  5
985
330
17
100
AcDbEntity
  8
0
100
AcDbLine
 10
5.1
 20
79.0
 30
-88.0
 11
5.1
 21
79.0
 31
-93.0
  0
LINE
  5
986
330
17
100
AcDbEntity
  8
0
100
AcDbLine
 10
5.1
 20
79.0
 30
-93.0
 11
0.0
 21
79.0
 31
-93.0
  0
LINE
  5
987
330
17
100
AcDbEntity
  8
0
100
AcDbLine
 10
5.1
 20
67.0
 30
-68.0
 11
5.1
 21
67.0
 31
-93.0
  0
LINE
  5
988
330
17
100
AcDbEntity
  8
0
100
AcDbLine
 10
5.1
 20
67.0
 30
-93.0
 11
5.1
 21
79.0
 31
-93.0
  0
LINE
  5
989
330
17
100
AcDbEntity
  8
0
100
AcDbLine
 10
5.1
 20
79.0
 30
-88.0
 11
5.1
 21
79.0
 31
-93.0
  0
LINE
  5
98A
330
17
100
AcDbEntity
  8
0
100
AcDbLine
 10
5.1
 20
115.0
 30
-88.0
 11
5.1
 21
79.0
 31
-88.0
  0
LINE
  5
98B
330
17
100
AcDbEntity
  8
0
100
AcDbLine
 10
5.1
 20
115.0
 30
-93.0
 11
5.1
 21
115.0
 31
-88.0
  0
LINE
  5
98C
330
17
100
AcDbEntity
  8
0
100
AcDbLine
 10
5.1
 20
115.0
 30
-93.0
 11
5.1
 21
127.0
 31
-93.0
  0
LINE
  5
98D
330
17
100
AcDbEntity
  8
0
100
AcDbLine
 10
5.1
 20
127.0
 30
-93.0
 11
5.1
 21
127.0
 31
-68.0
  0
LINE
  5
98E
330
17
100
AcDbEntity
  8
0
100
AcDbLine
 10
5.1
 20
127.0
 30
-68.0
 11
5.1
 21
122.0
 31
-68.0
  0
LINE
  5
98F
330
17
100
AcDbEntity
  8
0
100
AcDbLine
 10
5.1
 20
122.0
 30
-68.0
 11
5.1
 21
122.0
 31
-46.0
  0
LINE
  5
990
330
17
100
AcDbEntity
  8
0
100
AcDbLine
 10
5.1
 20
122.0
 30
-46.0
 11
5.1
 21
72.0
 31
-46.0
  0
LINE
  5
991
330
17
100
AcDbEntity
  8
0
100
AcDbLine
 10
5.1
 20
72.0
 30
-46.0
 11
5.1
 21
72.0
 31
-68.0
  0
LINE
  5
992
330
17
100
AcDbEntity
  8
0
100
AcDbLine
 10
5.1
 20
72.0
 30
-68.0
 11
5.1
 21
67.0
 31
-68.0
  0
LINE
  5
993
330
17
100
AcDbEntity
  8
0
100
AcDbLine
 10
0.0
 20
67.0
 30
-68.0
 11
5.1
 21
67.0
 31
-68.0
  0
LINE
  5
994
330
17
100
AcDbEntity
  8
0
100
AcDbLine
 10
0.0
 20
67.0
 30
-68.0
 11
0.0
 21
67.0
 31
-93.0
  0
LINE
  5
995
330
17
100
AcDbEntity
  8
0
100
AcDbLine
 10
0.0
 20
67.0
 30
-93.0
 11
5.1
 21
67.0
 31
-93.0
  0
LINE
  5
996
330
17
100
AcDbEntity
  8
0
100
AcDbLine
 10
5.1
 20
67.0
 30
-68.0
 11
5.1
 21
67.0
 31
-93.0
  0
LINE
  5
997
330
17
100
AcDbEntity
  8
0
100
AcDbLine
 10
0.0
 20
72.0
 30
-68.0
 11
5.1
 21
72.0
 31
-68.0
  0
LINE
  5
998
330
17
100
AcDbEntity
  8
0
100
AcDbLine
 10
0.0
 20
72.0
 30
-68.0
 11
0.0
 21
67.0
 31
-68.0
  0
LINE
  5
999
330
17
100
AcDbEntity
  8
0
100
AcDbLine
 10
0.0
 20
67.0
 30
-68.0
 11
5.1
 21
67.0
 31
-68.0
  0
LINE
  5
99A
330
17
100
AcDbEntity
  8
0
100
AcDbLine
 10
5.1
 20
72.0
 30
-68.0
 11
5.1
 21
67.0
 31
-68.0
  0
LINE
  5
99B
330
17
100
AcDbEntity
  8
0
100
AcDbLine
 10
0.0
 20
72.0
 30
-46.0
 11
5.1
 21
72.0
 31
-46.0
  0
LINE
  5
99C
330
17
100
AcDbEntity
  8
0
100
AcDbLine
 10
0.0
 20
72.0
 30
-46.0
 11
0.0
 21
72.0
 31
-68.0
  0
LINE
  5
99D
330
17
100
AcDbEntity
  8
0
100
AcDbLine
 10
0.0
 20
72.0
 30
-68.0
 11
5.1
 21
72.0
 31
-68.0
  0
LINE
  5
99E
330
17
100
AcDbEntity
  8
0
100
AcDbLine
 10
5.1
 20
72.0
 30
-46.0
 11
5.1
 21
72.0
 31
-68.0
  0
LINE
  5
99F
330
17
100
AcDbEntity
  8
0
100
AcDbLine
 10
0.0
 20
122.0
 30
-46.0
 11
5.1
 21
122.0
 31
-46.0
  0
LINE
  5
9A0
330
17
100
AcDbEntity
  8
0
100
AcDbLine
 10
0.0
 20
122.0
 30
-46.0
 11
0.0
 21
72.0
 31
-46.0
  0
LINE
  5
9A1
330
17
100
AcDbEntity
  8
0
100
AcDbLine
 10
0.0
 20
72.0
 30
-46.0
 11
5.1
 21
72.0
 31
-46.0
  0
LINE
  5
9A2
330
17
100
AcDbEntity
  8
0
100
AcDbLine
 10
5.1
 20
122.0
 30
-46.0
 11
5.1
 21
72.0
 31
-46.0
  0
CIRCLE
  5
9A3
330
17
100
AcDbEntity
  8
0
100
AcDbCircle
 10
2.55
 20
117.0
 30
-46.0
 40
1.5
  0
CIRCLE
  5
9A4
330
17
100
AcDbEntity
  8
0
100
AcDbCircle
 10
2.55
 20
77.0
 30
-46.0
 40
1.5
  0
LINE
  5
9A5
330
17
100
AcDbEntity
  8
0
100
AcDbLine
 10
0.0
 20
122.0
 30
-68.0
 11
5.1
 21
122.0
 31
-68.0
  0
LINE
  5
9A6
330
17
100
AcDbEntity
  8
0
100
AcDbLine
 10
0.0
 20
122.0
 30
-68.0
 11
0.0
 21
122.0
 31
-46.0
  0
LINE
  5
9A7
330
17
100
AcDbEntity
  8
0
100
AcDbLine
 10
0.0
 20
122.0
 30
-46.0
 11
5.1
 21
122.0
 31
-46.0
  0
LINE
  5
9A8
330
17
100
AcDbEntity
  8
0
100
AcDbLine
 10
5.1
 20
122.0
 30
-68.0
 11
5.1
 21
122.0
 31
-46.0
  0
LINE
  5
9A9
330
17
100
AcDbEntity
  8
0
100
AcDbLine
 10
0.0
 20
127.0
 30
-68.0
 11
5.1
 21
127.0
 31
-68.0
  0
LINE
  5
9AA
330
17
100
AcDbEntity
  8
0
100
AcDbLine
 10
0.0
 20
127.0
 30
-68.0
 11
0.0
 21
122.0
 31
-68.0
  0
LINE
  5
9AB
330
17
100
AcDbEntity
  8
0
100
AcDbLine
 10
0.0
 20
122.0
 30
-68.0
 11
5.1
 21
122.0
 31
-68.0
  0
LINE
  5
9AC
330
17
100
AcDbEntity
  8
0
100
AcDbLine
 10
5.1
 20
127.0
 30
-68.0
 11
5.1
 21
122.0
 31
-68.0
  0
LINE
  5
9AD
330
17
100
AcDbEntity
  8
0
100
AcDbLine
 10
0.0
 20
127.0
 30
-93.0
 11
5.1
 21
127.0
 31
-93.0
  0
LINE
  5
9AE
330
17
100
AcDbEntity
  8
0
100
AcDbLine
 10
0.0
 20
127.0
 30
-93.0
 11
0.0
 21
127.0
 31
-68.0
  0
LINE
  5
9AF
330
17
100
AcDbEntity
  8
0
100
AcDbLine
 10
0.0
 20
127.0
 30
-68.0
 11
5.1
 21
127.0
 31
-68.0
  0
LINE
  5
9B0
330
17
100
AcDbEntity
  8
0
100
AcDbLine
 10
5.1
 20
127.0
 30
-93.0
 11
5.1
 21
127.0
 31
-68.0
  0
LINE
  5
9B1
330
17
100
AcDbEntity
  8
0
100
AcDbLine
 10
0.0
 20
115.0
 30
-93.0
 11
0.0
 21
127.0
 31
-93.0
  0
LINE
  5
9B2
330
17
100
AcDbEntity
  8
0
100
AcDbLine
 10
0.0
 20
127.0
 30
-93.0
 11
5.1
 21
127.0
 31
-93.0
  0
LINE
  5
9B3
330
17
100
AcDbEntity
  8
0
100
AcDbLine
 10
5.1
 20
115.0
 30
-93.0
 11
5.1
 21
127.0
 31
-93.0
  0
LINE
  5
9B4
330
17
100
AcDbEntity
  8
0
100
AcDbLine
 10
0.0
 20
115.0
 30
-93.0
 11
5.1
 21
115.0
 31
-93.0
  0
LINE
  5
9B5
330
17
100
AcDbEntity
  8
0
100
AcDbLine
 10
0.0
 20
115.0
 30
-93.0
 11
0.0
 21
115.0
 31
-88.0
  0
LINE
  5
9B6
330
17
100
AcDbEntity
  8
0
100
AcDbLine
 10
0.0
 20
115.0
 30
-93.0
 11
5.1
 21
115.0
 31
-93.0
  0
LINE
  5
9B7
330
17
100
AcDbEntity
  8
0
100
AcDbLine
 10
5.1
 20
115.0
 30
-93.0
 11
5.1
 21
115.0
 31
-88.0
  0
LINE
  5
9B8
330
17
100
AcDbEntity
  8
0
100
AcDbLine
 10
0.0
 20
115.0
 30
-88.0
 11
5.1
 21
115.0
 31
-88.0
  0
LINE
  5
9B9
330
17
100
AcDbEntity
  8
0
100
AcDbLine
 10
0.0
 20
115.0
 30
-88.0
 11
5.1
 21
115.0
 31
-88.0
  0
LINE
  5
9BA
330
17
100
AcDbEntity
  8
0
100
AcDbLine
 10
5.1
 20
115.0
 30
-88.0
 11
5.1
 21
79.0
 31
-88.0
  0
LINE
  5
9BB
330
17
100
AcDbEntity
  8
0
100
AcDbLine
 10
0.0
 20
79.0
 30
-88.0
 11
5.1
 21
79.0
 31
-88.0
  0
LINE
  5
9BC
330
17
100
AcDbEntity
  8
0
100
AcDbLine
 10
0.0
 20
115.0
 30
-88.0
 11
0.0
 21
79.0
 31
-88.0
  0
LINE
  5
9BD
330
17
100
AcDbEntity
  8
0
100
AcDbLine
 10
4.05
 20
117.0
 30
-46.0
 11
4.05
 21
117.0
 31
-56.0
  0
CIRCLE
  5
9BE
330
17
100
AcDbEntity
  8
0
100
AcDbCircle
 10
2.55
 20
117.0
 30
-46.0
 40
1.5
  0
LINE
  5
9BF
330
17
100
AcDbEntity
  8
0
100
AcDbLine
 10
4.05
 20
117.0
 30
-46.0
 11
4.05
 21
117.0
 31
-56.0
  0
CIRCLE
  5
9C0
330
17
100
AcDbEntity
  8
0
100
AcDbCircle
 10
2.55
 20
117.0
 30
-56.0
 40
1.5
  0
LINE
  5
9C1
330
17
100
AcDbEntity
  8
0
100
AcDbLine
 10
4.05
 20
77.0
 30
-46.0
 11
4.05
 21
77.0
 31
-56.0
  0
CIRCLE
  5
9C2
330
17
100
AcDbEntity
  8
0
100
AcDbCircle
 10
2.55
 20
77.0
 30
-46.0
 40
1.5
  0
LINE
  5
9C3
330
17
100
AcDbEntity
  8
0
100
AcDbLine
 10
4.05
 20
77.0
 30
-46.0
 11
4.05
 21
77.0
 31
-56.0
  0
CIRCLE
  5
9C4
330
17
100
AcDbEntity
  8
0
100
AcDbCircle
 10
2.55
 20
77.0
 30
-56.0
 40
1.5
  0
CIRCLE
  5
9C5
330
17
100
AcDbEntity
  8
0
100
AcDbCircle
 10
2.55
 20
117.0
 30
-56.0
 40
1.5
  0
CIRCLE
  5
9C6
330
17
100
AcDbEntity
  8
0
100
AcDbCircle
 10
2.55
 20
77.0
 30
-56.0
 40
1.5
  0
LINE
  5
9C7
330
17
100
AcDbEntity
  8
0
100
AcDbLine
 10
5.099999999999998
 20
67.0
 30
-93.0
 11
5.099999999999998
 21
79.0
 31
-93.0
  0
LINE
  5
9C8
330
17
100
AcDbEntity
  8
0
100
AcDbLine
 10
10.199999999999998
 20
79.0
 30
-93.0
 11
5.099999999999998
 21
79.0
 31
-93.0
  0
LINE
  5
9C9
330
17
100
AcDbEntity
  8
0
100
AcDbLine
 10
10.199999999999998
 20
67.0
 30
-93.0
 11
10.199999999999998
 21
79.0
 31
-93.0
  0
LINE
  5
9CA
330
17
100
AcDbEntity
  8
0
100
AcDbLine
 10
5.099999999999998
 20
67.0
 30
-93.0
 11
10.199999999999998
 21
67.0
 31
-93.0
  0
LINE
  5
9CB
330
17
100
AcDbEntity
  8
0
100
AcDbLine
 10
5.099999999999998
 20
67.0
 30
-68.0
 11
5.099999999999998
 21
67.0
 31
-93.0
  0
LINE
  5
9CC
330
17
100
AcDbEntity
  8
0
100
AcDbLine
 10
5.099999999999998
 20
72.0
 30
-68.0
 11
5.099999999999998
 21
67.0
 31
-68.0
  0
LINE
  5
9CD
330
17
100
AcDbEntity
  8
0
100
AcDbLine
 10
5.099999999999998
 20
72.0
 30
-46.0
 11
5.099999999999998
 21
72.0
 31
-68.0
  0
LINE
  5
9CE
330
17
100
AcDbEntity
  8
0
100
AcDbLine
 10
5.099999999999998
 20
122.0
 30
-46.0
 11
5.099999999999998
 21
72.0
 31
-46.0
  0
LINE
  5
9CF
330
17
100
AcDbEntity
  8
0
100
AcDbLine
 10
5.099999999999998
 20
122.0
 30
-68.0
 11
5.099999999999998
 21
122.0
 31
-46.0
  0
LINE
  5
9D0
330
17
100
AcDbEntity
  8
0
100
AcDbLine
 10
5.099999999999998
 20
127.0
 30
-68.0
 11
5.099999999999998
 21
122.0
 31
-68.0
  0
LINE
  5
9D1
330
17
100
AcDbEntity
  8
0
100
AcDbLine
 10
5.099999999999998
 20
127.0
 30
-93.0
 11
5.099999999999998
 21
127.0
 31
-68.0
  0
LINE
  5
9D2
330
17
100
AcDbEntity
  8
0
100
AcDbLine
 10
5.099999999999998
 20
115.0
 30
-93.0
 11
5.099999999999998
 21
127.0
 31
-93.0
  0
LINE
  5
9D3
330
17
100
AcDbEntity
  8
0
100
AcDbLine
 10
5.099999999999998
 20
115.0
 30
-93.0
 11
5.099999999999998
 21
115.0
 31
-88.0
  0
LINE
  5
9D4
330
17
100
AcDbEntity
  8
0
100
AcDbLine
 10
5.099999999999998
 20
115.0
 30
-88.0
 11
5.099999999999998
 21
79.0
 31
-88.0
  0
LINE
  5
9D5
330
17
100
AcDbEntity
  8
0
100
AcDbLine
 10
5.099999999999998
 20
79.0
 30
-88.0
 11
5.099999999999998
 21
79.0
 31
-93.0
  0
LINE
  5
9D6
330
17
100
AcDbEntity
  8
0
100
AcDbLine
 10
5.099999999999998
 20
67.0
 30
-93.0
 11
5.099999999999998
 21
79.0
 31
-93.0
  0
LINE
  5
9D7
330
17
100
AcDbEntity
  8
0
100
AcDbLine
 10
5.099999999999998
 20
79.0
 30
-88.0
 11
5.099999999999998
 21
79.0
 31
-93.0
  0
LINE
  5
9D8
330
17
100
AcDbEntity
  8
0
100
AcDbLine
 10
5.099999999999998
 20
79.0
 30
-88.0
 11
10.199999999999998
 21
79.0
 31
-88.0
  0
LINE
  5
9D9
330
17
100
AcDbEntity
  8
0
100
AcDbLine
 10
10.199999999999998
 20
79.0
 30
-88.0
 11
10.199999999999998
 21
79.0
 31
-93.0
  0
LINE
  5
9DA
330
17
100
AcDbEntity
  8
0
100
AcDbLine
 10
10.199999999999998
 20
79.0
 30
-93.0
 11
5.099999999999998
 21
79.0
 31
-93.0
  0
LINE
  5
9DB
330
17
100
AcDbEntity
  8
0
100
AcDbLine
 10
10.199999999999998
 20
67.0
 30
-68.0
 11
10.199999999999998
 21
67.0
 31
-93.0
  0
LINE
  5
9DC
330
17
100
AcDbEntity
  8
0
100
AcDbLine
 10
10.199999999999998
 20
67.0
 30
-93.0
 11
10.199999999999998
 21
79.0
 31
-93.0
  0
LINE
  5
9DD
330
17
100
AcDbEntity
  8
0
100
AcDbLine
 10
10.199999999999998
 20
79.0
 30
-88.0
 11
10.199999999999998
 21
79.0
 31
-93.0
  0
LINE
  5
9DE
330
17
100
AcDbEntity
  8
0
100
AcDbLine
 10
10.199999999999998
 20
115.0
 30
-88.0
 11
10.199999999999998
 21
79.0
 31
-88.0
  0
LINE
  5
9DF
330
17
100
AcDbEntity
  8
0
100
AcDbLine
 10
10.199999999999998
 20
115.0
 30
-93.0
 11
10.199999999999998
 21
115.0
 31
-88.0
  0
LINE
  5
9E0
330
17
100
AcDbEntity
  8
0
100
AcDbLine
 10
10.199999999999998
 20
115.0
 30
-93.0
 11
10.199999999999998
 21
127.0
 31
-93.0
  0
LINE
  5
9E1
330
17
100
AcDbEntity
  8
0
100
AcDbLine
 10
10.199999999999998
 20
127.0
 30
-93.0
 11
10.199999999999998
 21
127.0
 31
-68.0
  0
LINE
  5
9E2
330
17
100
AcDbEntity
  8
0
100
AcDbLine
 10
10.199999999999998
 20
127.0
 30
-68.0
 11
10.199999999999998
 21
122.0
 31
-68.0
  0
LINE
  5
9E3
330
17
100
AcDbEntity
  8
0
100
AcDbLine
 10
10.199999999999998
 20
122.0
 30
-68.0
 11
10.199999999999998
 21
122.0
 31
-46.0
  0
LINE
  5
9E4
330
17
100
AcDbEntity
  8
0
100
AcDbLine
 10
10.199999999999998
 20
122.0
 30
-46.0
 11
10.199999999999998
 21
72.0
 31
-46.0
  0
LINE
  5
9E5
330
17
100
AcDbEntity
  8
0
100
AcDbLine
 10
10.199999999999998
 20
72.0
 30
-46.0
 11
10.199999999999998
 21
72.0
 31
-68.0
  0
LINE
  5
9E6
330
17
100
AcDbEntity
  8
0
100
AcDbLine
 10
10.199999999999998
 20
72.0
 30
-68.0
 11
10.199999999999998
 21
67.0
 31
-68.0
  0
LINE
  5
9E7
330
17
100
AcDbEntity
  8
0
100
AcDbLine
 10
5.099999999999998
 20
67.0
 30
-68.0
 11
10.199999999999998
 21
67.0
 31
-68.0
  0
LINE
  5
9E8
330
17
100
AcDbEntity
  8
0
100
AcDbLine
 10
5.099999999999998
 20
67.0
 30
-68.0
 11
5.099999999999998
 21
67.0
 31
-93.0
  0
LINE
  5
9E9
330
17
100
AcDbEntity
  8
0
100
AcDbLine
 10
5.099999999999998
 20
67.0
 30
-93.0
 11
10.199999999999998
 21
67.0
 31
-93.0
  0
LINE
  5
9EA
330
17
100
AcDbEntity
  8
0
100
AcDbLine
 10
10.199999999999998
 20
67.0
 30
-68.0
 11
10.199999999999998
 21
67.0
 31
-93.0
  0
LINE
  5
9EB
330
17
100
AcDbEntity
  8
0
100
AcDbLine
 10
5.099999999999998
 20
72.0
 30
-68.0
 11
10.199999999999998
 21
72.0
 31
-68.0
  0
LINE
  5
9EC
330
17
100
AcDbEntity
  8
0
100
AcDbLine
 10
5.099999999999998
 20
72.0
 30
-68.0
 11
5.099999999999998
 21
67.0
 31
-68.0
  0
LINE
  5
9ED
330
17
100
AcDbEntity
  8
0
100
AcDbLine
 10
5.099999999999998
 20
67.0
 30
-68.0
 11
10.199999999999998
 21
67.0
 31
-68.0
  0
LINE
  5
9EE
330
17
100
AcDbEntity
  8
0
100
AcDbLine
 10
10.199999999999998
 20
72.0
 30
-68.0
 11
10.199999999999998
 21
67.0
 31
-68.0
  0
LINE
  5
9EF
330
17
100
AcDbEntity
  8
0
100
AcDbLine
 10
5.099999999999998
 20
72.0
 30
-46.0
 11
10.199999999999998
 21
72.0
 31
-46.0
  0
LINE
  5
9F0
330
17
100
AcDbEntity
  8
0
100
AcDbLine
 10
5.099999999999998
 20
72.0
 30
-46.0
 11
5.099999999999998
 21
72.0
 31
-68.0
  0
LINE
  5
9F1
330
17
100
AcDbEntity
  8
0
100
AcDbLine
 10
5.099999999999998
 20
72.0
 30
-68.0
 11
10.199999999999998
 21
72.0
 31
-68.0
  0
LINE
  5
9F2
330
17
100
AcDbEntity
  8
0
100
AcDbLine
 10
10.199999999999998
 20
72.0
 30
-46.0
 11
10.199999999999998
 21
72.0
 31
-68.0
  0
LINE
  5
9F3
330
17
100
AcDbEntity
  8
0
100
AcDbLine
 10
5.099999999999998
 20
122.0
 30
-46.0
 11
10.199999999999998
 21
122.0
 31
-46.0
  0
LINE
  5
9F4
330
17
100
AcDbEntity
  8
0
100
AcDbLine
 10
5.099999999999998
 20
122.0
 30
-46.0
 11
5.099999999999998
 21
72.0
 31
-46.0
  0
LINE
  5
9F5
330
17
100
AcDbEntity
  8
0
100
AcDbLine
 10
5.099999999999998
 20
72.0
 30
-46.0
 11
10.199999999999998
 21
72.0
 31
-46.0
  0
LINE
  5
9F6
330
17
100
AcDbEntity
  8
0
100
AcDbLine
 10
10.199999999999998
 20
122.0
 30
-46.0
 11
10.199999999999998
 21
72.0
 31
-46.0
  0
CIRCLE
  5
9F7
330
17
100
AcDbEntity
  8
0
100
AcDbCircle
 10
7.649999999999998
 20
117.0
 30
-46.0
 40
1.5
  0
CIRCLE
  5
9F8
330
17
100
AcDbEntity
  8
0
100
AcDbCircle
 10
7.649999999999998
 20
77.0
 30
-46.0
 40
1.5
  0
LINE
  5
9F9
330
17
100
AcDbEntity
  8
0
100
AcDbLine
 10
5.099999999999998
 20
122.0
 30
-68.0
 11
10.199999999999998
 21
122.0
 31
-68.0
  0
LINE
  5
9FA
330
17
100
AcDbEntity
  8
0
100
AcDbLine
 10
5.099999999999998
 20
122.0
 30
-68.0
 11
5.099999999999998
 21
122.0
 31
-46.0
  0
LINE
  5
9FB
330
17
100
AcDbEntity
  8
0
100
AcDbLine
 10
5.099999999999998
 20
122.0
 30
-46.0
 11
10.199999999999998
 21
122.0
 31
-46.0
  0
LINE
  5
9FC
330
17
100
AcDbEntity
  8
0
100
AcDbLine
 10
10.199999999999998
 20
122.0
 30
-68.0
 11
10.199999999999998
 21
122.0
 31
-46.0
  0
LINE
  5
9FD
330
17
100
AcDbEntity
  8
0
100
AcDbLine
 10
5.099999999999998
 20
127.0
 30
-68.0
 11
10.199999999999998
 21
127.0
 31
-68.0
  0
LINE
  5
9FE
330
17
100
AcDbEntity
  8
0
100
AcDbLine
 10
5.099999999999998
 20
127.0
 30
-68.0
 11
5.099999999999998
 21
122.0
 31
-68.0
  0
LINE
  5
9FF
330
17
100
AcDbEntity
  8
0
100
AcDbLine
 10
5.099999999999998
 20
122.0
 30
-68.0
 11
10.199999999999998
 21
122.0
 31
-68.0
  0
LINE
  5
A00
330
17
100
AcDbEntity
  8
0
100
AcDbLine
 10
10.199999999999998
 20
127.0
 30
-68.0
 11
10.199999999999998
 21
122.0
 31
-68.0
  0
LINE
  5
A01
330
17
100
AcDbEntity
  8
0
100
AcDbLine
 10
5.099999999999998
 20
127.0
 30
-93.0
 11
10.199999999999998
 21
127.0
 31
-93.0
  0
LINE
  5
A02
330
17
100
AcDbEntity
  8
0
100
AcDbLine
 10
5.099999999999998
 20
127.0
 30
-93.0
 11
5.099999999999998
 21
127.0
 31
-68.0
  0
LINE
  5
A03
330
17
100
AcDbEntity
  8
0
100
AcDbLine
 10
5.099999999999998
 20
127.0
 30
-68.0
 11
10.199999999999998
 21
127.0
 31
-68.0
  0
LINE
  5
A04
330
17
100
AcDbEntity
  8
0
100
AcDbLine
 10
10.199999999999998
 20
127.0
 30
-93.0
 11
10.199999999999998
 21
127.0
 31
-68.0
  0
LINE
  5
A05
330
17
100
AcDbEntity
  8
0
100
AcDbLine
 10
5.099999999999998
 20
115.0
 30
-93.0
 11
5.099999999999998
 21
127.0
 31
-93.0
  0
LINE
  5
A06
330
17
100
AcDbEntity
  8
0
100
AcDbLine
 10
5.099999999999998
 20
127.0
 30
-93.0
 11
10.199999999999998
 21
127.0
 31
-93.0
  0
LINE
  5
A07
330
17
100
AcDbEntity
  8
0
100
AcDbLine
 10
10.199999999999998
 20
115.0
 30
-93.0
 11
10.199999999999998
 21
127.0
 31
-93.0
  0
LINE
  5
A08
330
17
100
AcDbEntity
  8
0
100
AcDbLine
 10
5.099999999999998
 20
115.0
 30
-93.0
 11
10.199999999999998
 21
115.0
 31
-93.0
  0
LINE
  5
A09
330
17
100
AcDbEntity
  8
0
100
AcDbLine
 10
5.099999999999998
 20
115.0
 30
-93.0
 11
5.099999999999998
 21
115.0
 31
-88.0
  0
LINE
  5
A0A
330
17
100
AcDbEntity
  8
0
100
AcDbLine
 10
5.099999999999998
 20
115.0
 30
-93.0
 11
10.199999999999998
 21
115.0
 31
-93.0
  0
LINE
  5
A0B
330
17
100
AcDbEntity
  8
0
100
AcDbLine
 10
10.199999999999998
 20
115.0
 30
-93.0
 11
10.199999999999998
 21
115.0
 31
-88.0
  0
LINE
  5
A0C
330
17
100
AcDbEntity
  8
0
100
AcDbLine
 10
5.099999999999998
 20
115.0
 30
-88.0
 11
10.199999999999998
 21
115.0
 31
-88.0
  0
LINE
  5
A0D
330
17
100
AcDbEntity
  8
0
100
AcDbLine
 10
5.099999999999998
 20
115.0
 30
-88.0
 11
10.199999999999998
 21
115.0
 31
-88.0
  0
LINE
  5
A0E
330
17
100
AcDbEntity
  8
0
100
AcDbLine
 10
10.199999999999998
 20
115.0
 30
-88.0
 11
10.199999999999998
 21
79.0
 31
-88.0
  0
LINE
  5
A0F
330
17
100
AcDbEntity
  8
0
100
AcDbLine
 10
5.099999999999998
 20
79.0
 30
-88.0
 11
10.199999999999998
 21
79.0
 31
-88.0
  0
LINE
  5
A10
330
17
100
AcDbEntity
  8
0
100
AcDbLine
 10
5.099999999999998
 20
115.0
 30
-88.0
 11
5.099999999999998
 21
79.0
 31
-88.0
  0
LINE
  5
A11
330
17
100
AcDbEntity
  8
0
100
AcDbLine
 10
9.149999999999999
 20
117.0
 30
-46.0
 11
9.149999999999999
 21
117.0
 31
-56.0
  0
CIRCLE
  5
A12
330
17
100
AcDbEntity
  8
0
100
AcDbCircle
 10
7.649999999999998
 20
117.0
 30
-46.0
 40
1.5
  0
LINE
  5
A13
330
17
100
AcDbEntity
  8
0
100
AcDbLine
 10
9.149999999999999
 20
117.0
 30
-46.0
 11
9.149999999999999
 21
117.0
 31
-56.0
  0
CIRCLE
  5
A14
330
17
100
AcDbEntity
  8
0
100
AcDbCircle
 10
7.649999999999998
 20
117.0
 30
-56.0
 40
1.5
  0
LINE
  5
A15
330
17
100
AcDbEntity
  8
0
100
AcDbLine
 10
9.149999999999999
 20
77.0
 30
-46.0
 11
9.149999999999999
 21
77.0
 31
-56.0
  0
CIRCLE
  5
A16
330
17
100
AcDbEntity
  8
0
100
AcDbCircle
 10
7.649999999999998
 20
77.0
 30
-46.0
 40
1.5
  0
LINE
  5
A17
330
17
100
AcDbEntity
  8
0
100
AcDbLine
 10
9.149999999999999
 20
77.0
 30
-46.0
 11
9.149999999999999
 21
77.0
 31
-56.0
  0
CIRCLE
  5
A18
330
17
100
AcDbEntity
  8
0
100
AcDbCircle
 10
7.649999999999998
 20
77.0
 30
-56.0
 40
1.5
  0
CIRCLE
  5
A19
330
17
100
AcDbEntity
  8
0
100
AcDbCircle
 10
7.649999999999998
 20
117.0
 30
-56.0
 40
1.5
  0
CIRCLE
  5
A1A
330
17
100
AcDbEntity
  8
0
100
AcDbCircle
 10
7.649999999999998
 20
77.0
 30
-56.0
 40
1.5
  0
LINE
  5
A1B
330
17
100
AcDbEntity
  8
0
100
AcDbLine
 10
10.199999999999996
 20
67.0
 30
-93.0
 11
10.199999999999996
 21
79.0
 31
-93.0
  0
LINE
  5
A1C
330
17
100
AcDbEntity
  8
0
100
AcDbLine
 10
15.299999999999995
 20
79.0
 30
-93.0
 11
10.199999999999996
 21
79.0
 31
-93.0
  0
LINE
  5
A1D
330
17
100
AcDbEntity
  8
0
100
AcDbLine
 10
15.299999999999995
 20
67.0
 30
-93.0
 11
15.299999999999995
 21
79.0
 31
-93.0
  0
LINE
  5
A1E
330
17
100
AcDbEntity
  8
0
100
AcDbLine
 10
10.199999999999996
 20
67.0
 30
-93.0
 11
15.299999999999995
 21
67.0
 31
-93.0
  0
LINE
  5
A1F
330
17
100
AcDbEntity
  8
0
100
AcDbLine
 10
10.199999999999996
 20
67.0
 30
-68.0
 11
10.199999999999996
 21
67.0
 31
-93.0
  0
LINE
  5
A20
330
17
100
AcDbEntity
  8
0
100
AcDbLine
 10
10.199999999999996
 20
72.0
 30
-68.0
 11
10.199999999999996
 21
67.0
 31
-68.0
  0
LINE
  5
A21
330
17
100
AcDbEntity
  8
0
100
AcDbLine
 10
10.199999999999996
 20
72.0
 30
-46.0
 11
10.199999999999996
 21
72.0
 31
-68.0
  0
LINE
  5
A22
330
17
100
AcDbEntity
  8
0
100
AcDbLine
 10
10.199999999999996
 20
122.0
 30
-46.0
 11
10.199999999999996
 21
72.0
 31
-46.0
  0
LINE
  5
A23
330
17
100
AcDbEntity
  8
0
100
AcDbLine
 10
10.199999999999996
 20
122.0
 30
-68.0
 11
10.199999999999996
 21
122.0
 31
-46.0
  0
LINE
  5
A24
330
17
100
AcDbEntity
  8
0
100
AcDbLine
 10
10.199999999999996
 20
127.0
 30
-68.0
 11
10.199999999999996
 21
122.0
 31
-68.0
  0
LINE
  5
A25
330
17
100
AcDbEntity
  8
0
100
AcDbLine
 10
10.199999999999996
 20
127.0
 30
-93.0
 11
10.199999999999996
 21
127.0
 31
-68.0
  0
LINE
  5
A26
330
17
100
AcDbEntity
  8
0
100
AcDbLine
 10
10.199999999999996
 20
115.0
 30
-93.0
 11
10.199999999999996
 21
127.0
 31
-93.0
  0
LINE
  5
A27
330
17
100
AcDbEntity
  8
0
100
AcDbLine
 10
10.199999999999996
 20
115.0
 30
-93.0
 11
10.199999999999996
 21
115.0
 31
-88.0
  0
LINE
  5
A28
330
17
100
AcDbEntity
  8
0
100
AcDbLine
 10
10.199999999999996
 20
115.0
 30
-88.0
 11
10.199999999999996
 21
79.0
 31
-88.0
  0
LINE
  5
A29
330
17
100
AcDbEntity
  8
0
100
AcDbLine
 10
10.199999999999996
 20
79.0
 30
-88.0
 11
10.199999999999996
 21
79.0
 31
-93.0
  0
LINE
  5
A2A
330
17
100
AcDbEntity
  8
0
100
AcDbLine
 10
10.199999999999996
 20
67.0
 30
-93.0
 11
10.199999999999996
 21
79.0
 31
-93.0
  0
LINE
  5
A2B
330
17
100
AcDbEntity
  8
0
100
AcDbLine
 10
10.199999999999996
 20
79.0
 30
-88.0
 11
10.199999999999996
 21
79.0
 31
-93.0
  0
LINE
  5
A2C
330
17
100
AcDbEntity
  8
0
100
AcDbLine
 10
10.199999999999996
 20
79.0
 30
-88.0
 11
15.299999999999995
 21
79.0
 31
-88.0
  0
LINE
  5
A2D
330
17
100
AcDbEntity
  8
0
100
AcDbLine
 10
15.299999999999995
 20
79.0
 30
-88.0
 11
15.299999999999995
 21
79.0
 31
-93.0
  0
LINE
  5
A2E
330
17
100
AcDbEntity
  8
0
100
AcDbLine
 10
15.299999999999995
 20
79.0
 30
-93.0
 11
10.199999999999996
 21
79.0
 31
-93.0
  0
LINE
  5
A2F
330
17
100
AcDbEntity
  8
0
100
AcDbLine
 10
15.299999999999995
 20
67.0
 30
-68.0
 11
15.299999999999995
 21
67.0
 31
-93.0
  0
LINE
  5
A30
330
17
100
AcDbEntity
  8
0
100
AcDbLine
 10
15.299999999999995
 20
67.0
 30
-93.0
 11
15.299999999999995
 21
79.0
 31
-93.0
  0
LINE
  5
A31
330
17
100
AcDbEntity
  8
0
100
AcDbLine
 10
15.299999999999995
 20
79.0
 30
-88.0
 11
15.299999999999995
 21
79.0
 31
-93.0
  0
LINE
  5
A32
330
17
100
AcDbEntity
  8
0
100
AcDbLine
 10
15.299999999999995
 20
115.0
 30
-88.0
 11
15.299999999999995
 21
79.0
 31
-88.0
  0
LINE
  5
A33
330
17
100
AcDbEntity
  8
0
100
AcDbLine
 10
15.299999999999995
 20
115.0
 30
-93.0
 11
15.299999999999995
 21
115.0
 31
-88.0
  0
LINE
  5
A34
330
17
100
AcDbEntity
  8
0
100
AcDbLine
 10
15.299999999999995
 20
115.0
 30
-93.0
 11
15.299999999999995
 21
127.0
 31
-93.0
  0
LINE
  5
A35
330
17
100
AcDbEntity
  8
0
100
AcDbLine
 10
15.299999999999995
 20
127.0
 30
-93.0
 11
15.299999999999995
 21
127.0
 31
-68.0
  0
LINE
  5
A36
330
17
100
AcDbEntity
  8
0
100
AcDbLine
 10
15.299999999999995
 20
127.0
 30
-68.0
 11
15.299999999999995
 21
122.0
 31
-68.0
  0
LINE
  5
A37
330
17
100
AcDbEntity
  8
0
100
AcDbLine
 10
15.299999999999995
 20
122.0
 30
-68.0
 11
15.299999999999995
 21
122.0
 31
-46.0
  0
LINE
  5
A38
330
17
100
AcDbEntity
  8
0
100
AcDbLine
 10
15.299999999999995
 20
122.0
 30
-46.0
 11
15.299999999999995
 21
72.0
 31
-46.0
  0
LINE
  5
A39
330
17
100
AcDbEntity
  8
0
100
AcDbLine
 10
15.299999999999995
 20
72.0
 30
-46.0
 11
15.299999999999995
 21
72.0
 31
-68.0
  0
LINE
  5
A3A
330
17
100
AcDbEntity
  8
0
100
AcDbLine
 10
15.299999999999995
 20
72.0
 30
-68.0
 11
15.299999999999995
 21
67.0
 31
-68.0
  0
LINE
  5
A3B
330
17
100
AcDbEntity
  8
0
100
AcDbLine
 10
10.199999999999996
 20
67.0
 30
-68.0
 11
15.299999999999995
 21
67.0
 31
-68.0
  0
LINE
  5
A3C
330
17
100
AcDbEntity
  8
0
100
AcDbLine
 10
10.199999999999996
 20
67.0
 30
-68.0
 11
10.199999999999996
 21
67.0
 31
-93.0
  0
LINE
  5
A3D
330
17
100
AcDbEntity
  8
0
100
AcDbLine
 10
10.199999999999996
 20
67.0
 30
-93.0
 11
15.299999999999995
 21
67.0
 31
-93.0
  0
LINE
  5
A3E
330
17
100
AcDbEntity
  8
0
100
AcDbLine
 10
15.299999999999995
 20
67.0
 30
-68.0
 11
15.299999999999995
 21
67.0
 31
-93.0
  0
LINE
  5
A3F
330
17
100
AcDbEntity
  8
0
100
AcDbLine
 10
10.199999999999996
 20
72.0
 30
-68.0
 11
15.299999999999995
 21
72.0
 31
-68.0
  0
LINE
  5
A40
330
17
100
AcDbEntity
  8
0
100
AcDbLine
 10
10.199999999999996
 20
72.0
 30
-68.0
 11
10.199999999999996
 21
67.0
 31
-68.0
  0
LINE
  5
A41
330
17
100
AcDbEntity
  8
0
100
AcDbLine
 10
10.199999999999996
 20
67.0
 30
-68.0
 11
15.299999999999995
 21
67.0
 31
-68.0
  0
LINE
  5
A42
330
17
100
AcDbEntity
  8
0
100
AcDbLine
 10
15.299999999999995
 20
72.0
 30
-68.0
 11
15.299999999999995
 21
67.0
 31
-68.0
  0
LINE
  5
A43
330
17
100
AcDbEntity
  8
0
100
AcDbLine
 10
10.199999999999996
 20
72.0
 30
-46.0
 11
15.299999999999995
 21
72.0
 31
-46.0
  0
LINE
  5
A44
330
17
100
AcDbEntity
  8
0
100
AcDbLine
 10
10.199999999999996
 20
72.0
 30
-46.0
 11
10.199999999999996
 21
72.0
 31
-68.0
  0
LINE
  5
A45
330
17
100
AcDbEntity
  8
0
100
AcDbLine
 10
10.199999999999996
 20
72.0
 30
-68.0
 11
15.299999999999995
 21
72.0
 31
-68.0
  0
LINE
  5
A46
330
17
100
AcDbEntity
  8
0
100
AcDbLine
 10
15.299999999999995
 20
72.0
 30
-46.0
 11
15.299999999999995
 21
72.0
 31
-68.0
  0
LINE
  5
A47
330
17
100
AcDbEntity
  8
0
100
AcDbLine
 10
10.199999999999996
 20
122.0
 30
-46.0
 11
15.299999999999995
 21
122.0
 31
-46.0
  0
LINE
  5
A48
330
17
100
AcDbEntity
  8
0
100
AcDbLine
 10
10.199999999999996
 20
122.0
 30
-46.0
 11
10.199999999999996
 21
72.0
 31
-46.0
  0
LINE
  5
A49
330
17
100
AcDbEntity
  8
0
100
AcDbLine
 10
10.199999999999996
 20
72.0
 30
-46.0
 11
15.299999999999995
 21
72.0
 31
-46.0
  0
LINE
  5
A4A
330
17
100
AcDbEntity
  8
0
100
AcDbLine
 10
15.299999999999995
 20
122.0
 30
-46.0
 11
15.299999999999995
 21
72.0
 31
-46.0
  0
CIRCLE
  5
A4B
330
17
100
AcDbEntity
  8
0
100
AcDbCircle
 10
12.749999999999996
 20
117.0
 30
-46.0
 40
1.5
  0
CIRCLE
  5
A4C
330
17
100
AcDbEntity
  8
0
100
AcDbCircle
 10
12.749999999999996
 20
77.0
 30
-46.0
 40
1.5
  0
LINE
  5
A4D
330
17
100
AcDbEntity
  8
0
100
AcDbLine
 10
10.199999999999996
 20
122.0
 30
-68.0
 11
15.299999999999995
 21
122.0
 31
-68.0
  0
LINE
  5
A4E
330
17
100
AcDbEntity
  8
0
100
AcDbLine
 10
10.199999999999996
 20
122.0
 30
-68.0
 11
10.199999999999996
 21
122.0
 31
-46.0
  0
LINE
  5
A4F
330
17
100
AcDbEntity
  8
0
100
AcDbLine
 10
10.199999999999996
 20
122.0
 30
-46.0
 11
15.299999999999995
 21
122.0
 31
-46.0
  0
LINE
  5
A50
330
17
100
AcDbEntity
  8
0
100
AcDbLine
 10
15.299999999999995
 20
122.0
 30
-68.0
 11
15.299999999999995
 21
122.0
 31
-46.0
  0
LINE
  5
A51
330
17
100
AcDbEntity
  8
0
100
AcDbLine
 10
10.199999999999996
 20
127.0
 30
-68.0
 11
15.299999999999995
 21
127.0
 31
-68.0
  0
LINE
  5
A52
330
17
100
AcDbEntity
  8
0
100
AcDbLine
 10
10.199999999999996
 20
127.0
 30
-68.0
 11
10.199999999999996
 21
122.0
 31
-68.0
  0
LINE
  5
A53
330
17
100
AcDbEntity
  8
0
100
AcDbLine
 10
10.199999999999996
 20
122.0
 30
-68.0
 11
15.299999999999995
 21
122.0
 31
-68.0
  0
LINE
  5
A54
330
17
100
AcDbEntity
  8
0
100
AcDbLine
 10
15.299999999999995
 20
127.0
 30
-68.0
 11
15.299999999999995
 21
122.0
 31
-68.0
  0
LINE
  5
A55
330
17
100
AcDbEntity
  8
0
100
AcDbLine
 10
10.199999999999996
 20
127.0
 30
-93.0
 11
15.299999999999995
 21
127.0
 31
-93.0
  0
LINE
  5
A56
330
17
100
AcDbEntity
  8
0
100
AcDbLine
 10
10.199999999999996
 20
127.0
 30
-93.0
 11
10.199999999999996
 21
127.0
 31
-68.0
  0
LINE
  5
A57
330
17
100
AcDbEntity
  8
0
100
AcDbLine
 10
10.199999999999996
 20
127.0
 30
-68.0
 11
15.299999999999995
 21
127.0
 31
-68.0
  0
LINE
  5
A58
330
17
100
AcDbEntity
  8
0
100
AcDbLine
 10
15.299999999999995
 20
127.0
 30
-93.0
 11
15.299999999999995
 21
127.0
 31
-68.0
  0
LINE
  5
A59
330
17
100
AcDbEntity
  8
0
100
AcDbLine
 10
10.199999999999996
 20
115.0
 30
-93.0
 11
10.199999999999996
 21
127.0
 31
-93.0
  0
LINE
  5
A5A
330
17
100
AcDbEntity
  8
0
100
AcDbLine
 10
10.199999999999996
 20
127.0
 30
-93.0
 11
15.299999999999995
 21
127.0
 31
-93.0
  0
LINE
  5
A5B
330
17
100
AcDbEntity
  8
0
100
AcDbLine
 10
15.299999999999995
 20
115.0
 30
-93.0
 11
15.299999999999995
 21
127.0
 31
-93.0
  0
LINE
  5
A5C
330
17
100
AcDbEntity
  8
0
100
AcDbLine
 10
10.199999999999996
 20
115.0
 30
-93.0
 11
15.299999999999995
 21
115.0
 31
-93.0
  0
LINE
  5
A5D
330
17
100
AcDbEntity
  8
0
100
AcDbLine
 10
10.199999999999996
 20
115.0
 30
-93.0
 11
10.199999999999996
 21
115.0
 31
-88.0
  0
LINE
  5
A5E
330
17
100
AcDbEntity
  8
0
100
AcDbLine
 10
10.199999999999996
 20
115.0
 30
-93.0
 11
15.299999999999995
 21
115.0
 31
-93.0
  0
LINE
  5
A5F
330
17
100
AcDbEntity
  8
0
100
AcDbLine
 10
15.299999999999995
 20
115.0
 30
-93.0
 11
15.299999999999995
 21
115.0
 31
-88.0
  0
LINE
  5
A60
330
17
100
AcDbEntity
  8
0
100
AcDbLine
 10
10.199999999999996
 20
115.0
 30
-88.0
 11
15.299999999999995
 21
115.0
 31
-88.0
  0
LINE
  5
A61
330
17
100
AcDbEntity
  8
0
100
AcDbLine
 10
10.199999999999996
 20
115.0
 30
-88.0
 11
15.299999999999995
 21
115.0
 31
-88.0
  0
LINE
  5
A62
330
17
100
AcDbEntity
  8
0
100
AcDbLine
 10
15.299999999999995
 20
115.0
 30
-88.0
 11
15.299999999999995
 21
79.0
 31
-88.0
  0
LINE
  5
A63
330
17
100
AcDbEntity
  8
0
100
AcDbLine
 10
10.199999999999996
 20
79.0
 30
-88.0
 11
15.299999999999995
 21
79.0
 31
-88.0
  0
LINE
  5
A64
330
17
100
AcDbEntity
  8
0
100
AcDbLine
 10
10.199999999999996
 20
115.0
 30
-88.0
 11
10.199999999999996
 21
79.0
 31
-88.0
  0
LINE
  5
A65
330
17
100
AcDbEntity
  8
0
100
AcDbLine
 10
14.249999999999996
 20
117.0
 30
-46.0
 11
14.249999999999996
 21
117.0
 31
-56.0
  0
CIRCLE
  5
A66
330
17
100
AcDbEntity
  8
0
100
AcDbCircle
 10
12.749999999999996
 20
117.0
 30
-46.0
 40
1.5
  0
LINE
  5
A67
330
17
100
AcDbEntity
  8
0
100
AcDbLine
 10
14.249999999999996
 20
117.0
 30
-46.0
 11
14.249999999999996
 21
117.0
 31
-56.0
  0
CIRCLE
  5
A68
330
17
100
AcDbEntity
  8
0
100
AcDbCircle
 10
12.749999999999996
 20
117.0
 30
-56.0
 40
1.5
  0
LINE
  5
A69
330
17
100
AcDbEntity
  8
0
100
AcDbLine
 10
14.249999999999996
 20
77.0
 30
-46.0
 11
14.249999999999996
 21
77.0
 31
-56.0
  0
CIRCLE
  5
A6A
330
17
100
AcDbEntity
  8
0
100
AcDbCircle
 10
12.749999999999996
 20
77.0
 30
-46.0
 40
1.5
  0
LINE
  5
A6B
330
17
100
AcDbEntity
  8
0
100
AcDbLine
 10
14.249999999999996
 20
77.0
 30
-46.0
 11
14.249999999999996
 21
77.0
 31
-56.0
  0
CIRCLE
  5
A6C
330
17
100
AcDbEntity
  8
0
100
AcDbCircle
 10
12.749999999999996
 20
77.0
 30
-56.0
 40
1.5
  0
CIRCLE
  5
A6D
330
17
100
AcDbEntity
  8
0
100
AcDbCircle
 10
12.749999999999996
 20
117.0
 30
-56.0
 40
1.5
  0
CIRCLE
  5
A6E
330
17
100
AcDbEntity
  8
0
100
AcDbCircle
 10
12.749999999999996
 20
77.0
 30
-56.0
 40
1.5
  0
LINE
  5
A6F
330
17
100
AcDbEntity
  8
0
100
AcDbLine
 10
15.299999999999997
 20
67.0
 30
-93.0
 11
15.299999999999997
 21
79.0
 31
-93.0
  0
LINE
  5
A70
330
17
100
AcDbEntity
  8
0
100
AcDbLine
 10
20.4
 20
79.0
 30
-93.0
 11
15.299999999999997
 21
79.0
 31
-93.0
  0
LINE
  5
A71
330
17
100
AcDbEntity
  8
0
100
AcDbLine
 10
20.4
 20
67.0
 30
-93.0
 11
20.4
 21
79.0
 31
-93.0
  0
LINE
  5
A72
330
17
100
AcDbEntity
  8
0
100
AcDbLine
 10
15.299999999999997
 20
67.0
 30
-93.0
 11
20.4
 21
67.0
 31
-93.0
  0
LINE
  5
A73
330
17
100
AcDbEntity
  8
0
100
AcDbLine
 10
15.299999999999997
 20
67.0
 30
-68.0
 11
15.299999999999997
 21
67.0
 31
-93.0
  0
LINE
  5
A74
330
17
100
AcDbEntity
  8
0
100
AcDbLine
 10
15.299999999999997
 20
72.0
 30
-68.0
 11
15.299999999999997
 21
67.0
 31
-68.0
  0
LINE
  5
A75
330
17
100
AcDbEntity
  8
0
100
AcDbLine
 10
15.299999999999997
 20
72.0
 30
-46.0
 11
15.299999999999997
 21
72.0
 31
-68.0
  0
LINE
  5
A76
330
17
100
AcDbEntity
  8
0
100
AcDbLine
 10
15.299999999999997
 20
122.0
 30
-46.0
 11
15.299999999999997
 21
72.0
 31
-46.0
  0
LINE
  5
A77
330
17
100
AcDbEntity
  8
0
100
AcDbLine
 10
15.299999999999997
 20
122.0
 30
-68.0
 11
15.299999999999997
 21
122.0
 31
-46.0
  0
LINE
  5
A78
330
17
100
AcDbEntity
  8
0
100
AcDbLine
 10
15.299999999999997
 20
127.0
 30
-68.0
 11
15.299999999999997
 21
122.0
 31
-68.0
  0
LINE
  5
A79
330
17
100
AcDbEntity
  8
0
100
AcDbLine
 10
15.299999999999997
 20
127.0
 30
-93.0
 11
15.299999999999997
 21
127.0
 31
-68.0
  0
LINE
  5
A7A
330
17
100
AcDbEntity
  8
0
100
AcDbLine
 10
15.299999999999997
 20
115.0
 30
-93.0
 11
15.299999999999997
 21
127.0
 31
-93.0
  0
LINE
  5
A7B
330
17
100
AcDbEntity
  8
0
100
AcDbLine
 10
15.299999999999997
 20
115.0
 30
-93.0
 11
15.299999999999997
 21
115.0
 31
-88.0
  0
LINE
  5
A7C
330
17
100
AcDbEntity
  8
0
100
AcDbLine
 10
15.299999999999997
 20
115.0
 30
-88.0
 11
15.299999999999997
 21
79.0
 31
-88.0
  0
LINE
  5
A7D
330
17
100
AcDbEntity
  8
0
100
AcDbLine
 10
15.299999999999997
 20
79.0
 30
-88.0
 11
15.299999999999997
 21
79.0
 31
-93.0
  0
LINE
  5
A7E
330
17
100
AcDbEntity
  8
0
100
AcDbLine
 10
15.299999999999997
 20
67.0
 30
-93.0
 11
15.299999999999997
 21
79.0
 31
-93.0
  0
LINE
  5
A7F
330
17
100
AcDbEntity
  8
0
100
AcDbLine
 10
15.299999999999997
 20
79.0
 30
-88.0
 11
15.299999999999997
 21
79.0
 31
-93.0
  0
LINE
  5
A80
330
17
100
AcDbEntity
  8
0
100
AcDbLine
 10
15.299999999999997
 20
79.0
 30
-88.0
 11
20.4
 21
79.0
 31
-88.0
  0
LINE
  5
A81
330
17
100
AcDbEntity
  8
0
100
AcDbLine
 10
20.4
 20
79.0
 30
-88.0
 11
20.4
 21
79.0
 31
-93.0
  0
LINE
  5
A82
330
17
100
AcDbEntity
  8
0
100
AcDbLine
 10
20.4
 20
79.0
 30
-93.0
 11
15.299999999999997
 21
79.0
 31
-93.0
  0
LINE
  5
A83
330
17
100
AcDbEntity
  8
0
100
AcDbLine
 10
20.4
 20
67.0
 30
-68.0
 11
20.4
 21
67.0
 31
-93.0
  0
LINE
  5
A84
330
17
100
AcDbEntity
  8
0
100
AcDbLine
 10
20.4
 20
67.0
 30
-93.0
 11
20.4
 21
79.0
 31
-93.0
  0
LINE
  5
A85
330
17
100
AcDbEntity
  8
0
100
AcDbLine
 10
20.4
 20
79.0
 30
-88.0
 11
20.4
 21
79.0
 31
-93.0
  0
LINE
  5
A86
330
17
100
AcDbEntity
  8
0
100
AcDbLine
 10
20.4
 20
115.0
 30
-88.0
 11
20.4
 21
79.0
 31
-88.0
  0
LINE
  5
A87
330
17
100
AcDbEntity
  8
0
100
AcDbLine
 10
20.4
 20
115.0
 30
-93.0
 11
20.4
 21
115.0
 31
-88.0
  0
LINE
  5
A88
330
17
100
AcDbEntity
  8
0
100
AcDbLine
 10
20.4
 20
115.0
 30
-93.0
 11
20.4
 21
127.0
 31
-93.0
  0
LINE
  5
A89
330
17
100
AcDbEntity
  8
0
100
AcDbLine
 10
20.4
 20
127.0
 30
-93.0
 11
20.4
 21
127.0
 31
-68.0
  0
LINE
  5
A8A
330
17
100
AcDbEntity
  8
0
100
AcDbLine
 10
20.4
 20
127.0
 30
-68.0
 11
20.4
 21
122.0
 31
-68.0
  0
LINE
  5
A8B
330
17
100
AcDbEntity
  8
0
100
AcDbLine
 10
20.4
 20
122.0
 30
-68.0
 11
20.4
 21
122.0
 31
-46.0
  0
LINE
  5
A8C
330
17
100
AcDbEntity
  8
0
100
AcDbLine
 10
20.4
 20
122.0
 30
-46.0
 11
20.4
 21
72.0
 31
-46.0
  0
LINE
  5
A8D
330
17
100
AcDbEntity
  8
0
100
AcDbLine
 10
20.4
 20
72.0
 30
-46.0
 11
20.4
 21
72.0
 31
-68.0
  0
LINE
  5
A8E
330
17
100
AcDbEntity
  8
0
100
AcDbLine
 10
20.4
 20
72.0
 30
-68.0
 11
20.4
 21
67.0
 31
-68.0
  0
LINE
  5
A8F
330
17
100
AcDbEntity
  8
0
100
AcDbLine
 10
15.299999999999997
 20
67.0
 30
-68.0
 11
20.4
 21
67.0
 31
-68.0
  0
LINE
  5
A90
330
17
100
AcDbEntity
  8
0
100
AcDbLine
 10
15.299999999999997
 20
67.0
 30
-68.0
 11
15.299999999999997
 21
67.0
 31
-93.0
  0
LINE
  5
A91
330
17
100
AcDbEntity
  8
0
100
AcDbLine
 10
15.299999999999997
 20
67.0
 30
-93.0
 11
20.4
 21
67.0
 31
-93.0
  0
LINE
  5
A92
330
17
100
AcDbEntity
  8
0
100
AcDbLine
 10
20.4
 20
67.0
 30
-68.0
 11
20.4
 21
67.0
 31
-93.0
  0
LINE
  5
A93
330
17
100
AcDbEntity
  8
0
100
AcDbLine
 10
15.299999999999997
 20
72.0
 30
-68.0
 11
20.4
 21
72.0
 31
-68.0
  0
LINE
  5
A94
330
17
100
AcDbEntity
  8
0
100
AcDbLine
 10
15.299999999999997
 20
72.0
 30
-68.0
 11
15.299999999999997
 21
67.0
 31
-68.0
  0
LINE
  5
A95
330
17
100
AcDbEntity
  8
0
100
AcDbLine
 10
15.299999999999997
 20
67.0
 30
-68.0
 11
20.4
 21
67.0
 31
-68.0
  0
LINE
  5
A96
330
17
100
AcDbEntity
  8
0
100
AcDbLine
 10
20.4
 20
72.0
 30
-68.0
 11
20.4
 21
67.0
 31
-68.0
  0
LINE
  5
A97
330
17
100
AcDbEntity
  8
0
100
AcDbLine
 10
15.299999999999997
 20
72.0
 30
-46.0
 11
20.4
 21
72.0
 31
-46.0
  0
LINE
  5
A98
330
17
100
AcDbEntity
  8
0
100
AcDbLine
 10
15.299999999999997
 20
72.0
 30
-46.0
 11
15.299999999999997
 21
72.0
 31
-68.0
  0
LINE
  5
A99
330
17
100
AcDbEntity
  8
0
100
AcDbLine
 10
15.299999999999997
 20
72.0
 30
-68.0
 11
20.4
 21
72.0
 31
-68.0
  0
LINE
  5
A9A
330
17
100
AcDbEntity
  8
0
100
AcDbLine
 10
20.4
 20
72.0
 30
-46.0
 11
20.4
 21
72.0
 31
-68.0
  0
LINE
  5
A9B
330
17
100
AcDbEntity
  8
0
100
AcDbLine
 10
15.299999999999997
 20
122.0
 30
-46.0
 11
20.4
 21
122.0
 31
-46.0
  0
LINE
  5
A9C
330
17
100
AcDbEntity
  8
0
100
AcDbLine
 10
15.299999999999997
 20
122.0
 30
-46.0
 11
15.299999999999997
 21
72.0
 31
-46.0
  0
LINE
  5
A9D
330
17
100
AcDbEntity
  8
0
100
AcDbLine
 10
15.299999999999997
 20
72.0
 30
-46.0
 11
20.4
 21
72.0
 31
-46.0
  0
LINE
  5
A9E
330
17
100
AcDbEntity
  8
0
100
AcDbLine
 10
20.4
 20
122.0
 30
-46.0
 11
20.4
 21
72.0
 31
-46.0
  0
CIRCLE
  5
A9F
330
17
100
AcDbEntity
  8
0
100
AcDbCircle
 10
17.849999999999998
 20
117.0
 30
-46.0
 40
1.5
  0
CIRCLE
  5
AA0
330
17
100
AcDbEntity
  8
0
100
AcDbCircle
 10
17.849999999999998
 20
77.0
 30
-46.0
 40
1.5
  0
LINE
  5
AA1
330
17
100
AcDbEntity
  8
0
100
AcDbLine
 10
15.299999999999997
 20
122.0
 30
-68.0
 11
20.4
 21
122.0
 31
-68.0
  0
LINE
  5
AA2
330
17
100
AcDbEntity
  8
0
100
AcDbLine
 10
15.299999999999997
 20
122.0
 30
-68.0
 11
15.299999999999997
 21
122.0
 31
-46.0
  0
LINE
  5
AA3
330
17
100
AcDbEntity
  8
0
100
AcDbLine
 10
15.299999999999997
 20
122.0
 30
-46.0
 11
20.4
 21
122.0
 31
-46.0
  0
LINE
  5
AA4
330
17
100
AcDbEntity
  8
0
100
AcDbLine
 10
20.4
 20
122.0
 30
-68.0
 11
20.4
 21
122.0
 31
-46.0
  0
LINE
  5
AA5
330
17
100
AcDbEntity
  8
0
100
AcDbLine
 10
15.299999999999997
 20
127.0
 30
-68.0
 11
20.4
 21
127.0
 31
-68.0
  0
LINE
  5
AA6
330
17
100
AcDbEntity
  8
0
100
AcDbLine
 10
15.299999999999997
 20
127.0
 30
-68.0
 11
15.299999999999997
 21
122.0
 31
-68.0
  0
LINE
  5
AA7
330
17
100
AcDbEntity
  8
0
100
AcDbLine
 10
15.299999999999997
 20
122.0
 30
-68.0
 11
20.4
 21
122.0
 31
-68.0
  0
LINE
  5
AA8
330
17
100
AcDbEntity
  8
0
100
AcDbLine
 10
20.4
 20
127.0
 30
-68.0
 11
20.4
 21
122.0
 31
-68.0
  0
LINE
  5
AA9
330
17
100
AcDbEntity
  8
0
100
AcDbLine
 10
15.299999999999997
 20
127.0
 30
-93.0
 11
20.4
 21
127.0
 31
-93.0
  0
LINE
  5
AAA
330
17
100
AcDbEntity
  8
0
100
AcDbLine
 10
15.299999999999997
 20
127.0
 30
-93.0
 11
15.299999999999997
 21
127.0
 31
-68.0
  0
LINE
  5
AAB
330
17
100
AcDbEntity
  8
0
100
AcDbLine
 10
15.299999999999997
 20
127.0
 30
-68.0
 11
20.4
 21
127.0
 31
-68.0
  0
LINE
  5
AAC
330
17
100
AcDbEntity
  8
0
100
AcDbLine
 10
20.4
 20
127.0
 30
-93.0
 11
20.4
 21
127.0
 31
-68.0
  0
LINE
  5
AAD
330
17
100
AcDbEntity
  8
0
100
AcDbLine
 10
15.299999999999997
 20
115.0
 30
-93.0
 11
15.299999999999997
 21
127.0
 31
-93.0
  0
LINE
  5
AAE
330
17
100
AcDbEntity
  8
0
100
AcDbLine
 10
15.299999999999997
 20
127.0
 30
-93.0
 11
20.4
 21
127.0
 31
-93.0
  0
LINE
  5
AAF
330
17
100
AcDbEntity
  8
0
100
AcDbLine
 10
20.4
 20
115.0
 30
-93.0
 11
20.4
 21
127.0
 31
-93.0
  0
LINE
  5
AB0
330
17
100
AcDbEntity
  8
0
100
AcDbLine
 10
15.299999999999997
 20
115.0
 30
-93.0
 11
20.4
 21
115.0
 31
-93.0
  0
LINE
  5
AB1
330
17
100
AcDbEntity
  8
0
100
AcDbLine
 10
15.299999999999997
 20
115.0
 30
-93.0
 11
15.299999999999997
 21
115.0
 31
-88.0
  0
LINE
  5
AB2
330
17
100
AcDbEntity
  8
0
100
AcDbLine
 10
15.299999999999997
 20
115.0
 30
-93.0
 11
20.4
 21
115.0
 31
-93.0
  0
LINE
  5
AB3
330
17
100
AcDbEntity
  8
0
100
AcDbLine
 10
20.4
 20
115.0
 30
-93.0
 11
20.4
 21
115.0
 31
-88.0
  0
LINE
  5
AB4
330
17
100
AcDbEntity
  8
0
100
AcDbLine
 10
15.299999999999997
 20
115.0
 30
-88.0
 11
20.4
 21
115.0
 31
-88.0
  0
LINE
  5
AB5
330
17
100
AcDbEntity
  8
0
100
AcDbLine
 10
15.299999999999997
 20
115.0
 30
-88.0
 11
20.4
 21
115.0
 31
-88.0
  0
LINE
  5
AB6
330
17
100
AcDbEntity
  8
0
100
AcDbLine
 10
20.4
 20
115.0
 30
-88.0
 11
20.4
 21
79.0
 31
-88.0
  0
LINE
  5
AB7
330
17
100
AcDbEntity
  8
0
100
AcDbLine
 10
15.299999999999997
 20
79.0
 30
-88.0
 11
20.4
 21
79.0
 31
-88.0
  0
LINE
  5
AB8
330
17
100
AcDbEntity
  8
0
100
AcDbLine
 10
15.299999999999997
 20
115.0
 30
-88.0
 11
15.299999999999997
 21
79.0
 31
-88.0
  0
LINE
  5
AB9
330
17
100
AcDbEntity
  8
0
100
AcDbLine
 10
19.349999999999998
 20
117.0
 30
-46.0
 11
19.349999999999998
 21
117.0
 31
-56.0
  0
CIRCLE
  5
ABA
330
17
100
AcDbEntity
  8
0
100
AcDbCircle
 10
17.849999999999998
 20
117.0
 30
-46.0
 40
1.5
  0
LINE
  5
ABB
330
17
100
AcDbEntity
  8
0
100
AcDbLine
 10
19.349999999999998
 20
117.0
 30
-46.0
 11
19.349999999999998
 21
117.0
 31
-56.0
  0
CIRCLE
  5
ABC
330
17
100
AcDbEntity
  8
0
100
AcDbCircle
 10
17.849999999999998
 20
117.0
 30
-56.0
 40
1.5
  0
LINE
  5
ABD
330
17
100
AcDbEntity
  8
0
100
AcDbLine
 10
19.349999999999998
 20
77.0
 30
-46.0
 11
19.349999999999998
 21
77.0
 31
-56.0
  0
CIRCLE
  5
ABE
330
17
100
AcDbEntity
  8
0
100
AcDbCircle
 10
17.849999999999998
 20
77.0
 30
-46.0
 40
1.5
  0
LINE
  5
ABF
330
17
100
AcDbEntity
  8
0
100
AcDbLine
 10
19.349999999999998
 20
77.0
 30
-46.0
 11
19.349999999999998
 21
77.0
 31
-56.0
  0
CIRCLE
  5
AC0
330
17
100
AcDbEntity
  8
0
100
AcDbCircle
 10
17.849999999999998
 20
77.0
 30
-56.0
 40
1.5
  0
CIRCLE
  5
AC1
330
17
100
AcDbEntity
  8
0
100
AcDbCircle
 10
17.849999999999998
 20
117.0
 30
-56.0
 40
1.5
  0
CIRCLE
  5
AC2
330
17
100
AcDbEntity
  8
0
100
AcDbCircle
 10
17.849999999999998
 20
77.0
 30
-56.0
 40
1.5
  0
LINE
  5
AC3
330
17
100
AcDbEntity
  8
0
100
AcDbLine
 10
20.4
 20
67.0
 30
-93.0
 11
20.4
 21
79.0
 31
-93.0
  0
LINE
  5
AC4
330
17
100
AcDbEntity
  8
0
100
AcDbLine
 10
25.5
 20
79.0
 30
-93.0
 11
20.4
 21
79.0
 31
-93.0
  0
LINE
  5
AC5
330
17
100
AcDbEntity
  8
0
100
AcDbLine
 10
25.5
 20
67.0
 30
-93.0
 11
25.5
 21
79.0
 31
-93.0
  0
LINE
  5
AC6
330
17
100
AcDbEntity
  8
0
100
AcDbLine
 10
20.4
 20
67.0
 30
-93.0
 11
25.5
 21
67.0
 31
-93.0
  0
LINE
  5
AC7
330
17
100
AcDbEntity
  8
0
100
AcDbLine
 10
20.4
 20
67.0
 30
-68.0
 11
20.4
 21
67.0
 31
-93.0
  0
LINE
  5
AC8
330
17
100
AcDbEntity
  8
0
100
AcDbLine
 10
20.4
 20
72.0
 30
-68.0
 11
20.4
 21
67.0
 31
-68.0
  0
LINE
  5
AC9
330
17
100
AcDbEntity
  8
0
100
AcDbLine
 10
20.4
 20
72.0
 30
-46.0
 11
20.4
 21
72.0
 31
-68.0
  0
LINE
  5
ACA
330
17
100
AcDbEntity
  8
0
100
AcDbLine
 10
20.4
 20
122.0
 30
-46.0
 11
20.4
 21
72.0
 31
-46.0
  0
LINE
  5
ACB
330
17
100
AcDbEntity
  8
0
100
AcDbLine
 10
20.4
 20
122.0
 30
-68.0
 11
20.4
 21
122.0
 31
-46.0
  0
LINE
  5
ACC
330
17
100
AcDbEntity
  8
0
100
AcDbLine
 10
20.4
 20
127.0
 30
-68.0
 11
20.4
 21
122.0
 31
-68.0
  0
LINE
  5
ACD
330
17
100
AcDbEntity
  8
0
100
AcDbLine
 10
20.4
 20
127.0
 30
-93.0
 11
20.4
 21
127.0
 31
-68.0
  0
LINE
  5
ACE
330
17
100
AcDbEntity
  8
0
100
AcDbLine
 10
20.4
 20
115.0
 30
-93.0
 11
20.4
 21
127.0
 31
-93.0
  0
LINE
  5
ACF
330
17
100
AcDbEntity
  8
0
100
AcDbLine
 10
20.4
 20
115.0
 30
-93.0
 11
20.4
 21
115.0
 31
-88.0
  0
LINE
  5
AD0
330
17
100
AcDbEntity
  8
0
100
AcDbLine
 10
20.4
 20
115.0
 30
-88.0
 11
20.4
 21
79.0
 31
-88.0
  0
LINE
  5
AD1
330
17
100
AcDbEntity
  8
0
100
AcDbLine
 10
20.4
 20
79.0
 30
-88.0
 11
20.4
 21
79.0
 31
-93.0
  0
LINE
  5
AD2
330
17
100
AcDbEntity
  8
0
100
AcDbLine
 10
20.4
 20
67.0
 30
-93.0
 11
20.4
 21
79.0
 31
-93.0
  0
LINE
  5
AD3
330
17
100
AcDbEntity
  8
0
100
AcDbLine
 10
20.4
 20
79.0
 30
-88.0
 11
20.4
 21
79.0
 31
-93.0
  0
LINE
  5
AD4
330
17
100
AcDbEntity
  8
0
100
AcDbLine
 10
20.4
 20
79.0
 30
-88.0
 11
25.5
 21
79.0
 31
-88.0
  0
LINE
  5
AD5
330
17
100
AcDbEntity
  8
0
100
AcDbLine
 10
25.5
 20
79.0
 30
-88.0
 11
25.5
 21
79.0
 31
-93.0
  0
LINE
  5
AD6
330
17
100
AcDbEntity
  8
0
100
AcDbLine
 10
25.5
 20
79.0
 30
-93.0
 11
20.4
 21
79.0
 31
-93.0
  0
LINE
  5
AD7
330
17
100
AcDbEntity
  8
0
100
AcDbLine
 10
25.5
 20
67.0
 30
-68.0
 11
25.5
 21
67.0
 31
-93.0
  0
LINE
  5
AD8
330
17
100
AcDbEntity
  8
0
100
AcDbLine
 10
25.5
 20
67.0
 30
-93.0
 11
25.5
 21
79.0
 31
-93.0
  0
LINE
  5
AD9
330
17
100
AcDbEntity
  8
0
100
AcDbLine
 10
25.5
 20
79.0
 30
-88.0
 11
25.5
 21
79.0
 31
-93.0
  0
LINE
  5
ADA
330
17
100
AcDbEntity
  8
0
100
AcDbLine
 10
25.5
 20
115.0
 30
-88.0
 11
25.5
 21
79.0
 31
-88.0
  0
LINE
  5
ADB
330
17
100
AcDbEntity
  8
0
100
AcDbLine
 10
25.5
 20
115.0
 30
-93.0
 11
25.5
 21
115.0
 31
-88.0
  0
LINE
  5
ADC
330
17
100
AcDbEntity
  8
0
100
AcDbLine
 10
25.5
 20
115.0
 30
-93.0
 11
25.5
 21
127.0
 31
-93.0
  0
LINE
  5
ADD
330
17
100
AcDbEntity
  8
0
100
AcDbLine
 10
25.5
 20
127.0
 30
-93.0
 11
25.5
 21
127.0
 31
-68.0
  0
LINE
  5
ADE
330
17
100
AcDbEntity
  8
0
100
AcDbLine
 10
25.5
 20
127.0
 30
-68.0
 11
25.5
 21
122.0
 31
-68.0
  0
LINE
  5
ADF
330
17
100
AcDbEntity
  8
0
100
AcDbLine
 10
25.5
 20
122.0
 30
-68.0
 11
25.5
 21
122.0
 31
-46.0
  0
LINE
  5
AE0
330
17
100
AcDbEntity
  8
0
100
AcDbLine
 10
25.5
 20
122.0
 30
-46.0
 11
25.5
 21
72.0
 31
-46.0
  0
LINE
  5
AE1
330
17
100
AcDbEntity
  8
0
100
AcDbLine
 10
25.5
 20
72.0
 30
-46.0
 11
25.5
 21
72.0
 31
-68.0
  0
LINE
  5
AE2
330
17
100
AcDbEntity
  8
0
100
AcDbLine
 10
25.5
 20
72.0
 30
-68.0
 11
25.5
 21
67.0
 31
-68.0
  0
LINE
  5
AE3
330
17
100
AcDbEntity
  8
0
100
AcDbLine
 10
20.4
 20
67.0
 30
-68.0
 11
25.5
 21
67.0
 31
-68.0
  0
LINE
  5
AE4
330
17
100
AcDbEntity
  8
0
100
AcDbLine
 10
20.4
 20
67.0
 30
-68.0
 11
20.4
 21
67.0
 31
-93.0
  0
LINE
  5
AE5
330
17
100
AcDbEntity
  8
0
100
AcDbLine
 10
20.4
 20
67.0
 30
-93.0
 11
25.5
 21
67.0
 31
-93.0
  0
LINE
  5
AE6
330
17
100
AcDbEntity
  8
0
100
AcDbLine
 10
25.5
 20
67.0
 30
-68.0
 11
25.5
 21
67.0
 31
-93.0
  0
LINE
  5
AE7
330
17
100
AcDbEntity
  8
0
100
AcDbLine
 10
20.4
 20
72.0
 30
-68.0
 11
25.5
 21
72.0
 31
-68.0
  0
LINE
  5
AE8
330
17
100
AcDbEntity
  8
0
100
AcDbLine
 10
20.4
 20
72.0
 30
-68.0
 11
20.4
 21
67.0
 31
-68.0
  0
LINE
  5
AE9
330
17
100
AcDbEntity
  8
0
100
AcDbLine
 10
20.4
 20
67.0
 30
-68.0
 11
25.5
 21
67.0
 31
-68.0
  0
LINE
  5
AEA
330
17
100
AcDbEntity
  8
0
100
AcDbLine
 10
25.5
 20
72.0
 30
-68.0
 11
25.5
 21
67.0
 31
-68.0
  0
LINE
  5
AEB
330
17
100
AcDbEntity
  8
0
100
AcDbLine
 10
20.4
 20
72.0
 30
-46.0
 11
25.5
 21
72.0
 31
-46.0
  0
LINE
  5
AEC
330
17
100
AcDbEntity
  8
0
100
AcDbLine
 10
20.4
 20
72.0
 30
-46.0
 11
20.4
 21
72.0
 31
-68.0
  0
LINE
  5
AED
330
17
100
AcDbEntity
  8
0
100
AcDbLine
 10
20.4
 20
72.0
 30
-68.0
 11
25.5
 21
72.0
 31
-68.0
  0
LINE
  5
AEE
330
17
100
AcDbEntity
  8
0
100
AcDbLine
 10
25.5
 20
72.0
 30
-46.0
 11
25.5
 21
72.0
 31
-68.0
  0
LINE
  5
AEF
330
17
100
AcDbEntity
  8
0
100
AcDbLine
 10
20.4
 20
122.0
 30
-46.0
 11
25.5
 21
122.0
 31
-46.0
  0
LINE
  5
AF0
330
17
100
AcDbEntity
  8
0
100
AcDbLine
 10
20.4
 20
122.0
 30
-46.0
 11
20.4
 21
72.0
 31
-46.0
  0
LINE
  5
AF1
330
17
100
AcDbEntity
  8
0
100
AcDbLine
 10
20.4
 20
72.0
 30
-46.0
 11
25.5
 21
72.0
 31
-46.0
  0
LINE
  5
AF2
330
17
100
AcDbEntity
  8
0
100
AcDbLine
 10
25.5
 20
122.0
 30
-46.0
 11
25.5
 21
72.0
 31
-46.0
  0
CIRCLE
  5
AF3
330
17
100
AcDbEntity
  8
0
100
AcDbCircle
 10
22.95
 20
117.0
 30
-46.0
 40
1.5
  0
CIRCLE
  5
AF4
330
17
100
AcDbEntity
  8
0
100
AcDbCircle
 10
22.95
 20
77.0
 30
-46.0
 40
1.5
  0
LINE
  5
AF5
330
17
100
AcDbEntity
  8
0
100
AcDbLine
 10
20.4
 20
122.0
 30
-68.0
 11
25.5
 21
122.0
 31
-68.0
  0
LINE
  5
AF6
330
17
100
AcDbEntity
  8
0
100
AcDbLine
 10
20.4
 20
122.0
 30
-68.0
 11
20.4
 21
122.0
 31
-46.0
  0
LINE
  5
AF7
330
17
100
AcDbEntity
  8
0
100
AcDbLine
 10
20.4
 20
122.0
 30
-46.0
 11
25.5
 21
122.0
 31
-46.0
  0
LINE
  5
AF8
330
17
100
AcDbEntity
  8
0
100
AcDbLine
 10
25.5
 20
122.0
 30
-68.0
 11
25.5
 21
122.0
 31
-46.0
  0
LINE
  5
AF9
330
17
100
AcDbEntity
  8
0
100
AcDbLine
 10
20.4
 20
127.0
 30
-68.0
 11
25.5
 21
127.0
 31
-68.0
  0
LINE
  5
AFA
330
17
100
AcDbEntity
  8
0
100
AcDbLine
 10
20.4
 20
127.0
 30
-68.0
 11
20.4
 21
122.0
 31
-68.0
  0
LINE
  5
AFB
330
17
100
AcDbEntity
  8
0
100
AcDbLine
 10
20.4
 20
122.0
 30
-68.0
 11
25.5
 21
122.0
 31
-68.0
  0
LINE
  5
AFC
330
17
100
AcDbEntity
  8
0
100
AcDbLine
 10
25.5
 20
127.0
 30
-68.0
 11
25.5
 21
122.0
 31
-68.0
  0
LINE
  5
AFD
330
17
100
AcDbEntity
  8
0
100
AcDbLine
 10
20.4
 20
127.0
 30
-93.0
 11
25.5
 21
127.0
 31
-93.0
  0
LINE
  5
AFE
330
17
100
AcDbEntity
  8
0
100
AcDbLine
 10
20.4
 20
127.0
 30
-93.0
 11
20.4
 21
127.0
 31
-68.0
  0
LINE
  5
AFF
330
17
100
AcDbEntity
  8
0
100
AcDbLine
 10
20.4
 20
127.0
 30
-68.0
 11
25.5
 21
127.0
 31
-68.0
  0
LINE
  5
B00
330
17
100
AcDbEntity
  8
0
100
AcDbLine
 10
25.5
 20
127.0
 30
-93.0
 11
25.5
 21
127.0
 31
-68.0
  0
LINE
  5
B01
330
17
100
AcDbEntity
  8
0
100
AcDbLine
 10
20.4
 20
115.0
 30
-93.0
 11
20.4
 21
127.0
 31
-93.0
  0
LINE
  5
B02
330
17
100
AcDbEntity
  8
0
100
AcDbLine
 10
20.4
 20
127.0
 30
-93.0
 11
25.5
 21
127.0
 31
-93.0
  0
LINE
  5
B03
330
17
100
AcDbEntity
  8
0
100
AcDbLine
 10
25.5
 20
115.0
 30
-93.0
 11
25.5
 21
127.0
 31
-93.0
  0
LINE
  5
B04
330
17
100
AcDbEntity
  8
0
100
AcDbLine
 10
20.4
 20
115.0
 30
-93.0
 11
25.5
 21
115.0
 31
-93.0
  0
LINE
  5
B05
330
17
100
AcDbEntity
  8
0
100
AcDbLine
 10
20.4
 20
115.0
 30
-93.0
 11
20.4
 21
115.0
 31
-88.0
  0
LINE
  5
B06
330
17
100
AcDbEntity
  8
0
100
AcDbLine
 10
20.4
 20
115.0
 30
-93.0
 11
25.5
 21
115.0
 31
-93.0
  0
LINE
  5
B07
330
17
100
AcDbEntity
  8
0
100
AcDbLine
 10
25.5
 20
115.0
 30
-93.0
 11
25.5
 21
115.0
 31
-88.0
  0
LINE
  5
B08
330
17
100
AcDbEntity
  8
0
100
AcDbLine
 10
20.4
 20
115.0
 30
-88.0
 11
25.5
 21
115.0
 31
-88.0
  0
LINE
  5
B09
330
17
100
AcDbEntity
  8
0
100
AcDbLine
 10
20.4
 20
115.0
 30
-88.0
 11
25.5
 21
115.0
 31
-88.0
  0
LINE
  5
B0A
330
17
100
AcDbEntity
  8
0
100
AcDbLine
 10
25.5
 20
115.0
 30
-88.0
 11
25.5
 21
79.0
 31
-88.0
  0
LINE
  5
B0B
330
17
100
AcDbEntity
  8
0
100
AcDbLine
 10
20.4
 20
79.0
 30
-88.0
 11
25.5
 21
79.0
 31
-88.0
  0
LINE
  5
B0C
330
17
100
AcDbEntity
  8
0
100
AcDbLine
 10
20.4
 20
115.0
 30
-88.0
 11
20.4
 21
79.0
 31
-88.0
  0
LINE
  5
B0D
330
17
100
AcDbEntity
  8
0
100
AcDbLine
 10
24.45
 20
117.0
 30
-46.0
 11
24.45
 21
117.0
 31
-56.0
  0
CIRCLE
  5
B0E
330
17
100
AcDbEntity
  8
0
100
AcDbCircle
 10
22.95
 20
117.0
 30
-46.0
 40
1.5
  0
LINE
  5
B0F
330
17
100
AcDbEntity
  8
0
100
AcDbLine
 10
24.45
 20
117.0
 30
-46.0
 11
24.45
 21
117.0
 31
-56.0
  0
CIRCLE
  5
B10
330
17
100
AcDbEntity
  8
0
100
AcDbCircle
 10
22.95
 20
117.0
 30
-56.0
 40
1.5
  0
LINE
  5
B11
330
17
100
AcDbEntity
  8
0
100
AcDbLine
 10
24.45
 20
77.0
 30
-46.0
 11
24.45
 21
77.0
 31
-56.0
  0
CIRCLE
  5
B12
330
17
100
AcDbEntity
  8
0
100
AcDbCircle
 10
22.95
 20
77.0
 30
-46.0
 40
1.5
  0
LINE
  5
B13
330
17
100
AcDbEntity
  8
0
100
AcDbLine
 10
24.45
 20
77.0
 30
-46.0
 11
24.45
 21
77.0
 31
-56.0
  0
CIRCLE
  5
B14
330
17
100
AcDbEntity
  8
0
100
AcDbCircle
 10
22.95
 20
77.0
 30
-56.0
 40
1.5
  0
CIRCLE
  5
B15
330
17
100
AcDbEntity
  8
0
100
AcDbCircle
 10
22.95
 20
117.0
 30
-56.0
 40
1.5
  0
CIRCLE
  5
B16
330
17
100
AcDbEntity
  8
0
100
AcDbCircle
 10
22.95
 20
77.0
 30
-56.0
 40
1.5
  0
LINE
  5
B17
330
17
100
AcDbEntity
  8
0
100
AcDbLine
 10
-104.4
 20
-181.0
 30
1.4432899320127035e-15
 11
-104.4
 21
-171.0
 31
2.55351295663786e-15
  0
LINE
  5
B18
330
17
100
AcDbEntity
  8
0
100
AcDbLine
 10
-104.4
 20
-181.0
 30
1.4432899320127035e-15
 11
-110.4
 21
-181.0
 31
-10.392304845413262
  0
LINE
  5
B19
330
17
100
AcDbEntity
  8
0
100
AcDbLine
 10
-110.4
 20
-181.0
 30
-10.392304845413262
 11
-110.4
 21
-171.0
 31
-10.39230484541326
  0
LINE
  5
B1A
330
17
100
AcDbEntity
  8
0
100
AcDbLine
 10
-104.4
 20
-171.0
 30
2.55351295663786e-15
 11
-110.4
 21
-171.0
 31
-10.392304845413262
  0
LINE
  5
B1B
330
17
100
AcDbEntity
  8
0
100
AcDbLine
 10
-110.40000000000002
 20
-181.0
 30
10.39230484541327
 11
-110.40000000000002
 21
-171.0
 31
10.392304845413271
  0
LINE
  5
B1C
330
17
100
AcDbEntity
  8
0
100
AcDbLine
 10
-110.40000000000002
 20
-181.0
 30
10.39230484541327
 11
-104.4
 21
-181.0
 31
1.396035971023661e-15
  0
LINE
  5
B1D
330
17
100
AcDbEntity
  8
0
100
AcDbLine
 10
-104.4
 20
-181.0
 30
1.4432899320127035e-15
 11
-104.4
 21
-171.0
 31
2.55351295663786e-15
  0
LINE
  5
B1E
330
17
100
AcDbEntity
  8
0
100
AcDbLine
 10
-110.40000000000002
 20
-171.0
 30
10.39230484541327
 11
-104.4
 21
-171.0
 31
1.396035971023661e-15
  0
LINE
  5
B1F
330
17
100
AcDbEntity
  8
0
100
AcDbLine
 10
-110.4
 20
-181.0
 30
-10.392304845413262
 11
-110.4
 21
-171.0
 31
-10.39230484541326
  0
LINE
  5
B20
330
17
100
AcDbEntity
  8
0
100
AcDbLine
 10
-110.4
 20
-181.0
 30
-10.392304845413262
 11
-122.4
 21
-181.0
 31
-10.392304845413262
  0
LINE
  5
B21
330
17
100
AcDbEntity
  8
0
100
AcDbLine
 10
-122.4
 20
-181.0
 30
-10.392304845413262
 11
-122.4
 21
-171.0
 31
-10.39230484541326
  0
LINE
  5
B22
330
17
100
AcDbEntity
  8
0
100
AcDbLine
 10
-110.4
 20
-171.0
 30
-10.392304845413262
 11
-122.4
 21
-171.0
 31
-10.392304845413262
  0
LINE
  5
B23
330
17
100
AcDbEntity
  8
0
100
AcDbLine
 10
-104.4
 20
-181.0
 30
1.4432899320127035e-15
 11
-110.4
 21
-181.0
 31
-10.392304845413262
  0
LINE
  5
B24
330
17
100
AcDbEntity
  8
0
100
AcDbLine
 10
-110.40000000000002
 20
-181.0
 30
10.39230484541327
 11
-104.4
 21
-181.0
 31
1.396035971023661e-15
  0
LINE
  5
B25
330
17
100
AcDbEntity
  8
0
100
AcDbLine
 10
-122.4
 20
-181.0
 30
10.392304845413262
 11
-110.4
 21
-181.0
 31
10.39230484541327
  0
LINE
  5
B26
330
17
100
AcDbEntity
  8
0
100
AcDbLine
 10
-128.4
 20
-181.0
 30
-2.6286226964120247e-17
 11
-122.4
 21
-181.0
 31
10.392304845413262
  0
LINE
  5
B27
330
17
100
AcDbEntity
  8
0
100
AcDbLine
 10
-122.4
 20
-181.0
 30
-10.392304845413262
 11
-128.4
 21
-181.0
 31
8.881784197001252e-16
  0
LINE
  5
B28
330
17
100
AcDbEntity
  8
0
100
AcDbLine
 10
-110.4
 20
-181.0
 30
-10.392304845413262
 11
-122.4
 21
-181.0
 31
-10.392304845413262
  0
CIRCLE
  5
B29
330
17
100
AcDbEntity
  8
0
100
AcDbCircle
 10
-116.4
 20
-181.0
 30
1.4432899320127035e-15
 40
10.0
  0
LINE
  5
B2A
330
17
100
AcDbEntity
  8
0
100
AcDbLine
 10
-104.4
 20
-171.0
 30
2.55351295663786e-15
 11
-110.4
 21
-171.0
 31
-10.392304845413262
  0
LINE
  5
B2B
330
17
100
AcDbEntity
  8
0
100
AcDbLine
 10
-110.4
 20
-171.0
 30
-10.392304845413262
 11
-122.4
 21
-171.0
 31
-10.392304845413262
  0
LINE
  5
B2C
330
17
100
AcDbEntity
  8
0
100
AcDbLine
 10
-122.4
 20
-171.0
 30
-10.392304845413262
 11
-128.4
 21
-171.0
 31
8.881784197001252e-16
  0
LINE
  5
B2D
330
17
100
AcDbEntity
  8
0
100
AcDbLine
 10
-128.4
 20
-171.0
 30
1.0839367976610363e-15
 11
-122.4
 21
-171.0
 31
10.392304845413264
  0
LINE
  5
B2E
330
17
100
AcDbEntity
  8
0
100
AcDbLine
 10
-122.4
 20
-171.0
 30
10.392304845413262
 11
-110.4
 21
-171.0
 31
10.39230484541327
  0
LINE
  5
B2F
330
17
100
AcDbEntity
  8
0
100
AcDbLine
 10
-110.40000000000002
 20
-171.0
 30
10.39230484541327
 11
-104.4
 21
-171.0
 31
1.396035971023661e-15
  0
LINE
  5
B30
330
17
100
AcDbEntity
  8
0
100
AcDbLine
 10
-105.4
 20
-171.0
 30
2.55351295663786e-15
 11
-110.9
 21
-171.0
 31
-9.526279441628823
  0
LINE
  5
B31
330
17
100
AcDbEntity
  8
0
100
AcDbLine
 10
-110.9
 20
-171.0
 30
9.526279441628832
 11
-105.39999999999999
 21
-171.0
 31
2.395236693186302e-15
  0
LINE
  5
B32
330
17
100
AcDbEntity
  8
0
100
AcDbLine
 10
-121.9
 20
-171.0
 30
9.526279441628825
 11
-110.9
 21
-171.0
 31
9.526279441628832
  0
LINE
  5
B33
330
17
100
AcDbEntity
  8
0
100
AcDbLine
 10
-127.4
 20
-171.0
 30
1.2064014775757714e-15
 11
-121.9
 21
-171.0
 31
9.526279441628827
  0
LINE
  5
B34
330
17
100
AcDbEntity
  8
0
100
AcDbLine
 10
-121.9
 20
-171.0
 30
-9.526279441628825
 11
-127.4
 21
-171.0
 31
1.3163255441818197e-15
  0
LINE
  5
B35
330
17
100
AcDbEntity
  8
0
100
AcDbLine
 10
-110.9
 20
-171.0
 30
-9.526279441628823
 11
-121.9
 21
-171.0
 31
-9.526279441628825
  0
LINE
  5
B36
330
17
100
AcDbEntity
  8
0
100
AcDbLine
 10
-122.4
 20
-181.0
 30
10.392304845413262
 11
-122.4
 21
-171.0
 31
10.392304845413264
  0
LINE
  5
B37
330
17
100
AcDbEntity
  8
0
100
AcDbLine
 10
-122.4
 20
-181.0
 30
10.392304845413262
 11
-110.4
 21
-181.0
 31
10.39230484541327
  0
LINE
  5
B38
330
17
100
AcDbEntity
  8
0
100
AcDbLine
 10
-110.40000000000002
 20
-181.0
 30
10.39230484541327
 11
-110.40000000000002
 21
-171.0
 31
10.392304845413271
  0
LINE
  5
B39
330
17
100
AcDbEntity
  8
0
100
AcDbLine
 10
-122.4
 20
-171.0
 30
10.392304845413262
 11
-110.4
 21
-171.0
 31
10.39230484541327
  0
LINE
  5
B3A
330
17
100
AcDbEntity
  8
0
100
AcDbLine
 10
-122.4
 20
-181.0
 30
-10.392304845413262
 11
-122.4
 21
-171.0
 31
-10.39230484541326
  0
LINE
  5
B3B
330
17
100
AcDbEntity
  8
0
100
AcDbLine
 10
-122.4
 20
-181.0
 30
-10.392304845413262
 11
-128.4
 21
-181.0
 31
8.881784197001252e-16
  0
LINE
  5
B3C
330
17
100
AcDbEntity
  8
0
100
AcDbLine
 10
-128.4
 20
-181.0
 30
-2.6286226964120247e-17
 11
-128.4
 21
-171.0
 31
1.0839367976610363e-15
  0
LINE
  5
B3D
330
17
100
AcDbEntity
  8
0
100
AcDbLine
 10
-122.4
 20
-171.0
 30
-10.392304845413262
 11
-128.4
 21
-171.0
 31
8.881784197001252e-16
  0
LINE
  5
B3E
330
17
100
AcDbEntity
  8
0
100
AcDbLine
 10
-128.4
 20
-181.0
 30
-2.6286226964120247e-17
 11
-128.4
 21
-171.0
 31
1.0839367976610363e-15
  0
LINE
  5
B3F
330
17
100
AcDbEntity
  8
0
100
AcDbLine
 10
-128.4
 20
-181.0
 30
-2.6286226964120247e-17
 11
-122.4
 21
-181.0
 31
10.392304845413262
  0
LINE
  5
B40
330
17
100
AcDbEntity
  8
0
100
AcDbLine
 10
-122.4
 20
-181.0
 30
10.392304845413262
 11
-122.4
 21
-171.0
 31
10.392304845413264
  0
LINE
  5
B41
330
17
100
AcDbEntity
  8
0
100
AcDbLine
 10
-128.4
 20
-171.0
 30
1.0839367976610363e-15
 11
-122.4
 21
-171.0
 31
10.392304845413264
  0
LINE
  5
B42
330
17
100
AcDbEntity
  8
0
100
AcDbLine
 10
-106.4
 20
-189.0
 30
5.551115123125783e-16
 11
-106.4
 21
-181.0
 31
1.4432899320127035e-15
  0
CIRCLE
  5
B43
330
17
100
AcDbEntity
  8
0
100
AcDbCircle
 10
-116.4
 20
-189.0
 30
5.551115123125783e-16
 40
10.0
  0
LINE
  5
B44
330
17
100
AcDbEntity
  8
0
100
AcDbLine
 10
-106.4
 20
-189.0
 30
5.551115123125783e-16
 11
-106.4
 21
-181.0
 31
1.4432899320127035e-15
  0
CIRCLE
  5
B45
330
17
100
AcDbEntity
  8
0
100
AcDbCircle
 10
-116.4
 20
-181.0
 30
1.4432899320127035e-15
 40
10.0
  0
LINE
  5
B46
330
17
100
AcDbEntity
  8
0
100
AcDbLine
 10
-105.4
 20
-171.0
 30
2.55351295663786e-15
 11
-105.4
 21
-163.0
 31
3.4416913763379853e-15
  0
LINE
  5
B47
330
17
100
AcDbEntity
  8
0
100
AcDbLine
 10
-105.4
 20
-171.0
 30
2.55351295663786e-15
 11
-110.9
 21
-171.0
 31
-9.526279441628823
  0
LINE
  5
B48
330
17
100
AcDbEntity
  8
0
100
AcDbLine
 10
-110.9
 20
-171.0
 30
-9.526279441628823
 11
-110.9
 21
-163.0
 31
-9.526279441628823
  0
LINE
  5
B49
330
17
100
AcDbEntity
  8
0
100
AcDbLine
 10
-105.4
 20
-163.0
 30
3.4416913763379853e-15
 11
-110.9
 21
-163.0
 31
-9.526279441628823
  0
LINE
  5
B4A
330
17
100
AcDbEntity
  8
0
100
AcDbLine
 10
-110.9
 20
-171.0
 30
-9.526279441628823
 11
-110.9
 21
-163.0
 31
-9.526279441628823
  0
LINE
  5
B4B
330
17
100
AcDbEntity
  8
0
100
AcDbLine
 10
-110.9
 20
-171.0
 30
-9.526279441628823
 11
-121.9
 21
-171.0
 31
-9.526279441628825
  0
LINE
  5
B4C
330
17
100
AcDbEntity
  8
0
100
AcDbLine
 10
-121.9
 20
-171.0
 30
-9.526279441628825
 11
-121.9
 21
-163.0
 31
-9.526279441628823
  0
LINE
  5
B4D
330
17
100
AcDbEntity
  8
0
100
AcDbLine
 10
-110.9
 20
-163.0
 30
-9.526279441628821
 11
-121.9
 21
-163.0
 31
-9.526279441628823
  0
LINE
  5
B4E
330
17
100
AcDbEntity
  8
0
100
AcDbLine
 10
-121.9
 20
-171.0
 30
-9.526279441628825
 11
-121.9
 21
-163.0
 31
-9.526279441628823
  0
LINE
  5
B4F
330
17
100
AcDbEntity
  8
0
100
AcDbLine
 10
-121.9
 20
-171.0
 30
-9.526279441628825
 11
-127.4
 21
-171.0
 31
1.3163255441818197e-15
  0
LINE
  5
B50
330
17
100
AcDbEntity
  8
0
100
AcDbLine
 10
-127.4
 20
-171.0
 30
1.2064014775757714e-15
 11
-127.4
 21
-163.0
 31
2.0945798972758967e-15
  0
LINE
  5
B51
330
17
100
AcDbEntity
  8
0
100
AcDbLine
 10
-121.9
 20
-163.0
 30
-9.526279441628823
 11
-127.4
 21
-163.0
 31
3.0926823835820702e-15
  0
LINE
  5
B52
330
17
100
AcDbEntity
  8
0
100
AcDbLine
 10
-127.4
 20
-171.0
 30
1.2064014775757714e-15
 11
-127.4
 21
-163.0
 31
2.0945798972758967e-15
  0
LINE
  5
B53
330
17
100
AcDbEntity
  8
0
100
AcDbLine
 10
-127.4
 20
-171.0
 30
1.2064014775757714e-15
 11
-121.9
 21
-171.0
 31
9.526279441628827
  0
LINE
  5
B54
330
17
100
AcDbEntity
  8
0
100
AcDbLine
 10
-121.9
 20
-171.0
 30
9.526279441628825
 11
-121.9
 21
-163.0
 31
9.526279441628827
  0
LINE
  5
B55
330
17
100
AcDbEntity
  8
0
100
AcDbLine
 10
-127.4
 20
-163.0
 30
2.0945798972758967e-15
 11
-121.9
 21
-163.0
 31
9.526279441628828
  0
LINE
  5
B56
330
17
100
AcDbEntity
  8
0
100
AcDbLine
 10
-121.9
 20
-171.0
 30
9.526279441628825
 11
-121.9
 21
-163.0
 31
9.526279441628827
  0
LINE
  5
B57
330
17
100
AcDbEntity
  8
0
100
AcDbLine
 10
-121.9
 20
-171.0
 30
9.526279441628825
 11
-110.9
 21
-171.0
 31
9.526279441628832
  0
LINE
  5
B58
330
17
100
AcDbEntity
  8
0
100
AcDbLine
 10
-110.9
 20
-171.0
 30
9.526279441628832
 11
-110.9
 21
-163.0
 31
9.526279441628834
  0
LINE
  5
B59
330
17
100
AcDbEntity
  8
0
100
AcDbLine
 10
-121.9
 20
-163.0
 30
9.526279441628827
 11
-110.9
 21
-163.0
 31
9.526279441628834
  0
LINE
  5
B5A
330
17
100
AcDbEntity
  8
0
100
AcDbLine
 10
-110.9
 20
-171.0
 30
9.526279441628832
 11
-110.9
 21
-163.0
 31
9.526279441628834
  0
LINE
  5
B5B
330
17
100
AcDbEntity
  8
0
100
AcDbLine
 10
-110.9
 20
-171.0
 30
9.526279441628832
 11
-105.39999999999999
 21
-171.0
 31
2.395236693186302e-15
  0
LINE
  5
B5C
330
17
100
AcDbEntity
  8
0
100
AcDbLine
 10
-105.4
 20
-171.0
 30
2.55351295663786e-15
 11
-105.4
 21
-163.0
 31
3.4416913763379853e-15
  0
LINE
  5
B5D
330
17
100
AcDbEntity
  8
0
100
AcDbLine
 10
-110.9
 20
-163.0
 30
9.526279441628834
 11
-105.39999999999999
 21
-163.0
 31
4.1715935325865524e-15
  0
LINE
  5
B5E
330
17
100
AcDbEntity
  8
0
100
AcDbLine
 10
-104.4
 20
-189.0
 30
5.551115123125783e-16
 11
-110.4
 21
-189.0
 31
-10.392304845413264
  0
LINE
  5
B5F
330
17
100
AcDbEntity
  8
0
100
AcDbLine
 10
-110.4
 20
-189.0
 30
-10.392304845413264
 11
-122.4
 21
-189.0
 31
-10.392304845413264
  0
LINE
  5
B60
330
17
100
AcDbEntity
  8
0
100
AcDbLine
 10
-122.4
 20
-189.0
 30
-10.392304845413264
 11
-128.4
 21
-189.0
 31
-8.881784197001252e-16
  0
LINE
  5
B61
330
17
100
AcDbEntity
  8
0
100
AcDbLine
 10
-128.4
 20
-189.0
 30
-9.144646466642455e-16
 11
-122.4
 21
-189.0
 31
10.392304845413262
  0
LINE
  5
B62
330
17
100
AcDbEntity
  8
0
100
AcDbLine
 10
-122.4
 20
-189.0
 30
10.39230484541326
 11
-110.4
 21
-189.0
 31
10.392304845413268
  0
LINE
  5
B63
330
17
100
AcDbEntity
  8
0
100
AcDbLine
 10
-110.40000000000002
 20
-189.0
 30
10.392304845413268
 11
-104.4
 21
-189.0
 31
-3.803208683765894e-16
  0
CIRCLE
  5
B64
330
17
100
AcDbEntity
  8
0
100
AcDbCircle
 10
-116.4
 20
-189.0
 30
5.551115123125783e-16
 40
10.0
  0
LINE
  5
B65
330
17
100
AcDbEntity
  8
0
100
AcDbLine
 10
-105.4
 20
-163.0
 30
3.4416913763379853e-15
 11
-110.9
 21
-163.0
 31
-9.526279441628823
  0
LINE
  5
B66
330
17
100
AcDbEntity
  8
0
100
AcDbLine
 10
-110.9
 20
-163.0
 30
-9.526279441628821
 11
-121.9
 21
-163.0
 31
-9.526279441628823
  0
LINE
  5
B67
330
17
100
AcDbEntity
  8
0
100
AcDbLine
 10
-121.9
 20
-163.0
 30
-9.526279441628823
 11
-127.4
 21
-163.0
 31
3.0926823835820702e-15
  0
LINE
  5
B68
330
17
100
AcDbEntity
  8
0
100
AcDbLine
 10
-127.4
 20
-163.0
 30
2.0945798972758967e-15
 11
-121.9
 21
-163.0
 31
9.526279441628828
  0
LINE
  5
B69
330
17
100
AcDbEntity
  8
0
100
AcDbLine
 10
-121.9
 20
-163.0
 30
9.526279441628827
 11
-110.9
 21
-163.0
 31
9.526279441628834
  0
LINE
  5
B6A
330
17
100
AcDbEntity
  8
0
100
AcDbLine
 10
-110.9
 20
-163.0
 30
9.526279441628834
 11
-105.39999999999999
 21
-163.0
 31
4.1715935325865524e-15
  0
CIRCLE
  5
B6B
330
17
100
AcDbEntity
  8
0
100
AcDbCircle
 10
-116.4
 20
-163.0
 30
3.552713678800501e-15
 40
6.0
  0
LINE
  5
B6C
330
17
100
AcDbEntity
  8
0
100
AcDbLine
 10
-104.4
 20
-194.0
 30
0.0
 11
-104.4
 21
-189.0
 31
5.551115123125783e-16
  0
LINE
  5
B6D
330
17
100
AcDbEntity
  8
0
100
AcDbLine
 10
-104.4
 20
-194.0
 30
0.0
 11
-110.4
 21
-194.0
 31
-10.392304845413264
  0
LINE
  5
B6E
330
17
100
AcDbEntity
  8
0
100
AcDbLine
 10
-110.4
 20
-194.0
 30
-10.392304845413264
 11
-110.4
 21
-189.0
 31
-10.392304845413264
  0
LINE
  5
B6F
330
17
100
AcDbEntity
  8
0
100
AcDbLine
 10
-104.4
 20
-189.0
 30
5.551115123125783e-16
 11
-110.4
 21
-189.0
 31
-10.392304845413264
  0
LINE
  5
B70
330
17
100
AcDbEntity
  8
0
100
AcDbLine
 10
-110.40000000000002
 20
-194.0
 30
10.392304845413268
 11
-110.40000000000002
 21
-189.0
 31
10.392304845413268
  0
LINE
  5
B71
330
17
100
AcDbEntity
  8
0
100
AcDbLine
 10
-110.40000000000002
 20
-194.0
 30
10.392304845413268
 11
-104.4
 21
-194.0
 31
-3.803208683765894e-16
  0
LINE
  5
B72
330
17
100
AcDbEntity
  8
0
100
AcDbLine
 10
-104.4
 20
-194.0
 30
0.0
 11
-104.4
 21
-189.0
 31
5.551115123125783e-16
  0
LINE
  5
B73
330
17
100
AcDbEntity
  8
0
100
AcDbLine
 10
-110.40000000000002
 20
-189.0
 30
10.392304845413268
 11
-104.4
 21
-189.0
 31
-3.803208683765894e-16
  0
LINE
  5
B74
330
17
100
AcDbEntity
  8
0
100
AcDbLine
 10
-110.4
 20
-194.0
 30
-10.392304845413264
 11
-110.4
 21
-189.0
 31
-10.392304845413264
  0
LINE
  5
B75
330
17
100
AcDbEntity
  8
0
100
AcDbLine
 10
-110.4
 20
-194.0
 30
-10.392304845413264
 11
-122.4
 21
-194.0
 31
-10.392304845413264
  0
LINE
  5
B76
330
17
100
AcDbEntity
  8
0
100
AcDbLine
 10
-122.4
 20
-194.0
 30
-10.392304845413264
 11
-122.4
 21
-189.0
 31
-10.392304845413264
  0
LINE
  5
B77
330
17
100
AcDbEntity
  8
0
100
AcDbLine
 10
-110.4
 20
-189.0
 30
-10.392304845413264
 11
-122.4
 21
-189.0
 31
-10.392304845413264
  0
LINE
  5
B78
330
17
100
AcDbEntity
  8
0
100
AcDbLine
 10
-122.4
 20
-194.0
 30
10.39230484541326
 11
-122.4
 21
-189.0
 31
10.39230484541326
  0
LINE
  5
B79
330
17
100
AcDbEntity
  8
0
100
AcDbLine
 10
-122.4
 20
-194.0
 30
10.39230484541326
 11
-110.4
 21
-194.0
 31
10.392304845413268
  0
LINE
  5
B7A
330
17
100
AcDbEntity
  8
0
100
AcDbLine
 10
-110.40000000000002
 20
-194.0
 30
10.392304845413268
 11
-110.40000000000002
 21
-189.0
 31
10.392304845413268
  0
LINE
  5
B7B
330
17
100
AcDbEntity
  8
0
100
AcDbLine
 10
-122.4
 20
-189.0
 30
10.39230484541326
 11
-110.4
 21
-189.0
 31
10.392304845413268
  0
LINE
  5
B7C
330
17
100
AcDbEntity
  8
0
100
AcDbLine
 10
-122.4
 20
-194.0
 30
-10.392304845413264
 11
-122.4
 21
-189.0
 31
-10.392304845413264
  0
LINE
  5
B7D
330
17
100
AcDbEntity
  8
0
100
AcDbLine
 10
-122.4
 20
-194.0
 30
-10.392304845413264
 11
-128.4
 21
-194.0
 31
-8.881784197001252e-16
  0
LINE
  5
B7E
330
17
100
AcDbEntity
  8
0
100
AcDbLine
 10
-128.4
 20
-194.0
 30
-1.4695761589768238e-15
 11
-128.4
 21
-189.0
 31
-9.144646466642455e-16
  0
LINE
  5
B7F
330
17
100
AcDbEntity
  8
0
100
AcDbLine
 10
-122.4
 20
-189.0
 30
-10.392304845413264
 11
-128.4
 21
-189.0
 31
-8.881784197001252e-16
  0
LINE
  5
B80
330
17
100
AcDbEntity
  8
0
100
AcDbLine
 10
-128.4
 20
-194.0
 30
-1.4695761589768238e-15
 11
-128.4
 21
-189.0
 31
-9.144646466642455e-16
  0
LINE
  5
B81
330
17
100
AcDbEntity
  8
0
100
AcDbLine
 10
-128.4
 20
-194.0
 30
-1.4695761589768238e-15
 11
-122.4
 21
-194.0
 31
10.39230484541326
  0
LINE
  5
B82
330
17
100
AcDbEntity
  8
0
100
AcDbLine
 10
-122.4
 20
-194.0
 30
10.39230484541326
 11
-122.4
 21
-189.0
 31
10.39230484541326
  0
LINE
  5
B83
330
17
100
AcDbEntity
  8
0
100
AcDbLine
 10
-128.4
 20
-189.0
 30
-9.144646466642455e-16
 11
-122.4
 21
-189.0
 31
10.392304845413262
  0
CIRCLE
  5
B84
330
17
100
AcDbEntity
  8
0
100
AcDbCircle
 10
-116.4
 20
-194.0
 30
-3.6163705984513678e-16
 40
6.0
  0
LINE
  5
B85
330
17
100
AcDbEntity
  8
0
100
AcDbLine
 10
-122.4
 20
-163.0
 30
3.552713678800501e-15
 11
-122.4
 21
-194.0
 31
0.0
  0
CIRCLE
  5
B86
330
17
100
AcDbEntity
  8
0
100
AcDbCircle
 10
-116.4
 20
-163.0
 30
3.552713678800501e-15
 40
6.0
  0
LINE
  5
B87
330
17
100
AcDbEntity
  8
0
100
AcDbLine
 10
-122.4
 20
-163.0
 30
3.552713678800501e-15
 11
-122.4
 21
-194.0
 31
0.0
  0
LINE
  5
B88
330
17
100
AcDbEntity
  8
0
100
AcDbLine
 10
-104.4
 20
-194.0
 30
0.0
 11
-110.4
 21
-194.0
 31
-10.392304845413264
  0
LINE
  5
B89
330
17
100
AcDbEntity
  8
0
100
AcDbLine
 10
-110.40000000000002
 20
-194.0
 30
10.392304845413268
 11
-104.4
 21
-194.0
 31
-3.803208683765894e-16
  0
LINE
  5
B8A
330
17
100
AcDbEntity
  8
0
100
AcDbLine
 10
-122.4
 20
-194.0
 30
10.39230484541326
 11
-110.4
 21
-194.0
 31
10.392304845413268
  0
LINE
  5
B8B
330
17
100
AcDbEntity
  8
0
100
AcDbLine
 10
-128.4
 20
-194.0
 30
-1.4695761589768238e-15
 11
-122.4
 21
-194.0
 31
10.39230484541326
  0
LINE
  5
B8C
330
17
100
AcDbEntity
  8
0
100
AcDbLine
 10
-122.4
 20
-194.0
 30
-10.392304845413264
 11
-128.4
 21
-194.0
 31
-8.881784197001252e-16
  0
LINE
  5
B8D
330
17
100
AcDbEntity
  8
0
100
AcDbLine
 10
-110.4
 20
-194.0
 30
-10.392304845413264
 11
-122.4
 21
-194.0
 31
-10.392304845413264
  0
CIRCLE
  5
B8E
330
17
100
AcDbEntity
  8
0
100
AcDbCircle
 10
-116.4
 20
-194.0
 30
-3.6163705984513678e-16
 40
6.0
  0
LINE
  5
B8F
330
17
100
AcDbEntity
  8
0
100
AcDbLine
 10
-26.80000000000001
 20
-181.0
 30
1.4432899320127035e-15
 11
-26.80000000000001
 21
-171.0
 31
2.55351295663786e-15
  0
LINE
  5
B90
330
17
100
AcDbEntity
  8
0
100
AcDbLine
 10
-26.80000000000001
 20
-181.0
 30
1.4432899320127035e-15
 11
-32.80000000000001
 21
-181.0
 31
-10.392304845413262
  0
LINE
  5
B91
330
17
100
AcDbEntity
  8
0
100
AcDbLine
 10
-32.80000000000001
 20
-181.0
 30
-10.392304845413262
 11
-32.80000000000001
 21
-171.0
 31
-10.39230484541326
  0
LINE
  5
B92
330
17
100
AcDbEntity
  8
0
100
AcDbLine
 10
-26.80000000000001
 20
-171.0
 30
2.55351295663786e-15
 11
-32.80000000000001
 21
-171.0
 31
-10.392304845413262
  0
LINE
  5
B93
330
17
100
AcDbEntity
  8
0
100
AcDbLine
 10
-32.80000000000002
 20
-181.0
 30
10.39230484541327
 11
-32.80000000000002
 21
-171.0
 31
10.392304845413271
  0
LINE
  5
B94
330
17
100
AcDbEntity
  8
0
100
AcDbLine
 10
-32.80000000000002
 20
-181.0
 30
10.39230484541327
 11
-26.80000000000001
 21
-181.0
 31
1.396035971023661e-15
  0
LINE
  5
B95
330
17
100
AcDbEntity
  8
0
100
AcDbLine
 10
-26.80000000000001
 20
-181.0
 30
1.4432899320127035e-15
 11
-26.80000000000001
 21
-171.0
 31
2.55351295663786e-15
  0
LINE
  5
B96
330
17
100
AcDbEntity
  8
0
100
AcDbLine
 10
-32.80000000000002
 20
-171.0
 30
10.39230484541327
 11
-26.80000000000001
 21
-171.0
 31
1.396035971023661e-15
  0
LINE
  5
B97
330
17
100
AcDbEntity
  8
0
100
AcDbLine
 10
-32.80000000000001
 20
-181.0
 30
-10.392304845413262
 11
-32.80000000000001
 21
-171.0
 31
-10.39230484541326
  0
LINE
  5
B98
330
17
100
AcDbEntity
  8
0
100
AcDbLine
 10
-32.80000000000001
 20
-181.0
 30
-10.392304845413262
 11
-44.80000000000001
 21
-181.0
 31
-10.392304845413262
  0
LINE
  5
B99
330
17
100
AcDbEntity
  8
0
100
AcDbLine
 10
-44.80000000000001
 20
-181.0
 30
-10.392304845413262
 11
-44.80000000000001
 21
-171.0
 31
-10.39230484541326
  0
LINE
  5
B9A
330
17
100
AcDbEntity
  8
0
100
AcDbLine
 10
-32.80000000000001
 20
-171.0
 30
-10.392304845413262
 11
-44.80000000000001
 21
-171.0
 31
-10.392304845413262
  0
LINE
  5
B9B
330
17
100
AcDbEntity
  8
0
100
AcDbLine
 10
-26.80000000000001
 20
-181.0
 30
1.4432899320127035e-15
 11
-32.80000000000001
 21
-181.0
 31
-10.392304845413262
  0
LINE
  5
B9C
330
17
100
AcDbEntity
  8
0
100
AcDbLine
 10
-32.80000000000002
 20
-181.0
 30
10.39230484541327
 11
-26.80000000000001
 21
-181.0
 31
1.396035971023661e-15
  0
LINE
  5
B9D
330
17
100
AcDbEntity
  8
0
100
AcDbLine
 10
-44.80000000000002
 20
-181.0
 30
10.392304845413262
 11
-32.800000000000026
 21
-181.0
 31
10.39230484541327
  0
LINE
  5
B9E
330
17
100
AcDbEntity
  8
0
100
AcDbLine
 10
-50.80000000000001
 20
-181.0
 30
-2.6286226964120247e-17
 11
-44.80000000000002
 21
-181.0
 31
10.392304845413262
  0
LINE
  5
B9F
330
17
100
AcDbEntity
  8
0
100
AcDbLine
 10
-44.80000000000001
 20
-181.0
 30
-10.392304845413262
 11
-50.80000000000001
 21
-181.0
 31
8.881784197001252e-16
  0
LINE
  5
BA0
330
17
100
AcDbEntity
  8
0
100
AcDbLine
 10
-32.80000000000001
 20
-181.0
 30
-10.392304845413262
 11
-44.80000000000001
 21
-181.0
 31
-10.392304845413262
  0
CIRCLE
  5
BA1
330
17
100
AcDbEntity
  8
0
100
AcDbCircle
 10
-38.80000000000001
 20
-181.0
 30
1.4432899320127035e-15
 40
10.0
  0
LINE
  5
BA2
330
17
100
AcDbEntity
  8
0
100
AcDbLine
 10
-26.80000000000001
 20
-171.0
 30
2.55351295663786e-15
 11
-32.80000000000001
 21
-171.0
 31
-10.392304845413262
  0
LINE
  5
BA3
330
17
100
AcDbEntity
  8
0
100
AcDbLine
 10
-32.80000000000001
 20
-171.0
 30
-10.392304845413262
 11
-44.80000000000001
 21
-171.0
 31
-10.392304845413262
  0
LINE
  5
BA4
330
17
100
AcDbEntity
  8
0
100
AcDbLine
 10
-44.80000000000001
 20
-171.0
 30
-10.392304845413262
 11
-50.80000000000001
 21
-171.0
 31
8.881784197001252e-16
  0
LINE
  5
BA5
330
17
100
AcDbEntity
  8
0
100
AcDbLine
 10
-50.80000000000001
 20
-171.0
 30
1.0839367976610363e-15
 11
-44.80000000000002
 21
-171.0
 31
10.392304845413264
  0
LINE
  5
BA6
330
17
100
AcDbEntity
  8
0
100
AcDbLine
 10
-44.80000000000002
 20
-171.0
 30
10.392304845413262
 11
-32.800000000000026
 21
-171.0
 31
10.39230484541327
  0
LINE
  5
BA7
330
17
100
AcDbEntity
  8
0
100
AcDbLine
 10
-32.80000000000002
 20
-171.0
 30
10.39230484541327
 11
-26.80000000000001
 21
-171.0
 31
1.396035971023661e-15
  0
LINE
  5
BA8
330
17
100
AcDbEntity
  8
0
100
AcDbLine
 10
-27.80000000000001
 20
-171.0
 30
2.55351295663786e-15
 11
-33.30000000000001
 21
-171.0
 31
-9.526279441628823
  0
LINE
  5
BA9
330
17
100
AcDbEntity
  8
0
100
AcDbLine
 10
-33.30000000000002
 20
-171.0
 30
9.526279441628832
 11
-27.80000000000001
 21
-171.0
 31
2.395236693186302e-15
  0
LINE
  5
BAA
330
17
100
AcDbEntity
  8
0
100
AcDbLine
 10
-44.30000000000002
 20
-171.0
 30
9.526279441628825
 11
-33.30000000000002
 21
-171.0
 31
9.526279441628832
  0
LINE
  5
BAB
330
17
100
AcDbEntity
  8
0
100
AcDbLine
 10
-49.80000000000001
 20
-171.0
 30
1.2064014775757714e-15
 11
-44.30000000000002
 21
-171.0
 31
9.526279441628827
  0
LINE
  5
BAC
330
17
100
AcDbEntity
  8
0
100
AcDbLine
 10
-44.30000000000001
 20
-171.0
 30
-9.526279441628825
 11
-49.80000000000001
 21
-171.0
 31
1.3163255441818197e-15
  0
LINE
  5
BAD
330
17
100
AcDbEntity
  8
0
100
AcDbLine
 10
-33.30000000000001
 20
-171.0
 30
-9.526279441628823
 11
-44.30000000000001
 21
-171.0
 31
-9.526279441628825
  0
LINE
  5
BAE
330
17
100
AcDbEntity
  8
0
100
AcDbLine
 10
-44.80000000000002
 20
-181.0
 30
10.392304845413262
 11
-44.80000000000002
 21
-171.0
 31
10.392304845413264
  0
LINE
  5
BAF
330
17
100
AcDbEntity
  8
0
100
AcDbLine
 10
-44.80000000000002
 20
-181.0
 30
10.392304845413262
 11
-32.800000000000026
 21
-181.0
 31
10.39230484541327
  0
LINE
  5
BB0
330
17
100
AcDbEntity
  8
0
100
AcDbLine
 10
-32.80000000000002
 20
-181.0
 30
10.39230484541327
 11
-32.80000000000002
 21
-171.0
 31
10.392304845413271
  0
LINE
  5
BB1
330
17
100
AcDbEntity
  8
0
100
AcDbLine
 10
-44.80000000000002
 20
-171.0
 30
10.392304845413262
 11
-32.800000000000026
 21
-171.0
 31
10.39230484541327
  0
LINE
  5
BB2
330
17
100
AcDbEntity
  8
0
100
AcDbLine
 10
-44.80000000000001
 20
-181.0
 30
-10.392304845413262
 11
-44.80000000000001
 21
-171.0
 31
-10.39230484541326
  0
LINE
  5
BB3
330
17
100
AcDbEntity
  8
0
100
AcDbLine
 10
-44.80000000000001
 20
-181.0
 30
-10.392304845413262
 11
-50.80000000000001
 21
-181.0
 31
8.881784197001252e-16
  0
LINE
  5
BB4
330
17
100
AcDbEntity
  8
0
100
AcDbLine
 10
-50.80000000000001
 20
-181.0
 30
-2.6286226964120247e-17
 11
-50.80000000000001
 21
-171.0
 31
1.0839367976610363e-15
  0
LINE
  5
BB5
330
17
100
AcDbEntity
  8
0
100
AcDbLine
 10
-44.80000000000001
 20
-171.0
 30
-10.392304845413262
 11
-50.80000000000001
 21
-171.0
 31
8.881784197001252e-16
  0
LINE
  5
BB6
330
17
100
AcDbEntity
  8
0
100
AcDbLine
 10
-50.80000000000001
 20
-181.0
 30
-2.6286226964120247e-17
 11
-50.80000000000001
 21
-171.0
 31
1.0839367976610363e-15
  0
LINE
  5
BB7
330
17
100
AcDbEntity
  8
0
100
AcDbLine
 10
-50.80000000000001
 20
-181.0
 30
-2.6286226964120247e-17
 11
-44.80000000000002
 21
-181.0
 31
10.392304845413262
  0
LINE
  5
BB8
330
17
100
AcDbEntity
  8
0
100
AcDbLine
 10
-44.80000000000002
 20
-181.0
 30
10.392304845413262
 11
-44.80000000000002
 21
-171.0
 31
10.392304845413264
  0
LINE
  5
BB9
330
17
100
AcDbEntity
  8
0
100
AcDbLine
 10
-50.80000000000001
 20
-171.0
 30
1.0839367976610363e-15
 11
-44.80000000000002
 21
-171.0
 31
10.392304845413264
  0
LINE
  5
BBA
330
17
100
AcDbEntity
  8
0
100
AcDbLine
 10
-28.80000000000001
 20
-189.0
 30
5.551115123125783e-16
 11
-28.80000000000001
 21
-181.0
 31
1.4432899320127035e-15
  0
CIRCLE
  5
BBB
330
17
100
AcDbEntity
  8
0
100
AcDbCircle
 10
-38.80000000000001
 20
-189.0
 30
5.551115123125783e-16
 40
10.0
  0
LINE
  5
BBC
330
17
100
AcDbEntity
  8
0
100
AcDbLine
 10
-28.80000000000001
 20
-189.0
 30
5.551115123125783e-16
 11
-28.80000000000001
 21
-181.0
 31
1.4432899320127035e-15
  0
CIRCLE
  5
BBD
330
17
100
AcDbEntity
  8
0
100
AcDbCircle
 10
-38.80000000000001
 20
-181.0
 30
1.4432899320127035e-15
 40
10.0
  0
LINE
  5
BBE
330
17
100
AcDbEntity
  8
0
100
AcDbLine
 10
-27.80000000000001
 20
-171.0
 30
2.55351295663786e-15
 11
-27.80000000000001
 21
-163.0
 31
3.4416913763379853e-15
  0
LINE
  5
BBF
330
17
100
AcDbEntity
  8
0
100
AcDbLine
 10
-27.80000000000001
 20
-171.0
 30
2.55351295663786e-15
 11
-33.30000000000001
 21
-171.0
 31
-9.526279441628823
  0
LINE
  5
BC0
330
17
100
AcDbEntity
  8
0
100
AcDbLine
 10
-33.30000000000001
 20
-171.0
 30
-9.526279441628823
 11
-33.30000000000001
 21
-163.0
 31
-9.526279441628823
  0
LINE
  5
BC1
330
17
100
AcDbEntity
  8
0
100
AcDbLine
 10
-27.80000000000001
 20
-163.0
 30
3.4416913763379853e-15
 11
-33.30000000000001
 21
-163.0
 31
-9.526279441628823
  0
LINE
  5
BC2
330
17
100
AcDbEntity
  8
0
100
AcDbLine
 10
-33.30000000000001
 20
-171.0
 30
-9.526279441628823
 11
-33.30000000000001
 21
-163.0
 31
-9.526279441628823
  0
LINE
  5
BC3
330
17
100
AcDbEntity
  8
0
100
AcDbLine
 10
-33.30000000000001
 20
-171.0
 30
-9.526279441628823
 11
-44.30000000000001
 21
-171.0
 31
-9.526279441628825
  0
LINE
  5
BC4
330
17
100
AcDbEntity
  8
0
100
AcDbLine
 10
-44.30000000000001
 20
-171.0
 30
-9.526279441628825
 11
-44.30000000000001
 21
-163.0
 31
-9.526279441628823
  0
LINE
  5
BC5
330
17
100
AcDbEntity
  8
0
100
AcDbLine
 10
-33.30000000000001
 20
-163.0
 30
-9.526279441628821
 11
-44.30000000000001
 21
-163.0
 31
-9.526279441628823
  0
LINE
  5
BC6
330
17
100
AcDbEntity
  8
0
100
AcDbLine
 10
-44.30000000000001
 20
-171.0
 30
-9.526279441628825
 11
-44.30000000000001
 21
-163.0
 31
-9.526279441628823
  0
LINE
  5
BC7
330
17
100
AcDbEntity
  8
0
100
AcDbLine
 10
-44.30000000000001
 20
-171.0
 30
-9.526279441628825
 11
-49.80000000000001
 21
-171.0
 31
1.3163255441818197e-15
  0
LINE
  5
BC8
330
17
100
AcDbEntity
  8
0
100
AcDbLine
 10
-49.80000000000001
 20
-171.0
 30
1.2064014775757714e-15
 11
-49.80000000000001
 21
-163.0
 31
2.0945798972758967e-15
  0
LINE
  5
BC9
330
17
100
AcDbEntity
  8
0
100
AcDbLine
 10
-44.30000000000001
 20
-163.0
 30
-9.526279441628823
 11
-49.80000000000001
 21
-163.0
 31
3.0926823835820702e-15
  0
LINE
  5
BCA
330
17
100
AcDbEntity
  8
0
100
AcDbLine
 10
-49.80000000000001
 20
-171.0
 30
1.2064014775757714e-15
 11
-49.80000000000001
 21
-163.0
 31
2.0945798972758967e-15
  0
LINE
  5
BCB
330
17
100
AcDbEntity
  8
0
100
AcDbLine
 10
-49.80000000000001
 20
-171.0
 30
1.2064014775757714e-15
 11
-44.30000000000002
 21
-171.0
 31
9.526279441628827
  0
LINE
  5
BCC
330
17
100
AcDbEntity
  8
0
100
AcDbLine
 10
-44.30000000000002
 20
-171.0
 30
9.526279441628825
 11
-44.30000000000002
 21
-163.0
 31
9.526279441628827
  0
LINE
  5
BCD
330
17
100
AcDbEntity
  8
0
100
AcDbLine
 10
-49.80000000000001
 20
-163.0
 30
2.0945798972758967e-15
 11
-44.30000000000002
 21
-163.0
 31
9.526279441628828
  0
LINE
  5
BCE
330
17
100
AcDbEntity
  8
0
100
AcDbLine
 10
-44.30000000000002
 20
-171.0
 30
9.526279441628825
 11
-44.30000000000002
 21
-163.0
 31
9.526279441628827
  0
LINE
  5
BCF
330
17
100
AcDbEntity
  8
0
100
AcDbLine
 10
-44.30000000000002
 20
-171.0
 30
9.526279441628825
 11
-33.30000000000002
 21
-171.0
 31
9.526279441628832
  0
LINE
  5
BD0
330
17
100
AcDbEntity
  8
0
100
AcDbLine
 10
-33.30000000000002
 20
-171.0
 30
9.526279441628832
 11
-33.30000000000002
 21
-163.0
 31
9.526279441628834
  0
LINE
  5
BD1
330
17
100
AcDbEntity
  8
0
100
AcDbLine
 10
-44.30000000000002
 20
-163.0
 30
9.526279441628827
 11
-33.30000000000002
 21
-163.0
 31
9.526279441628834
  0
LINE
  5
BD2
330
17
100
AcDbEntity
  8
0
100
AcDbLine
 10
-33.30000000000002
 20
-171.0
 30
9.526279441628832
 11
-33.30000000000002
 21
-163.0
 31
9.526279441628834
  0
LINE
  5
BD3
330
17
100
AcDbEntity
  8
0
100
AcDbLine
 10
-33.30000000000002
 20
-171.0
 30
9.526279441628832
 11
-27.80000000000001
 21
-171.0
 31
2.395236693186302e-15
  0
LINE
  5
BD4
330
17
100
AcDbEntity
  8
0
100
AcDbLine
 10
-27.80000000000001
 20
-171.0
 30
2.55351295663786e-15
 11
-27.80000000000001
 21
-163.0
 31
3.4416913763379853e-15
  0
LINE
  5
BD5
330
17
100
AcDbEntity
  8
0
100
AcDbLine
 10
-33.30000000000002
 20
-163.0
 30
9.526279441628834
 11
-27.80000000000001
 21
-163.0
 31
4.1715935325865524e-15
  0
LINE
  5
BD6
330
17
100
AcDbEntity
  8
0
100
AcDbLine
 10
-26.80000000000001
 20
-189.0
 30
5.551115123125783e-16
 11
-32.80000000000001
 21
-189.0
 31
-10.392304845413264
  0
LINE
  5
BD7
330
17
100
AcDbEntity
  8
0
100
AcDbLine
 10
-32.80000000000001
 20
-189.0
 30
-10.392304845413264
 11
-44.80000000000001
 21
-189.0
 31
-10.392304845413264
  0
LINE
  5
BD8
330
17
100
AcDbEntity
  8
0
100
AcDbLine
 10
-44.80000000000001
 20
-189.0
 30
-10.392304845413264
 11
-50.80000000000001
 21
-189.0
 31
-8.881784197001252e-16
  0
LINE
  5
BD9
330
17
100
AcDbEntity
  8
0
100
AcDbLine
 10
-50.80000000000001
 20
-189.0
 30
-9.144646466642455e-16
 11
-44.80000000000002
 21
-189.0
 31
10.392304845413262
  0
LINE
  5
BDA
330
17
100
AcDbEntity
  8
0
100
AcDbLine
 10
-44.80000000000002
 20
-189.0
 30
10.39230484541326
 11
-32.800000000000026
 21
-189.0
 31
10.392304845413268
  0
LINE
  5
BDB
330
17
100
AcDbEntity
  8
0
100
AcDbLine
 10
-32.80000000000002
 20
-189.0
 30
10.392304845413268
 11
-26.80000000000001
 21
-189.0
 31
-3.803208683765894e-16
  0
CIRCLE
  5
BDC
330
17
100
AcDbEntity
  8
0
100
AcDbCircle
 10
-38.80000000000001
 20
-189.0
 30
5.551115123125783e-16
 40
10.0
  0
LINE
  5
BDD
330
17
100
AcDbEntity
  8
0
100
AcDbLine
 10
-27.80000000000001
 20
-163.0
 30
3.4416913763379853e-15
 11
-33.30000000000001
 21
-163.0
 31
-9.526279441628823
  0
LINE
  5
BDE
330
17
100
AcDbEntity
  8
0
100
AcDbLine
 10
-33.30000000000001
 20
-163.0
 30
-9.526279441628821
 11
-44.30000000000001
 21
-163.0
 31
-9.526279441628823
  0
LINE
  5
BDF
330
17
100
AcDbEntity
  8
0
100
AcDbLine
 10
-44.30000000000001
 20
-163.0
 30
-9.526279441628823
 11
-49.80000000000001
 21
-163.0
 31
3.0926823835820702e-15
  0
LINE
  5
BE0
330
17
100
AcDbEntity
  8
0
100
AcDbLine
 10
-49.80000000000001
 20
-163.0
 30
2.0945798972758967e-15
 11
-44.30000000000002
 21
-163.0
 31
9.526279441628828
  0
LINE
  5
BE1
330
17
100
AcDbEntity
  8
0
100
AcDbLine
 10
-44.30000000000002
 20
-163.0
 30
9.526279441628827
 11
-33.30000000000002
 21
-163.0
 31
9.526279441628834
  0
LINE
  5
BE2
330
17
100
AcDbEntity
  8
0
100
AcDbLine
 10
-33.30000000000002
 20
-163.0
 30
9.526279441628834
 11
-27.80000000000001
 21
-163.0
 31
4.1715935325865524e-15
  0
CIRCLE
  5
BE3
330
17
100
AcDbEntity
  8
0
100
AcDbCircle
 10
-38.80000000000001
 20
-163.0
 30
3.552713678800501e-15
 40
6.0
  0
LINE
  5
BE4
330
17
100
AcDbEntity
  8
0
100
AcDbLine
 10
-26.80000000000001
 20
-194.0
 30
0.0
 11
-26.80000000000001
 21
-189.0
 31
5.551115123125783e-16
  0
LINE
  5
BE5
330
17
100
AcDbEntity
  8
0
100
AcDbLine
 10
-26.80000000000001
 20
-194.0
 30
0.0
 11
-32.80000000000001
 21
-194.0
 31
-10.392304845413264
  0
LINE
  5
BE6
330
17
100
AcDbEntity
  8
0
100
AcDbLine
 10
-32.80000000000001
 20
-194.0
 30
-10.392304845413264
 11
-32.80000000000001
 21
-189.0
 31
-10.392304845413264
  0
LINE
  5
BE7
330
17
100
AcDbEntity
  8
0
100
AcDbLine
 10
-26.80000000000001
 20
-189.0
 30
5.551115123125783e-16
 11
-32.80000000000001
 21
-189.0
 31
-10.392304845413264
  0
LINE
  5
BE8
330
17
100
AcDbEntity
  8
0
100
AcDbLine
 10
-32.80000000000002
 20
-194.0
 30
10.392304845413268
 11
-32.80000000000002
 21
-189.0
 31
10.392304845413268
  0
LINE
  5
BE9
330
17
100
AcDbEntity
  8
0
100
AcDbLine
 10
-32.80000000000002
 20
-194.0
 30
10.392304845413268
 11
-26.80000000000001
 21
-194.0
 31
-3.803208683765894e-16
  0
LINE
  5
BEA
330
17
100
AcDbEntity
  8
0
100
AcDbLine
 10
-26.80000000000001
 20
-194.0
 30
0.0
 11
-26.80000000000001
 21
-189.0
 31
5.551115123125783e-16
  0
LINE
  5
BEB
330
17
100
AcDbEntity
  8
0
100
AcDbLine
 10
-32.80000000000002
 20
-189.0
 30
10.392304845413268
 11
-26.80000000000001
 21
-189.0
 31
-3.803208683765894e-16
  0
LINE
  5
BEC
330
17
100
AcDbEntity
  8
0
100
AcDbLine
 10
-32.80000000000001
 20
-194.0
 30
-10.392304845413264
 11
-32.80000000000001
 21
-189.0
 31
-10.392304845413264
  0
LINE
  5
BED
330
17
100
AcDbEntity
  8
0
100
AcDbLine
 10
-32.80000000000001
 20
-194.0
 30
-10.392304845413264
 11
-44.80000000000001
 21
-194.0
 31
-10.392304845413264
  0
LINE
  5
BEE
330
17
100
AcDbEntity
  8
0
100
AcDbLine
 10
-44.80000000000001
 20
-194.0
 30
-10.392304845413264
 11
-44.80000000000001
 21
-189.0
 31
-10.392304845413264
  0
LINE
  5
BEF
330
17
100
AcDbEntity
  8
0
100
AcDbLine
 10
-32.80000000000001
 20
-189.0
 30
-10.392304845413264
 11
-44.80000000000001
 21
-189.0
 31
-10.392304845413264
  0
LINE
  5
BF0
330
17
100
AcDbEntity
  8
0
100
AcDbLine
 10
-44.80000000000002
 20
-194.0
 30
10.39230484541326
 11
-44.80000000000002
 21
-189.0
 31
10.39230484541326
  0
LINE
  5
BF1
330
17
100
AcDbEntity
  8
0
100
AcDbLine
 10
-44.80000000000002
 20
-194.0
 30
10.39230484541326
 11
-32.800000000000026
 21
-194.0
 31
10.392304845413268
  0
LINE
  5
BF2
330
17
100
AcDbEntity
  8
0
100
AcDbLine
 10
-32.80000000000002
 20
-194.0
 30
10.392304845413268
 11
-32.80000000000002
 21
-189.0
 31
10.392304845413268
  0
LINE
  5
BF3
330
17
100
AcDbEntity
  8
0
100
AcDbLine
 10
-44.80000000000002
 20
-189.0
 30
10.39230484541326
 11
-32.800000000000026
 21
-189.0
 31
10.392304845413268
  0
LINE
  5
BF4
330
17
100
AcDbEntity
  8
0
100
AcDbLine
 10
-44.80000000000001
 20
-194.0
 30
-10.392304845413264
 11
-44.80000000000001
 21
-189.0
 31
-10.392304845413264
  0
LINE
  5
BF5
330
17
100
AcDbEntity
  8
0
100
AcDbLine
 10
-44.80000000000001
 20
-194.0
 30
-10.392304845413264
 11
-50.80000000000001
 21
-194.0
 31
-8.881784197001252e-16
  0
LINE
  5
BF6
330
17
100
AcDbEntity
  8
0
100
AcDbLine
 10
-50.80000000000001
 20
-194.0
 30
-1.4695761589768238e-15
 11
-50.80000000000001
 21
-189.0
 31
-9.144646466642455e-16
  0
LINE
  5
BF7
330
17
100
AcDbEntity
  8
0
100
AcDbLine
 10
-44.80000000000001
 20
-189.0
 30
-10.392304845413264
 11
-50.80000000000001
 21
-189.0
 31
-8.881784197001252e-16
  0
LINE
  5
BF8
330
17
100
AcDbEntity
  8
0
100
AcDbLine
 10
-50.80000000000001
 20
-194.0
 30
-1.4695761589768238e-15
 11
-50.80000000000001
 21
-189.0
 31
-9.144646466642455e-16
  0
LINE
  5
BF9
330
17
100
AcDbEntity
  8
0
100
AcDbLine
 10
-50.80000000000001
 20
-194.0
 30
-1.4695761589768238e-15
 11
-44.80000000000002
 21
-194.0
 31
10.39230484541326
  0
LINE
  5
BFA
330
17
100
AcDbEntity
  8
0
100
AcDbLine
 10
-44.80000000000002
 20
-194.0
 30
10.39230484541326
 11
-44.80000000000002
 21
-189.0
 31
10.39230484541326
  0
LINE
  5
BFB
330
17
100
AcDbEntity
  8
0
100
AcDbLine
 10
-50.80000000000001
 20
-189.0
 30
-9.144646466642455e-16
 11
-44.80000000000002
 21
-189.0
 31
10.392304845413262
  0
CIRCLE
  5
BFC
330
17
100
AcDbEntity
  8
0
100
AcDbCircle
 10
-38.80000000000001
 20
-194.0
 30
-3.6163705984513678e-16
 40
6.0
  0
LINE
  5
BFD
330
17
100
AcDbEntity
  8
0
100
AcDbLine
 10
-44.80000000000001
 20
-163.0
 30
3.552713678800501e-15
 11
-44.80000000000001
 21
-194.0
 31
0.0
  0
CIRCLE
  5
BFE
330
17
100
AcDbEntity
  8
0
100
AcDbCircle
 10
-38.80000000000001
 20
-163.0
 30
3.552713678800501e-15
 40
6.0
  0
LINE
  5
BFF
330
17
100
AcDbEntity
  8
0
100
AcDbLine
 10
-44.80000000000001
 20
-163.0
 30
3.552713678800501e-15
 11
-44.80000000000001
 21
-194.0
 31
0.0
  0
LINE
  5
C00
330
17
100
AcDbEntity
  8
0
100
AcDbLine
 10
-26.80000000000001
 20
-194.0
 30
0.0
 11
-32.80000000000001
 21
-194.0
 31
-10.392304845413264
  0
LINE
  5
C01
330
17
100
AcDbEntity
  8
0
100
AcDbLine
 10
-32.80000000000002
 20
-194.0
 30
10.392304845413268
 11
-26.80000000000001
 21
-194.0
 31
-3.803208683765894e-16
  0
LINE
  5
C02
330
17
100
AcDbEntity
  8
0
100
AcDbLine
 10
-44.80000000000002
 20
-194.0
 30
10.39230484541326
 11
-32.800000000000026
 21
-194.0
 31
10.392304845413268
  0
LINE
  5
C03
330
17
100
AcDbEntity
  8
0
100
AcDbLine
 10
-50.80000000000001
 20
-194.0
 30
-1.4695761589768238e-15
 11
-44.80000000000002
 21
-194.0
 31
10.39230484541326
  0
LINE
  5
C04
330
17
100
AcDbEntity
  8
0
100
AcDbLine
 10
-44.80000000000001
 20
-194.0
 30
-10.392304845413264
 11
-50.80000000000001
 21
-194.0
 31
-8.881784197001252e-16
  0
LINE
  5
C05
330
17
100
AcDbEntity
  8
0
100
AcDbLine
 10
-32.80000000000001
 20
-194.0
 30
-10.392304845413264
 11
-44.80000000000001
 21
-194.0
 31
-10.392304845413264
  0
CIRCLE
  5
C06
330
17
100
AcDbEntity
  8
0
100
AcDbCircle
 10
-38.80000000000001
 20
-194.0
 30
-3.6163705984513678e-16
 40
6.0
  0
LINE
  5
C07
330
17
100
AcDbEntity
  8
0
100
AcDbLine
 10
50.79999999999998
 20
-181.0
 30
1.4432899320127035e-15
 11
50.79999999999998
 21
-171.0
 31
2.55351295663786e-15
  0
LINE
  5
C08
330
17
100
AcDbEntity
  8
0
100
AcDbLine
 10
50.79999999999998
 20
-181.0
 30
1.4432899320127035e-15
 11
44.79999999999998
 21
-181.0
 31
-10.392304845413262
  0
LINE
  5
C09
330
17
100
AcDbEntity
  8
0
100
AcDbLine
 10
44.79999999999998
 20
-181.0
 30
-10.392304845413262
 11
44.79999999999998
 21
-171.0
 31
-10.39230484541326
  0
LINE
  5
C0A
330
17
100
AcDbEntity
  8
0
100
AcDbLine
 10
50.79999999999998
 20
-171.0
 30
2.55351295663786e-15
 11
44.79999999999998
 21
-171.0
 31
-10.392304845413262
  0
LINE
  5
C0B
330
17
100
AcDbEntity
  8
0
100
AcDbLine
 10
44.799999999999976
 20
-181.0
 30
10.39230484541327
 11
44.799999999999976
 21
-171.0
 31
10.392304845413271
  0
LINE
  5
C0C
330
17
100
AcDbEntity
  8
0
100
AcDbLine
 10
44.799999999999976
 20
-181.0
 30
10.39230484541327
 11
50.79999999999998
 21
-181.0
 31
1.396035971023661e-15
  0
LINE
  5
C0D
330
17
100
AcDbEntity
  8
0
100
AcDbLine
 10
50.79999999999998
 20
-181.0
 30
1.4432899320127035e-15
 11
50.79999999999998
 21
-171.0
 31
2.55351295663786e-15
  0
LINE
  5
C0E
330
17
100
AcDbEntity
  8
0
100
AcDbLine
 10
44.799999999999976
 20
-171.0
 30
10.39230484541327
 11
50.79999999999998
 21
-171.0
 31
1.396035971023661e-15
  0
LINE
  5
C0F
330
17
100
AcDbEntity
  8
0
100
AcDbLine
 10
44.79999999999998
 20
-181.0
 30
-10.392304845413262
 11
44.79999999999998
 21
-171.0
 31
-10.39230484541326
  0
LINE
  5
C10
330
17
100
AcDbEntity
  8
0
100
AcDbLine
 10
44.79999999999998
 20
-181.0
 30
-10.392304845413262
 11
32.79999999999998
 21
-181.0
 31
-10.392304845413262
  0
LINE
  5
C11
330
17
100
AcDbEntity
  8
0
100
AcDbLine
 10
32.79999999999998
 20
-181.0
 30
-10.392304845413262
 11
32.79999999999998
 21
-171.0
 31
-10.39230484541326
  0
LINE
  5
C12
330
17
100
AcDbEntity
  8
0
100
AcDbLine
 10
44.79999999999998
 20
-171.0
 30
-10.392304845413262
 11
32.79999999999998
 21
-171.0
 31
-10.392304845413262
  0
LINE
  5
C13
330
17
100
AcDbEntity
  8
0
100
AcDbLine
 10
50.79999999999998
 20
-181.0
 30
1.4432899320127035e-15
 11
44.79999999999998
 21
-181.0
 31
-10.392304845413262
  0
LINE
  5
C14
330
17
100
AcDbEntity
  8
0
100
AcDbLine
 10
44.799999999999976
 20
-181.0
 30
10.39230484541327
 11
50.79999999999998
 21
-181.0
 31
1.396035971023661e-15
  0
LINE
  5
C15
330
17
100
AcDbEntity
  8
0
100
AcDbLine
 10
32.799999999999976
 20
-181.0
 30
10.392304845413262
 11
44.79999999999997
 21
-181.0
 31
10.39230484541327
  0
LINE
  5
C16
330
17
100
AcDbEntity
  8
0
100
AcDbLine
 10
26.799999999999983
 20
-181.0
 30
-2.6286226964120247e-17
 11
32.799999999999976
 21
-181.0
 31
10.392304845413262
  0
LINE
  5
C17
330
17
100
AcDbEntity
  8
0
100
AcDbLine
 10
32.79999999999998
 20
-181.0
 30
-10.392304845413262
 11
26.79999999999998
 21
-181.0
 31
8.881784197001252e-16
  0
LINE
  5
C18
330
17
100
AcDbEntity
  8
0
100
AcDbLine
 10
44.79999999999998
 20
-181.0
 30
-10.392304845413262
 11
32.79999999999998
 21
-181.0
 31
-10.392304845413262
  0
CIRCLE
  5
C19
330
17
100
AcDbEntity
  8
0
100
AcDbCircle
 10
38.79999999999998
 20
-181.0
 30
1.4432899320127035e-15
 40
10.0
  0
LINE
  5
C1A
330
17
100
AcDbEntity
  8
0
100
AcDbLine
 10
50.79999999999998
 20
-171.0
 30
2.55351295663786e-15
 11
44.79999999999998
 21
-171.0
 31
-10.392304845413262
  0
LINE
  5
C1B
330
17
100
AcDbEntity
  8
0
100
AcDbLine
 10
44.79999999999998
 20
-171.0
 30
-10.392304845413262
 11
32.79999999999998
 21
-171.0
 31
-10.392304845413262
  0
LINE
  5
C1C
330
17
100
AcDbEntity
  8
0
100
AcDbLine
 10
32.79999999999998
 20
-171.0
 30
-10.392304845413262
 11
26.79999999999998
 21
-171.0
 31
8.881784197001252e-16
  0
LINE
  5
C1D
330
17
100
AcDbEntity
  8
0
100
AcDbLine
 10
26.799999999999983
 20
-171.0
 30
1.0839367976610363e-15
 11
32.799999999999976
 21
-171.0
 31
10.392304845413264
  0
LINE
  5
C1E
330
17
100
AcDbEntity
  8
0
100
AcDbLine
 10
32.799999999999976
 20
-171.0
 30
10.392304845413262
 11
44.79999999999997
 21
-171.0
 31
10.39230484541327
  0
LINE
  5
C1F
330
17
100
AcDbEntity
  8
0
100
AcDbLine
 10
44.799999999999976
 20
-171.0
 30
10.39230484541327
 11
50.79999999999998
 21
-171.0
 31
1.396035971023661e-15
  0
LINE
  5
C20
330
17
100
AcDbEntity
  8
0
100
AcDbLine
 10
49.79999999999998
 20
-171.0
 30
2.55351295663786e-15
 11
44.29999999999998
 21
-171.0
 31
-9.526279441628823
  0
LINE
  5
C21
330
17
100
AcDbEntity
  8
0
100
AcDbLine
 10
44.299999999999976
 20
-171.0
 30
9.526279441628832
 11
49.79999999999998
 21
-171.0
 31
2.395236693186302e-15
  0
LINE
  5
C22
330
17
100
AcDbEntity
  8
0
100
AcDbLine
 10
33.299999999999976
 20
-171.0
 30
9.526279441628825
 11
44.299999999999976
 21
-171.0
 31
9.526279441628832
  0
LINE
  5
C23
330
17
100
AcDbEntity
  8
0
100
AcDbLine
 10
27.799999999999983
 20
-171.0
 30
1.2064014775757714e-15
 11
33.299999999999976
 21
-171.0
 31
9.526279441628827
  0
LINE
  5
C24
330
17
100
AcDbEntity
  8
0
100
AcDbLine
 10
33.29999999999998
 20
-171.0
 30
-9.526279441628825
 11
27.79999999999998
 21
-171.0
 31
1.3163255441818197e-15
  0
LINE
  5
C25
330
17
100
AcDbEntity
  8
0
100
AcDbLine
 10
44.29999999999998
 20
-171.0
 30
-9.526279441628823
 11
33.29999999999998
 21
-171.0
 31
-9.526279441628825
  0
LINE
  5
C26
330
17
100
AcDbEntity
  8
0
100
AcDbLine
 10
32.799999999999976
 20
-181.0
 30
10.392304845413262
 11
32.799999999999976
 21
-171.0
 31
10.392304845413264
  0
LINE
  5
C27
330
17
100
AcDbEntity
  8
0
100
AcDbLine
 10
32.799999999999976
 20
-181.0
 30
10.392304845413262
 11
44.79999999999997
 21
-181.0
 31
10.39230484541327
  0
LINE
  5
C28
330
17
100
AcDbEntity
  8
0
100
AcDbLine
 10
44.799999999999976
 20
-181.0
 30
10.39230484541327
 11
44.799999999999976
 21
-171.0
 31
10.392304845413271
  0
LINE
  5
C29
330
17
100
AcDbEntity
  8
0
100
AcDbLine
 10
32.799999999999976
 20
-171.0
 30
10.392304845413262
 11
44.79999999999997
 21
-171.0
 31
10.39230484541327
  0
LINE
  5
C2A
330
17
100
AcDbEntity
  8
0
100
AcDbLine
 10
32.79999999999998
 20
-181.0
 30
-10.392304845413262
 11
32.79999999999998
 21
-171.0
 31
-10.39230484541326
  0
LINE
  5
C2B
330
17
100
AcDbEntity
  8
0
100
AcDbLine
 10
32.79999999999998
 20
-181.0
 30
-10.392304845413262
 11
26.79999999999998
 21
-181.0
 31
8.881784197001252e-16
  0
LINE
  5
C2C
330
17
100
AcDbEntity
  8
0
100
AcDbLine
 10
26.799999999999983
 20
-181.0
 30
-2.6286226964120247e-17
 11
26.799999999999983
 21
-171.0
 31
1.0839367976610363e-15
  0
LINE
  5
C2D
330
17
100
AcDbEntity
  8
0
100
AcDbLine
 10
32.79999999999998
 20
-171.0
 30
-10.392304845413262
 11
26.79999999999998
 21
-171.0
 31
8.881784197001252e-16
  0
LINE
  5
C2E
330
17
100
AcDbEntity
  8
0
100
AcDbLine
 10
26.799999999999983
 20
-181.0
 30
-2.6286226964120247e-17
 11
26.799999999999983
 21
-171.0
 31
1.0839367976610363e-15
  0
LINE
  5
C2F
330
17
100
AcDbEntity
  8
0
100
AcDbLine
 10
26.799999999999983
 20
-181.0
 30
-2.6286226964120247e-17
 11
32.799999999999976
 21
-181.0
 31
10.392304845413262
  0
LINE
  5
C30
330
17
100
AcDbEntity
  8
0
100
AcDbLine
 10
32.799999999999976
 20
-181.0
 30
10.392304845413262
 11
32.799999999999976
 21
-171.0
 31
10.392304845413264
  0
LINE
  5
C31
330
17
100
AcDbEntity
  8
0
100
AcDbLine
 10
26.799999999999983
 20
-171.0
 30
1.0839367976610363e-15
 11
32.799999999999976
 21
-171.0
 31
10.392304845413264
  0
LINE
  5
C32
330
17
100
AcDbEntity
  8
0
100
AcDbLine
 10
48.79999999999998
 20
-189.0
 30
5.551115123125783e-16
 11
48.79999999999998
 21
-181.0
 31
1.4432899320127035e-15
  0
CIRCLE
  5
C33
330
17
100
AcDbEntity
  8
0
100
AcDbCircle
 10
38.79999999999998
 20
-189.0
 30
5.551115123125783e-16
 40
10.0
  0
LINE
  5
C34
330
17
100
AcDbEntity
  8
0
100
AcDbLine
 10
48.79999999999998
 20
-189.0
 30
5.551115123125783e-16
 11
48.79999999999998
 21
-181.0
 31
1.4432899320127035e-15
  0
CIRCLE
  5
C35
330
17
100
AcDbEntity
  8
0
100
AcDbCircle
 10
38.79999999999998
 20
-181.0
 30
1.4432899320127035e-15
 40
10.0
  0
LINE
  5
C36
330
17
100
AcDbEntity
  8
0
100
AcDbLine
 10
49.79999999999998
 20
-171.0
 30
2.55351295663786e-15
 11
49.79999999999998
 21
-163.0
 31
3.4416913763379853e-15
  0
LINE
  5
C37
330
17
100
AcDbEntity
  8
0
100
AcDbLine
 10
49.79999999999998
 20
-171.0
 30
2.55351295663786e-15
 11
44.29999999999998
 21
-171.0
 31
-9.526279441628823
  0
LINE
  5
C38
330
17
100
AcDbEntity
  8
0
100
AcDbLine
 10
44.29999999999998
 20
-171.0
 30
-9.526279441628823
 11
44.29999999999998
 21
-163.0
 31
-9.526279441628823
  0
LINE
  5
C39
330
17
100
AcDbEntity
  8
0
100
AcDbLine
 10
49.79999999999998
 20
-163.0
 30
3.4416913763379853e-15
 11
44.29999999999998
 21
-163.0
 31
-9.526279441628823
  0
LINE
  5
C3A
330
17
100
AcDbEntity
  8
0
100
AcDbLine
 10
44.29999999999998
 20
-171.0
 30
-9.526279441628823
 11
44.29999999999998
 21
-163.0
 31
-9.526279441628823
  0
LINE
  5
C3B
330
17
100
AcDbEntity
  8
0
100
AcDbLine
 10
44.29999999999998
 20
-171.0
 30
-9.526279441628823
 11
33.29999999999998
 21
-171.0
 31
-9.526279441628825
  0
LINE
  5
C3C
330
17
100
AcDbEntity
  8
0
100
AcDbLine
 10
33.29999999999998
 20
-171.0
 30
-9.526279441628825
 11
33.29999999999998
 21
-163.0
 31
-9.526279441628823
  0
LINE
  5
C3D
330
17
100
AcDbEntity
  8
0
100
AcDbLine
 10
44.29999999999998
 20
-163.0
 30
-9.526279441628821
 11
33.29999999999998
 21
-163.0
 31
-9.526279441628823
  0
LINE
  5
C3E
330
17
100
AcDbEntity
  8
0
100
AcDbLine
 10
33.29999999999998
 20
-171.0
 30
-9.526279441628825
 11
33.29999999999998
 21
-163.0
 31
-9.526279441628823
  0
LINE
  5
C3F
330
17
100
AcDbEntity
  8
0
100
AcDbLine
 10
33.29999999999998
 20
-171.0
 30
-9.526279441628825
 11
27.79999999999998
 21
-171.0
 31
1.3163255441818197e-15
  0
LINE
  5
C40
330
17
100
AcDbEntity
  8
0
100
AcDbLine
 10
27.799999999999983
 20
-171.0
 30
1.2064014775757714e-15
 11
27.799999999999983
 21
-163.0
 31
2.0945798972758967e-15
  0
LINE
  5
C41
330
17
100
AcDbEntity
  8
0
100
AcDbLine
 10
33.29999999999998
 20
-163.0
 30
-9.526279441628823
 11
27.79999999999998
 21
-163.0
 31
3.0926823835820702e-15
  0
LINE
  5
C42
330
17
100
AcDbEntity
  8
0
100
AcDbLine
 10
27.799999999999983
 20
-171.0
 30
1.2064014775757714e-15
 11
27.799999999999983
 21
-163.0
 31
2.0945798972758967e-15
  0
LINE
  5
C43
330
17
100
AcDbEntity
  8
0
100
AcDbLine
 10
27.799999999999983
 20
-171.0
 30
1.2064014775757714e-15
 11
33.299999999999976
 21
-171.0
 31
9.526279441628827
  0
LINE
  5
C44
330
17
100
AcDbEntity
  8
0
100
AcDbLine
 10
33.299999999999976
 20
-171.0
 30
9.526279441628825
 11
33.299999999999976
 21
-163.0
 31
9.526279441628827
  0
LINE
  5
C45
330
17
100
AcDbEntity
  8
0
100
AcDbLine
 10
27.799999999999983
 20
-163.0
 30
2.0945798972758967e-15
 11
33.299999999999976
 21
-163.0
 31
9.526279441628828
  0
LINE
  5
C46
330
17
100
AcDbEntity
  8
0
100
AcDbLine
 10
33.299999999999976
 20
-171.0
 30
9.526279441628825
 11
33.299999999999976
 21
-163.0
 31
9.526279441628827
  0
LINE
  5
C47
330
17
100
AcDbEntity
  8
0
100
AcDbLine
 10
33.299999999999976
 20
-171.0
 30
9.526279441628825
 11
44.299999999999976
 21
-171.0
 31
9.526279441628832
  0
LINE
  5
C48
330
17
100
AcDbEntity
  8
0
100
AcDbLine
 10
44.299999999999976
 20
-171.0
 30
9.526279441628832
 11
44.299999999999976
 21
-163.0
 31
9.526279441628834
  0
LINE
  5
C49
330
17
100
AcDbEntity
  8
0
100
AcDbLine
 10
33.299999999999976
 20
-163.0
 30
9.526279441628827
 11
44.299999999999976
 21
-163.0
 31
9.526279441628834
  0
LINE
  5
C4A
330
17
100
AcDbEntity
  8
0
100
AcDbLine
 10
44.299999999999976
 20
-171.0
 30
9.526279441628832
 11
44.299999999999976
 21
-163.0
 31
9.526279441628834
  0
LINE
  5
C4B
330
17
100
AcDbEntity
  8
0
100
AcDbLine
 10
44.299999999999976
 20
-171.0
 30
9.526279441628832
 11
49.79999999999998
 21
-171.0
 31
2.395236693186302e-15
  0
LINE
  5
C4C
330
17
100
AcDbEntity
  8
0
100
AcDbLine
 10
49.79999999999998
 20
-171.0
 30
2.55351295663786e-15
 11
49.79999999999998
 21
-163.0
 31
3.4416913763379853e-15
  0
LINE
  5
C4D
330
17
100
AcDbEntity
  8
0
100
AcDbLine
 10
44.299999999999976
 20
-163.0
 30
9.526279441628834
 11
49.79999999999998
 21
-163.0
 31
4.1715935325865524e-15
  0
LINE
  5
C4E
330
17
100
AcDbEntity
  8
0
100
AcDbLine
 10
50.79999999999998
 20
-189.0
 30
5.551115123125783e-16
 11
44.79999999999998
 21
-189.0
 31
-10.392304845413264
  0
LINE
  5
C4F
330
17
100
AcDbEntity
  8
0
100
AcDbLine
 10
44.79999999999998
 20
-189.0
 30
-10.392304845413264
 11
32.79999999999998
 21
-189.0
 31
-10.392304845413264
  0
LINE
  5
C50
330
17
100
AcDbEntity
  8
0
100
AcDbLine
 10
32.79999999999998
 20
-189.0
 30
-10.392304845413264
 11
26.79999999999998
 21
-189.0
 31
-8.881784197001252e-16
  0
LINE
  5
C51
330
17
100
AcDbEntity
  8
0
100
AcDbLine
 10
26.799999999999983
 20
-189.0
 30
-9.144646466642455e-16
 11
32.799999999999976
 21
-189.0
 31
10.392304845413262
  0
LINE
  5
C52
330
17
100
AcDbEntity
  8
0
100
AcDbLine
 10
32.799999999999976
 20
-189.0
 30
10.39230484541326
 11
44.79999999999997
 21
-189.0
 31
10.392304845413268
  0
LINE
  5
C53
330
17
100
AcDbEntity
  8
0
100
AcDbLine
 10
44.799999999999976
 20
-189.0
 30
10.392304845413268
 11
50.79999999999998
 21
-189.0
 31
-3.803208683765894e-16
  0
CIRCLE
  5
C54
330
17
100
AcDbEntity
  8
0
100
AcDbCircle
 10
38.79999999999998
 20
-189.0
 30
5.551115123125783e-16
 40
10.0
  0
LINE
  5
C55
330
17
100
AcDbEntity
  8
0
100
AcDbLine
 10
49.79999999999998
 20
-163.0
 30
3.4416913763379853e-15
 11
44.29999999999998
 21
-163.0
 31
-9.526279441628823
  0
LINE
  5
C56
330
17
100
AcDbEntity
  8
0
100
AcDbLine
 10
44.29999999999998
 20
-163.0
 30
-9.526279441628821
 11
33.29999999999998
 21
-163.0
 31
-9.526279441628823
  0
LINE
  5
C57
330
17
100
AcDbEntity
  8
0
100
AcDbLine
 10
33.29999999999998
 20
-163.0
 30
-9.526279441628823
 11
27.79999999999998
 21
-163.0
 31
3.0926823835820702e-15
  0
LINE
  5
C58
330
17
100
AcDbEntity
  8
0
100
AcDbLine
 10
27.799999999999983
 20
-163.0
 30
2.0945798972758967e-15
 11
33.299999999999976
 21
-163.0
 31
9.526279441628828
  0
LINE
  5
C59
330
17
100
AcDbEntity
  8
0
100
AcDbLine
 10
33.299999999999976
 20
-163.0
 30
9.526279441628827
 11
44.299999999999976
 21
-163.0
 31
9.526279441628834
  0
LINE
  5
C5A
330
17
100
AcDbEntity
  8
0
100
AcDbLine
 10
44.299999999999976
 20
-163.0
 30
9.526279441628834
 11
49.79999999999998
 21
-163.0
 31
4.1715935325865524e-15
  0
CIRCLE
  5
C5B
330
17
100
AcDbEntity
  8
0
100
AcDbCircle
 10
38.79999999999998
 20
-163.0
 30
3.552713678800501e-15
 40
6.0
  0
LINE
  5
C5C
330
17
100
AcDbEntity
  8
0
100
AcDbLine
 10
50.79999999999998
 20
-194.0
 30
0.0
 11
50.79999999999998
 21
-189.0
 31
5.551115123125783e-16
  0
LINE
  5
C5D
330
17
100
AcDbEntity
  8
0
100
AcDbLine
 10
50.79999999999998
 20
-194.0
 30
0.0
 11
44.79999999999998
 21
-194.0
 31
-10.392304845413264
  0
LINE
  5
C5E
330
17
100
AcDbEntity
  8
0
100
AcDbLine
 10
44.79999999999998
 20
-194.0
 30
-10.392304845413264
 11
44.79999999999998
 21
-189.0
 31
-10.392304845413264
  0
LINE
  5
C5F
330
17
100
AcDbEntity
  8
0
100
AcDbLine
 10
50.79999999999998
 20
-189.0
 30
5.551115123125783e-16
 11
44.79999999999998
 21
-189.0
 31
-10.392304845413264
  0
LINE
  5
C60
330
17
100
AcDbEntity
  8
0
100
AcDbLine
 10
44.799999999999976
 20
-194.0
 30
10.392304845413268
 11
44.799999999999976
 21
-189.0
 31
10.392304845413268
  0
LINE
  5
C61
330
17
100
AcDbEntity
  8
0
100
AcDbLine
 10
44.799999999999976
 20
-194.0
 30
10.392304845413268
 11
50.79999999999998
 21
-194.0
 31
-3.803208683765894e-16
  0
LINE
  5
C62
330
17
100
AcDbEntity
  8
0
100
AcDbLine
 10
50.79999999999998
 20
-194.0
 30
0.0
 11
50.79999999999998
 21
-189.0
 31
5.551115123125783e-16
  0
LINE
  5
C63
330
17
100
AcDbEntity
  8
0
100
AcDbLine
 10
44.799999999999976
 20
-189.0
 30
10.392304845413268
 11
50.79999999999998
 21
-189.0
 31
-3.803208683765894e-16
  0
LINE
  5
C64
330
17
100
AcDbEntity
  8
0
100
AcDbLine
 10
44.79999999999998
 20
-194.0
 30
-10.392304845413264
 11
44.79999999999998
 21
-189.0
 31
-10.392304845413264
  0
LINE
  5
C65
330
17
100
AcDbEntity
  8
0
100
AcDbLine
 10
44.79999999999998
 20
-194.0
 30
-10.392304845413264
 11
32.79999999999998
 21
-194.0
 31
-10.392304845413264
  0
LINE
  5
C66
330
17
100
AcDbEntity
  8
0
100
AcDbLine
 10
32.79999999999998
 20
-194.0
 30
-10.392304845413264
 11
32.79999999999998
 21
-189.0
 31
-10.392304845413264
  0
LINE
  5
C67
330
17
100
AcDbEntity
  8
0
100
AcDbLine
 10
44.79999999999998
 20
-189.0
 30
-10.392304845413264
 11
32.79999999999998
 21
-189.0
 31
-10.392304845413264
  0
LINE
  5
C68
330
17
100
AcDbEntity
  8
0
100
AcDbLine
 10
32.799999999999976
 20
-194.0
 30
10.39230484541326
 11
32.799999999999976
 21
-189.0
 31
10.39230484541326
  0
LINE
  5
C69
330
17
100
AcDbEntity
  8
0
100
AcDbLine
 10
32.799999999999976
 20
-194.0
 30
10.39230484541326
 11
44.79999999999997
 21
-194.0
 31
10.392304845413268
  0
LINE
  5
C6A
330
17
100
AcDbEntity
  8
0
100
AcDbLine
 10
44.799999999999976
 20
-194.0
 30
10.392304845413268
 11
44.799999999999976
 21
-189.0
 31
10.392304845413268
  0
LINE
  5
C6B
330
17
100
AcDbEntity
  8
0
100
AcDbLine
 10
32.799999999999976
 20
-189.0
 30
10.39230484541326
 11
44.79999999999997
 21
-189.0
 31
10.392304845413268
  0
LINE
  5
C6C
330
17
100
AcDbEntity
  8
0
100
AcDbLine
 10
32.79999999999998
 20
-194.0
 30
-10.392304845413264
 11
32.79999999999998
 21
-189.0
 31
-10.392304845413264
  0
LINE
  5
C6D
330
17
100
AcDbEntity
  8
0
100
AcDbLine
 10
32.79999999999998
 20
-194.0
 30
-10.392304845413264
 11
26.79999999999998
 21
-194.0
 31
-8.881784197001252e-16
  0
LINE
  5
C6E
330
17
100
AcDbEntity
  8
0
100
AcDbLine
 10
26.799999999999983
 20
-194.0
 30
-1.4695761589768238e-15
 11
26.799999999999983
 21
-189.0
 31
-9.144646466642455e-16
  0
LINE
  5
C6F
330
17
100
AcDbEntity
  8
0
100
AcDbLine
 10
32.79999999999998
 20
-189.0
 30
-10.392304845413264
 11
26.79999999999998
 21
-189.0
 31
-8.881784197001252e-16
  0
LINE
  5
C70
330
17
100
AcDbEntity
  8
0
100
AcDbLine
 10
26.799999999999983
 20
-194.0
 30
-1.4695761589768238e-15
 11
26.799999999999983
 21
-189.0
 31
-9.144646466642455e-16
  0
LINE
  5
C71
330
17
100
AcDbEntity
  8
0
100
AcDbLine
 10
26.799999999999983
 20
-194.0
 30
-1.4695761589768238e-15
 11
32.799999999999976
 21
-194.0
 31
10.39230484541326
  0
LINE
  5
C72
330
17
100
AcDbEntity
  8
0
100
AcDbLine
 10
32.799999999999976
 20
-194.0
 30
10.39230484541326
 11
32.799999999999976
 21
-189.0
 31
10.39230484541326
  0
LINE
  5
C73
330
17
100
AcDbEntity
  8
0
100
AcDbLine
 10
26.799999999999983
 20
-189.0
 30
-9.144646466642455e-16
 11
32.799999999999976
 21
-189.0
 31
10.392304845413262
  0
CIRCLE
  5
C74
330
17
100
AcDbEntity
  8
0
100
AcDbCircle
 10
38.79999999999998
 20
-194.0
 30
-3.6163705984513678e-16
 40
6.0
  0
LINE
  5
C75
330
17
100
AcDbEntity
  8
0
100
AcDbLine
 10
32.79999999999998
 20
-163.0
 30
3.552713678800501e-15
 11
32.79999999999998
 21
-194.0
 31
0.0
  0
CIRCLE
  5
C76
330
17
100
AcDbEntity
  8
0
100
AcDbCircle
 10
38.79999999999998
 20
-163.0
 30
3.552713678800501e-15
 40
6.0
  0
LINE
  5
C77
330
17
100
AcDbEntity
  8
0
100
AcDbLine
 10
32.79999999999998
 20
-163.0
 30
3.552713678800501e-15
 11
32.79999999999998
 21
-194.0
 31
0.0
  0
LINE
  5
C78
330
17
100
AcDbEntity
  8
0
100
AcDbLine
 10
50.79999999999998
 20
-194.0
 30
0.0
 11
44.79999999999998
 21
-194.0
 31
-10.392304845413264
  0
LINE
  5
C79
330
17
100
AcDbEntity
  8
0
100
AcDbLine
 10
44.799999999999976
 20
-194.0
 30
10.392304845413268
 11
50.79999999999998
 21
-194.0
 31
-3.803208683765894e-16
  0
LINE
  5
C7A
330
17
100
AcDbEntity
  8
0
100
AcDbLine
 10
32.799999999999976
 20
-194.0
 30
10.39230484541326
 11
44.79999999999997
 21
-194.0
 31
10.392304845413268
  0
LINE
  5
C7B
330
17
100
AcDbEntity
  8
0
100
AcDbLine
 10
26.799999999999983
 20
-194.0
 30
-1.4695761589768238e-15
 11
32.799999999999976
 21
-194.0
 31
10.39230484541326
  0
LINE
  5
C7C
330
17
100
AcDbEntity
  8
0
100
AcDbLine
 10
32.79999999999998
 20
-194.0
 30
-10.392304845413264
 11
26.79999999999998
 21
-194.0
 31
-8.881784197001252e-16
  0
LINE
  5
C7D
330
17
100
AcDbEntity
  8
0
100
AcDbLine
 10
44.79999999999998
 20
-194.0
 30
-10.392304845413264
 11
32.79999999999998
 21
-194.0
 31
-10.392304845413264
  0
CIRCLE
  5
C7E
330
17
100
AcDbEntity
  8
0
100
AcDbCircle
 10
38.79999999999998
 20
-194.0
 30
-3.6163705984513678e-16
 40
6.0
  0
LINE
  5
C7F
330
17
100
AcDbEntity
  8
0
100
AcDbLine
 10
128.39999999999998
 20
-181.0
 30
1.4432899320127035e-15
 11
128.39999999999998
 21
-171.0
 31
2.55351295663786e-15
  0
LINE
  5
C80
330
17
100
AcDbEntity
  8
0
100
AcDbLine
 10
128.39999999999998
 20
-181.0
 30
1.4432899320127035e-15
 11
122.39999999999998
 21
-181.0
 31
-10.392304845413262
  0
LINE
  5
C81
330
17
100
AcDbEntity
  8
0
100
AcDbLine
 10
122.39999999999998
 20
-181.0
 30
-10.392304845413262
 11
122.39999999999998
 21
-171.0
 31
-10.39230484541326
  0
LINE
  5
C82
330
17
100
AcDbEntity
  8
0
100
AcDbLine
 10
128.39999999999998
 20
-171.0
 30
2.55351295663786e-15
 11
122.39999999999998
 21
-171.0
 31
-10.392304845413262
  0
LINE
  5
C83
330
17
100
AcDbEntity
  8
0
100
AcDbLine
 10
122.39999999999996
 20
-181.0
 30
10.39230484541327
 11
122.39999999999996
 21
-171.0
 31
10.392304845413271
  0
LINE
  5
C84
330
17
100
AcDbEntity
  8
0
100
AcDbLine
 10
122.39999999999996
 20
-181.0
 30
10.39230484541327
 11
128.39999999999998
 21
-181.0
 31
1.396035971023661e-15
  0
LINE
  5
C85
330
17
100
AcDbEntity
  8
0
100
AcDbLine
 10
128.39999999999998
 20
-181.0
 30
1.4432899320127035e-15
 11
128.39999999999998
 21
-171.0
 31
2.55351295663786e-15
  0
LINE
  5
C86
330
17
100
AcDbEntity
  8
0
100
AcDbLine
 10
122.39999999999996
 20
-171.0
 30
10.39230484541327
 11
128.39999999999998
 21
-171.0
 31
1.396035971023661e-15
  0
LINE
  5
C87
330
17
100
AcDbEntity
  8
0
100
AcDbLine
 10
122.39999999999998
 20
-181.0
 30
-10.392304845413262
 11
122.39999999999998
 21
-171.0
 31
-10.39230484541326
  0
LINE
  5
C88
330
17
100
AcDbEntity
  8
0
100
AcDbLine
 10
122.39999999999998
 20
-181.0
 30
-10.392304845413262
 11
110.39999999999998
 21
-181.0
 31
-10.392304845413262
  0
LINE
  5
C89
330
17
100
AcDbEntity
  8
0
100
AcDbLine
 10
110.39999999999998
 20
-181.0
 30
-10.392304845413262
 11
110.39999999999998
 21
-171.0
 31
-10.39230484541326
  0
LINE
  5
C8A
330
17
100
AcDbEntity
  8
0
100
AcDbLine
 10
122.39999999999998
 20
-171.0
 30
-10.392304845413262
 11
110.39999999999998
 21
-171.0
 31
-10.392304845413262
  0
LINE
  5
C8B
330
17
100
AcDbEntity
  8
0
100
AcDbLine
 10
128.39999999999998
 20
-181.0
 30
1.4432899320127035e-15
 11
122.39999999999998
 21
-181.0
 31
-10.392304845413262
  0
LINE
  5
C8C
330
17
100
AcDbEntity
  8
0
100
AcDbLine
 10
122.39999999999996
 20
-181.0
 30
10.39230484541327
 11
128.39999999999998
 21
-181.0
 31
1.396035971023661e-15
  0
LINE
  5
C8D
330
17
100
AcDbEntity
  8
0
100
AcDbLine
 10
110.39999999999998
 20
-181.0
 30
10.392304845413262
 11
122.39999999999998
 21
-181.0
 31
10.39230484541327
  0
LINE
  5
C8E
330
17
100
AcDbEntity
  8
0
100
AcDbLine
 10
104.39999999999998
 20
-181.0
 30
-2.6286226964120247e-17
 11
110.39999999999998
 21
-181.0
 31
10.392304845413262
  0
LINE
  5
C8F
330
17
100
AcDbEntity
  8
0
100
AcDbLine
 10
110.39999999999998
 20
-181.0
 30
-10.392304845413262
 11
104.39999999999998
 21
-181.0
 31
8.881784197001252e-16
  0
LINE
  5
C90
330
17
100
AcDbEntity
  8
0
100
AcDbLine
 10
122.39999999999998
 20
-181.0
 30
-10.392304845413262
 11
110.39999999999998
 21
-181.0
 31
-10.392304845413262
  0
CIRCLE
  5
C91
330
17
100
AcDbEntity
  8
0
100
AcDbCircle
 10
116.39999999999998
 20
-181.0
 30
1.4432899320127035e-15
 40
10.0
  0
LINE
  5
C92
330
17
100
AcDbEntity
  8
0
100
AcDbLine
 10
128.39999999999998
 20
-171.0
 30
2.55351295663786e-15
 11
122.39999999999998
 21
-171.0
 31
-10.392304845413262
  0
LINE
  5
C93
330
17
100
AcDbEntity
  8
0
100
AcDbLine
 10
122.39999999999998
 20
-171.0
 30
-10.392304845413262
 11
110.39999999999998
 21
-171.0
 31
-10.392304845413262
  0
LINE
  5
C94
330
17
100
AcDbEntity
  8
0
100
AcDbLine
 10
110.39999999999998
 20
-171.0
 30
-10.392304845413262
 11
104.39999999999998
 21
-171.0
 31
8.881784197001252e-16
  0
LINE
  5
C95
330
17
100
AcDbEntity
  8
0
100
AcDbLine
 10
104.39999999999998
 20
-171.0
 30
1.0839367976610363e-15
 11
110.39999999999998
 21
-171.0
 31
10.392304845413264
  0
LINE
  5
C96
330
17
100
AcDbEntity
  8
0
100
AcDbLine
 10
110.39999999999998
 20
-171.0
 30
10.392304845413262
 11
122.39999999999998
 21
-171.0
 31
10.39230484541327
  0
LINE
  5
C97
330
17
100
AcDbEntity
  8
0
100
AcDbLine
 10
122.39999999999996
 20
-171.0
 30
10.39230484541327
 11
128.39999999999998
 21
-171.0
 31
1.396035971023661e-15
  0
LINE
  5
C98
330
17
100
AcDbEntity
  8
0
100
AcDbLine
 10
127.39999999999998
 20
-171.0
 30
2.55351295663786e-15
 11
121.89999999999998
 21
-171.0
 31
-9.526279441628823
  0
LINE
  5
C99
330
17
100
AcDbEntity
  8
0
100
AcDbLine
 10
121.89999999999998
 20
-171.0
 30
9.526279441628832
 11
127.39999999999999
 21
-171.0
 31
2.395236693186302e-15
  0
LINE
  5
C9A
330
17
100
AcDbEntity
  8
0
100
AcDbLine
 10
110.89999999999998
 20
-171.0
 30
9.526279441628825
 11
121.89999999999998
 21
-171.0
 31
9.526279441628832
  0
LINE
  5
C9B
330
17
100
AcDbEntity
  8
0
100
AcDbLine
 10
105.39999999999998
 20
-171.0
 30
1.2064014775757714e-15
 11
110.89999999999998
 21
-171.0
 31
9.526279441628827
  0
LINE
  5
C9C
330
17
100
AcDbEntity
  8
0
100
AcDbLine
 10
110.89999999999998
 20
-171.0
 30
-9.526279441628825
 11
105.39999999999998
 21
-171.0
 31
1.3163255441818197e-15
  0
LINE
  5
C9D
330
17
100
AcDbEntity
  8
0
100
AcDbLine
 10
121.89999999999998
 20
-171.0
 30
-9.526279441628823
 11
110.89999999999998
 21
-171.0
 31
-9.526279441628825
  0
LINE
  5
C9E
330
17
100
AcDbEntity
  8
0
100
AcDbLine
 10
110.39999999999998
 20
-181.0
 30
10.392304845413262
 11
110.39999999999998
 21
-171.0
 31
10.392304845413264
  0
LINE
  5
C9F
330
17
100
AcDbEntity
  8
0
100
AcDbLine
 10
110.39999999999998
 20
-181.0
 30
10.392304845413262
 11
122.39999999999998
 21
-181.0
 31
10.39230484541327
  0
LINE
  5
CA0
330
17
100
AcDbEntity
  8
0
100
AcDbLine
 10
122.39999999999996
 20
-181.0
 30
10.39230484541327
 11
122.39999999999996
 21
-171.0
 31
10.392304845413271
  0
LINE
  5
CA1
330
17
100
AcDbEntity
  8
0
100
AcDbLine
 10
110.39999999999998
 20
-171.0
 30
10.392304845413262
 11
122.39999999999998
 21
-171.0
 31
10.39230484541327
  0
LINE
  5
CA2
330
17
100
AcDbEntity
  8
0
100
AcDbLine
 10
110.39999999999998
 20
-181.0
 30
-10.392304845413262
 11
110.39999999999998
 21
-171.0
 31
-10.39230484541326
  0
LINE
  5
CA3
330
17
100
AcDbEntity
  8
0
100
AcDbLine
 10
110.39999999999998
 20
-181.0
 30
-10.392304845413262
 11
104.39999999999998
 21
-181.0
 31
8.881784197001252e-16
  0
LINE
  5
CA4
330
17
100
AcDbEntity
  8
0
100
AcDbLine
 10
104.39999999999998
 20
-181.0
 30
-2.6286226964120247e-17
 11
104.39999999999998
 21
-171.0
 31
1.0839367976610363e-15
  0
LINE
  5
CA5
330
17
100
AcDbEntity
  8
0
100
AcDbLine
 10
110.39999999999998
 20
-171.0
 30
-10.392304845413262
 11
104.39999999999998
 21
-171.0
 31
8.881784197001252e-16
  0
LINE
  5
CA6
330
17
100
AcDbEntity
  8
0
100
AcDbLine
 10
104.39999999999998
 20
-181.0
 30
-2.6286226964120247e-17
 11
104.39999999999998
 21
-171.0
 31
1.0839367976610363e-15
  0
LINE
  5
CA7
330
17
100
AcDbEntity
  8
0
100
AcDbLine
 10
104.39999999999998
 20
-181.0
 30
-2.6286226964120247e-17
 11
110.39999999999998
 21
-181.0
 31
10.392304845413262
  0
LINE
  5
CA8
330
17
100
AcDbEntity
  8
0
100
AcDbLine
 10
110.39999999999998
 20
-181.0
 30
10.392304845413262
 11
110.39999999999998
 21
-171.0
 31
10.392304845413264
  0
LINE
  5
CA9
330
17
100
AcDbEntity
  8
0
100
AcDbLine
 10
104.39999999999998
 20
-171.0
 30
1.0839367976610363e-15
 11
110.39999999999998
 21
-171.0
 31
10.392304845413264
  0
LINE
  5
CAA
330
17
100
AcDbEntity
  8
0
100
AcDbLine
 10
126.39999999999998
 20
-189.0
 30
5.551115123125783e-16
 11
126.39999999999998
 21
-181.0
 31
1.4432899320127035e-15
  0
CIRCLE
  5
CAB
330
17
100
AcDbEntity
  8
0
100
AcDbCircle
 10
116.39999999999998
 20
-189.0
 30
5.551115123125783e-16
 40
10.0
  0
LINE
  5
CAC
330
17
100
AcDbEntity
  8
0
100
AcDbLine
 10
126.39999999999998
 20
-189.0
 30
5.551115123125783e-16
 11
126.39999999999998
 21
-181.0
 31
1.4432899320127035e-15
  0
CIRCLE
  5
CAD
330
17
100
AcDbEntity
  8
0
100
AcDbCircle
 10
116.39999999999998
 20
-181.0
 30
1.4432899320127035e-15
 40
10.0
  0
LINE
  5
CAE
330
17
100
AcDbEntity
  8
0
100
AcDbLine
 10
127.39999999999998
 20
-171.0
 30
2.55351295663786e-15
 11
127.39999999999998
 21
-163.0
 31
3.4416913763379853e-15
  0
LINE
  5
CAF
330
17
100
AcDbEntity
  8
0
100
AcDbLine
 10
127.39999999999998
 20
-171.0
 30
2.55351295663786e-15
 11
121.89999999999998
 21
-171.0
 31
-9.526279441628823
  0
LINE
  5
CB0
330
17
100
AcDbEntity
  8
0
100
AcDbLine
 10
121.89999999999998
 20
-171.0
 30
-9.526279441628823
 11
121.89999999999998
 21
-163.0
 31
-9.526279441628823
  0
LINE
  5
CB1
330
17
100
AcDbEntity
  8
0
100
AcDbLine
 10
127.39999999999998
 20
-163.0
 30
3.4416913763379853e-15
 11
121.89999999999998
 21
-163.0
 31
-9.526279441628823
  0
LINE
  5
CB2
330
17
100
AcDbEntity
  8
0
100
AcDbLine
 10
121.89999999999998
 20
-171.0
 30
-9.526279441628823
 11
121.89999999999998
 21
-163.0
 31
-9.526279441628823
  0
LINE
  5
CB3
330
17
100
AcDbEntity
  8
0
100
AcDbLine
 10
121.89999999999998
 20
-171.0
 30
-9.526279441628823
 11
110.89999999999998
 21
-171.0
 31
-9.526279441628825
  0
LINE
  5
CB4
330
17
100
AcDbEntity
  8
0
100
AcDbLine
 10
110.89999999999998
 20
-171.0
 30
-9.526279441628825
 11
110.89999999999998
 21
-163.0
 31
-9.526279441628823
  0
LINE
  5
CB5
330
17
100
AcDbEntity
  8
0
100
AcDbLine
 10
121.89999999999998
 20
-163.0
 30
-9.526279441628821
 11
110.89999999999998
 21
-163.0
 31
-9.526279441628823
  0
LINE
  5
CB6
330
17
100
AcDbEntity
  8
0
100
AcDbLine
 10
110.89999999999998
 20
-171.0
 30
-9.526279441628825
 11
110.89999999999998
 21
-163.0
 31
-9.526279441628823
  0
LINE
  5
CB7
330
17
100
AcDbEntity
  8
0
100
AcDbLine
 10
110.89999999999998
 20
-171.0
 30
-9.526279441628825
 11
105.39999999999998
 21
-171.0
 31
1.3163255441818197e-15
  0
LINE
  5
CB8
330
17
100
AcDbEntity
  8
0
100
AcDbLine
 10
105.39999999999998
 20
-171.0
 30
1.2064014775757714e-15
 11
105.39999999999998
 21
-163.0
 31
2.0945798972758967e-15
  0
LINE
  5
CB9
330
17
100
AcDbEntity
  8
0
100
AcDbLine
 10
110.89999999999998
 20
-163.0
 30
-9.526279441628823
 11
105.39999999999998
 21
-163.0
 31
3.0926823835820702e-15
  0
LINE
  5
CBA
330
17
100
AcDbEntity
  8
0
100
AcDbLine
 10
105.39999999999998
 20
-171.0
 30
1.2064014775757714e-15
 11
105.39999999999998
 21
-163.0
 31
2.0945798972758967e-15
  0
LINE
  5
CBB
330
17
100
AcDbEntity
  8
0
100
AcDbLine
 10
105.39999999999998
 20
-171.0
 30
1.2064014775757714e-15
 11
110.89999999999998
 21
-171.0
 31
9.526279441628827
  0
LINE
  5
CBC
330
17
100
AcDbEntity
  8
0
100
AcDbLine
 10
110.89999999999998
 20
-171.0
 30
9.526279441628825
 11
110.89999999999998
 21
-163.0
 31
9.526279441628827
  0
LINE
  5
CBD
330
17
100
AcDbEntity
  8
0
100
AcDbLine
 10
105.39999999999998
 20
-163.0
 30
2.0945798972758967e-15
 11
110.89999999999998
 21
-163.0
 31
9.526279441628828
  0
LINE
  5
CBE
330
17
100
AcDbEntity
  8
0
100
AcDbLine
 10
110.89999999999998
 20
-171.0
 30
9.526279441628825
 11
110.89999999999998
 21
-163.0
 31
9.526279441628827
  0
LINE
  5
CBF
330
17
100
AcDbEntity
  8
0
100
AcDbLine
 10
110.89999999999998
 20
-171.0
 30
9.526279441628825
 11
121.89999999999998
 21
-171.0
 31
9.526279441628832
  0
LINE
  5
CC0
330
17
100
AcDbEntity
  8
0
100
AcDbLine
 10
121.89999999999998
 20
-171.0
 30
9.526279441628832
 11
121.89999999999998
 21
-163.0
 31
9.526279441628834
  0
LINE
  5
CC1
330
17
100
AcDbEntity
  8
0
100
AcDbLine
 10
110.89999999999998
 20
-163.0
 30
9.526279441628827
 11
121.89999999999998
 21
-163.0
 31
9.526279441628834
  0
LINE
  5
CC2
330
17
100
AcDbEntity
  8
0
100
AcDbLine
 10
121.89999999999998
 20
-171.0
 30
9.526279441628832
 11
121.89999999999998
 21
-163.0
 31
9.526279441628834
  0
LINE
  5
CC3
330
17
100
AcDbEntity
  8
0
100
AcDbLine
 10
121.89999999999998
 20
-171.0
 30
9.526279441628832
 11
127.39999999999999
 21
-171.0
 31
2.395236693186302e-15
  0
LINE
  5
CC4
330
17
100
AcDbEntity
  8
0
100
AcDbLine
 10
127.39999999999998
 20
-171.0
 30
2.55351295663786e-15
 11
127.39999999999998
 21
-163.0
 31
3.4416913763379853e-15
  0
LINE
  5
CC5
330
17
100
AcDbEntity
  8
0
100
AcDbLine
 10
121.89999999999998
 20
-163.0
 30
9.526279441628834
 11
127.39999999999999
 21
-163.0
 31
4.1715935325865524e-15
  0
LINE
  5
CC6
330
17
100
AcDbEntity
  8
0
100
AcDbLine
 10
128.39999999999998
 20
-189.0
 30
5.551115123125783e-16
 11
122.39999999999998
 21
-189.0
 31
-10.392304845413264
  0
LINE
  5
CC7
330
17
100
AcDbEntity
  8
0
100
AcDbLine
 10
122.39999999999998
 20
-189.0
 30
-10.392304845413264
 11
110.39999999999998
 21
-189.0
 31
-10.392304845413264
  0
LINE
  5
CC8
330
17
100
AcDbEntity
  8
0
100
AcDbLine
 10
110.39999999999998
 20
-189.0
 30
-10.392304845413264
 11
104.39999999999998
 21
-189.0
 31
-8.881784197001252e-16
  0
LINE
  5
CC9
330
17
100
AcDbEntity
  8
0
100
AcDbLine
 10
104.39999999999998
 20
-189.0
 30
-9.144646466642455e-16
 11
110.39999999999998
 21
-189.0
 31
10.392304845413262
  0
LINE
  5
CCA
330
17
100
AcDbEntity
  8
0
100
AcDbLine
 10
110.39999999999998
 20
-189.0
 30
10.39230484541326
 11
122.39999999999998
 21
-189.0
 31
10.392304845413268
  0
LINE
  5
CCB
330
17
100
AcDbEntity
  8
0
100
AcDbLine
 10
122.39999999999996
 20
-189.0
 30
10.392304845413268
 11
128.39999999999998
 21
-189.0
 31
-3.803208683765894e-16
  0
CIRCLE
  5
CCC
330
17
100
AcDbEntity
  8
0
100
AcDbCircle
 10
116.39999999999998
 20
-189.0
 30
5.551115123125783e-16
 40
10.0
  0
LINE
  5
CCD
330
17
100
AcDbEntity
  8
0
100
AcDbLine
 10
127.39999999999998
 20
-163.0
 30
3.4416913763379853e-15
 11
121.89999999999998
 21
-163.0
 31
-9.526279441628823
  0
LINE
  5
CCE
330
17
100
AcDbEntity
  8
0
100
AcDbLine
 10
121.89999999999998
 20
-163.0
 30
-9.526279441628821
 11
110.89999999999998
 21
-163.0
 31
-9.526279441628823
  0
LINE
  5
CCF
330
17
100
AcDbEntity
  8
0
100
AcDbLine
 10
110.89999999999998
 20
-163.0
 30
-9.526279441628823
 11
105.39999999999998
 21
-163.0
 31
3.0926823835820702e-15
  0
LINE
  5
CD0
330
17
100
AcDbEntity
  8
0
100
AcDbLine
 10
105.39999999999998
 20
-163.0
 30
2.0945798972758967e-15
 11
110.89999999999998
 21
-163.0
 31
9.526279441628828
  0
LINE
  5
CD1
330
17
100
AcDbEntity
  8
0
100
AcDbLine
 10
110.89999999999998
 20
-163.0
 30
9.526279441628827
 11
121.89999999999998
 21
-163.0
 31
9.526279441628834
  0
LINE
  5
CD2
330
17
100
AcDbEntity
  8
0
100
AcDbLine
 10
121.89999999999998
 20
-163.0
 30
9.526279441628834
 11
127.39999999999999
 21
-163.0
 31
4.1715935325865524e-15
  0
CIRCLE
  5
CD3
330
17
100
AcDbEntity
  8
0
100
AcDbCircle
 10
116.39999999999998
 20
-163.0
 30
3.552713678800501e-15
 40
6.0
  0
LINE
  5
CD4
330
17
100
AcDbEntity
  8
0
100
AcDbLine
 10
128.39999999999998
 20
-194.0
 30
0.0
 11
128.39999999999998
 21
-189.0
 31
5.551115123125783e-16
  0
LINE
  5
CD5
330
17
100
AcDbEntity
  8
0
100
AcDbLine
 10
128.39999999999998
 20
-194.0
 30
0.0
 11
122.39999999999998
 21
-194.0
 31
-10.392304845413264
  0
LINE
  5
CD6
330
17
100
AcDbEntity
  8
0
100
AcDbLine
 10
122.39999999999998
 20
-194.0
 30
-10.392304845413264
 11
122.39999999999998
 21
-189.0
 31
-10.392304845413264
  0
LINE
  5
CD7
330
17
100
AcDbEntity
  8
0
100
AcDbLine
 10
128.39999999999998
 20
-189.0
 30
5.551115123125783e-16
 11
122.39999999999998
 21
-189.0
 31
-10.392304845413264
  0
LINE
  5
CD8
330
17
100
AcDbEntity
  8
0
100
AcDbLine
 10
122.39999999999996
 20
-194.0
 30
10.392304845413268
 11
122.39999999999996
 21
-189.0
 31
10.392304845413268
  0
LINE
  5
CD9
330
17
100
AcDbEntity
  8
0
100
AcDbLine
 10
122.39999999999996
 20
-194.0
 30
10.392304845413268
 11
128.39999999999998
 21
-194.0
 31
-3.803208683765894e-16
  0
LINE
  5
CDA
330
17
100
AcDbEntity
  8
0
100
AcDbLine
 10
128.39999999999998
 20
-194.0
 30
0.0
 11
128.39999999999998
 21
-189.0
 31
5.551115123125783e-16
  0
LINE
  5
CDB
330
17
100
AcDbEntity
  8
0
100
AcDbLine
 10
122.39999999999996
 20
-189.0
 30
10.392304845413268
 11
128.39999999999998
 21
-189.0
 31
-3.803208683765894e-16
  0
LINE
  5
CDC
330
17
100
AcDbEntity
  8
0
100
AcDbLine
 10
122.39999999999998
 20
-194.0
 30
-10.392304845413264
 11
122.39999999999998
 21
-189.0
 31
-10.392304845413264
  0
LINE
  5
CDD
330
17
100
AcDbEntity
  8
0
100
AcDbLine
 10
122.39999999999998
 20
-194.0
 30
-10.392304845413264
 11
110.39999999999998
 21
-194.0
 31
-10.392304845413264
  0
LINE
  5
CDE
330
17
100
AcDbEntity
  8
0
100
AcDbLine
 10
110.39999999999998
 20
-194.0
 30
-10.392304845413264
 11
110.39999999999998
 21
-189.0
 31
-10.392304845413264
  0
LINE
  5
CDF
330
17
100
AcDbEntity
  8
0
100
AcDbLine
 10
122.39999999999998
 20
-189.0
 30
-10.392304845413264
 11
110.39999999999998
 21
-189.0
 31
-10.392304845413264
  0
LINE
  5
CE0
330
17
100
AcDbEntity
  8
0
100
AcDbLine
 10
110.39999999999998
 20
-194.0
 30
10.39230484541326
 11
110.39999999999998
 21
-189.0
 31
10.39230484541326
  0
LINE
  5
CE1
330
17
100
AcDbEntity
  8
0
100
AcDbLine
 10
110.39999999999998
 20
-194.0
 30
10.39230484541326
 11
122.39999999999998
 21
-194.0
 31
10.392304845413268
  0
LINE
  5
CE2
330
17
100
AcDbEntity
  8
0
100
AcDbLine
 10
122.39999999999996
 20
-194.0
 30
10.392304845413268
 11
122.39999999999996
 21
-189.0
 31
10.392304845413268
  0
LINE
  5
CE3
330
17
100
AcDbEntity
  8
0
100
AcDbLine
 10
110.39999999999998
 20
-189.0
 30
10.39230484541326
 11
122.39999999999998
 21
-189.0
 31
10.392304845413268
  0
LINE
  5
CE4
330
17
100
AcDbEntity
  8
0
100
AcDbLine
 10
110.39999999999998
 20
-194.0
 30
-10.392304845413264
 11
110.39999999999998
 21
-189.0
 31
-10.392304845413264
  0
LINE
  5
CE5
330
17
100
AcDbEntity
  8
0
100
AcDbLine
 10
110.39999999999998
 20
-194.0
 30
-10.392304845413264
 11
104.39999999999998
 21
-194.0
 31
-8.881784197001252e-16
  0
LINE
  5
CE6
330
17
100
AcDbEntity
  8
0
100
AcDbLine
 10
104.39999999999998
 20
-194.0
 30
-1.4695761589768238e-15
 11
104.39999999999998
 21
-189.0
 31
-9.144646466642455e-16
  0
LINE
  5
CE7
330
17
100
AcDbEntity
  8
0
100
AcDbLine
 10
110.39999999999998
 20
-189.0
 30
-10.392304845413264
 11
104.39999999999998
 21
-189.0
 31
-8.881784197001252e-16
  0
LINE
  5
CE8
330
17
100
AcDbEntity
  8
0
100
AcDbLine
 10
104.39999999999998
 20
-194.0
 30
-1.4695761589768238e-15
 11
104.39999999999998
 21
-189.0
 31
-9.144646466642455e-16
  0
LINE
  5
CE9
330
17
100
AcDbEntity
  8
0
100
AcDbLine
 10
104.39999999999998
 20
-194.0
 30
-1.4695761589768238e-15
 11
110.39999999999998
 21
-194.0
 31
10.39230484541326
  0
LINE
  5
CEA
330
17
100
AcDbEntity
  8
0
100
AcDbLine
 10
110.39999999999998
 20
-194.0
 30
10.39230484541326
 11
110.39999999999998
 21
-189.0
 31
10.39230484541326
  0
LINE
  5
CEB
330
17
100
AcDbEntity
  8
0
100
AcDbLine
 10
104.39999999999998
 20
-189.0
 30
-9.144646466642455e-16
 11
110.39999999999998
 21
-189.0
 31
10.392304845413262
  0
CIRCLE
  5
CEC
330
17
100
AcDbEntity
  8
0
100
AcDbCircle
 10
116.39999999999998
 20
-194.0
 30
-3.6163705984513678e-16
 40
6.0
  0
LINE
  5
CED
330
17
100
AcDbEntity
  8
0
100
AcDbLine
 10
110.39999999999998
 20
-163.0
 30
3.552713678800501e-15
 11
110.39999999999998
 21
-194.0
 31
0.0
  0
CIRCLE
  5
CEE
330
17
100
AcDbEntity
  8
0
100
AcDbCircle
 10
116.39999999999998
 20
-163.0
 30
3.552713678800501e-15
 40
6.0
  0
LINE
  5
CEF
330
17
100
AcDbEntity
  8
0
100
AcDbLine
 10
110.39999999999998
 20
-163.0
 30
3.552713678800501e-15
 11
110.39999999999998
 21
-194.0
 31
0.0
  0
LINE
  5
CF0
330
17
100
AcDbEntity
  8
0
100
AcDbLine
 10
128.39999999999998
 20
-194.0
 30
0.0
 11
122.39999999999998
 21
-194.0
 31
-10.392304845413264
  0
LINE
  5
CF1
330
17
100
AcDbEntity
  8
0
100
AcDbLine
 10
122.39999999999996
 20
-194.0
 30
10.392304845413268
 11
128.39999999999998
 21
-194.0
 31
-3.803208683765894e-16
  0
LINE
  5
CF2
330
17
100
AcDbEntity
  8
0
100
AcDbLine
 10
110.39999999999998
 20
-194.0
 30
10.39230484541326
 11
122.39999999999998
 21
-194.0
 31
10.392304845413268
  0
LINE
  5
CF3
330
17
100
AcDbEntity
  8
0
100
AcDbLine
 10
104.39999999999998
 20
-194.0
 30
-1.4695761589768238e-15
 11
110.39999999999998
 21
-194.0
 31
10.39230484541326
  0
LINE
  5
CF4
330
17
100
AcDbEntity
  8
0
100
AcDbLine
 10
110.39999999999998
 20
-194.0
 30
-10.392304845413264
 11
104.39999999999998
 21
-194.0
 31
-8.881784197001252e-16
  0
LINE
  5
CF5
330
17
100
AcDbEntity
  8
0
100
AcDbLine
 10
122.39999999999998
 20
-194.0
 30
-10.392304845413264
 11
110.39999999999998
 21
-194.0
 31
-10.392304845413264
  0
CIRCLE
  5
CF6
330
17
100
AcDbEntity
  8
0
100
AcDbCircle
 10
116.39999999999998
 20
-194.0
 30
-3.6163705984513678e-16
 40
6.0
  0
ENDSEC
  0
SECTION
  2
OBJECTS
  0
DICTIONARY
  5
A
330
0
100
AcDbDictionary
281
1
  3
ACAD_COLOR
350
B
  3
ACAD_GROUP
350
C
  3
ACAD_LAYOUT
350
D
  3
ACAD_MATERIAL
350
E
  3
ACAD_MLEADERSTYLE
350
F
  3
ACAD_MLINESTYLE
350
10
  3
ACAD_PLOTSETTINGS
350
11
  3
ACAD_PLOTSTYLENAME
350
12
  3
ACAD_SCALELIST
350
14
  3
ACAD_TABLESTYLE
350
15
  3
ACAD_VISUALSTYLE
350
16
  3
EZDXF_META
350
2D
  0
DICTIONARY
  5
B
330
A
100
AcDbDictionary
281
1
  0
DICTIONARY
  5
C
330
A
100
AcDbDictionary
281
1
  0
DICTIONARY
  5
D
330
A
100
AcDbDictionary
281
1
  3
Model
350
1A
  3
Layout1
350
1E
  0
DICTIONARY
  5
E
330
A
100
AcDbDictionary
281
1
  3
ByBlock
350
1F
  3
ByLayer
350
20
  3
Global
350
21
  0
DICTIONARY
  5
F
330
A
100
AcDbDictionary
281
1
  3
Standard
350
2C
  0
DICTIONARY
  5
10
330
A
100
AcDbDictionary
281
1
  3
Standard
350
22
  0
DICTIONARY
  5
11
330
A
100
AcDbDictionary
281
1
  0
ACDBDICTIONARYWDFLT
  5
12
330
A
100
AcDbDictionary
281
1
  3
Normal
350
13
100
AcDbDictionaryWithDefault
340
13
  0
ACDBPLACEHOLDER
  5
13
330
12
  0
DICTIONARY
  5
14
330
A
100
AcDbDictionary
281
1
  0
DICTIONARY
  5
15
330
A
100
AcDbDictionary
281
1
  0
DICTIONARY
  5
16
330
A
100
AcDbDictionary
281
1
  0
LAYOUT
  5
1A
330
D
100
AcDbPlotSettings
  1

  4
A3
  6

 40
7.5
 41
20.0
 42
7.5
 43
20.0
 44
420.0
 45
297.0
 46
0.0
 47
0.0
 48
0.0
 49
0.0
140
0.0
141
0.0
142
1.0
143
1.0
 70
1024
 72
1
 73
0
 74
5
  7

 75
16
 76
0
 77
2
 78
300
147
1.0
148
0.0
149
0.0
100
AcDbLayout
  1
Model
 70
1
 71
0
 10
0.0
 20
0.0
 11
420.0
 21
297.0
 12
0.0
 22
0.0
 32
0.0
 14
1e+20
 24
1e+20
 34
1e+20
 15
-1e+20
 25
-1e+20
 35
-1e+20
146
0.0
 13
0.0
 23
0.0
 33
0.0
 16
1.0
 26
0.0
 36
0.0
 17
0.0
 27
1.0
 37
0.0
 76
1
330
17
  0
LAYOUT
  5
1E
330
D
100
AcDbPlotSettings
  1

  4
A3
  6

 40
7.5
 41
20.0
 42
7.5
 43
20.0
 44
420.0
 45
297.0
 46
0.0
 47
0.0
 48
0.0
 49
0.0
140
0.0
141
0.0
142
1.0
143
1.0
 70
0
 72
1
 73
0
 74
5
  7

 75
16
 76
0
 77
2
 78
300
147
1.0
148
0.0
149
0.0
100
AcDbLayout
  1
Layout1
 70
1
 71
1
 10
0.0
 20
0.0
 11
420.0
 21
297.0
 12
0.0
 22
0.0
 32
0.0
 14
1e+20
 24
1e+20
 34
1e+20
 15
-1e+20
 25
-1e+20
 35
-1e+20
146
0.0
 13
0.0
 23
0.0
 33
0.0
 16
1.0
 26
0.0
 36
0.0
 17
0.0
 27
1.0
 37
0.0
 76
1
330
1B
  0
MATERIAL
  5
1F
102
{ACAD_REACTORS
330
E
102
}
330
E
100
AcDbMaterial
  1
ByBlock
  2

 70
0
 40
1.0
 71
1
 41
1.0
 91
-1023410177
 42
1.0
 72
1
  3

 73
1
 74
1
 75
1
 44
0.5
 73
0
 45
1.0
 46
1.0
 77
1
  4

 78
1
 79
1
170
1
 48
1.0
171
1
  6

172
1
173
1
174
1
140
1.0
141
1.0
175
1
  7

176
1
177
1
178
1
143
1.0
179
1
  8

270
1
271
1
272
1
145
1.0
146
1.0
273
1
  9

274
1
275
1
276
1
 42
1.0
 72
1
  3

 73
1
 74
1
 75
1
 94
63
  0
MATERIAL
  5
20
102
{ACAD_REACTORS
330
E
102
}
330
E
100
AcDbMaterial
  1
ByLayer
  2

 70
0
 40
1.0
 71
1
 41
1.0
 91
-1023410177
 42
1.0
 72
1
  3

 73
1
 74
1
 75
1
 44
0.5
 73
0
 45
1.0
 46
1.0
 77
1
  4

 78
1
 79
1
170
1
 48
1.0
171
1
  6

172
1
173
1
174
1
140
1.0
141
1.0
175
1
  7

176
1
177
1
178
1
143
1.0
179
1
  8

270
1
271
1
272
1
145
1.0
146
1.0
273
1
  9

274
1
275
1
276
1
 42
1.0
 72
1
  3

 73
1
 74
1
 75
1
 94
63
  0
MATERIAL
  5
21
102
{ACAD_REACTORS
330
E
102
}
330
E
100
AcDbMaterial
  1
Global
  2

 70
0
 40
1.0
 71
1
 41
1.0
 91
-1023410177
 42
1.0
 72
1
  3

 73
1
 74
1
 75
1
 44
0.5
 73
0
 45
1.0
 46
1.0
 77
1
  4

 78
1
 79
1
170
1
 48
1.0
171
1
  6

172
1
173
1
174
1
140
1.0
141
1.0
175
1
  7

176
1
177
1
178
1
143
1.0
179
1
  8

270
1
271
1
272
1
145
1.0
146
1.0
273
1
  9

274
1
275
1
276
1
 42
1.0
 72
1
  3

 73
1
 74
1
 75
1
 94
63
  0
MLINESTYLE
  5
22
102
{ACAD_REACTORS
330
10
102
}
330
10
100
AcDbMlineStyle
  2
Standard
 70
0
  3

 62
256
 51
90.0
 52
90.0
 71
2
 49
0.5
 62
256
  6
BYLAYER
 49
-0.5
 62
256
  6
BYLAYER
  0
MLEADERSTYLE
  5
2C
102
{ACAD_REACTORS
330
F
102
}
330
F
100
AcDbMLeaderStyle
179
2
170
2
171
1
172
0
 90
2
 40
0.0
 41
0.0
173
1
 91
-1056964608
 92
-2
290
1
 42
2.0
291
1
 43
8.0
  3
Standard
 44
4.0
300

342
29
174
1
175
1
176
0
178
1
 93
-1056964608
 45
4.0
292
0
297
0
 46
4.0
 94
-1056964608
 47
1.0
 49
1.0
140
1.0
294
1
141
0.0
177
0
142
1.0
295
0
296
0
143
3.75
271
0
272
9
273
9
  0
DICTIONARY
  5
2D
330
A
100
AcDbDictionary
280
1
281
1
  3
CREATED_BY_EZDXF
350
2E
  3
WRITTEN_BY_EZDXF
350
CFA
  0
DICTIONARYVAR
  5
2E
330
2D
100
DictionaryVariables
280
0
  1
1.4.2 @ 2026-01-27T01:59:57.142322+00:00
  0
DICTIONARYVAR
  5
CFA
330
2D
100
DictionaryVariables
280
0
  1
1.4.2 @ 2026-01-27T01:59:57.329065+00:00
  0
ENDSEC
  0
EOF
