ISO-10303-21;
HEADER;
/****************************************************************
 * Generated by software with PDElib inside                    *
 * PDElib Version v51a, created Wed 07/06/2011                  *
 * ITI Transcendata (http://www.transcendata.com/)              *
 ****************************************************************/
FILE_DESCRIPTION((''),'2;1');
FILE_NAME('V:\\INVENTOR\\Archivio\\EJB\\EJB-21-A\\EJB-21.stp','2014-01-15T15:46:50',('cren'),(''),'Autodesk Inventor 2012','Autodesk Inventor 2012','');
FILE_SCHEMA(('AUTOMOTIVE_DESIGN { 1 0 10303 214 1 1 1 1 }'));
ENDSEC;
DATA;
#5=APPLICATION_CONTEXT('automotive design');
#6=APPLICATION_PROTOCOL_DEFINITION('International Standard','automotive_design',2001,#5);
#7=PRODUCT_CONTEXT('',#5,'mechanical');
#8=PRODUCT('ASSIEME EJB-21A','ASSIEME EJB-21A',$,(#7));
#9=PRODUCT_RELATED_PRODUCT_CATEGORY('part',$,(#8));
#10=PRODUCT_DEFINITION_FORMATION('',$,#8);
#11=PRODUCT_DEFINITION_CONTEXT('part definition',#5,'design');
#12=PRODUCT_DEFINITION('',$,#10,#11);
#18=(NAMED_UNIT(*)PLANE_ANGLE_UNIT()SI_UNIT($,.RADIAN.));
#19=DIMENSIONAL_EXPONENTS(0.0,0.0,0.0,0.0,0.0,0.0,0.0);
#20=PLANE_ANGLE_MEASURE_WITH_UNIT(PLANE_ANGLE_MEASURE(0.0174532925),#18);
#24=(CONVERSION_BASED_UNIT('DEGREE',#20)NAMED_UNIT(#19)PLANE_ANGLE_UNIT());
#28=(NAMED_UNIT(*)SI_UNIT($,.STERADIAN.)SOLID_ANGLE_UNIT());
#32=(LENGTH_UNIT()NAMED_UNIT(*)SI_UNIT(.MILLI.,.METRE.));
#34=UNCERTAINTY_MEASURE_WITH_UNIT(LENGTH_MEASURE(0.01),#32,'DISTANCE_ACCURACY_VALUE','');
#36=(GEOMETRIC_REPRESENTATION_CONTEXT(3)GLOBAL_UNCERTAINTY_ASSIGNED_CONTEXT((#34))GLOBAL_UNIT_ASSIGNED_CONTEXT((#24,#28,#32))REPRESENTATION_CONTEXT('None','None'));
#37=AXIS2_PLACEMENT_3D('',#38,#39,#40);
#38=CARTESIAN_POINT('',(0.0,0.0,0.0));
#39=DIRECTION('',(0.0,0.0,1.0));
#40=DIRECTION('',(1.0,0.0,0.0));
#41=SHAPE_REPRESENTATION('',(#37,#7801,#11781,#12552,#12859,#12871,#13347,#13359,#13371,#13383,#13395,#13407,#13419,#13431,#13443,#13455,#13467,#14587,#14599,#14611,#14623,#15567,#15579,#15591,#15603,#16039,#16051,#16063,#16075,#16087,#16099,#16111),#36);
#42=PRODUCT_DEFINITION_SHAPE('','',#12);
#43=SHAPE_DEFINITION_REPRESENTATION(#42,#41);
#44=APPLICATION_CONTEXT('automotive design');
#45=APPLICATION_PROTOCOL_DEFINITION('International Standard','automotive_design',2001,#44);
#46=PRODUCT_CONTEXT('',#44,'mechanical');
#47=PRODUCT('CORPO EJB-21A','CORPO EJB-21A',$,(#46));
#48=PRODUCT_RELATED_PRODUCT_CATEGORY('part',$,(#47));
#49=PRODUCT_DEFINITION_FORMATION('',$,#47);
#50=PRODUCT_DEFINITION_CONTEXT('part definition',#44,'design');
#51=PRODUCT_DEFINITION('',$,#49,#50);
#57=(NAMED_UNIT(*)PLANE_ANGLE_UNIT()SI_UNIT($,.RADIAN.));
#58=DIMENSIONAL_EXPONENTS(0.0,0.0,0.0,0.0,0.0,0.0,0.0);
#59=PLANE_ANGLE_MEASURE_WITH_UNIT(PLANE_ANGLE_MEASURE(0.0174532925),#57);
#63=(CONVERSION_BASED_UNIT('DEGREE',#59)NAMED_UNIT(#58)PLANE_ANGLE_UNIT());
#67=(NAMED_UNIT(*)SI_UNIT($,.STERADIAN.)SOLID_ANGLE_UNIT());
#71=(LENGTH_UNIT()NAMED_UNIT(*)SI_UNIT(.MILLI.,.METRE.));
#73=UNCERTAINTY_MEASURE_WITH_UNIT(LENGTH_MEASURE(0.01),#71,'DISTANCE_ACCURACY_VALUE','');
#75=(GEOMETRIC_REPRESENTATION_CONTEXT(3)GLOBAL_UNCERTAINTY_ASSIGNED_CONTEXT((#73))GLOBAL_UNIT_ASSIGNED_CONTEXT((#63,#67,#71))REPRESENTATION_CONTEXT('None','None'));
#76=AXIS2_PLACEMENT_3D('',#77,#78,#79);
#77=CARTESIAN_POINT('',(0.0,0.0,0.0));
#78=DIRECTION('',(0.0,0.0,1.0));
#79=DIRECTION('',(1.0,0.0,0.0));
#80=SHAPE_REPRESENTATION('',(#76),#75);
#81=PRODUCT_DEFINITION_SHAPE('','',#51);
#82=SHAPE_DEFINITION_REPRESENTATION(#81,#80);
#88=(NAMED_UNIT(*)PLANE_ANGLE_UNIT()SI_UNIT($,.RADIAN.));
#89=DIMENSIONAL_EXPONENTS(0.0,0.0,0.0,0.0,0.0,0.0,0.0);
#90=PLANE_ANGLE_MEASURE_WITH_UNIT(PLANE_ANGLE_MEASURE(0.0174532925),#88);
#94=(CONVERSION_BASED_UNIT('DEGREE',#90)NAMED_UNIT(#89)PLANE_ANGLE_UNIT());
#98=(NAMED_UNIT(*)SI_UNIT($,.STERADIAN.)SOLID_ANGLE_UNIT());
#102=(LENGTH_UNIT()NAMED_UNIT(*)SI_UNIT(.MILLI.,.METRE.));
#104=UNCERTAINTY_MEASURE_WITH_UNIT(LENGTH_MEASURE(0.000001),#102,'DISTANCE_ACCURACY_VALUE','');
#106=(GEOMETRIC_REPRESENTATION_CONTEXT(3)GLOBAL_UNCERTAINTY_ASSIGNED_CONTEXT((#104))GLOBAL_UNIT_ASSIGNED_CONTEXT((#94,#98,#102))REPRESENTATION_CONTEXT('','3D'));
#107=CARTESIAN_POINT('',(-99.0,134.0,6.0));
#108=DIRECTION('',(1.0,0.0,0.0));
#109=DIRECTION('',(0.0,-1.0,0.0));
#110=AXIS2_PLACEMENT_3D('',#107,#108,#109);
#111=CYLINDRICAL_SURFACE('',#110,3.0);
#112=CARTESIAN_POINT('',(-83.5,137.0,6.0));
#113=VERTEX_POINT('',#112);
#114=CARTESIAN_POINT('',(-83.500000000000014,134.0,6.0));
#115=DIRECTION('',(-1.0,0.0,0.0));
#116=DIRECTION('',(0.0,-1.0,0.0));
#117=AXIS2_PLACEMENT_3D('',#114,#115,#116);
#118=CIRCLE('',#117,3.0);
#119=EDGE_CURVE('',#113,#113,#118,.T.);
#120=ORIENTED_EDGE('',*,*,#119,.F.);
#121=EDGE_LOOP('',(#120));
#122=FACE_OUTER_BOUND('',#121,.T.);
#123=CARTESIAN_POINT('',(-99.0,137.0,6.0));
#124=VERTEX_POINT('',#123);
#125=CARTESIAN_POINT('',(-99.0,134.0,6.0));
#126=DIRECTION('',(1.0,0.0,0.0));
#127=DIRECTION('',(0.0,-1.0,0.0));
#128=AXIS2_PLACEMENT_3D('',#125,#126,#127);
#129=CIRCLE('',#128,3.0);
#130=EDGE_CURVE('',#124,#124,#129,.T.);
#131=ORIENTED_EDGE('',*,*,#130,.F.);
#132=EDGE_LOOP('',(#131));
#133=FACE_BOUND('',#132,.T.);
#134=ADVANCED_FACE('',(#122,#133),#111,.F.);
#135=CARTESIAN_POINT('',(-99.0,144.5,15.0));
#136=DIRECTION('',(0.0,1.0,0.0));
#137=DIRECTION('',(0.0,0.0,1.0));
#138=AXIS2_PLACEMENT_3D('',#135,#136,#137);
#139=PLANE('',#138);
#140=CARTESIAN_POINT('',(-83.500000000000014,144.5,15.0));
#141=VERTEX_POINT('',#140);
#142=CARTESIAN_POINT('',(-83.500000000000014,144.5,9.999999999999998));
#143=VERTEX_POINT('',#142);
#144=CARTESIAN_POINT('',(-83.5,144.5,15.0));
#145=DIRECTION('',(0.0,0.0,-1.0));
#146=VECTOR('',#145,5.000000000000002);
#147=LINE('',#144,#146);
#148=EDGE_CURVE('',#141,#143,#147,.T.);
#149=ORIENTED_EDGE('',*,*,#148,.T.);
#150=CARTESIAN_POINT('',(-99.0,144.5,9.999999999999998));
#151=VERTEX_POINT('',#150);
#152=CARTESIAN_POINT('',(-99.0,144.5,9.999999999999998));
#153=DIRECTION('',(1.0,0.0,0.0));
#154=VECTOR('',#153,15.499999999999986);
#155=LINE('',#152,#154);
#156=EDGE_CURVE('',#151,#143,#155,.T.);
#157=ORIENTED_EDGE('',*,*,#156,.F.);
#158=CARTESIAN_POINT('',(-99.0,144.5,15.0));
#159=VERTEX_POINT('',#158);
#160=CARTESIAN_POINT('',(-99.0,144.5,9.999999999999998));
#161=DIRECTION('',(0.0,0.0,1.0));
#162=VECTOR('',#161,5.000000000000002);
#163=LINE('',#160,#162);
#164=EDGE_CURVE('',#151,#159,#163,.T.);
#165=ORIENTED_EDGE('',*,*,#164,.T.);
#166=CARTESIAN_POINT('',(-99.0,144.5,15.0));
#167=DIRECTION('',(1.0,0.0,0.0));
#168=VECTOR('',#167,15.499999999999986);
#169=LINE('',#166,#168);
#170=EDGE_CURVE('',#159,#141,#169,.T.);
#171=ORIENTED_EDGE('',*,*,#170,.T.);
#172=EDGE_LOOP('',(#149,#157,#165,#171));
#173=FACE_OUTER_BOUND('',#172,.T.);
#174=ADVANCED_FACE('',(#173),#139,.T.);
#175=CARTESIAN_POINT('',(-99.0,129.5,10.000000000000004));
#176=DIRECTION('',(1.0,0.0,0.0));
#177=DIRECTION('',(0.0,0.0,-1.0));
#178=AXIS2_PLACEMENT_3D('',#175,#176,#177);
#179=CYLINDRICAL_SURFACE('',#178,15.000000000000018);
#180=CARTESIAN_POINT('',(-83.500000000000014,129.5,-5.000000000000011));
#181=VERTEX_POINT('',#180);
#182=CARTESIAN_POINT('',(-83.5,129.5,10.000000000000004));
#183=DIRECTION('',(-1.0,0.0,0.0));
#184=DIRECTION('',(0.0,0.0,-1.0));
#185=AXIS2_PLACEMENT_3D('',#182,#183,#184);
#186=CIRCLE('',#185,15.000000000000018);
#187=EDGE_CURVE('',#143,#181,#186,.T.);
#188=ORIENTED_EDGE('',*,*,#187,.T.);
#189=CARTESIAN_POINT('',(-99.0,129.5,-5.000000000000011));
#190=VERTEX_POINT('',#189);
#191=CARTESIAN_POINT('',(-99.0,129.5,-5.000000000000011));
#192=DIRECTION('',(1.0,0.0,0.0));
#193=VECTOR('',#192,15.499999999999986);
#194=LINE('',#191,#193);
#195=EDGE_CURVE('',#190,#181,#194,.T.);
#196=ORIENTED_EDGE('',*,*,#195,.F.);
#197=CARTESIAN_POINT('',(-99.0,129.5,10.000000000000004));
#198=DIRECTION('',(1.0,0.0,0.0));
#199=DIRECTION('',(0.0,0.0,-1.0));
#200=AXIS2_PLACEMENT_3D('',#197,#198,#199);
#201=CIRCLE('',#200,15.000000000000018);
#202=EDGE_CURVE('',#190,#151,#201,.T.);
#203=ORIENTED_EDGE('',*,*,#202,.T.);
#204=ORIENTED_EDGE('',*,*,#156,.T.);
#205=EDGE_LOOP('',(#188,#196,#203,#204));
#206=FACE_OUTER_BOUND('',#205,.T.);
#207=ADVANCED_FACE('',(#206),#179,.T.);
#208=CARTESIAN_POINT('',(-99.0,129.5,-5.000000000000011));
#209=DIRECTION('',(0.0,0.0,-1.0));
#210=DIRECTION('',(-1.0,0.0,0.0));
#211=AXIS2_PLACEMENT_3D('',#208,#209,#210);
#212=PLANE('',#211);
#213=CARTESIAN_POINT('',(-83.500000000000014,104.61272467535886,-5.000000000000007));
#214=VERTEX_POINT('',#213);
#215=CARTESIAN_POINT('',(-83.5,129.5,-5.000000000000012));
#216=DIRECTION('',(0.0,-1.0,0.0));
#217=VECTOR('',#216,24.887275324641138);
#218=LINE('',#215,#217);
#219=EDGE_CURVE('',#181,#214,#218,.T.);
#220=ORIENTED_EDGE('',*,*,#219,.T.);
#221=CARTESIAN_POINT('',(-99.0,104.61272467535886,-5.000000000000007));
#222=VERTEX_POINT('',#221);
#223=CARTESIAN_POINT('',(-99.0,104.61272467535888,-5.000000000000007));
#224=DIRECTION('',(1.0,0.0,0.0));
#225=VECTOR('',#224,15.499999999999986);
#226=LINE('',#223,#225);
#227=EDGE_CURVE('',#222,#214,#226,.T.);
#228=ORIENTED_EDGE('',*,*,#227,.F.);
#229=CARTESIAN_POINT('',(-99.0,104.61272467535886,-5.000000000000007));
#230=DIRECTION('',(0.0,1.0,0.0));
#231=VECTOR('',#230,24.887275324641138);
#232=LINE('',#229,#231);
#233=EDGE_CURVE('',#222,#190,#232,.T.);
#234=ORIENTED_EDGE('',*,*,#233,.T.);
#235=ORIENTED_EDGE('',*,*,#195,.T.);
#236=EDGE_LOOP('',(#220,#228,#234,#235));
#237=FACE_OUTER_BOUND('',#236,.T.);
#238=ADVANCED_FACE('',(#237),#212,.T.);
#239=CARTESIAN_POINT('',(-99.0,125.5973100079492,3.410657133313754));
#240=DIRECTION('',(1.0,0.0,0.0));
#241=DIRECTION('',(0.0,0.0,-1.0));
#242=AXIS2_PLACEMENT_3D('',#239,#240,#241);
#243=PLANE('',#242);
#244=CARTESIAN_POINT('',(-99.0,122.49999999999999,15.0));
#245=VERTEX_POINT('',#244);
#246=CARTESIAN_POINT('',(-99.0,121.71388331075435,0.0));
#247=VERTEX_POINT('',#246);
#248=CARTESIAN_POINT('',(-98.999999999999986,122.49999999999997,15.000000000000005));
#249=DIRECTION('',(0.0,-0.052335956242944,-0.998629534754574));
#250=VECTOR('',#249,15.02058518996882);
#251=LINE('',#248,#250);
#252=EDGE_CURVE('',#245,#247,#251,.T.);
#253=ORIENTED_EDGE('',*,*,#252,.F.);
#254=CARTESIAN_POINT('',(-99.0,144.5,15.0));
#255=DIRECTION('',(0.0,-1.0,0.0));
#256=VECTOR('',#255,22.000000000000028);
#257=LINE('',#254,#256);
#258=EDGE_CURVE('',#159,#245,#257,.T.);
#259=ORIENTED_EDGE('',*,*,#258,.F.);
#260=ORIENTED_EDGE('',*,*,#164,.F.);
#261=ORIENTED_EDGE('',*,*,#202,.F.);
#262=ORIENTED_EDGE('',*,*,#233,.F.);
#263=CARTESIAN_POINT('',(-99.0,104.69999999999996,0.0));
#264=VERTEX_POINT('',#263);
#265=CARTESIAN_POINT('',(-99.0,104.69999999999996,0.0));
#266=DIRECTION('',(0.0,-0.017452406437286,-0.999847695156391));
#267=VECTOR('',#266,5.000761640219546);
#268=LINE('',#265,#267);
#269=EDGE_CURVE('',#264,#222,#268,.T.);
#270=ORIENTED_EDGE('',*,*,#269,.F.);
#271=CARTESIAN_POINT('',(-99.0,121.71388331075435,0.0));
#272=DIRECTION('',(0.0,-1.0,0.0));
#273=VECTOR('',#272,17.013883310754395);
#274=LINE('',#271,#273);
#275=EDGE_CURVE('',#247,#264,#274,.T.);
#276=ORIENTED_EDGE('',*,*,#275,.F.);
#277=EDGE_LOOP('',(#253,#259,#260,#261,#262,#270,#276));
#278=FACE_OUTER_BOUND('',#277,.T.);
#279=ORIENTED_EDGE('',*,*,#130,.T.);
#280=EDGE_LOOP('',(#279));
#281=FACE_BOUND('',#280,.T.);
#282=ADVANCED_FACE('',(#278,#281),#243,.F.);
#283=CARTESIAN_POINT('',(-83.500000000000014,125.5973100079492,3.410657133313755));
#284=DIRECTION('',(1.0,0.0,0.0));
#285=DIRECTION('',(0.0,0.0,-1.0));
#286=AXIS2_PLACEMENT_3D('',#283,#284,#285);
#287=PLANE('',#286);
#288=CARTESIAN_POINT('',(-83.500000000000014,122.49999999999999,15.0));
#289=VERTEX_POINT('',#288);
#290=CARTESIAN_POINT('',(-83.5,122.49999999999997,15.0));
#291=DIRECTION('',(0.0,1.0,0.0));
#292=VECTOR('',#291,22.000000000000028);
#293=LINE('',#290,#292);
#294=EDGE_CURVE('',#289,#141,#293,.T.);
#295=ORIENTED_EDGE('',*,*,#294,.F.);
#296=CARTESIAN_POINT('',(-83.500000000000014,121.71388331075435,0.0));
#297=VERTEX_POINT('',#296);
#298=CARTESIAN_POINT('',(-83.500000000000014,121.71388331075435,-2.220446E-016));
#299=DIRECTION('',(0.0,0.052335956242944,0.998629534754574));
#300=VECTOR('',#299,15.02058518996882);
#301=LINE('',#298,#300);
#302=EDGE_CURVE('',#297,#289,#301,.T.);
#303=ORIENTED_EDGE('',*,*,#302,.F.);
#304=CARTESIAN_POINT('',(-83.500000000000014,104.69999999999996,0.0));
#305=VERTEX_POINT('',#304);
#306=CARTESIAN_POINT('',(-83.500000000000014,104.69999999999996,0.0));
#307=DIRECTION('',(0.0,1.0,0.0));
#308=VECTOR('',#307,17.013883310754395);
#309=LINE('',#306,#308);
#310=EDGE_CURVE('',#305,#297,#309,.T.);
#311=ORIENTED_EDGE('',*,*,#310,.F.);
#312=CARTESIAN_POINT('',(-83.500000000000014,104.61272467535885,-5.000000000000007));
#313=DIRECTION('',(0.0,0.017452406437286,0.999847695156391));
#314=VECTOR('',#313,5.000761640219546);
#315=LINE('',#312,#314);
#316=EDGE_CURVE('',#214,#305,#315,.T.);
#317=ORIENTED_EDGE('',*,*,#316,.F.);
#318=ORIENTED_EDGE('',*,*,#219,.F.);
#319=ORIENTED_EDGE('',*,*,#187,.F.);
#320=ORIENTED_EDGE('',*,*,#148,.F.);
#321=EDGE_LOOP('',(#295,#303,#311,#317,#318,#319,#320));
#322=FACE_OUTER_BOUND('',#321,.T.);
#323=ORIENTED_EDGE('',*,*,#119,.T.);
#324=EDGE_LOOP('',(#323));
#325=FACE_BOUND('',#324,.T.);
#326=ADVANCED_FACE('',(#322,#325),#287,.T.);
#327=CARTESIAN_POINT('',(-100.0,121.71496065635581,0.020556978681392));
#328=DIRECTION('',(0.0,0.998629534754574,-0.052335956242944));
#329=DIRECTION('',(0.0,0.052335956242944,0.998629534754574));
#330=AXIS2_PLACEMENT_3D('',#327,#328,#329);
#331=PLANE('',#330);
#332=ORIENTED_EDGE('',*,*,#302,.T.);
#333=CARTESIAN_POINT('',(83.5,122.49999999999999,15.0));
#334=VERTEX_POINT('',#333);
#335=CARTESIAN_POINT('',(-83.500000000000014,122.49999999999999,15.0));
#336=DIRECTION('',(1.0,0.0,0.0));
#337=VECTOR('',#336,167.0);
#338=LINE('',#335,#337);
#339=EDGE_CURVE('',#289,#334,#338,.T.);
#340=ORIENTED_EDGE('',*,*,#339,.T.);
#341=CARTESIAN_POINT('',(83.5,121.71388331075435,0.0));
#342=VERTEX_POINT('',#341);
#343=CARTESIAN_POINT('',(83.500000000000014,122.49999999999997,15.000000000000005));
#344=DIRECTION('',(0.0,-0.052335956242944,-0.998629534754574));
#345=VECTOR('',#344,15.02058518996882);
#346=LINE('',#343,#345);
#347=EDGE_CURVE('',#334,#342,#346,.T.);
#348=ORIENTED_EDGE('',*,*,#347,.T.);
#349=CARTESIAN_POINT('',(-83.500000000000014,121.71388331075437,0.0));
#350=DIRECTION('',(1.0,0.0,0.0));
#351=VECTOR('',#350,167.0);
#352=LINE('',#349,#351);
#353=EDGE_CURVE('',#297,#342,#352,.T.);
#354=ORIENTED_EDGE('',*,*,#353,.F.);
#355=EDGE_LOOP('',(#332,#340,#348,#354));
#356=FACE_OUTER_BOUND('',#355,.T.);
#357=ADVANCED_FACE('',(#356),#331,.T.);
#358=CARTESIAN_POINT('',(-100.0,121.71496065635581,0.020556978681392));
#359=DIRECTION('',(0.0,0.998629534754574,-0.052335956242944));
#360=DIRECTION('',(0.0,0.052335956242944,0.998629534754574));
#361=AXIS2_PLACEMENT_3D('',#358,#359,#360);
#362=PLANE('',#361);
#363=ORIENTED_EDGE('',*,*,#252,.T.);
#364=CARTESIAN_POINT('',(-100.0,121.71388331075435,0.0));
#365=VERTEX_POINT('',#364);
#366=CARTESIAN_POINT('',(-100.00000000000001,121.71388331075437,0.0));
#367=DIRECTION('',(1.0,0.0,0.0));
#368=VECTOR('',#367,1.000000000000014);
#369=LINE('',#366,#368);
#370=EDGE_CURVE('',#365,#247,#369,.T.);
#371=ORIENTED_EDGE('',*,*,#370,.F.);
#372=CARTESIAN_POINT('',(-100.0,122.49999999999999,15.0));
#373=VERTEX_POINT('',#372);
#374=CARTESIAN_POINT('',(-100.0,121.71388331075435,7.979728E-017));
#375=DIRECTION('',(0.0,0.052335956242944,0.998629534754574));
#376=VECTOR('',#375,15.020585189968818);
#377=LINE('',#374,#376);
#378=EDGE_CURVE('',#365,#373,#377,.T.);
#379=ORIENTED_EDGE('',*,*,#378,.T.);
#380=CARTESIAN_POINT('',(-100.0,122.49999999999999,15.0));
#381=DIRECTION('',(1.0,0.0,0.0));
#382=VECTOR('',#381,1.0);
#383=LINE('',#380,#382);
#384=EDGE_CURVE('',#373,#245,#383,.T.);
#385=ORIENTED_EDGE('',*,*,#384,.T.);
#386=EDGE_LOOP('',(#363,#371,#379,#385));
#387=FACE_OUTER_BOUND('',#386,.T.);
#388=ADVANCED_FACE('',(#387),#362,.T.);
#389=CARTESIAN_POINT('',(-1.554312E-014,3.330669E-015,0.0));
#390=DIRECTION('',(0.0,0.0,1.0));
#391=DIRECTION('',(1.0,0.0,0.0));
#392=AXIS2_PLACEMENT_3D('',#389,#390,#391);
#393=PLANE('',#392);
#394=ORIENTED_EDGE('',*,*,#275,.T.);
#395=CARTESIAN_POINT('',(-99.703807621090277,104.69999999999996,0.0));
#396=VERTEX_POINT('',#395);
#397=CARTESIAN_POINT('',(-99.0,104.69999999999996,0.0));
#398=DIRECTION('',(-1.0,0.0,0.0));
#399=VECTOR('',#398,0.703807621090277);
#400=LINE('',#397,#399);
#401=EDGE_CURVE('',#264,#396,#400,.T.);
#402=ORIENTED_EDGE('',*,*,#401,.T.);
#403=CARTESIAN_POINT('',(-109.09739925666977,102.86816560123609,0.0));
#404=VERTEX_POINT('',#403);
#405=CARTESIAN_POINT('',(-99.696191798902419,79.696191798902277,0.0));
#406=DIRECTION('',(0.0,0.0,1.0));
#407=DIRECTION('',(-0.707106781186547,0.707106781186548,0.0));
#408=AXIS2_PLACEMENT_3D('',#405,#406,#407);
#409=ELLIPSE('',#408,25.007615822276222,24.999999999999993);
#410=EDGE_CURVE('',#404,#396,#409,.F.);
#411=ORIENTED_EDGE('',*,*,#410,.F.);
#412=CARTESIAN_POINT('',(-122.86816560123614,89.097399256669817,0.0));
#413=VERTEX_POINT('',#412);
#414=CARTESIAN_POINT('',(-119.20000000000002,99.200000000000017,0.0));
#415=DIRECTION('',(0.0,0.0,-1.0));
#416=DIRECTION('',(-0.707106781186545,0.707106781186549,0.0));
#417=AXIS2_PLACEMENT_3D('',#414,#415,#416);
#418=CIRCLE('',#417,10.747929133429757);
#419=EDGE_CURVE('',#413,#404,#418,.T.);
#420=ORIENTED_EDGE('',*,*,#419,.F.);
#421=CARTESIAN_POINT('',(-124.70000000000006,79.703807621090149,0.0));
#422=VERTEX_POINT('',#421);
#423=CARTESIAN_POINT('',(-99.696191798902419,79.696191798902277,0.0));
#424=DIRECTION('',(0.0,0.0,1.0));
#425=DIRECTION('',(-0.707106781186547,0.707106781186548,0.0));
#426=AXIS2_PLACEMENT_3D('',#423,#424,#425);
#427=ELLIPSE('',#426,25.007615822276222,24.999999999999993);
#428=EDGE_CURVE('',#422,#413,#427,.F.);
#429=ORIENTED_EDGE('',*,*,#428,.F.);
#430=CARTESIAN_POINT('',(-124.7,45.453132576277248,0.0));
#431=VERTEX_POINT('',#430);
#432=CARTESIAN_POINT('',(-124.70000000000006,79.703807621090135,0.0));
#433=DIRECTION('',(0.0,-1.0,0.0));
#434=VECTOR('',#433,34.250675044812894);
#435=LINE('',#432,#434);
#436=EDGE_CURVE('',#422,#431,#435,.T.);
#437=ORIENTED_EDGE('',*,*,#436,.T.);
#438=CARTESIAN_POINT('',(-124.69999999999997,24.546867423722798,0.0));
#439=VERTEX_POINT('',#438);
#440=CARTESIAN_POINT('',(-127.19999999999999,35.000000000000014,0.0));
#441=DIRECTION('',(0.0,0.0,-1.0));
#442=DIRECTION('',(-1.0,0.0,0.0));
#443=AXIS2_PLACEMENT_3D('',#440,#441,#442);
#444=CIRCLE('',#443,10.747929133429759);
#445=EDGE_CURVE('',#439,#431,#444,.T.);
#446=ORIENTED_EDGE('',*,*,#445,.F.);
#447=CARTESIAN_POINT('',(-124.6999999999999,-24.546867423722784,0.0));
#448=VERTEX_POINT('',#447);
#449=CARTESIAN_POINT('',(-124.69999999999997,24.546867423722794,0.0));
#450=DIRECTION('',(0.0,-1.0,0.0));
#451=VECTOR('',#450,49.093734847445582);
#452=LINE('',#449,#451);
#453=EDGE_CURVE('',#439,#448,#452,.T.);
#454=ORIENTED_EDGE('',*,*,#453,.T.);
#455=CARTESIAN_POINT('',(-124.69999999999986,-45.453132576277184,0.0));
#456=VERTEX_POINT('',#455);
#457=CARTESIAN_POINT('',(-127.2,-34.999999999999986,0.0));
#458=DIRECTION('',(0.0,0.0,-1.0));
#459=DIRECTION('',(-1.0,0.0,0.0));
#460=AXIS2_PLACEMENT_3D('',#457,#458,#459);
#461=CIRCLE('',#460,10.747929133429759);
#462=EDGE_CURVE('',#456,#448,#461,.T.);
#463=ORIENTED_EDGE('',*,*,#462,.F.);
#464=CARTESIAN_POINT('',(-124.69999999999983,-79.703807621089481,0.0));
#465=VERTEX_POINT('',#464);
#466=CARTESIAN_POINT('',(-124.69999999999986,-45.453132576277184,0.0));
#467=DIRECTION('',(0.0,-1.0,0.0));
#468=VECTOR('',#467,34.250675044812311);
#469=LINE('',#466,#468);
#470=EDGE_CURVE('',#456,#465,#469,.T.);
#471=ORIENTED_EDGE('',*,*,#470,.T.);
#472=CARTESIAN_POINT('',(-122.86816560123569,-89.097399256669632,0.0));
#473=VERTEX_POINT('',#472);
#474=CARTESIAN_POINT('',(-99.696191798902149,-79.696191798901523,0.0));
#475=DIRECTION('',(0.0,0.0,1.0));
#476=DIRECTION('',(-0.707106781186549,-0.707106781186546,0.0));
#477=AXIS2_PLACEMENT_3D('',#474,#475,#476);
#478=ELLIPSE('',#477,25.007615822276229,25.0);
#479=EDGE_CURVE('',#473,#465,#478,.F.);
#480=ORIENTED_EDGE('',*,*,#479,.F.);
#481=CARTESIAN_POINT('',(-109.09739925666952,-102.86816560123535,0.0));
#482=VERTEX_POINT('',#481);
#483=CARTESIAN_POINT('',(-119.20000000000002,-99.200000000000017,0.0));
#484=DIRECTION('',(0.0,0.0,-1.0));
#485=DIRECTION('',(-0.707106781186536,-0.707106781186559,0.0));
#486=AXIS2_PLACEMENT_3D('',#483,#484,#485);
#487=CIRCLE('',#486,10.747929133429759);
#488=EDGE_CURVE('',#482,#473,#487,.T.);
#489=ORIENTED_EDGE('',*,*,#488,.F.);
#490=CARTESIAN_POINT('',(-99.703807621090135,-104.69999999999921,0.0));
#491=VERTEX_POINT('',#490);
#492=CARTESIAN_POINT('',(-99.696191798902149,-79.696191798901523,0.0));
#493=DIRECTION('',(0.0,0.0,1.0));
#494=DIRECTION('',(-0.707106781186549,-0.707106781186546,0.0));
#495=AXIS2_PLACEMENT_3D('',#492,#493,#494);
#496=ELLIPSE('',#495,25.007615822276229,25.0);
#497=EDGE_CURVE('',#491,#482,#496,.F.);
#498=ORIENTED_EDGE('',*,*,#497,.F.);
#499=CARTESIAN_POINT('',(-70.453132576277056,-104.69999999999926,0.0));
#500=VERTEX_POINT('',#499);
#501=CARTESIAN_POINT('',(-99.703807621090135,-104.69999999999919,0.0));
#502=DIRECTION('',(1.0,0.0,0.0));
#503=VECTOR('',#502,29.250675044813079);
#504=LINE('',#501,#503);
#505=EDGE_CURVE('',#491,#500,#504,.T.);
#506=ORIENTED_EDGE('',*,*,#505,.T.);
#507=CARTESIAN_POINT('',(-49.546867423722944,-104.69999999999933,0.0));
#508=VERTEX_POINT('',#507);
#509=CARTESIAN_POINT('',(-60.000000000000007,-107.2,0.0));
#510=DIRECTION('',(0.0,0.0,-1.0));
#511=DIRECTION('',(0.0,-1.0,0.0));
#512=AXIS2_PLACEMENT_3D('',#509,#510,#511);
#513=CIRCLE('',#512,10.747929133429759);
#514=EDGE_CURVE('',#508,#500,#513,.T.);
#515=ORIENTED_EDGE('',*,*,#514,.F.);
#516=CARTESIAN_POINT('',(-10.453132576277099,-104.69999999999942,0.0));
#517=VERTEX_POINT('',#516);
#518=CARTESIAN_POINT('',(-49.546867423722937,-104.69999999999932,0.0));
#519=DIRECTION('',(1.0,0.0,0.0));
#520=VECTOR('',#519,39.093734847445837);
#521=LINE('',#518,#520);
#522=EDGE_CURVE('',#508,#517,#521,.T.);
#523=ORIENTED_EDGE('',*,*,#522,.T.);
#524=CARTESIAN_POINT('',(10.453132576277092,-104.69999999999949,0.0));
#525=VERTEX_POINT('',#524);
#526=CARTESIAN_POINT('',(-8.881784E-015,-107.2,0.0));
#527=DIRECTION('',(0.0,0.0,-1.0));
#528=DIRECTION('',(0.0,-1.0,0.0));
#529=AXIS2_PLACEMENT_3D('',#526,#527,#528);
#530=CIRCLE('',#529,10.747929133429759);
#531=EDGE_CURVE('',#525,#517,#530,.T.);
#532=ORIENTED_EDGE('',*,*,#531,.F.);
#533=CARTESIAN_POINT('',(49.546867423722873,-104.69999999999958,0.0));
#534=VERTEX_POINT('',#533);
#535=CARTESIAN_POINT('',(10.453132576277085,-104.69999999999948,0.0));
#536=DIRECTION('',(1.0,0.0,0.0));
#537=VECTOR('',#536,39.093734847445788);
#538=LINE('',#535,#537);
#539=EDGE_CURVE('',#525,#534,#538,.T.);
#540=ORIENTED_EDGE('',*,*,#539,.T.);
#541=CARTESIAN_POINT('',(70.453132576277127,-104.69999999999965,0.0));
#542=VERTEX_POINT('',#541);
#543=CARTESIAN_POINT('',(59.999999999999993,-107.2,0.0));
#544=DIRECTION('',(0.0,0.0,-1.0));
#545=DIRECTION('',(0.0,-1.0,0.0));
#546=AXIS2_PLACEMENT_3D('',#543,#544,#545);
#547=CIRCLE('',#546,10.747929133429759);
#548=EDGE_CURVE('',#542,#534,#547,.T.);
#549=ORIENTED_EDGE('',*,*,#548,.F.);
#550=CARTESIAN_POINT('',(99.703807621089624,-104.6999999999997,0.0));
#551=VERTEX_POINT('',#550);
#552=CARTESIAN_POINT('',(70.453132576277127,-104.69999999999963,0.0));
#553=DIRECTION('',(1.0,0.0,0.0));
#554=VECTOR('',#553,29.25067504481251);
#555=LINE('',#552,#554);
#556=EDGE_CURVE('',#542,#551,#555,.T.);
#557=ORIENTED_EDGE('',*,*,#556,.T.);
#558=CARTESIAN_POINT('',(109.09739925666963,-102.86816560123566,0.0));
#559=VERTEX_POINT('',#558);
#560=CARTESIAN_POINT('',(99.696191798901793,-79.696191798902007,0.0));
#561=DIRECTION('',(0.0,0.0,1.0));
#562=DIRECTION('',(0.707106781186546,-0.707106781186549,0.0));
#563=AXIS2_PLACEMENT_3D('',#560,#561,#562);
#564=ELLIPSE('',#563,25.007615822276225,24.999999999999993);
#565=EDGE_CURVE('',#559,#551,#564,.F.);
#566=ORIENTED_EDGE('',*,*,#565,.F.);
#567=CARTESIAN_POINT('',(122.86816560123553,-89.097399256669576,0.0));
#568=VERTEX_POINT('',#567);
#569=CARTESIAN_POINT('',(119.20000000000002,-99.200000000000017,0.0));
#570=DIRECTION('',(0.0,0.0,-1.0));
#571=DIRECTION('',(0.707106781186551,-0.707106781186543,0.0));
#572=AXIS2_PLACEMENT_3D('',#569,#570,#571);
#573=CIRCLE('',#572,10.747929133429757);
#574=EDGE_CURVE('',#568,#559,#573,.T.);
#575=ORIENTED_EDGE('',*,*,#574,.F.);
#576=CARTESIAN_POINT('',(124.69999999999948,-79.703807621089979,0.0));
#577=VERTEX_POINT('',#576);
#578=CARTESIAN_POINT('',(99.696191798901793,-79.696191798902007,0.0));
#579=DIRECTION('',(0.0,0.0,1.0));
#580=DIRECTION('',(0.707106781186546,-0.707106781186549,0.0));
#581=AXIS2_PLACEMENT_3D('',#578,#579,#580);
#582=ELLIPSE('',#581,25.007615822276225,24.999999999999993);
#583=EDGE_CURVE('',#577,#568,#582,.F.);
#584=ORIENTED_EDGE('',*,*,#583,.F.);
#585=CARTESIAN_POINT('',(124.69999999999955,-45.45313257627712,0.0));
#586=VERTEX_POINT('',#585);
#587=CARTESIAN_POINT('',(124.69999999999948,-79.703807621089965,0.0));
#588=DIRECTION('',(0.0,1.0,0.0));
#589=VECTOR('',#588,34.250675044812844);
#590=LINE('',#587,#589);
#591=EDGE_CURVE('',#577,#586,#590,.T.);
#592=ORIENTED_EDGE('',*,*,#591,.T.);
#593=CARTESIAN_POINT('',(124.69999999999958,-24.546867423722869,0.0));
#594=VERTEX_POINT('',#593);
#595=CARTESIAN_POINT('',(127.19999999999999,-35.0,0.0));
#596=DIRECTION('',(0.0,0.0,-1.0));
#597=DIRECTION('',(1.0,0.0,0.0));
#598=AXIS2_PLACEMENT_3D('',#595,#596,#597);
#599=CIRCLE('',#598,10.747929133429759);
#600=EDGE_CURVE('',#594,#586,#599,.T.);
#601=ORIENTED_EDGE('',*,*,#600,.F.);
#602=CARTESIAN_POINT('',(124.69999999999969,24.546867423722855,0.0));
#603=VERTEX_POINT('',#602);
#604=CARTESIAN_POINT('',(124.69999999999959,-24.546867423722865,0.0));
#605=DIRECTION('',(0.0,1.0,0.0));
#606=VECTOR('',#605,49.093734847445724);
#607=LINE('',#604,#606);
#608=EDGE_CURVE('',#594,#603,#607,.T.);
#609=ORIENTED_EDGE('',*,*,#608,.T.);
#610=CARTESIAN_POINT('',(124.69999999999972,45.45313257627717,0.0));
#611=VERTEX_POINT('',#610);
#612=CARTESIAN_POINT('',(127.2,35.0,0.0));
#613=DIRECTION('',(0.0,0.0,-1.0));
#614=DIRECTION('',(1.0,0.0,0.0));
#615=AXIS2_PLACEMENT_3D('',#612,#613,#614);
#616=CIRCLE('',#615,10.747929133429759);
#617=EDGE_CURVE('',#611,#603,#616,.T.);
#618=ORIENTED_EDGE('',*,*,#617,.F.);
#619=CARTESIAN_POINT('',(124.69999999999979,79.703807621089936,0.0));
#620=VERTEX_POINT('',#619);
#621=CARTESIAN_POINT('',(124.69999999999972,45.45313257627717,0.0));
#622=DIRECTION('',(0.0,1.0,0.0));
#623=VECTOR('',#622,34.25067504481278);
#624=LINE('',#621,#623);
#625=EDGE_CURVE('',#611,#620,#624,.T.);
#626=ORIENTED_EDGE('',*,*,#625,.T.);
#627=CARTESIAN_POINT('',(122.86816560123583,89.097399256669689,0.0));
#628=VERTEX_POINT('',#627);
#629=CARTESIAN_POINT('',(99.696191798902078,79.696191798902078,0.0));
#630=DIRECTION('',(0.0,0.0,1.0));
#631=DIRECTION('',(0.707106781186549,0.707106781186546,0.0));
#632=AXIS2_PLACEMENT_3D('',#629,#630,#631);
#633=ELLIPSE('',#632,25.007615822276225,24.999999999999996);
#634=EDGE_CURVE('',#628,#620,#633,.F.);
#635=ORIENTED_EDGE('',*,*,#634,.F.);
#636=CARTESIAN_POINT('',(109.09739925666969,102.86816560123582,0.0));
#637=VERTEX_POINT('',#636);
#638=CARTESIAN_POINT('',(119.20000000000002,99.200000000000017,0.0));
#639=DIRECTION('',(0.0,0.0,-1.0));
#640=DIRECTION('',(0.707106781186547,0.707106781186547,0.0));
#641=AXIS2_PLACEMENT_3D('',#638,#639,#640);
#642=CIRCLE('',#641,10.747929133429757);
#643=EDGE_CURVE('',#637,#628,#642,.T.);
#644=ORIENTED_EDGE('',*,*,#643,.F.);
#645=CARTESIAN_POINT('',(99.703807621090021,104.69999999999973,0.0));
#646=VERTEX_POINT('',#645);
#647=CARTESIAN_POINT('',(99.696191798902078,79.696191798902078,0.0));
#648=DIRECTION('',(0.0,0.0,1.0));
#649=DIRECTION('',(0.707106781186549,0.707106781186546,0.0));
#650=AXIS2_PLACEMENT_3D('',#647,#648,#649);
#651=ELLIPSE('',#650,25.007615822276225,24.999999999999996);
#652=EDGE_CURVE('',#646,#637,#651,.F.);
#653=ORIENTED_EDGE('',*,*,#652,.F.);
#654=CARTESIAN_POINT('',(98.999999999999986,104.69999999999996,0.0));
#655=VERTEX_POINT('',#654);
#656=CARTESIAN_POINT('',(99.703807621090021,104.69999999999973,0.0));
#657=DIRECTION('',(-1.0,0.0,0.0));
#658=VECTOR('',#657,0.703807621090036);
#659=LINE('',#656,#658);
#660=EDGE_CURVE('',#646,#655,#659,.T.);
#661=ORIENTED_EDGE('',*,*,#660,.T.);
#662=CARTESIAN_POINT('',(98.999999999999986,121.71388331075435,0.0));
#663=VERTEX_POINT('',#662);
#664=CARTESIAN_POINT('',(98.999999999999986,104.69999999999996,0.0));
#665=DIRECTION('',(0.0,1.0,0.0));
#666=VECTOR('',#665,17.013883310754395);
#667=LINE('',#664,#666);
#668=EDGE_CURVE('',#655,#663,#667,.T.);
#669=ORIENTED_EDGE('',*,*,#668,.T.);
#670=CARTESIAN_POINT('',(100.0,121.71388331075435,0.0));
#671=VERTEX_POINT('',#670);
#672=CARTESIAN_POINT('',(99.0,121.71388331075437,0.0));
#673=DIRECTION('',(1.0,0.0,0.0));
#674=VECTOR('',#673,1.0);
#675=LINE('',#672,#674);
#676=EDGE_CURVE('',#663,#671,#675,.T.);
#677=ORIENTED_EDGE('',*,*,#676,.T.);
#678=CARTESIAN_POINT('',(141.71388331075437,79.999999999999972,0.0));
#679=VERTEX_POINT('',#678);
#680=CARTESIAN_POINT('',(100.0,79.999999999999986,0.0));
#681=DIRECTION('',(0.0,0.0,-1.0));
#682=DIRECTION('',(-1.0,0.0,0.0));
#683=AXIS2_PLACEMENT_3D('',#680,#681,#682);
#684=CIRCLE('',#683,41.713883310754383);
#685=EDGE_CURVE('',#671,#679,#684,.T.);
#686=ORIENTED_EDGE('',*,*,#685,.T.);
#687=CARTESIAN_POINT('',(141.71388331075434,-80.0,0.0));
#688=VERTEX_POINT('',#687);
#689=CARTESIAN_POINT('',(141.71388331075437,79.999999999999972,0.0));
#690=DIRECTION('',(0.0,-1.0,0.0));
#691=VECTOR('',#690,159.99999999999997);
#692=LINE('',#689,#691);
#693=EDGE_CURVE('',#679,#688,#692,.T.);
#694=ORIENTED_EDGE('',*,*,#693,.T.);
#695=CARTESIAN_POINT('',(99.999999999999972,-121.71388331075435,0.0));
#696=VERTEX_POINT('',#695);
#697=CARTESIAN_POINT('',(99.999999999999986,-80.0,0.0));
#698=DIRECTION('',(0.0,0.0,-1.0));
#699=DIRECTION('',(0.0,1.0,0.0));
#700=AXIS2_PLACEMENT_3D('',#697,#698,#699);
#701=CIRCLE('',#700,41.713883310754369);
#702=EDGE_CURVE('',#688,#696,#701,.T.);
#703=ORIENTED_EDGE('',*,*,#702,.T.);
#704=CARTESIAN_POINT('',(-100.00000000000003,-121.7138833107544,0.0));
#705=VERTEX_POINT('',#704);
#706=CARTESIAN_POINT('',(100.0,-121.71388331075435,-5.551115E-016));
#707=DIRECTION('',(-1.0,0.0,0.0));
#708=VECTOR('',#707,200.00000000000006);
#709=LINE('',#706,#708);
#710=EDGE_CURVE('',#696,#705,#709,.T.);
#711=ORIENTED_EDGE('',*,*,#710,.T.);
#712=CARTESIAN_POINT('',(-141.71388331075437,-80.000000000000028,0.0));
#713=VERTEX_POINT('',#712);
#714=CARTESIAN_POINT('',(-100.00000000000003,-80.000000000000057,0.0));
#715=DIRECTION('',(0.0,0.0,-1.0));
#716=DIRECTION('',(1.0,0.0,0.0));
#717=AXIS2_PLACEMENT_3D('',#714,#715,#716);
#718=CIRCLE('',#717,41.713883310754348);
#719=EDGE_CURVE('',#705,#713,#718,.T.);
#720=ORIENTED_EDGE('',*,*,#719,.T.);
#721=CARTESIAN_POINT('',(-141.71388331075437,79.999999999999972,0.0));
#722=VERTEX_POINT('',#721);
#723=CARTESIAN_POINT('',(-141.71388331075437,-80.000000000000057,0.0));
#724=DIRECTION('',(0.0,1.0,0.0));
#725=VECTOR('',#724,160.00000000000006);
#726=LINE('',#723,#725);
#727=EDGE_CURVE('',#713,#722,#726,.T.);
#728=ORIENTED_EDGE('',*,*,#727,.T.);
#729=CARTESIAN_POINT('',(-100.00000000000001,80.0,0.0));
#730=DIRECTION('',(0.0,0.0,-1.0));
#731=DIRECTION('',(0.0,-1.0,0.0));
#732=AXIS2_PLACEMENT_3D('',#729,#730,#731);
#733=CIRCLE('',#732,41.713883310754369);
#734=EDGE_CURVE('',#722,#365,#733,.T.);
#735=ORIENTED_EDGE('',*,*,#734,.T.);
#736=ORIENTED_EDGE('',*,*,#370,.T.);
#737=EDGE_LOOP('',(#394,#402,#411,#420,#429,#437,#446,#454,#463,#471,#480,#489,#498,#506,#515,#523,#532,#540,#549,#557,#566,#575,#584,#592,#601,#609,#618,#626,#635,#644,#653,#661,#669,#677,#686,#694,#703,#711,#720,#728,#735,#736));
#738=FACE_OUTER_BOUND('',#737,.T.);
#739=ADVANCED_FACE('',(#738),#393,.F.);
#740=CARTESIAN_POINT('',(-1.554312E-014,3.330669E-015,0.0));
#741=DIRECTION('',(0.0,0.0,1.0));
#742=DIRECTION('',(1.0,0.0,0.0));
#743=AXIS2_PLACEMENT_3D('',#740,#741,#742);
#744=PLANE('',#743);
#745=ORIENTED_EDGE('',*,*,#310,.T.);
#746=ORIENTED_EDGE('',*,*,#353,.T.);
#747=CARTESIAN_POINT('',(83.5,104.69999999999996,0.0));
#748=VERTEX_POINT('',#747);
#749=CARTESIAN_POINT('',(83.5,121.71388331075435,0.0));
#750=DIRECTION('',(0.0,-1.0,0.0));
#751=VECTOR('',#750,17.013883310754395);
#752=LINE('',#749,#751);
#753=EDGE_CURVE('',#342,#748,#752,.T.);
#754=ORIENTED_EDGE('',*,*,#753,.T.);
#755=CARTESIAN_POINT('',(70.45313257627717,104.69999999999976,0.0));
#756=VERTEX_POINT('',#755);
#757=CARTESIAN_POINT('',(83.5,104.69999999999975,0.0));
#758=DIRECTION('',(-1.0,0.0,0.0));
#759=VECTOR('',#758,13.04686742372283);
#760=LINE('',#757,#759);
#761=EDGE_CURVE('',#748,#756,#760,.T.);
#762=ORIENTED_EDGE('',*,*,#761,.T.);
#763=CARTESIAN_POINT('',(49.54686742372283,104.69999999999979,0.0));
#764=VERTEX_POINT('',#763);
#765=CARTESIAN_POINT('',(60.0,107.2,0.0));
#766=DIRECTION('',(0.0,0.0,-1.0));
#767=DIRECTION('',(0.0,1.0,0.0));
#768=AXIS2_PLACEMENT_3D('',#765,#766,#767);
#769=CIRCLE('',#768,10.747929133429759);
#770=EDGE_CURVE('',#764,#756,#769,.T.);
#771=ORIENTED_EDGE('',*,*,#770,.F.);
#772=CARTESIAN_POINT('',(10.453132576277184,104.69999999999983,0.0));
#773=VERTEX_POINT('',#772);
#774=CARTESIAN_POINT('',(49.54686742372283,104.69999999999979,0.0));
#775=DIRECTION('',(-1.0,0.0,0.0));
#776=VECTOR('',#775,39.093734847445646);
#777=LINE('',#774,#776);
#778=EDGE_CURVE('',#764,#773,#777,.T.);
#779=ORIENTED_EDGE('',*,*,#778,.T.);
#780=CARTESIAN_POINT('',(-10.453132576277193,104.69999999999986,0.0));
#781=VERTEX_POINT('',#780);
#782=CARTESIAN_POINT('',(0.0,107.2,0.0));
#783=DIRECTION('',(0.0,0.0,-1.0));
#784=DIRECTION('',(0.0,1.0,0.0));
#785=AXIS2_PLACEMENT_3D('',#782,#783,#784);
#786=CIRCLE('',#785,10.747929133429759);
#787=EDGE_CURVE('',#781,#773,#786,.T.);
#788=ORIENTED_EDGE('',*,*,#787,.F.);
#789=CARTESIAN_POINT('',(-49.546867423722802,104.6999999999999,0.0));
#790=VERTEX_POINT('',#789);
#791=CARTESIAN_POINT('',(-10.453132576277198,104.69999999999986,0.0));
#792=DIRECTION('',(-1.0,0.0,0.0));
#793=VECTOR('',#792,39.093734847445603);
#794=LINE('',#791,#793);
#795=EDGE_CURVE('',#781,#790,#794,.T.);
#796=ORIENTED_EDGE('',*,*,#795,.T.);
#797=CARTESIAN_POINT('',(-70.453132576277198,104.69999999999993,0.0));
#798=VERTEX_POINT('',#797);
#799=CARTESIAN_POINT('',(-60.0,107.2,0.0));
#800=DIRECTION('',(0.0,0.0,-1.0));
#801=DIRECTION('',(0.0,1.0,0.0));
#802=AXIS2_PLACEMENT_3D('',#799,#800,#801);
#803=CIRCLE('',#802,10.747929133429759);
#804=EDGE_CURVE('',#798,#790,#803,.T.);
#805=ORIENTED_EDGE('',*,*,#804,.F.);
#806=CARTESIAN_POINT('',(-70.453132576277198,104.69999999999993,0.0));
#807=DIRECTION('',(-1.0,0.0,0.0));
#808=VECTOR('',#807,13.046867423722802);
#809=LINE('',#806,#808);
#810=EDGE_CURVE('',#798,#305,#809,.T.);
#811=ORIENTED_EDGE('',*,*,#810,.T.);
#812=EDGE_LOOP('',(#745,#746,#754,#762,#771,#779,#788,#796,#805,#811));
#813=FACE_OUTER_BOUND('',#812,.T.);
#814=ADVANCED_FACE('',(#813),#744,.F.);
#815=CARTESIAN_POINT('',(83.5,134.0,6.0));
#816=DIRECTION('',(1.0,0.0,0.0));
#817=DIRECTION('',(0.0,-1.0,0.0));
#818=AXIS2_PLACEMENT_3D('',#815,#816,#817);
#819=CYLINDRICAL_SURFACE('',#818,3.0);
#820=CARTESIAN_POINT('',(99.0,137.0,6.0));
#821=VERTEX_POINT('',#820);
#822=CARTESIAN_POINT('',(98.999999999999986,134.0,6.0));
#823=DIRECTION('',(-1.0,0.0,0.0));
#824=DIRECTION('',(0.0,-1.0,0.0));
#825=AXIS2_PLACEMENT_3D('',#822,#823,#824);
#826=CIRCLE('',#825,3.0);
#827=EDGE_CURVE('',#821,#821,#826,.T.);
#828=ORIENTED_EDGE('',*,*,#827,.F.);
#829=EDGE_LOOP('',(#828));
#830=FACE_OUTER_BOUND('',#829,.T.);
#831=CARTESIAN_POINT('',(83.5,137.0,6.0));
#832=VERTEX_POINT('',#831);
#833=CARTESIAN_POINT('',(83.5,134.0,6.0));
#834=DIRECTION('',(1.0,0.0,0.0));
#835=DIRECTION('',(0.0,-1.0,0.0));
#836=AXIS2_PLACEMENT_3D('',#833,#834,#835);
#837=CIRCLE('',#836,3.0);
#838=EDGE_CURVE('',#832,#832,#837,.T.);
#839=ORIENTED_EDGE('',*,*,#838,.F.);
#840=EDGE_LOOP('',(#839));
#841=FACE_BOUND('',#840,.T.);
#842=ADVANCED_FACE('',(#830,#841),#819,.F.);
#843=CARTESIAN_POINT('',(83.5,144.5,15.0));
#844=DIRECTION('',(0.0,1.0,0.0));
#845=DIRECTION('',(0.0,0.0,1.0));
#846=AXIS2_PLACEMENT_3D('',#843,#844,#845);
#847=PLANE('',#846);
#848=CARTESIAN_POINT('',(98.999999999999986,144.5,15.0));
#849=VERTEX_POINT('',#848);
#850=CARTESIAN_POINT('',(98.999999999999986,144.5,9.999999999999998));
#851=VERTEX_POINT('',#850);
#852=CARTESIAN_POINT('',(99.0,144.5,15.0));
#853=DIRECTION('',(0.0,0.0,-1.0));
#854=VECTOR('',#853,5.000000000000002);
#855=LINE('',#852,#854);
#856=EDGE_CURVE('',#849,#851,#855,.T.);
#857=ORIENTED_EDGE('',*,*,#856,.T.);
#858=CARTESIAN_POINT('',(83.5,144.5,9.999999999999998));
#859=VERTEX_POINT('',#858);
#860=CARTESIAN_POINT('',(83.5,144.5,9.999999999999998));
#861=DIRECTION('',(1.0,0.0,0.0));
#862=VECTOR('',#861,15.499999999999986);
#863=LINE('',#860,#862);
#864=EDGE_CURVE('',#859,#851,#863,.T.);
#865=ORIENTED_EDGE('',*,*,#864,.F.);
#866=CARTESIAN_POINT('',(83.5,144.5,15.0));
#867=VERTEX_POINT('',#866);
#868=CARTESIAN_POINT('',(83.5,144.5,9.999999999999998));
#869=DIRECTION('',(0.0,0.0,1.0));
#870=VECTOR('',#869,5.000000000000002);
#871=LINE('',#868,#870);
#872=EDGE_CURVE('',#859,#867,#871,.T.);
#873=ORIENTED_EDGE('',*,*,#872,.T.);
#874=CARTESIAN_POINT('',(83.5,144.5,15.0));
#875=DIRECTION('',(1.0,0.0,0.0));
#876=VECTOR('',#875,15.499999999999986);
#877=LINE('',#874,#876);
#878=EDGE_CURVE('',#867,#849,#877,.T.);
#879=ORIENTED_EDGE('',*,*,#878,.T.);
#880=EDGE_LOOP('',(#857,#865,#873,#879));
#881=FACE_OUTER_BOUND('',#880,.T.);
#882=ADVANCED_FACE('',(#881),#847,.T.);
#883=CARTESIAN_POINT('',(83.5,129.5,10.000000000000004));
#884=DIRECTION('',(1.0,0.0,0.0));
#885=DIRECTION('',(0.0,0.0,-1.0));
#886=AXIS2_PLACEMENT_3D('',#883,#884,#885);
#887=CYLINDRICAL_SURFACE('',#886,15.000000000000018);
#888=CARTESIAN_POINT('',(98.999999999999986,129.5,-5.000000000000011));
#889=VERTEX_POINT('',#888);
#890=CARTESIAN_POINT('',(99.0,129.5,10.000000000000004));
#891=DIRECTION('',(-1.0,0.0,0.0));
#892=DIRECTION('',(0.0,0.0,-1.0));
#893=AXIS2_PLACEMENT_3D('',#890,#891,#892);
#894=CIRCLE('',#893,15.000000000000018);
#895=EDGE_CURVE('',#851,#889,#894,.T.);
#896=ORIENTED_EDGE('',*,*,#895,.T.);
#897=CARTESIAN_POINT('',(83.5,129.5,-5.000000000000011));
#898=VERTEX_POINT('',#897);
#899=CARTESIAN_POINT('',(83.5,129.5,-5.000000000000011));
#900=DIRECTION('',(1.0,0.0,0.0));
#901=VECTOR('',#900,15.499999999999986);
#902=LINE('',#899,#901);
#903=EDGE_CURVE('',#898,#889,#902,.T.);
#904=ORIENTED_EDGE('',*,*,#903,.F.);
#905=CARTESIAN_POINT('',(83.5,129.5,10.000000000000004));
#906=DIRECTION('',(1.0,0.0,0.0));
#907=DIRECTION('',(0.0,0.0,-1.0));
#908=AXIS2_PLACEMENT_3D('',#905,#906,#907);
#909=CIRCLE('',#908,15.000000000000018);
#910=EDGE_CURVE('',#898,#859,#909,.T.);
#911=ORIENTED_EDGE('',*,*,#910,.T.);
#912=ORIENTED_EDGE('',*,*,#864,.T.);
#913=EDGE_LOOP('',(#896,#904,#911,#912));
#914=FACE_OUTER_BOUND('',#913,.T.);
#915=ADVANCED_FACE('',(#914),#887,.T.);
#916=CARTESIAN_POINT('',(83.5,129.5,-5.000000000000011));
#917=DIRECTION('',(0.0,0.0,-1.0));
#918=DIRECTION('',(-1.0,0.0,0.0));
#919=AXIS2_PLACEMENT_3D('',#916,#917,#918);
#920=PLANE('',#919);
#921=CARTESIAN_POINT('',(98.999999999999986,104.61272467535886,-5.000000000000007));
#922=VERTEX_POINT('',#921);
#923=CARTESIAN_POINT('',(99.0,129.5,-5.000000000000012));
#924=DIRECTION('',(0.0,-1.0,0.0));
#925=VECTOR('',#924,24.887275324641138);
#926=LINE('',#923,#925);
#927=EDGE_CURVE('',#889,#922,#926,.T.);
#928=ORIENTED_EDGE('',*,*,#927,.T.);
#929=CARTESIAN_POINT('',(83.5,104.61272467535886,-5.000000000000007));
#930=VERTEX_POINT('',#929);
#931=CARTESIAN_POINT('',(83.5,104.61272467535866,-5.000000000000007));
#932=DIRECTION('',(1.0,0.0,0.0));
#933=VECTOR('',#932,15.499999999999986);
#934=LINE('',#931,#933);
#935=EDGE_CURVE('',#930,#922,#934,.T.);
#936=ORIENTED_EDGE('',*,*,#935,.F.);
#937=CARTESIAN_POINT('',(83.5,104.61272467535886,-5.000000000000007));
#938=DIRECTION('',(0.0,1.0,0.0));
#939=VECTOR('',#938,24.887275324641138);
#940=LINE('',#937,#939);
#941=EDGE_CURVE('',#930,#898,#940,.T.);
#942=ORIENTED_EDGE('',*,*,#941,.T.);
#943=ORIENTED_EDGE('',*,*,#903,.T.);
#944=EDGE_LOOP('',(#928,#936,#942,#943));
#945=FACE_OUTER_BOUND('',#944,.T.);
#946=ADVANCED_FACE('',(#945),#920,.T.);
#947=CARTESIAN_POINT('',(83.5,125.5973100079492,3.410657133313754));
#948=DIRECTION('',(1.0,0.0,0.0));
#949=DIRECTION('',(0.0,0.0,-1.0));
#950=AXIS2_PLACEMENT_3D('',#947,#948,#949);
#951=PLANE('',#950);
#952=ORIENTED_EDGE('',*,*,#347,.F.);
#953=CARTESIAN_POINT('',(83.5,144.5,15.0));
#954=DIRECTION('',(0.0,-1.0,0.0));
#955=VECTOR('',#954,22.000000000000028);
#956=LINE('',#953,#955);
#957=EDGE_CURVE('',#867,#334,#956,.T.);
#958=ORIENTED_EDGE('',*,*,#957,.F.);
#959=ORIENTED_EDGE('',*,*,#872,.F.);
#960=ORIENTED_EDGE('',*,*,#910,.F.);
#961=ORIENTED_EDGE('',*,*,#941,.F.);
#962=CARTESIAN_POINT('',(83.5,104.69999999999975,3.552714E-015));
#963=DIRECTION('',(0.0,-0.017452406437286,-0.999847695156391));
#964=VECTOR('',#963,5.000761640219546);
#965=LINE('',#962,#964);
#966=EDGE_CURVE('',#748,#930,#965,.T.);
#967=ORIENTED_EDGE('',*,*,#966,.F.);
#968=ORIENTED_EDGE('',*,*,#753,.F.);
#969=EDGE_LOOP('',(#952,#958,#959,#960,#961,#967,#968));
#970=FACE_OUTER_BOUND('',#969,.T.);
#971=ORIENTED_EDGE('',*,*,#838,.T.);
#972=EDGE_LOOP('',(#971));
#973=FACE_BOUND('',#972,.T.);
#974=ADVANCED_FACE('',(#970,#973),#951,.F.);
#975=CARTESIAN_POINT('',(98.999999999999986,125.5973100079492,3.410657133313755));
#976=DIRECTION('',(1.0,0.0,0.0));
#977=DIRECTION('',(0.0,0.0,-1.0));
#978=AXIS2_PLACEMENT_3D('',#975,#976,#977);
#979=PLANE('',#978);
#980=CARTESIAN_POINT('',(98.999999999999986,122.49999999999999,15.0));
#981=VERTEX_POINT('',#980);
#982=CARTESIAN_POINT('',(99.0,122.49999999999997,15.0));
#983=DIRECTION('',(0.0,1.0,0.0));
#984=VECTOR('',#983,22.000000000000028);
#985=LINE('',#982,#984);
#986=EDGE_CURVE('',#981,#849,#985,.T.);
#987=ORIENTED_EDGE('',*,*,#986,.F.);
#988=CARTESIAN_POINT('',(98.999999999999986,121.71388331075435,-2.220446E-016));
#989=DIRECTION('',(0.0,0.052335956242944,0.998629534754574));
#990=VECTOR('',#989,15.02058518996882);
#991=LINE('',#988,#990);
#992=EDGE_CURVE('',#663,#981,#991,.T.);
#993=ORIENTED_EDGE('',*,*,#992,.F.);
#994=ORIENTED_EDGE('',*,*,#668,.F.);
#995=CARTESIAN_POINT('',(98.999999999999986,104.61272467535863,-5.000000000000004));
#996=DIRECTION('',(0.0,0.017452406437286,0.999847695156391));
#997=VECTOR('',#996,5.000761640219546);
#998=LINE('',#995,#997);
#999=EDGE_CURVE('',#922,#655,#998,.T.);
#1000=ORIENTED_EDGE('',*,*,#999,.F.);
#1001=ORIENTED_EDGE('',*,*,#927,.F.);
#1002=ORIENTED_EDGE('',*,*,#895,.F.);
#1003=ORIENTED_EDGE('',*,*,#856,.F.);
#1004=EDGE_LOOP('',(#987,#993,#994,#1000,#1001,#1002,#1003));
#1005=FACE_OUTER_BOUND('',#1004,.T.);
#1006=ORIENTED_EDGE('',*,*,#827,.T.);
#1007=EDGE_LOOP('',(#1006));
#1008=FACE_BOUND('',#1007,.T.);
#1009=ADVANCED_FACE('',(#1005,#1008),#979,.T.);
#1010=CARTESIAN_POINT('',(-100.0,121.71496065635581,0.020556978681392));
#1011=DIRECTION('',(0.0,0.998629534754574,-0.052335956242944));
#1012=DIRECTION('',(0.0,0.052335956242944,0.998629534754574));
#1013=AXIS2_PLACEMENT_3D('',#1010,#1011,#1012);
#1014=PLANE('',#1013);
#1015=ORIENTED_EDGE('',*,*,#992,.T.);
#1016=CARTESIAN_POINT('',(100.0,122.49999999999999,15.0));
#1017=VERTEX_POINT('',#1016);
#1018=CARTESIAN_POINT('',(99.0,122.49999999999999,15.0));
#1019=DIRECTION('',(1.0,0.0,0.0));
#1020=VECTOR('',#1019,1.0);
#1021=LINE('',#1018,#1020);
#1022=EDGE_CURVE('',#981,#1017,#1021,.T.);
#1023=ORIENTED_EDGE('',*,*,#1022,.T.);
#1024=CARTESIAN_POINT('',(100.0,121.71388331075435,7.979728E-017));
#1025=DIRECTION('',(0.0,0.052335956242944,0.998629534754574));
#1026=VECTOR('',#1025,15.020585189968818);
#1027=LINE('',#1024,#1026);
#1028=EDGE_CURVE('',#671,#1017,#1027,.T.);
#1029=ORIENTED_EDGE('',*,*,#1028,.F.);
#1030=ORIENTED_EDGE('',*,*,#676,.F.);
#1031=EDGE_LOOP('',(#1015,#1023,#1029,#1030));
#1032=FACE_OUTER_BOUND('',#1031,.T.);
#1033=ADVANCED_FACE('',(#1032),#1014,.T.);
#1034=CARTESIAN_POINT('',(-112.96139208406029,-17.05000000000005,-122.0));
#1035=DIRECTION('',(-1.0,0.0,0.0));
#1036=DIRECTION('',(0.0,0.0,1.0));
#1037=AXIS2_PLACEMENT_3D('',#1034,#1035,#1036);
#1038=CONICAL_SURFACE('',#1037,1.22925,59.000000000000007);
#1039=CARTESIAN_POINT('',(-113.69999999999992,-17.05000000000005,-119.54149999999998));
#1040=VERTEX_POINT('',#1039);
#1041=CARTESIAN_POINT('',(-113.69999999999992,-17.05000000000005,-122.0));
#1042=DIRECTION('',(-1.0,0.0,0.0));
#1043=DIRECTION('',(0.0,0.0,1.0));
#1044=AXIS2_PLACEMENT_3D('',#1041,#1042,#1043);
#1045=CIRCLE('',#1044,2.4585);
#1046=EDGE_CURVE('',#1040,#1040,#1045,.T.);
#1047=ORIENTED_EDGE('',*,*,#1046,.T.);
#1048=EDGE_LOOP('',(#1047));
#1049=FACE_OUTER_BOUND('',#1048,.T.);
#1050=ADVANCED_FACE('',(#1049),#1038,.F.);
#1051=CARTESIAN_POINT('',(-119.1999999999999,-17.05000000000005,-122.0));
#1052=DIRECTION('',(-1.0,0.0,0.0));
#1053=DIRECTION('',(0.0,0.0,1.0));
#1054=AXIS2_PLACEMENT_3D('',#1051,#1052,#1053);
#1055=CYLINDRICAL_SURFACE('',#1054,2.4585);
#1056=CARTESIAN_POINT('',(-124.69999999999992,-17.05000000000005,-119.54149999999998));
#1057=VERTEX_POINT('',#1056);
#1058=CARTESIAN_POINT('',(-124.69999999999992,-17.05000000000005,-122.0));
#1059=DIRECTION('',(1.0,0.0,0.0));
#1060=DIRECTION('',(0.0,0.0,1.0));
#1061=AXIS2_PLACEMENT_3D('',#1058,#1059,#1060);
#1062=CIRCLE('',#1061,2.4585);
#1063=EDGE_CURVE('',#1057,#1057,#1062,.T.);
#1064=ORIENTED_EDGE('',*,*,#1063,.F.);
#1065=EDGE_LOOP('',(#1064));
#1066=FACE_OUTER_BOUND('',#1065,.T.);
#1067=ORIENTED_EDGE('',*,*,#1046,.F.);
#1068=EDGE_LOOP('',(#1067));
#1069=FACE_BOUND('',#1068,.T.);
#1070=ADVANCED_FACE('',(#1066,#1069),#1055,.F.);
#1071=CARTESIAN_POINT('',(-97.863409981439389,-26.550000000000029,-105.0));
#1072=DIRECTION('',(1.065814E-015,-1.0,0.0));
#1073=DIRECTION('',(0.0,0.0,-1.0));
#1074=AXIS2_PLACEMENT_3D('',#1071,#1072,#1073);
#1075=TOROIDAL_SURFACE('',#1074,27.000000000000007,2.0);
#1076=CARTESIAN_POINT('',(-99.699999999999918,-26.550000000000029,-129.93244747520234));
#1077=VERTEX_POINT('',#1076);
#1078=CARTESIAN_POINT('',(-99.700000000191906,-26.035273716062157,-130.0));
#1079=VERTEX_POINT('',#1078);
#1080=CARTESIAN_POINT('',(-99.699999999999918,-26.03527371607111,-130.00000000002584));
#1081=CARTESIAN_POINT('',(-99.699999999999918,-26.205090464266519,-129.95465002746653));
#1082=CARTESIAN_POINT('',(-99.699999999999918,-26.387408037618577,-129.93244747520234));
#1083=CARTESIAN_POINT('',(-99.699999999999918,-26.550000000000029,-129.93244747520234));
#1084=B_SPLINE_CURVE_WITH_KNOTS('',3,(#1080,#1081,#1082,#1083),.UNSPECIFIED.,.F.,.U.,(4,4),(0.54429813916322,0.593075727877656),.UNSPECIFIED.);
#1085=EDGE_CURVE('',#1077,#1079,#1084,.F.);
#1086=ORIENTED_EDGE('',*,*,#1085,.F.);
#1087=CARTESIAN_POINT('',(-122.68275727342109,-26.550000000000054,-108.0));
#1088=VERTEX_POINT('',#1087);
#1089=CARTESIAN_POINT('',(-97.863409981439389,-26.550000000000029,-105.0));
#1090=DIRECTION('',(-5.058761E-016,1.0,-5.301017E-016));
#1091=DIRECTION('',(-0.690382863679587,-7.327472E-016,-0.723444193796296));
#1092=AXIS2_PLACEMENT_3D('',#1089,#1090,#1091);
#1093=CIRCLE('',#1092,24.999999999999996);
#1094=EDGE_CURVE('',#1077,#1088,#1093,.T.);
#1095=ORIENTED_EDGE('',*,*,#1094,.T.);
#1096=CARTESIAN_POINT('',(-124.69622571143687,-24.55000000000005,-108.0));
#1097=VERTEX_POINT('',#1096);
#1098=CARTESIAN_POINT('',(-122.68275727342109,-26.550000000000054,-108.0));
#1099=CARTESIAN_POINT('',(-122.68275727342109,-26.303718681450174,-108.0));
#1100=CARTESIAN_POINT('',(-122.74071890846938,-26.013920628678022,-108.0));
#1101=CARTESIAN_POINT('',(-122.93025093262429,-25.558295184398116,-108.0));
#1102=CARTESIAN_POINT('',(-123.09566728645925,-25.3120681386334,-108.0));
#1103=CARTESIAN_POINT('',(-123.44671862685998,-24.962518583527054,-108.0));
#1104=CARTESIAN_POINT('',(-123.69476020982268,-24.797625953174787,-108.0));
#1105=CARTESIAN_POINT('',(-124.15430459687929,-24.608023518687411,-108.0));
#1106=CARTESIAN_POINT('',(-124.44731161966219,-24.550000000000054,-108.0));
#1107=CARTESIAN_POINT('',(-124.69622571143687,-24.550000000000054,-108.0));
#1108=B_SPLINE_CURVE_WITH_KNOTS('',3,(#1098,#1099,#1100,#1101,#1102,#1103,#1104,#1105,#1106,#1107),.UNSPECIFIED.,.F.,.U.,(4,2,2,2,4),(0.59423973476619,0.668124130331154,0.742282039628675,0.816744365011688,0.891418592544086),.UNSPECIFIED.);
#1109=EDGE_CURVE('',#1088,#1097,#1108,.T.);
#1110=ORIENTED_EDGE('',*,*,#1109,.T.);
#1111=CARTESIAN_POINT('',(-108.06144900862498,-24.550000000000033,-130.0));
#1112=VERTEX_POINT('',#1111);
#1113=CARTESIAN_POINT('',(-97.863409981439389,-24.550000000000022,-105.0));
#1114=DIRECTION('',(5.079974E-016,-1.0,5.323246E-016));
#1115=DIRECTION('',(-0.690382863679587,-7.358198E-016,-0.723444193796297));
#1116=AXIS2_PLACEMENT_3D('',#1113,#1114,#1115);
#1117=CIRCLE('',#1116,27.000000000000004);
#1118=EDGE_CURVE('',#1097,#1112,#1117,.T.);
#1119=ORIENTED_EDGE('',*,*,#1118,.T.);
#1120=CARTESIAN_POINT('',(-108.06144900862498,-24.550000000000036,-130.0));
#1121=CARTESIAN_POINT('',(-106.42375357119484,-24.550000000000036,-130.0));
#1122=CARTESIAN_POINT('',(-104.66321199068045,-24.831788107175591,-130.0));
#1123=CARTESIAN_POINT('',(-101.82771274473976,-25.46335571296131,-130.0));
#1124=CARTESIAN_POINT('',(-100.74402529592363,-25.748072202638383,-130.0));
#1125=CARTESIAN_POINT('',(-99.700000000205463,-26.035273716111298,-130.0));
#1126=B_SPLINE_CURVE_WITH_KNOTS('',3,(#1120,#1121,#1122,#1123,#1124,#1125),.UNSPECIFIED.,.F.,.U.,(4,2,4),(1.98673140808118,2.478040039310222,2.784595879989449),.UNSPECIFIED.);
#1127=EDGE_CURVE('',#1112,#1079,#1126,.T.);
#1128=ORIENTED_EDGE('',*,*,#1127,.T.);
#1129=EDGE_LOOP('',(#1086,#1095,#1110,#1119,#1128));
#1130=FACE_OUTER_BOUND('',#1129,.T.);
#1131=ADVANCED_FACE('',(#1130),#1075,.F.);
#1132=CARTESIAN_POINT('',(-99.699999999999918,-24.550000000000022,-130.0));
#1133=DIRECTION('',(0.0,-1.0,0.0));
#1134=DIRECTION('',(0.0,0.0,-1.0));
#1135=AXIS2_PLACEMENT_3D('',#1132,#1133,#1134);
#1136=PLANE('',#1135);
#1137=ORIENTED_EDGE('',*,*,#1118,.F.);
#1138=CARTESIAN_POINT('',(-124.69999999999992,-24.55000000000005,-108.0));
#1139=VERTEX_POINT('',#1138);
#1140=CARTESIAN_POINT('',(-124.69622571143687,-24.55000000000005,-108.0));
#1141=DIRECTION('',(-1.0,0.0,0.0));
#1142=VECTOR('',#1141,0.003774288563051);
#1143=LINE('',#1140,#1142);
#1144=EDGE_CURVE('',#1097,#1139,#1143,.T.);
#1145=ORIENTED_EDGE('',*,*,#1144,.T.);
#1146=CARTESIAN_POINT('',(-124.69999999999992,-24.55000000000005,-130.0));
#1147=VERTEX_POINT('',#1146);
#1148=CARTESIAN_POINT('',(-124.69999999999992,-24.55000000000005,-130.0));
#1149=DIRECTION('',(0.0,0.0,1.0));
#1150=VECTOR('',#1149,22.0);
#1151=LINE('',#1148,#1150);
#1152=EDGE_CURVE('',#1147,#1139,#1151,.T.);
#1153=ORIENTED_EDGE('',*,*,#1152,.F.);
#1154=CARTESIAN_POINT('',(-124.69999999999992,-24.55000000000005,-130.0));
#1155=DIRECTION('',(1.0,0.0,0.0));
#1156=VECTOR('',#1155,16.638550991374942);
#1157=LINE('',#1154,#1156);
#1158=EDGE_CURVE('',#1147,#1112,#1157,.T.);
#1159=ORIENTED_EDGE('',*,*,#1158,.T.);
#1160=EDGE_LOOP('',(#1137,#1145,#1153,#1159));
#1161=FACE_OUTER_BOUND('',#1160,.T.);
#1162=ADVANCED_FACE('',(#1161),#1136,.T.);
#1163=CARTESIAN_POINT('',(-97.863409981439418,-8.450000000000006,-105.0));
#1164=DIRECTION('',(-1.154632E-015,1.0,0.0));
#1165=DIRECTION('',(0.0,0.0,1.0));
#1166=AXIS2_PLACEMENT_3D('',#1163,#1164,#1165);
#1167=TOROIDAL_SURFACE('',#1166,27.0,2.0);
#1168=CARTESIAN_POINT('',(-108.06144900862499,-10.450000000000031,-130.0));
#1169=VERTEX_POINT('',#1168);
#1170=CARTESIAN_POINT('',(-99.700000000191906,-8.964726283937798,-130.0));
#1171=VERTEX_POINT('',#1170);
#1172=CARTESIAN_POINT('',(-99.700000000205392,-8.964726283888718,-130.0));
#1173=CARTESIAN_POINT('',(-100.74402529592359,-9.251927797361686,-130.0));
#1174=CARTESIAN_POINT('',(-101.82771274473978,-9.536644287038721,-130.0));
#1175=CARTESIAN_POINT('',(-104.66321199068049,-10.168211892824443,-130.0));
#1176=CARTESIAN_POINT('',(-106.42375357119485,-10.450000000000017,-130.0));
#1177=CARTESIAN_POINT('',(-108.06144900862499,-10.450000000000019,-130.0));
#1178=B_SPLINE_CURVE_WITH_KNOTS('',3,(#1172,#1173,#1174,#1175,#1176,#1177),.UNSPECIFIED.,.F.,.U.,(4,2,4),(0.18475279054981,0.491308631229041,0.982617262458082),.UNSPECIFIED.);
#1179=EDGE_CURVE('',#1169,#1171,#1178,.F.);
#1180=ORIENTED_EDGE('',*,*,#1179,.F.);
#1181=CARTESIAN_POINT('',(-124.6962257114369,-10.450000000000051,-108.0));
#1182=VERTEX_POINT('',#1181);
#1183=CARTESIAN_POINT('',(-97.863409981439418,-10.450000000000019,-105.0));
#1184=DIRECTION('',(-5.503305E-016,1.0,-5.766849E-016));
#1185=DIRECTION('',(-0.690382863679587,-7.971381E-016,-0.723444193796296));
#1186=AXIS2_PLACEMENT_3D('',#1183,#1184,#1185);
#1187=CIRCLE('',#1186,27.000000000000004);
#1188=EDGE_CURVE('',#1169,#1182,#1187,.T.);
#1189=ORIENTED_EDGE('',*,*,#1188,.T.);
#1190=CARTESIAN_POINT('',(-122.68275727342113,-8.450000000000035,-108.0));
#1191=VERTEX_POINT('',#1190);
#1192=CARTESIAN_POINT('',(-124.6962257114369,-10.450000000000037,-108.0));
#1193=CARTESIAN_POINT('',(-124.44773364614056,-10.450000000000037,-108.0));
#1194=CARTESIAN_POINT('',(-124.15520445030695,-10.392170673816196,-108.0));
#1195=CARTESIAN_POINT('',(-123.69631284117784,-10.203190276440388,-108.0));
#1196=CARTESIAN_POINT('',(-123.44852758935134,-10.038819552345251,-108.0));
#1197=CARTESIAN_POINT('',(-123.09701344689964,-9.689730111047526,-108.0));
#1198=CARTESIAN_POINT('',(-122.93107003300094,-9.443246859972582,-108.0));
#1199=CARTESIAN_POINT('',(-122.74091367129208,-8.986970764391884,-108.0));
#1200=CARTESIAN_POINT('',(-122.68275727342113,-8.69669969146827,-108.0));
#1201=CARTESIAN_POINT('',(-122.68275727342113,-8.450000000000035,-108.0));
#1202=B_SPLINE_CURVE_WITH_KNOTS('',3,(#1192,#1193,#1194,#1195,#1196,#1197,#1198,#1199,#1200,#1201),.UNSPECIFIED.,.F.,.U.,(4,2,2,2,4),(0.297060876988293,0.371608496577193,0.445945258160156,0.520229850134548,0.594239757575018),.UNSPECIFIED.);
#1203=EDGE_CURVE('',#1182,#1191,#1202,.T.);
#1204=ORIENTED_EDGE('',*,*,#1203,.T.);
#1205=CARTESIAN_POINT('',(-99.699999999999918,-8.450000000000008,-129.93244747520234));
#1206=VERTEX_POINT('',#1205);
#1207=CARTESIAN_POINT('',(-97.863409981439418,-8.450000000000006,-105.0));
#1208=DIRECTION('',(5.518648E-016,-1.0,5.782928E-016));
#1209=DIRECTION('',(-0.690382863679587,-7.993606E-016,-0.723444193796296));
#1210=AXIS2_PLACEMENT_3D('',#1207,#1208,#1209);
#1211=CIRCLE('',#1210,24.999999999999996);
#1212=EDGE_CURVE('',#1191,#1206,#1211,.T.);
#1213=ORIENTED_EDGE('',*,*,#1212,.T.);
#1214=CARTESIAN_POINT('',(-99.699999999999918,-8.450000000000008,-129.93244747520234));
#1215=CARTESIAN_POINT('',(-99.699999999999918,-8.612591962383117,-129.93244747520234));
#1216=CARTESIAN_POINT('',(-99.699999999999918,-8.794909535737226,-129.95465002746704));
#1217=CARTESIAN_POINT('',(-99.699999999999918,-8.964726283934123,-130.00000000002723));
#1218=B_SPLINE_CURVE_WITH_KNOTS('',3,(#1214,#1215,#1216,#1217),.UNSPECIFIED.,.F.,.U.,(4,4),(0.593075727877655,0.641853316592588),.UNSPECIFIED.);
#1219=EDGE_CURVE('',#1206,#1171,#1218,.T.);
#1220=ORIENTED_EDGE('',*,*,#1219,.T.);
#1221=EDGE_LOOP('',(#1180,#1189,#1204,#1213,#1220));
#1222=FACE_OUTER_BOUND('',#1221,.T.);
#1223=ADVANCED_FACE('',(#1222),#1167,.F.);
#1224=CARTESIAN_POINT('',(-124.69999999999992,-10.450000000000051,-130.0));
#1225=DIRECTION('',(0.0,1.0,0.0));
#1226=DIRECTION('',(0.0,0.0,1.0));
#1227=AXIS2_PLACEMENT_3D('',#1224,#1225,#1226);
#1228=PLANE('',#1227);
#1229=ORIENTED_EDGE('',*,*,#1188,.F.);
#1230=CARTESIAN_POINT('',(-124.69999999999992,-10.450000000000051,-130.0));
#1231=VERTEX_POINT('',#1230);
#1232=CARTESIAN_POINT('',(-108.06144900862499,-10.450000000000029,-130.0));
#1233=DIRECTION('',(-1.0,0.0,0.0));
#1234=VECTOR('',#1233,16.638550991374927);
#1235=LINE('',#1232,#1234);
#1236=EDGE_CURVE('',#1169,#1231,#1235,.T.);
#1237=ORIENTED_EDGE('',*,*,#1236,.T.);
#1238=CARTESIAN_POINT('',(-124.69999999999992,-10.450000000000051,-108.0));
#1239=VERTEX_POINT('',#1238);
#1240=CARTESIAN_POINT('',(-124.69999999999992,-10.450000000000051,-130.0));
#1241=DIRECTION('',(0.0,0.0,1.0));
#1242=VECTOR('',#1241,22.0);
#1243=LINE('',#1240,#1242);
#1244=EDGE_CURVE('',#1231,#1239,#1243,.T.);
#1245=ORIENTED_EDGE('',*,*,#1244,.T.);
#1246=CARTESIAN_POINT('',(-124.69999999999992,-10.450000000000049,-108.0));
#1247=DIRECTION('',(1.0,0.0,0.0));
#1248=VECTOR('',#1247,0.003774288563022);
#1249=LINE('',#1246,#1248);
#1250=EDGE_CURVE('',#1239,#1182,#1249,.T.);
#1251=ORIENTED_EDGE('',*,*,#1250,.T.);
#1252=EDGE_LOOP('',(#1229,#1237,#1245,#1251));
#1253=FACE_OUTER_BOUND('',#1252,.T.);
#1254=ADVANCED_FACE('',(#1253),#1228,.T.);
#1255=CARTESIAN_POINT('',(-97.903868928174802,45.000000000000007,-105.0));
#1256=DIRECTION('',(-1.973730E-016,-1.0,0.0));
#1257=DIRECTION('',(-0.700909264299851,0.0,-0.713250449154182));
#1258=AXIS2_PLACEMENT_3D('',#1255,#1256,#1257);
#1259=CYLINDRICAL_SURFACE('',#1258,9.999999999999998);
#1260=CARTESIAN_POINT('',(-98.900000000000006,-6.04826312659343,-114.95026245320918));
#1261=VERTEX_POINT('',#1260);
#1262=CARTESIAN_POINT('',(-107.90234587973876,-5.70688681970525,-105.17452406437285));
#1263=VERTEX_POINT('',#1262);
#1264=CARTESIAN_POINT('',(-97.903868928174816,-5.700792305082523,-105.0));
#1265=DIRECTION('',(3.944305E-031,0.999390827019096,-0.034899496702501));
#1266=DIRECTION('',(8.770967E-014,-0.034899496702501,-0.999390827019096));
#1267=AXIS2_PLACEMENT_3D('',#1264,#1265,#1266);
#1268=ELLIPSE('',#1267,10.006095442988215,10.0);
#1269=EDGE_CURVE('',#1261,#1263,#1268,.T.);
#1270=ORIENTED_EDGE('',*,*,#1269,.T.);
#1271=CARTESIAN_POINT('',(-107.90234587973876,-77.903868928174774,-105.17452406437285));
#1272=VERTEX_POINT('',#1271);
#1273=CARTESIAN_POINT('',(-107.90234587973875,-5.706886819705254,-105.17452406437285));
#1274=DIRECTION('',(0.0,-1.0,0.0));
#1275=VECTOR('',#1274,72.196982108469513);
#1276=LINE('',#1273,#1275);
#1277=EDGE_CURVE('',#1263,#1272,#1276,.T.);
#1278=ORIENTED_EDGE('',*,*,#1277,.T.);
#1279=CARTESIAN_POINT('',(-97.903868928174816,-77.903868928174788,-115.0));
#1280=VERTEX_POINT('',#1279);
#1281=CARTESIAN_POINT('',(-97.903868928174816,-77.903868928174788,-105.0));
#1282=DIRECTION('',(0.0,1.0,0.0));
#1283=DIRECTION('',(-0.700909264299851,0.0,-0.713250449154181));
#1284=AXIS2_PLACEMENT_3D('',#1281,#1282,#1283);
#1285=CIRCLE('',#1284,9.999999999999993);
#1286=EDGE_CURVE('',#1280,#1272,#1285,.T.);
#1287=ORIENTED_EDGE('',*,*,#1286,.F.);
#1288=CARTESIAN_POINT('',(-97.903868928174802,-5.966732450241798,-115.0));
#1289=VERTEX_POINT('',#1288);
#1290=CARTESIAN_POINT('',(-97.90386892817483,-77.903868928174802,-115.0));
#1291=DIRECTION('',(0.0,1.0,0.0));
#1292=VECTOR('',#1291,71.937136477932995);
#1293=LINE('',#1290,#1292);
#1294=EDGE_CURVE('',#1280,#1289,#1293,.T.);
#1295=ORIENTED_EDGE('',*,*,#1294,.T.);
#1296=CARTESIAN_POINT('',(-97.903868928174788,-5.966732450241796,-115.0));
#1297=CARTESIAN_POINT('',(-98.238393972055448,-6.023052521043645,-115.0));
#1298=CARTESIAN_POINT('',(-98.573740090658376,-6.049403716350455,-114.98292467038328));
#1299=CARTESIAN_POINT('',(-98.900000000000006,-6.04826312659343,-114.95026245320918));
#1300=B_SPLINE_CURVE_WITH_KNOTS('',3,(#1296,#1297,#1298,#1299),.UNSPECIFIED.,.F.,.U.,(4,4),(2.678122517869761,2.77649034026987),.UNSPECIFIED.);
#1301=EDGE_CURVE('',#1289,#1261,#1300,.T.);
#1302=ORIENTED_EDGE('',*,*,#1301,.T.);
#1303=EDGE_LOOP('',(#1270,#1278,#1287,#1295,#1302));
#1304=FACE_OUTER_BOUND('',#1303,.T.);
#1305=ADVANCED_FACE('',(#1304),#1259,.F.);
#1306=CARTESIAN_POINT('',(-112.19999999999996,-17.500000000000036,-108.0));
#1307=DIRECTION('',(0.0,0.0,1.0));
#1308=DIRECTION('',(1.0,0.0,0.0));
#1309=AXIS2_PLACEMENT_3D('',#1306,#1307,#1308);
#1310=PLANE('',#1309);
#1311=CARTESIAN_POINT('',(-122.68275727342112,-8.450000000000031,-108.0));
#1312=DIRECTION('',(0.0,-1.0,0.0));
#1313=VECTOR('',#1312,18.100000000000023);
#1314=LINE('',#1311,#1313);
#1315=EDGE_CURVE('',#1191,#1088,#1314,.T.);
#1316=ORIENTED_EDGE('',*,*,#1315,.F.);
#1317=ORIENTED_EDGE('',*,*,#1203,.F.);
#1318=ORIENTED_EDGE('',*,*,#1250,.F.);
#1319=CARTESIAN_POINT('',(-124.69999999999992,-24.55000000000005,-108.0));
#1320=DIRECTION('',(0.0,1.0,0.0));
#1321=VECTOR('',#1320,14.1);
#1322=LINE('',#1319,#1321);
#1323=EDGE_CURVE('',#1139,#1239,#1322,.T.);
#1324=ORIENTED_EDGE('',*,*,#1323,.F.);
#1325=ORIENTED_EDGE('',*,*,#1144,.F.);
#1326=ORIENTED_EDGE('',*,*,#1109,.F.);
#1327=EDGE_LOOP('',(#1316,#1317,#1318,#1324,#1325,#1326));
#1328=FACE_OUTER_BOUND('',#1327,.T.);
#1329=ADVANCED_FACE('',(#1328),#1310,.T.);
#1330=CARTESIAN_POINT('',(-124.69999999999992,-24.55000000000005,-130.0));
#1331=DIRECTION('',(-1.0,0.0,0.0));
#1332=DIRECTION('',(0.0,0.0,1.0));
#1333=AXIS2_PLACEMENT_3D('',#1330,#1331,#1332);
#1334=PLANE('',#1333);
#1335=ORIENTED_EDGE('',*,*,#1323,.T.);
#1336=ORIENTED_EDGE('',*,*,#1244,.F.);
#1337=CARTESIAN_POINT('',(-124.69999999999992,-10.450000000000051,-130.0));
#1338=DIRECTION('',(0.0,-1.0,0.0));
#1339=VECTOR('',#1338,14.1);
#1340=LINE('',#1337,#1339);
#1341=EDGE_CURVE('',#1231,#1147,#1340,.T.);
#1342=ORIENTED_EDGE('',*,*,#1341,.T.);
#1343=ORIENTED_EDGE('',*,*,#1152,.T.);
#1344=EDGE_LOOP('',(#1335,#1336,#1342,#1343));
#1345=FACE_OUTER_BOUND('',#1344,.T.);
#1346=ORIENTED_EDGE('',*,*,#1063,.T.);
#1347=EDGE_LOOP('',(#1346));
#1348=FACE_BOUND('',#1347,.T.);
#1349=ADVANCED_FACE('',(#1345,#1348),#1334,.T.);
#1350=CARTESIAN_POINT('',(-99.699999999999918,-10.450000000000021,-130.0));
#1351=DIRECTION('',(1.0,0.0,0.0));
#1352=DIRECTION('',(0.0,0.0,-1.0));
#1353=AXIS2_PLACEMENT_3D('',#1350,#1351,#1352);
#1354=PLANE('',#1353);
#1355=CARTESIAN_POINT('',(-99.699999999999804,-26.55000000000004,-129.93244747520234));
#1356=DIRECTION('',(0.0,1.0,0.0));
#1357=VECTOR('',#1356,18.10000000000003);
#1358=LINE('',#1355,#1357);
#1359=EDGE_CURVE('',#1077,#1206,#1358,.T.);
#1360=ORIENTED_EDGE('',*,*,#1359,.F.);
#1361=ORIENTED_EDGE('',*,*,#1085,.T.);
#1362=CARTESIAN_POINT('',(-99.699999999999918,-26.035273716062157,-130.0));
#1363=DIRECTION('',(0.0,1.0,0.0));
#1364=VECTOR('',#1363,17.070547432124357);
#1365=LINE('',#1362,#1364);
#1366=EDGE_CURVE('',#1079,#1171,#1365,.T.);
#1367=ORIENTED_EDGE('',*,*,#1366,.T.);
#1368=ORIENTED_EDGE('',*,*,#1219,.F.);
#1369=EDGE_LOOP('',(#1360,#1361,#1367,#1368));
#1370=FACE_OUTER_BOUND('',#1369,.T.);
#1371=ADVANCED_FACE('',(#1370),#1354,.T.);
#1372=CARTESIAN_POINT('',(-112.19999999999993,-17.500000000000036,-130.0));
#1373=DIRECTION('',(0.0,0.0,1.0));
#1374=DIRECTION('',(1.0,0.0,0.0));
#1375=AXIS2_PLACEMENT_3D('',#1372,#1373,#1374);
#1376=PLANE('',#1375);
#1377=ORIENTED_EDGE('',*,*,#1158,.F.);
#1378=ORIENTED_EDGE('',*,*,#1341,.F.);
#1379=ORIENTED_EDGE('',*,*,#1236,.F.);
#1380=ORIENTED_EDGE('',*,*,#1179,.T.);
#1381=ORIENTED_EDGE('',*,*,#1366,.F.);
#1382=ORIENTED_EDGE('',*,*,#1127,.F.);
#1383=EDGE_LOOP('',(#1377,#1378,#1379,#1380,#1381,#1382));
#1384=FACE_OUTER_BOUND('',#1383,.T.);
#1385=ADVANCED_FACE('',(#1384),#1376,.F.);
#1386=CARTESIAN_POINT('',(-80.0,-75.0,-124.26139208406039));
#1387=DIRECTION('',(5.589556E-030,-4.519216E-030,-1.0));
#1388=DIRECTION('',(1.0,0.0,0.0));
#1389=AXIS2_PLACEMENT_3D('',#1386,#1387,#1388);
#1390=CONICAL_SURFACE('',#1389,1.22925,59.000000000000007);
#1391=CARTESIAN_POINT('',(-77.541499999999999,-75.0,-125.0));
#1392=VERTEX_POINT('',#1391);
#1393=CARTESIAN_POINT('',(-80.0,-75.0,-125.0));
#1394=DIRECTION('',(0.0,0.0,-1.0));
#1395=DIRECTION('',(1.0,0.0,0.0));
#1396=AXIS2_PLACEMENT_3D('',#1393,#1394,#1395);
#1397=CIRCLE('',#1396,2.4585);
#1398=EDGE_CURVE('',#1392,#1392,#1397,.T.);
#1399=ORIENTED_EDGE('',*,*,#1398,.T.);
#1400=EDGE_LOOP('',(#1399));
#1401=FACE_OUTER_BOUND('',#1400,.T.);
#1402=ADVANCED_FACE('',(#1401),#1390,.F.);
#1403=CARTESIAN_POINT('',(-80.0,-75.0,-129.0));
#1404=DIRECTION('',(5.589556E-030,-4.519216E-030,-1.0));
#1405=DIRECTION('',(1.0,0.0,0.0));
#1406=AXIS2_PLACEMENT_3D('',#1403,#1404,#1405);
#1407=CYLINDRICAL_SURFACE('',#1406,2.4585);
#1408=CARTESIAN_POINT('',(-77.541499999999999,-75.0,-133.0));
#1409=VERTEX_POINT('',#1408);
#1410=CARTESIAN_POINT('',(-80.0,-75.0,-133.0));
#1411=DIRECTION('',(0.0,0.0,1.0));
#1412=DIRECTION('',(1.0,0.0,0.0));
#1413=AXIS2_PLACEMENT_3D('',#1410,#1411,#1412);
#1414=CIRCLE('',#1413,2.4585);
#1415=EDGE_CURVE('',#1409,#1409,#1414,.T.);
#1416=ORIENTED_EDGE('',*,*,#1415,.F.);
#1417=EDGE_LOOP('',(#1416));
#1418=FACE_OUTER_BOUND('',#1417,.T.);
#1419=ORIENTED_EDGE('',*,*,#1398,.F.);
#1420=EDGE_LOOP('',(#1419));
#1421=FACE_BOUND('',#1420,.T.);
#1422=ADVANCED_FACE('',(#1418,#1421),#1407,.F.);
#1423=CARTESIAN_POINT('',(-89.949999999999974,-65.049999999999997,-133.0));
#1424=DIRECTION('',(0.0,1.0,0.0));
#1425=DIRECTION('',(0.0,0.0,-1.0));
#1426=AXIS2_PLACEMENT_3D('',#1423,#1424,#1425);
#1427=PLANE('',#1426);
#1428=CARTESIAN_POINT('',(-70.05000000000004,-65.049999999999997,-130.0));
#1429=VERTEX_POINT('',#1428);
#1430=CARTESIAN_POINT('',(-89.949999999999974,-65.049999999999997,-130.0));
#1431=VERTEX_POINT('',#1430);
#1432=CARTESIAN_POINT('',(-70.05000000000004,-65.049999999999997,-130.0));
#1433=DIRECTION('',(-1.0,0.0,0.0));
#1434=VECTOR('',#1433,19.899999999999935);
#1435=LINE('',#1432,#1434);
#1436=EDGE_CURVE('',#1429,#1431,#1435,.T.);
#1437=ORIENTED_EDGE('',*,*,#1436,.F.);
#1438=CARTESIAN_POINT('',(-70.05000000000004,-65.049999999999997,-133.0));
#1439=VERTEX_POINT('',#1438);
#1440=CARTESIAN_POINT('',(-70.05000000000004,-65.049999999999997,-133.0));
#1441=DIRECTION('',(0.0,0.0,1.0));
#1442=VECTOR('',#1441,3.0);
#1443=LINE('',#1440,#1442);
#1444=EDGE_CURVE('',#1439,#1429,#1443,.T.);
#1445=ORIENTED_EDGE('',*,*,#1444,.F.);
#1446=CARTESIAN_POINT('',(-89.949999999999974,-65.049999999999997,-133.0));
#1447=VERTEX_POINT('',#1446);
#1448=CARTESIAN_POINT('',(-70.05000000000004,-65.049999999999997,-133.0));
#1449=DIRECTION('',(-1.0,0.0,0.0));
#1450=VECTOR('',#1449,19.899999999999935);
#1451=LINE('',#1448,#1450);
#1452=EDGE_CURVE('',#1439,#1447,#1451,.T.);
#1453=ORIENTED_EDGE('',*,*,#1452,.T.);
#1454=CARTESIAN_POINT('',(-89.949999999999974,-65.049999999999997,-133.0));
#1455=DIRECTION('',(0.0,0.0,1.0));
#1456=VECTOR('',#1455,3.0);
#1457=LINE('',#1454,#1456);
#1458=EDGE_CURVE('',#1447,#1431,#1457,.T.);
#1459=ORIENTED_EDGE('',*,*,#1458,.T.);
#1460=EDGE_LOOP('',(#1437,#1445,#1453,#1459));
#1461=FACE_OUTER_BOUND('',#1460,.T.);
#1462=ADVANCED_FACE('',(#1461),#1427,.T.);
#1463=CARTESIAN_POINT('',(-70.05000000000004,-65.049999999999997,-133.0));
#1464=DIRECTION('',(1.0,0.0,0.0));
#1465=DIRECTION('',(0.0,0.0,1.0));
#1466=AXIS2_PLACEMENT_3D('',#1463,#1464,#1465);
#1467=PLANE('',#1466);
#1468=CARTESIAN_POINT('',(-70.050000000000026,-77.863409981438735,-130.0));
#1469=VERTEX_POINT('',#1468);
#1470=CARTESIAN_POINT('',(-70.050000000000026,-77.863409981438735,-130.0));
#1471=DIRECTION('',(0.0,1.0,0.0));
#1472=VECTOR('',#1471,12.813409981438738);
#1473=LINE('',#1470,#1472);
#1474=EDGE_CURVE('',#1469,#1429,#1473,.T.);
#1475=ORIENTED_EDGE('',*,*,#1474,.F.);
#1476=CARTESIAN_POINT('',(-70.050000000000011,-84.950000000000017,-128.97457490569599));
#1477=VERTEX_POINT('',#1476);
#1478=CARTESIAN_POINT('',(-70.050000000000082,-77.863409981438735,-105.0));
#1479=DIRECTION('',(1.0,-1.396497E-015,-1.421085E-015));
#1480=DIRECTION('',(-1.992407E-015,-0.700909264299851,-0.713250449154181));
#1481=AXIS2_PLACEMENT_3D('',#1478,#1479,#1480);
#1482=CIRCLE('',#1481,25.0);
#1483=EDGE_CURVE('',#1477,#1469,#1482,.T.);
#1484=ORIENTED_EDGE('',*,*,#1483,.F.);
#1485=CARTESIAN_POINT('',(-70.050000000000011,-84.950000000000017,-133.0));
#1486=VERTEX_POINT('',#1485);
#1487=CARTESIAN_POINT('',(-70.050000000000011,-84.950000000000017,-133.0));
#1488=DIRECTION('',(0.0,0.0,1.0));
#1489=VECTOR('',#1488,4.025425094304012);
#1490=LINE('',#1487,#1489);
#1491=EDGE_CURVE('',#1486,#1477,#1490,.T.);
#1492=ORIENTED_EDGE('',*,*,#1491,.F.);
#1493=CARTESIAN_POINT('',(-70.050000000000011,-84.950000000000017,-133.0));
#1494=DIRECTION('',(0.0,1.0,0.0));
#1495=VECTOR('',#1494,19.900000000000006);
#1496=LINE('',#1493,#1495);
#1497=EDGE_CURVE('',#1486,#1439,#1496,.T.);
#1498=ORIENTED_EDGE('',*,*,#1497,.T.);
#1499=ORIENTED_EDGE('',*,*,#1444,.T.);
#1500=EDGE_LOOP('',(#1475,#1484,#1492,#1498,#1499));
#1501=FACE_OUTER_BOUND('',#1500,.T.);
#1502=ADVANCED_FACE('',(#1501),#1467,.T.);
#1503=CARTESIAN_POINT('',(-89.950000000000017,-84.950000000000017,-133.0));
#1504=DIRECTION('',(-1.0,0.0,0.0));
#1505=DIRECTION('',(0.0,0.0,-1.0));
#1506=AXIS2_PLACEMENT_3D('',#1503,#1504,#1505);
#1507=PLANE('',#1506);
#1508=CARTESIAN_POINT('',(-89.949999999999989,-77.863409981438693,-130.0));
#1509=VERTEX_POINT('',#1508);
#1510=CARTESIAN_POINT('',(-89.949999999999974,-65.049999999999997,-130.0));
#1511=DIRECTION('',(0.0,-1.0,0.0));
#1512=VECTOR('',#1511,12.813409981438681);
#1513=LINE('',#1510,#1512);
#1514=EDGE_CURVE('',#1431,#1509,#1513,.T.);
#1515=ORIENTED_EDGE('',*,*,#1514,.F.);
#1516=ORIENTED_EDGE('',*,*,#1458,.F.);
#1517=CARTESIAN_POINT('',(-89.950000000000017,-84.950000000000017,-133.0));
#1518=VERTEX_POINT('',#1517);
#1519=CARTESIAN_POINT('',(-89.949999999999974,-65.049999999999997,-133.0));
#1520=DIRECTION('',(0.0,-1.0,0.0));
#1521=VECTOR('',#1520,19.90000000000002);
#1522=LINE('',#1519,#1521);
#1523=EDGE_CURVE('',#1447,#1518,#1522,.T.);
#1524=ORIENTED_EDGE('',*,*,#1523,.T.);
#1525=CARTESIAN_POINT('',(-89.950000000000017,-84.950000000000017,-128.97457490569596));
#1526=VERTEX_POINT('',#1525);
#1527=CARTESIAN_POINT('',(-89.950000000000017,-84.950000000000017,-133.0));
#1528=DIRECTION('',(0.0,0.0,1.0));
#1529=VECTOR('',#1528,4.02542509430404);
#1530=LINE('',#1527,#1529);
#1531=EDGE_CURVE('',#1518,#1526,#1530,.T.);
#1532=ORIENTED_EDGE('',*,*,#1531,.T.);
#1533=CARTESIAN_POINT('',(-89.949999999999989,-77.863409981438693,-105.0));
#1534=DIRECTION('',(-1.0,1.396497E-015,1.421085E-015));
#1535=DIRECTION('',(-1.992407E-015,-0.700909264299851,-0.713250449154181));
#1536=AXIS2_PLACEMENT_3D('',#1533,#1534,#1535);
#1537=CIRCLE('',#1536,25.0);
#1538=EDGE_CURVE('',#1509,#1526,#1537,.T.);
#1539=ORIENTED_EDGE('',*,*,#1538,.F.);
#1540=EDGE_LOOP('',(#1515,#1516,#1524,#1532,#1539));
#1541=FACE_OUTER_BOUND('',#1540,.T.);
#1542=ADVANCED_FACE('',(#1541),#1507,.T.);
#1543=CARTESIAN_POINT('',(-70.050000000000011,-84.950000000000017,-133.0));
#1544=DIRECTION('',(0.0,-1.0,0.0));
#1545=DIRECTION('',(0.0,0.0,1.0));
#1546=AXIS2_PLACEMENT_3D('',#1543,#1544,#1545);
#1547=PLANE('',#1546);
#1548=CARTESIAN_POINT('',(-89.950000000000017,-84.949999999999946,-128.97457490569599));
#1549=DIRECTION('',(1.0,0.0,0.0));
#1550=VECTOR('',#1549,19.900000000000006);
#1551=LINE('',#1548,#1550);
#1552=EDGE_CURVE('',#1526,#1477,#1551,.T.);
#1553=ORIENTED_EDGE('',*,*,#1552,.F.);
#1554=ORIENTED_EDGE('',*,*,#1531,.F.);
#1555=CARTESIAN_POINT('',(-89.950000000000017,-84.950000000000017,-133.0));
#1556=DIRECTION('',(1.0,0.0,0.0));
#1557=VECTOR('',#1556,19.899999999999991);
#1558=LINE('',#1555,#1557);
#1559=EDGE_CURVE('',#1518,#1486,#1558,.T.);
#1560=ORIENTED_EDGE('',*,*,#1559,.T.);
#1561=ORIENTED_EDGE('',*,*,#1491,.T.);
#1562=EDGE_LOOP('',(#1553,#1554,#1560,#1561));
#1563=FACE_OUTER_BOUND('',#1562,.T.);
#1564=ADVANCED_FACE('',(#1563),#1547,.T.);
#1565=CARTESIAN_POINT('',(-80.000000000000028,-75.000000000000028,-133.0));
#1566=DIRECTION('',(0.0,0.0,1.0));
#1567=DIRECTION('',(-1.0,0.0,0.0));
#1568=AXIS2_PLACEMENT_3D('',#1565,#1566,#1567);
#1569=PLANE('',#1568);
#1570=ORIENTED_EDGE('',*,*,#1559,.F.);
#1571=ORIENTED_EDGE('',*,*,#1523,.F.);
#1572=ORIENTED_EDGE('',*,*,#1452,.F.);
#1573=ORIENTED_EDGE('',*,*,#1497,.F.);
#1574=EDGE_LOOP('',(#1570,#1571,#1572,#1573));
#1575=FACE_OUTER_BOUND('',#1574,.T.);
#1576=ORIENTED_EDGE('',*,*,#1415,.T.);
#1577=EDGE_LOOP('',(#1576));
#1578=FACE_BOUND('',#1577,.T.);
#1579=ADVANCED_FACE('',(#1575,#1578),#1569,.F.);
#1580=CARTESIAN_POINT('',(-62.350000000000009,-77.863409981438764,-105.0));
#1581=DIRECTION('',(1.0,-2.564108E-015,0.0));
#1582=DIRECTION('',(-1.992407E-015,-0.700909264299851,-0.713250449154181));
#1583=AXIS2_PLACEMENT_3D('',#1580,#1581,#1582);
#1584=CYLINDRICAL_SURFACE('',#1583,25.0);
#1585=ORIENTED_EDGE('',*,*,#1538,.T.);
#1586=ORIENTED_EDGE('',*,*,#1552,.T.);
#1587=ORIENTED_EDGE('',*,*,#1483,.T.);
#1588=CARTESIAN_POINT('',(70.050000000000026,-77.863409981439105,-130.0));
#1589=VERTEX_POINT('',#1588);
#1590=CARTESIAN_POINT('',(-70.050000000000026,-77.86340998143875,-130.0));
#1591=DIRECTION('',(1.0,0.0,0.0));
#1592=VECTOR('',#1591,140.10000000000005);
#1593=LINE('',#1590,#1592);
#1594=EDGE_CURVE('',#1469,#1589,#1593,.T.);
#1595=ORIENTED_EDGE('',*,*,#1594,.T.);
#1596=CARTESIAN_POINT('',(70.049999999999997,-84.950000000000017,-128.9745749056961));
#1597=VERTEX_POINT('',#1596);
#1598=CARTESIAN_POINT('',(70.050000000000011,-77.863409981439105,-105.0));
#1599=DIRECTION('',(-1.0,1.396497E-015,1.421085E-015));
#1600=DIRECTION('',(-1.992407E-015,-0.700909264299851,-0.713250449154181));
#1601=AXIS2_PLACEMENT_3D('',#1598,#1599,#1600);
#1602=CIRCLE('',#1601,25.0);
#1603=EDGE_CURVE('',#1589,#1597,#1602,.T.);
#1604=ORIENTED_EDGE('',*,*,#1603,.T.);
#1605=CARTESIAN_POINT('',(89.950000000000017,-84.950000000000017,-128.9745749056961));
#1606=VERTEX_POINT('',#1605);
#1607=CARTESIAN_POINT('',(70.050000000000011,-84.950000000000358,-128.97457490569599));
#1608=DIRECTION('',(1.0,0.0,0.0));
#1609=VECTOR('',#1608,19.900000000000006);
#1610=LINE('',#1607,#1609);
#1611=EDGE_CURVE('',#1597,#1606,#1610,.T.);
#1612=ORIENTED_EDGE('',*,*,#1611,.T.);
#1613=CARTESIAN_POINT('',(89.949999999999989,-77.863409981439148,-130.0));
#1614=VERTEX_POINT('',#1613);
#1615=CARTESIAN_POINT('',(89.950000000000031,-77.863409981439148,-105.0));
#1616=DIRECTION('',(1.0,-1.396497E-015,-1.421085E-015));
#1617=DIRECTION('',(-1.992407E-015,-0.700909264299851,-0.713250449154181));
#1618=AXIS2_PLACEMENT_3D('',#1615,#1616,#1617);
#1619=CIRCLE('',#1618,25.0);
#1620=EDGE_CURVE('',#1606,#1614,#1619,.T.);
#1621=ORIENTED_EDGE('',*,*,#1620,.T.);
#1622=CARTESIAN_POINT('',(97.863409981438934,-77.863409981439162,-130.0));
#1623=VERTEX_POINT('',#1622);
#1624=CARTESIAN_POINT('',(89.950000000000003,-77.863409981439148,-130.0));
#1625=DIRECTION('',(1.0,0.0,0.0));
#1626=VECTOR('',#1625,7.913409981438946);
#1627=LINE('',#1624,#1626);
#1628=EDGE_CURVE('',#1614,#1623,#1627,.T.);
#1629=ORIENTED_EDGE('',*,*,#1628,.T.);
#1630=CARTESIAN_POINT('',(97.863409981438878,-102.85960236034894,-105.43631016093208));
#1631=VERTEX_POINT('',#1630);
#1632=CARTESIAN_POINT('',(97.863409981438934,-77.863409981439162,-105.0));
#1633=DIRECTION('',(-1.0,0.0,0.0));
#1634=DIRECTION('',(0.0,0.0,-1.0));
#1635=AXIS2_PLACEMENT_3D('',#1632,#1633,#1634);
#1636=CIRCLE('',#1635,25.0);
#1637=EDGE_CURVE('',#1623,#1631,#1636,.T.);
#1638=ORIENTED_EDGE('',*,*,#1637,.T.);
#1639=CARTESIAN_POINT('',(-97.863409981439361,-102.85960236034845,-105.43631016093208));
#1640=VERTEX_POINT('',#1639);
#1641=CARTESIAN_POINT('',(97.863409981438878,-102.85960236034894,-105.43631016093208));
#1642=DIRECTION('',(-1.0,0.0,0.0));
#1643=VECTOR('',#1642,195.72681996287824);
#1644=LINE('',#1641,#1643);
#1645=EDGE_CURVE('',#1631,#1640,#1644,.T.);
#1646=ORIENTED_EDGE('',*,*,#1645,.T.);
#1647=CARTESIAN_POINT('',(-97.863409981439304,-77.863409981438693,-130.0));
#1648=VERTEX_POINT('',#1647);
#1649=CARTESIAN_POINT('',(-97.863409981439304,-77.863409981438679,-105.0));
#1650=DIRECTION('',(1.0,-2.131304E-015,-3.720204E-017));
#1651=DIRECTION('',(-2.131628E-015,-0.999847695156391,-0.017452406437283));
#1652=AXIS2_PLACEMENT_3D('',#1649,#1650,#1651);
#1653=CIRCLE('',#1652,24.999999999999989);
#1654=EDGE_CURVE('',#1640,#1648,#1653,.T.);
#1655=ORIENTED_EDGE('',*,*,#1654,.T.);
#1656=CARTESIAN_POINT('',(-97.863409981439304,-77.863409981438679,-130.0));
#1657=DIRECTION('',(1.0,0.0,0.0));
#1658=VECTOR('',#1657,7.913409981439315);
#1659=LINE('',#1656,#1658);
#1660=EDGE_CURVE('',#1648,#1509,#1659,.T.);
#1661=ORIENTED_EDGE('',*,*,#1660,.T.);
#1662=EDGE_LOOP('',(#1585,#1586,#1587,#1595,#1604,#1612,#1621,#1629,#1638,#1646,#1655,#1661));
#1663=FACE_OUTER_BOUND('',#1662,.T.);
#1664=ADVANCED_FACE('',(#1663),#1584,.T.);
#1665=CARTESIAN_POINT('',(80.0,-75.0,-124.26139208406039));
#1666=DIRECTION('',(-5.589556E-030,-4.519216E-030,-1.0));
#1667=DIRECTION('',(-1.0,0.0,0.0));
#1668=AXIS2_PLACEMENT_3D('',#1665,#1666,#1667);
#1669=CONICAL_SURFACE('',#1668,1.22925,59.000000000000007);
#1670=CARTESIAN_POINT('',(77.541499999999999,-75.0,-125.0));
#1671=VERTEX_POINT('',#1670);
#1672=CARTESIAN_POINT('',(80.0,-75.0,-125.0));
#1673=DIRECTION('',(0.0,0.0,1.0));
#1674=DIRECTION('',(-1.0,0.0,0.0));
#1675=AXIS2_PLACEMENT_3D('',#1672,#1673,#1674);
#1676=CIRCLE('',#1675,2.4585);
#1677=EDGE_CURVE('',#1671,#1671,#1676,.T.);
#1678=ORIENTED_EDGE('',*,*,#1677,.F.);
#1679=EDGE_LOOP('',(#1678));
#1680=FACE_OUTER_BOUND('',#1679,.T.);
#1681=ADVANCED_FACE('',(#1680),#1669,.F.);
#1682=CARTESIAN_POINT('',(80.0,-75.0,-129.0));
#1683=DIRECTION('',(5.589556E-030,4.519216E-030,1.0));
#1684=DIRECTION('',(-1.0,0.0,0.0));
#1685=AXIS2_PLACEMENT_3D('',#1682,#1683,#1684);
#1686=CYLINDRICAL_SURFACE('',#1685,2.4585);
#1687=CARTESIAN_POINT('',(77.541499999999999,-75.0,-133.0));
#1688=VERTEX_POINT('',#1687);
#1689=CARTESIAN_POINT('',(80.0,-75.0,-133.0));
#1690=DIRECTION('',(0.0,0.0,1.0));
#1691=DIRECTION('',(-1.0,0.0,0.0));
#1692=AXIS2_PLACEMENT_3D('',#1689,#1690,#1691);
#1693=CIRCLE('',#1692,2.4585);
#1694=EDGE_CURVE('',#1688,#1688,#1693,.T.);
#1695=ORIENTED_EDGE('',*,*,#1694,.F.);
#1696=EDGE_LOOP('',(#1695));
#1697=FACE_OUTER_BOUND('',#1696,.T.);
#1698=ORIENTED_EDGE('',*,*,#1677,.T.);
#1699=EDGE_LOOP('',(#1698));
#1700=FACE_BOUND('',#1699,.T.);
#1701=ADVANCED_FACE('',(#1697,#1700),#1686,.F.);
#1702=CARTESIAN_POINT('',(70.05000000000004,-65.049999999999997,-133.0));
#1703=DIRECTION('',(1.0,0.0,0.0));
#1704=DIRECTION('',(0.0,0.0,1.0));
#1705=AXIS2_PLACEMENT_3D('',#1702,#1703,#1704);
#1706=PLANE('',#1705);
#1707=ORIENTED_EDGE('',*,*,#1603,.F.);
#1708=CARTESIAN_POINT('',(70.05000000000004,-65.049999999999997,-130.0));
#1709=VERTEX_POINT('',#1708);
#1710=CARTESIAN_POINT('',(70.05000000000004,-65.049999999999997,-130.0));
#1711=DIRECTION('',(0.0,-1.0,0.0));
#1712=VECTOR('',#1711,12.813409981439108);
#1713=LINE('',#1710,#1712);
#1714=EDGE_CURVE('',#1709,#1589,#1713,.T.);
#1715=ORIENTED_EDGE('',*,*,#1714,.F.);
#1716=CARTESIAN_POINT('',(70.05000000000004,-65.049999999999997,-133.0));
#1717=VERTEX_POINT('',#1716);
#1718=CARTESIAN_POINT('',(70.05000000000004,-65.049999999999997,-133.0));
#1719=DIRECTION('',(0.0,0.0,1.0));
#1720=VECTOR('',#1719,3.0);
#1721=LINE('',#1718,#1720);
#1722=EDGE_CURVE('',#1717,#1709,#1721,.T.);
#1723=ORIENTED_EDGE('',*,*,#1722,.F.);
#1724=CARTESIAN_POINT('',(70.050000000000011,-84.950000000000017,-133.0));
#1725=VERTEX_POINT('',#1724);
#1726=CARTESIAN_POINT('',(70.050000000000011,-84.950000000000017,-133.0));
#1727=DIRECTION('',(0.0,1.0,0.0));
#1728=VECTOR('',#1727,19.900000000000006);
#1729=LINE('',#1726,#1728);
#1730=EDGE_CURVE('',#1725,#1717,#1729,.T.);
#1731=ORIENTED_EDGE('',*,*,#1730,.F.);
#1732=CARTESIAN_POINT('',(70.050000000000011,-84.950000000000017,-133.0));
#1733=DIRECTION('',(0.0,0.0,1.0));
#1734=VECTOR('',#1733,4.025425094303927);
#1735=LINE('',#1732,#1734);
#1736=EDGE_CURVE('',#1725,#1597,#1735,.T.);
#1737=ORIENTED_EDGE('',*,*,#1736,.T.);
#1738=EDGE_LOOP('',(#1707,#1715,#1723,#1731,#1737));
#1739=FACE_OUTER_BOUND('',#1738,.T.);
#1740=ADVANCED_FACE('',(#1739),#1706,.F.);
#1741=CARTESIAN_POINT('',(89.949999999999974,-65.049999999999997,-133.0));
#1742=DIRECTION('',(0.0,-1.0,0.0));
#1743=DIRECTION('',(0.0,0.0,-1.0));
#1744=AXIS2_PLACEMENT_3D('',#1741,#1742,#1743);
#1745=PLANE('',#1744);
#1746=CARTESIAN_POINT('',(89.949999999999974,-65.049999999999997,-130.0));
#1747=VERTEX_POINT('',#1746);
#1748=CARTESIAN_POINT('',(89.949999999999974,-65.049999999999997,-130.0));
#1749=DIRECTION('',(-1.0,0.0,0.0));
#1750=VECTOR('',#1749,19.899999999999935);
#1751=LINE('',#1748,#1750);
#1752=EDGE_CURVE('',#1747,#1709,#1751,.T.);
#1753=ORIENTED_EDGE('',*,*,#1752,.F.);
#1754=CARTESIAN_POINT('',(89.949999999999974,-65.049999999999997,-133.0));
#1755=VERTEX_POINT('',#1754);
#1756=CARTESIAN_POINT('',(89.949999999999974,-65.049999999999997,-133.0));
#1757=DIRECTION('',(0.0,0.0,1.0));
#1758=VECTOR('',#1757,3.0);
#1759=LINE('',#1756,#1758);
#1760=EDGE_CURVE('',#1755,#1747,#1759,.T.);
#1761=ORIENTED_EDGE('',*,*,#1760,.F.);
#1762=CARTESIAN_POINT('',(70.05000000000004,-65.049999999999997,-133.0));
#1763=DIRECTION('',(1.0,0.0,0.0));
#1764=VECTOR('',#1763,19.899999999999935);
#1765=LINE('',#1762,#1764);
#1766=EDGE_CURVE('',#1717,#1755,#1765,.T.);
#1767=ORIENTED_EDGE('',*,*,#1766,.F.);
#1768=ORIENTED_EDGE('',*,*,#1722,.T.);
#1769=EDGE_LOOP('',(#1753,#1761,#1767,#1768));
#1770=FACE_OUTER_BOUND('',#1769,.T.);
#1771=ADVANCED_FACE('',(#1770),#1745,.F.);
#1772=CARTESIAN_POINT('',(89.950000000000017,-84.950000000000017,-133.0));
#1773=DIRECTION('',(-1.0,0.0,0.0));
#1774=DIRECTION('',(0.0,0.0,-1.0));
#1775=AXIS2_PLACEMENT_3D('',#1772,#1773,#1774);
#1776=PLANE('',#1775);
#1777=ORIENTED_EDGE('',*,*,#1620,.F.);
#1778=CARTESIAN_POINT('',(89.950000000000017,-84.950000000000017,-133.0));
#1779=VERTEX_POINT('',#1778);
#1780=CARTESIAN_POINT('',(89.950000000000017,-84.950000000000017,-133.0));
#1781=DIRECTION('',(0.0,0.0,1.0));
#1782=VECTOR('',#1781,4.025425094303898);
#1783=LINE('',#1780,#1782);
#1784=EDGE_CURVE('',#1779,#1606,#1783,.T.);
#1785=ORIENTED_EDGE('',*,*,#1784,.F.);
#1786=CARTESIAN_POINT('',(89.949999999999974,-65.049999999999997,-133.0));
#1787=DIRECTION('',(0.0,-1.0,0.0));
#1788=VECTOR('',#1787,19.90000000000002);
#1789=LINE('',#1786,#1788);
#1790=EDGE_CURVE('',#1755,#1779,#1789,.T.);
#1791=ORIENTED_EDGE('',*,*,#1790,.F.);
#1792=ORIENTED_EDGE('',*,*,#1760,.T.);
#1793=CARTESIAN_POINT('',(89.949999999999989,-77.863409981439148,-130.0));
#1794=DIRECTION('',(0.0,1.0,0.0));
#1795=VECTOR('',#1794,12.81340998143915);
#1796=LINE('',#1793,#1795);
#1797=EDGE_CURVE('',#1614,#1747,#1796,.T.);
#1798=ORIENTED_EDGE('',*,*,#1797,.F.);
#1799=EDGE_LOOP('',(#1777,#1785,#1791,#1792,#1798));
#1800=FACE_OUTER_BOUND('',#1799,.T.);
#1801=ADVANCED_FACE('',(#1800),#1776,.F.);
#1802=CARTESIAN_POINT('',(70.050000000000011,-84.950000000000017,-133.0));
#1803=DIRECTION('',(0.0,1.0,0.0));
#1804=DIRECTION('',(0.0,0.0,1.0));
#1805=AXIS2_PLACEMENT_3D('',#1802,#1803,#1804);
#1806=PLANE('',#1805);
#1807=ORIENTED_EDGE('',*,*,#1611,.F.);
#1808=ORIENTED_EDGE('',*,*,#1736,.F.);
#1809=CARTESIAN_POINT('',(89.950000000000017,-84.950000000000017,-133.0));
#1810=DIRECTION('',(-1.0,0.0,0.0));
#1811=VECTOR('',#1810,19.899999999999991);
#1812=LINE('',#1809,#1811);
#1813=EDGE_CURVE('',#1779,#1725,#1812,.T.);
#1814=ORIENTED_EDGE('',*,*,#1813,.F.);
#1815=ORIENTED_EDGE('',*,*,#1784,.T.);
#1816=EDGE_LOOP('',(#1807,#1808,#1814,#1815));
#1817=FACE_OUTER_BOUND('',#1816,.T.);
#1818=ADVANCED_FACE('',(#1817),#1806,.F.);
#1819=CARTESIAN_POINT('',(80.000000000000028,-75.000000000000028,-133.0));
#1820=DIRECTION('',(0.0,0.0,-1.0));
#1821=DIRECTION('',(1.0,0.0,0.0));
#1822=AXIS2_PLACEMENT_3D('',#1819,#1820,#1821);
#1823=PLANE('',#1822);
#1824=ORIENTED_EDGE('',*,*,#1813,.T.);
#1825=ORIENTED_EDGE('',*,*,#1730,.T.);
#1826=ORIENTED_EDGE('',*,*,#1766,.T.);
#1827=ORIENTED_EDGE('',*,*,#1790,.T.);
#1828=EDGE_LOOP('',(#1824,#1825,#1826,#1827));
#1829=FACE_OUTER_BOUND('',#1828,.T.);
#1830=ORIENTED_EDGE('',*,*,#1694,.T.);
#1831=EDGE_LOOP('',(#1830));
#1832=FACE_BOUND('',#1831,.T.);
#1833=ADVANCED_FACE('',(#1829,#1832),#1823,.T.);
#1834=CARTESIAN_POINT('',(-80.0,75.0,-124.26139208406039));
#1835=DIRECTION('',(5.589556E-030,4.519216E-030,-1.0));
#1836=DIRECTION('',(1.0,0.0,0.0));
#1837=AXIS2_PLACEMENT_3D('',#1834,#1835,#1836);
#1838=CONICAL_SURFACE('',#1837,1.22925,59.000000000000007);
#1839=CARTESIAN_POINT('',(-77.541499999999999,75.0,-125.0));
#1840=VERTEX_POINT('',#1839);
#1841=CARTESIAN_POINT('',(-80.0,75.0,-125.0));
#1842=DIRECTION('',(0.0,0.0,1.0));
#1843=DIRECTION('',(1.0,0.0,0.0));
#1844=AXIS2_PLACEMENT_3D('',#1841,#1842,#1843);
#1845=CIRCLE('',#1844,2.4585);
#1846=EDGE_CURVE('',#1840,#1840,#1845,.T.);
#1847=ORIENTED_EDGE('',*,*,#1846,.F.);
#1848=EDGE_LOOP('',(#1847));
#1849=FACE_OUTER_BOUND('',#1848,.T.);
#1850=ADVANCED_FACE('',(#1849),#1838,.F.);
#1851=CARTESIAN_POINT('',(-80.0,75.0,-129.0));
#1852=DIRECTION('',(-5.589556E-030,-4.519216E-030,1.0));
#1853=DIRECTION('',(1.0,0.0,0.0));
#1854=AXIS2_PLACEMENT_3D('',#1851,#1852,#1853);
#1855=CYLINDRICAL_SURFACE('',#1854,2.4585);
#1856=CARTESIAN_POINT('',(-77.541499999999999,75.0,-133.0));
#1857=VERTEX_POINT('',#1856);
#1858=CARTESIAN_POINT('',(-80.0,75.0,-133.0));
#1859=DIRECTION('',(0.0,0.0,1.0));
#1860=DIRECTION('',(1.0,0.0,0.0));
#1861=AXIS2_PLACEMENT_3D('',#1858,#1859,#1860);
#1862=CIRCLE('',#1861,2.4585);
#1863=EDGE_CURVE('',#1857,#1857,#1862,.T.);
#1864=ORIENTED_EDGE('',*,*,#1863,.F.);
#1865=EDGE_LOOP('',(#1864));
#1866=FACE_OUTER_BOUND('',#1865,.T.);
#1867=ORIENTED_EDGE('',*,*,#1846,.T.);
#1868=EDGE_LOOP('',(#1867));
#1869=FACE_BOUND('',#1868,.T.);
#1870=ADVANCED_FACE('',(#1866,#1869),#1855,.F.);
#1871=CARTESIAN_POINT('',(-89.950000000000017,84.950000000000017,-133.0));
#1872=DIRECTION('',(1.0,0.0,0.0));
#1873=DIRECTION('',(0.0,0.0,-1.0));
#1874=AXIS2_PLACEMENT_3D('',#1871,#1872,#1873);
#1875=PLANE('',#1874);
#1876=CARTESIAN_POINT('',(-89.949999999999989,77.863409981439418,-130.0));
#1877=VERTEX_POINT('',#1876);
#1878=CARTESIAN_POINT('',(-89.949999999999974,65.049999999999997,-130.0));
#1879=VERTEX_POINT('',#1878);
#1880=CARTESIAN_POINT('',(-89.949999999999989,77.863409981439418,-130.0));
#1881=DIRECTION('',(0.0,-1.0,0.0));
#1882=VECTOR('',#1881,12.81340998143942);
#1883=LINE('',#1880,#1882);
#1884=EDGE_CURVE('',#1877,#1879,#1883,.T.);
#1885=ORIENTED_EDGE('',*,*,#1884,.F.);
#1886=CARTESIAN_POINT('',(-89.950000000000017,84.950000000000017,-128.97457490569619));
#1887=VERTEX_POINT('',#1886);
#1888=CARTESIAN_POINT('',(-89.950000000000017,77.863409981439418,-105.0));
#1889=DIRECTION('',(-1.0,6.982484E-016,-7.105427E-016));
#1890=DIRECTION('',(9.962037E-016,0.700909264299851,-0.713250449154181));
#1891=AXIS2_PLACEMENT_3D('',#1888,#1889,#1890);
#1892=CIRCLE('',#1891,25.0);
#1893=EDGE_CURVE('',#1887,#1877,#1892,.T.);
#1894=ORIENTED_EDGE('',*,*,#1893,.F.);
#1895=CARTESIAN_POINT('',(-89.950000000000017,84.950000000000017,-133.0));
#1896=VERTEX_POINT('',#1895);
#1897=CARTESIAN_POINT('',(-89.950000000000017,84.950000000000017,-133.0));
#1898=DIRECTION('',(0.0,0.0,1.0));
#1899=VECTOR('',#1898,4.025425094303841);
#1900=LINE('',#1897,#1899);
#1901=EDGE_CURVE('',#1896,#1887,#1900,.T.);
#1902=ORIENTED_EDGE('',*,*,#1901,.F.);
#1903=CARTESIAN_POINT('',(-89.949999999999974,65.049999999999997,-133.0));
#1904=VERTEX_POINT('',#1903);
#1905=CARTESIAN_POINT('',(-89.949999999999974,65.049999999999997,-133.0));
#1906=DIRECTION('',(0.0,1.0,0.0));
#1907=VECTOR('',#1906,19.90000000000002);
#1908=LINE('',#1905,#1907);
#1909=EDGE_CURVE('',#1904,#1896,#1908,.T.);
#1910=ORIENTED_EDGE('',*,*,#1909,.F.);
#1911=CARTESIAN_POINT('',(-89.949999999999974,65.049999999999997,-133.0));
#1912=DIRECTION('',(0.0,0.0,1.0));
#1913=VECTOR('',#1912,3.0);
#1914=LINE('',#1911,#1913);
#1915=EDGE_CURVE('',#1904,#1879,#1914,.T.);
#1916=ORIENTED_EDGE('',*,*,#1915,.T.);
#1917=EDGE_LOOP('',(#1885,#1894,#1902,#1910,#1916));
#1918=FACE_OUTER_BOUND('',#1917,.T.);
#1919=ADVANCED_FACE('',(#1918),#1875,.F.);
#1920=CARTESIAN_POINT('',(-70.050000000000011,84.950000000000017,-133.0));
#1921=DIRECTION('',(0.0,-1.0,0.0));
#1922=DIRECTION('',(0.0,0.0,1.0));
#1923=AXIS2_PLACEMENT_3D('',#1920,#1921,#1922);
#1924=PLANE('',#1923);
#1925=CARTESIAN_POINT('',(-70.050000000000026,84.950000000000017,-128.97457490569619));
#1926=VERTEX_POINT('',#1925);
#1927=CARTESIAN_POINT('',(-70.05000000000004,84.950000000000173,-128.97457490569616));
#1928=DIRECTION('',(-1.0,0.0,0.0));
#1929=VECTOR('',#1928,19.899999999999977);
#1930=LINE('',#1927,#1929);
#1931=EDGE_CURVE('',#1926,#1887,#1930,.T.);
#1932=ORIENTED_EDGE('',*,*,#1931,.F.);
#1933=CARTESIAN_POINT('',(-70.050000000000011,84.950000000000017,-133.0));
#1934=VERTEX_POINT('',#1933);
#1935=CARTESIAN_POINT('',(-70.050000000000011,84.950000000000017,-133.0));
#1936=DIRECTION('',(0.0,0.0,1.0));
#1937=VECTOR('',#1936,4.025425094303841);
#1938=LINE('',#1935,#1937);
#1939=EDGE_CURVE('',#1934,#1926,#1938,.T.);
#1940=ORIENTED_EDGE('',*,*,#1939,.F.);
#1941=CARTESIAN_POINT('',(-89.950000000000017,84.950000000000017,-133.0));
#1942=DIRECTION('',(1.0,0.0,0.0));
#1943=VECTOR('',#1942,19.899999999999991);
#1944=LINE('',#1941,#1943);
#1945=EDGE_CURVE('',#1896,#1934,#1944,.T.);
#1946=ORIENTED_EDGE('',*,*,#1945,.F.);
#1947=ORIENTED_EDGE('',*,*,#1901,.T.);
#1948=EDGE_LOOP('',(#1932,#1940,#1946,#1947));
#1949=FACE_OUTER_BOUND('',#1948,.T.);
#1950=ADVANCED_FACE('',(#1949),#1924,.F.);
#1951=CARTESIAN_POINT('',(-89.949999999999974,65.049999999999997,-133.0));
#1952=DIRECTION('',(0.0,1.0,0.0));
#1953=DIRECTION('',(0.0,0.0,-1.0));
#1954=AXIS2_PLACEMENT_3D('',#1951,#1952,#1953);
#1955=PLANE('',#1954);
#1956=CARTESIAN_POINT('',(-70.05000000000004,65.049999999999997,-130.0));
#1957=VERTEX_POINT('',#1956);
#1958=CARTESIAN_POINT('',(-89.949999999999974,65.049999999999997,-130.0));
#1959=DIRECTION('',(1.0,0.0,0.0));
#1960=VECTOR('',#1959,19.899999999999935);
#1961=LINE('',#1958,#1960);
#1962=EDGE_CURVE('',#1879,#1957,#1961,.T.);
#1963=ORIENTED_EDGE('',*,*,#1962,.F.);
#1964=ORIENTED_EDGE('',*,*,#1915,.F.);
#1965=CARTESIAN_POINT('',(-70.05000000000004,65.049999999999997,-133.0));
#1966=VERTEX_POINT('',#1965);
#1967=CARTESIAN_POINT('',(-70.05000000000004,65.049999999999997,-133.0));
#1968=DIRECTION('',(-1.0,0.0,0.0));
#1969=VECTOR('',#1968,19.899999999999935);
#1970=LINE('',#1967,#1969);
#1971=EDGE_CURVE('',#1966,#1904,#1970,.T.);
#1972=ORIENTED_EDGE('',*,*,#1971,.F.);
#1973=CARTESIAN_POINT('',(-70.05000000000004,65.049999999999997,-133.0));
#1974=DIRECTION('',(0.0,0.0,1.0));
#1975=VECTOR('',#1974,3.0);
#1976=LINE('',#1973,#1975);
#1977=EDGE_CURVE('',#1966,#1957,#1976,.T.);
#1978=ORIENTED_EDGE('',*,*,#1977,.T.);
#1979=EDGE_LOOP('',(#1963,#1964,#1972,#1978));
#1980=FACE_OUTER_BOUND('',#1979,.T.);
#1981=ADVANCED_FACE('',(#1980),#1955,.F.);
#1982=CARTESIAN_POINT('',(-70.05000000000004,65.049999999999997,-133.0));
#1983=DIRECTION('',(-1.0,0.0,0.0));
#1984=DIRECTION('',(0.0,0.0,1.0));
#1985=AXIS2_PLACEMENT_3D('',#1982,#1983,#1984);
#1986=PLANE('',#1985);
#1987=CARTESIAN_POINT('',(-70.050000000000026,77.863409981439389,-130.0));
#1988=VERTEX_POINT('',#1987);
#1989=CARTESIAN_POINT('',(-70.05000000000004,65.049999999999997,-130.0));
#1990=DIRECTION('',(0.0,1.0,0.0));
#1991=VECTOR('',#1990,12.813409981439392);
#1992=LINE('',#1989,#1991);
#1993=EDGE_CURVE('',#1957,#1988,#1992,.T.);
#1994=ORIENTED_EDGE('',*,*,#1993,.F.);
#1995=ORIENTED_EDGE('',*,*,#1977,.F.);
#1996=CARTESIAN_POINT('',(-70.050000000000011,84.950000000000017,-133.0));
#1997=DIRECTION('',(0.0,-1.0,0.0));
#1998=VECTOR('',#1997,19.900000000000006);
#1999=LINE('',#1996,#1998);
#2000=EDGE_CURVE('',#1934,#1966,#1999,.T.);
#2001=ORIENTED_EDGE('',*,*,#2000,.F.);
#2002=ORIENTED_EDGE('',*,*,#1939,.T.);
#2003=CARTESIAN_POINT('',(-70.050000000000026,77.863409981439389,-105.0));
#2004=DIRECTION('',(1.0,-6.982484E-016,7.105427E-016));
#2005=DIRECTION('',(9.962037E-016,0.700909264299851,-0.713250449154181));
#2006=AXIS2_PLACEMENT_3D('',#2003,#2004,#2005);
#2007=CIRCLE('',#2006,25.0);
#2008=EDGE_CURVE('',#1988,#1926,#2007,.T.);
#2009=ORIENTED_EDGE('',*,*,#2008,.F.);
#2010=EDGE_LOOP('',(#1994,#1995,#2001,#2002,#2009));
#2011=FACE_OUTER_BOUND('',#2010,.T.);
#2012=ADVANCED_FACE('',(#2011),#1986,.F.);
#2013=CARTESIAN_POINT('',(-80.000000000000028,75.000000000000028,-133.0));
#2014=DIRECTION('',(0.0,0.0,-1.0));
#2015=DIRECTION('',(-1.0,0.0,0.0));
#2016=AXIS2_PLACEMENT_3D('',#2013,#2014,#2015);
#2017=PLANE('',#2016);
#2018=ORIENTED_EDGE('',*,*,#1945,.T.);
#2019=ORIENTED_EDGE('',*,*,#2000,.T.);
#2020=ORIENTED_EDGE('',*,*,#1971,.T.);
#2021=ORIENTED_EDGE('',*,*,#1909,.T.);
#2022=EDGE_LOOP('',(#2018,#2019,#2020,#2021));
#2023=FACE_OUTER_BOUND('',#2022,.T.);
#2024=ORIENTED_EDGE('',*,*,#1863,.T.);
#2025=EDGE_LOOP('',(#2024));
#2026=FACE_BOUND('',#2025,.T.);
#2027=ADVANCED_FACE('',(#2023,#2026),#2017,.T.);
#2028=CARTESIAN_POINT('',(-1.077679E-013,2.842171E-013,-130.0));
#2029=DIRECTION('',(0.0,0.0,1.0));
#2030=DIRECTION('',(1.0,0.0,0.0));
#2031=AXIS2_PLACEMENT_3D('',#2028,#2029,#2030);
#2032=PLANE('',#2031);
#2033=ORIENTED_EDGE('',*,*,#1514,.T.);
#2034=ORIENTED_EDGE('',*,*,#1660,.F.);
#2035=CARTESIAN_POINT('',(-97.86340998143956,77.863409981439432,-130.0));
#2036=VERTEX_POINT('',#2035);
#2037=CARTESIAN_POINT('',(-97.863409981439546,77.863409981439418,-130.0));
#2038=DIRECTION('',(0.0,-1.0,0.0));
#2039=VECTOR('',#2038,155.7268199628781);
#2040=LINE('',#2037,#2039);
#2041=EDGE_CURVE('',#2036,#1648,#2040,.T.);
#2042=ORIENTED_EDGE('',*,*,#2041,.F.);
#2043=CARTESIAN_POINT('',(-89.949999999999989,77.863409981439418,-130.0));
#2044=DIRECTION('',(-1.0,0.0,0.0));
#2045=VECTOR('',#2044,7.913409981439571);
#2046=LINE('',#2043,#2045);
#2047=EDGE_CURVE('',#1877,#2036,#2046,.T.);
#2048=ORIENTED_EDGE('',*,*,#2047,.F.);
#2049=ORIENTED_EDGE('',*,*,#1884,.T.);
#2050=ORIENTED_EDGE('',*,*,#1962,.T.);
#2051=ORIENTED_EDGE('',*,*,#1993,.T.);
#2052=CARTESIAN_POINT('',(69.050000000000068,77.863409981439233,-130.0));
#2053=VERTEX_POINT('',#2052);
#2054=CARTESIAN_POINT('',(69.050000000000068,77.863409981439233,-130.0));
#2055=DIRECTION('',(-1.0,0.0,0.0));
#2056=VECTOR('',#2055,139.10000000000011);
#2057=LINE('',#2054,#2056);
#2058=EDGE_CURVE('',#2053,#1988,#2057,.T.);
#2059=ORIENTED_EDGE('',*,*,#2058,.F.);
#2060=CARTESIAN_POINT('',(69.05000000000004,66.049999999999969,-130.0));
#2061=VERTEX_POINT('',#2060);
#2062=CARTESIAN_POINT('',(69.050000000000054,66.049999999999969,-130.0));
#2063=DIRECTION('',(0.0,1.0,0.0));
#2064=VECTOR('',#2063,11.813409981439264);
#2065=LINE('',#2062,#2064);
#2066=EDGE_CURVE('',#2061,#2053,#2065,.T.);
#2067=ORIENTED_EDGE('',*,*,#2066,.F.);
#2068=CARTESIAN_POINT('',(70.782050807568936,65.049999999999997,-130.0));
#2069=VERTEX_POINT('',#2068);
#2070=CARTESIAN_POINT('',(69.05000000000004,66.049999999999969,-130.0));
#2071=CARTESIAN_POINT('',(69.327098222081005,65.772901777919003,-130.0));
#2072=CARTESIAN_POINT('',(69.665223272204074,65.446087283811266,-130.0));
#2073=CARTESIAN_POINT('',(70.234730473150947,65.13957199989774,-130.0));
#2074=CARTESIAN_POINT('',(70.527173385693359,65.049999999999969,-130.0));
#2075=CARTESIAN_POINT('',(70.782050807568936,65.049999999999969,-130.0));
#2076=B_SPLINE_CURVE_WITH_KNOTS('',3,(#2070,#2071,#2072,#2073,#2074,#2075),.UNSPECIFIED.,.F.,.U.,(4,2,4),(0.0,0.117562819132909,0.194026045695578),.UNSPECIFIED.);
#2077=EDGE_CURVE('',#2069,#2061,#2076,.F.);
#2078=ORIENTED_EDGE('',*,*,#2077,.F.);
#2079=CARTESIAN_POINT('',(89.217949192431064,65.049999999999997,-130.0));
#2080=VERTEX_POINT('',#2079);
#2081=CARTESIAN_POINT('',(70.782050807568936,65.049999999999997,-130.0));
#2082=DIRECTION('',(1.0,0.0,0.0));
#2083=VECTOR('',#2082,18.435898384862128);
#2084=LINE('',#2081,#2083);
#2085=EDGE_CURVE('',#2069,#2080,#2084,.T.);
#2086=ORIENTED_EDGE('',*,*,#2085,.T.);
#2087=CARTESIAN_POINT('',(90.94999999999996,66.049999999999997,-130.0));
#2088=VERTEX_POINT('',#2087);
#2089=CARTESIAN_POINT('',(89.217949192431064,65.049999999999983,-130.0));
#2090=CARTESIAN_POINT('',(89.472826614306626,65.049999999999983,-130.0));
#2091=CARTESIAN_POINT('',(89.765269526849067,65.139571999897768,-130.0));
#2092=CARTESIAN_POINT('',(90.334776727795941,65.446087283811295,-130.0));
#2093=CARTESIAN_POINT('',(90.672901777919009,65.772901777919031,-130.0));
#2094=CARTESIAN_POINT('',(90.94999999999996,66.049999999999997,-130.0));
#2095=B_SPLINE_CURVE_WITH_KNOTS('',3,(#2089,#2090,#2091,#2092,#2093,#2094),.UNSPECIFIED.,.F.,.U.,(4,2,4),(0.505532240038509,0.581995466601178,0.699558285734087),.UNSPECIFIED.);
#2096=EDGE_CURVE('',#2088,#2080,#2095,.F.);
#2097=ORIENTED_EDGE('',*,*,#2096,.F.);
#2098=CARTESIAN_POINT('',(90.949999999999989,77.863409981439204,-130.0));
#2099=VERTEX_POINT('',#2098);
#2100=CARTESIAN_POINT('',(90.949999999999974,77.863409981439204,-130.0));
#2101=DIRECTION('',(0.0,-1.0,0.0));
#2102=VECTOR('',#2101,11.813409981439207);
#2103=LINE('',#2100,#2102);
#2104=EDGE_CURVE('',#2099,#2088,#2103,.T.);
#2105=ORIENTED_EDGE('',*,*,#2104,.F.);
#2106=CARTESIAN_POINT('',(97.863409981439219,77.863409981439219,-130.0));
#2107=VERTEX_POINT('',#2106);
#2108=CARTESIAN_POINT('',(97.863409981439219,77.863409981439204,-130.0));
#2109=DIRECTION('',(-1.0,0.0,0.0));
#2110=VECTOR('',#2109,6.91340998143923);
#2111=LINE('',#2108,#2110);
#2112=EDGE_CURVE('',#2107,#2099,#2111,.T.);
#2113=ORIENTED_EDGE('',*,*,#2112,.F.);
#2114=CARTESIAN_POINT('',(97.86340998143892,-77.863409981439162,-130.0));
#2115=DIRECTION('',(0.0,1.0,0.0));
#2116=VECTOR('',#2115,155.72681996287838);
#2117=LINE('',#2114,#2116);
#2118=EDGE_CURVE('',#1623,#2107,#2117,.T.);
#2119=ORIENTED_EDGE('',*,*,#2118,.F.);
#2120=ORIENTED_EDGE('',*,*,#1628,.F.);
#2121=ORIENTED_EDGE('',*,*,#1797,.T.);
#2122=ORIENTED_EDGE('',*,*,#1752,.T.);
#2123=ORIENTED_EDGE('',*,*,#1714,.T.);
#2124=ORIENTED_EDGE('',*,*,#1594,.F.);
#2125=ORIENTED_EDGE('',*,*,#1474,.T.);
#2126=ORIENTED_EDGE('',*,*,#1436,.T.);
#2127=EDGE_LOOP('',(#2033,#2034,#2042,#2048,#2049,#2050,#2051,#2059,#2067,#2078,#2086,#2097,#2105,#2113,#2119,#2120,#2121,#2122,#2123,#2124,#2125,#2126));
#2128=FACE_OUTER_BOUND('',#2127,.T.);
#2129=ADVANCED_FACE('',(#2128),#2032,.F.);
#2130=CARTESIAN_POINT('',(80.0,75.0,-124.26139208406039));
#2131=DIRECTION('',(-5.589556E-030,4.519216E-030,-1.0));
#2132=DIRECTION('',(-1.0,0.0,0.0));
#2133=AXIS2_PLACEMENT_3D('',#2130,#2131,#2132);
#2134=CONICAL_SURFACE('',#2133,1.22925,59.000000000000007);
#2135=CARTESIAN_POINT('',(77.541499999999999,75.0,-125.0));
#2136=VERTEX_POINT('',#2135);
#2137=CARTESIAN_POINT('',(80.0,75.0,-125.0));
#2138=DIRECTION('',(0.0,0.0,-1.0));
#2139=DIRECTION('',(-1.0,0.0,0.0));
#2140=AXIS2_PLACEMENT_3D('',#2137,#2138,#2139);
#2141=CIRCLE('',#2140,2.4585);
#2142=EDGE_CURVE('',#2136,#2136,#2141,.T.);
#2143=ORIENTED_EDGE('',*,*,#2142,.T.);
#2144=EDGE_LOOP('',(#2143));
#2145=FACE_OUTER_BOUND('',#2144,.T.);
#2146=ADVANCED_FACE('',(#2145),#2134,.F.);
#2147=CARTESIAN_POINT('',(80.0,75.0,-129.0));
#2148=DIRECTION('',(-5.589556E-030,4.519216E-030,-1.0));
#2149=DIRECTION('',(-1.0,0.0,0.0));
#2150=AXIS2_PLACEMENT_3D('',#2147,#2148,#2149);
#2151=CYLINDRICAL_SURFACE('',#2150,2.4585);
#2152=CARTESIAN_POINT('',(77.541499999999999,75.0,-133.0));
#2153=VERTEX_POINT('',#2152);
#2154=CARTESIAN_POINT('',(80.0,75.0,-133.0));
#2155=DIRECTION('',(0.0,0.0,1.0));
#2156=DIRECTION('',(-1.0,0.0,0.0));
#2157=AXIS2_PLACEMENT_3D('',#2154,#2155,#2156);
#2158=CIRCLE('',#2157,2.4585);
#2159=EDGE_CURVE('',#2153,#2153,#2158,.T.);
#2160=ORIENTED_EDGE('',*,*,#2159,.F.);
#2161=EDGE_LOOP('',(#2160));
#2162=FACE_OUTER_BOUND('',#2161,.T.);
#2163=ORIENTED_EDGE('',*,*,#2142,.F.);
#2164=EDGE_LOOP('',(#2163));
#2165=FACE_BOUND('',#2164,.T.);
#2166=ADVANCED_FACE('',(#2162,#2165),#2151,.F.);
#2167=CARTESIAN_POINT('',(71.05000000000004,66.049999999999997,-132.0));
#2168=DIRECTION('',(0.577350269189626,0.577350269189626,0.577350269189626));
#2169=DIRECTION('',(-0.707106781186548,0.0,0.707106781186548));
#2170=AXIS2_PLACEMENT_3D('',#2167,#2168,#2169);
#2171=SPHERICAL_SURFACE('',#2170,1.0);
#2172=CARTESIAN_POINT('',(71.05000000000004,65.049999999999997,-132.0));
#2173=VERTEX_POINT('',#2172);
#2174=CARTESIAN_POINT('',(70.05000000000004,66.049999999999997,-132.0));
#2175=VERTEX_POINT('',#2174);
#2176=CARTESIAN_POINT('',(71.05000000000004,66.049999999999997,-132.0));
#2177=DIRECTION('',(0.0,0.0,-1.0));
#2178=DIRECTION('',(0.0,-1.0,0.0));
#2179=AXIS2_PLACEMENT_3D('',#2176,#2177,#2178);
#2180=CIRCLE('',#2179,0.999999999999996);
#2181=EDGE_CURVE('',#2173,#2175,#2180,.T.);
#2182=ORIENTED_EDGE('',*,*,#2181,.T.);
#2183=CARTESIAN_POINT('',(71.05000000000004,66.049999999999997,-133.0));
#2184=VERTEX_POINT('',#2183);
#2185=CARTESIAN_POINT('',(71.05000000000004,66.049999999999997,-132.0));
#2186=DIRECTION('',(0.0,-1.0,0.0));
#2187=DIRECTION('',(-0.707106781186552,0.0,-0.707106781186543));
#2188=AXIS2_PLACEMENT_3D('',#2185,#2186,#2187);
#2189=CIRCLE('',#2188,1.000000000000004);
#2190=EDGE_CURVE('',#2175,#2184,#2189,.T.);
#2191=ORIENTED_EDGE('',*,*,#2190,.T.);
#2192=CARTESIAN_POINT('',(71.05000000000004,66.049999999999997,-132.0));
#2193=DIRECTION('',(-1.0,0.0,0.0));
#2194=DIRECTION('',(0.0,-0.707106781186552,-0.707106781186543));
#2195=AXIS2_PLACEMENT_3D('',#2192,#2193,#2194);
#2196=CIRCLE('',#2195,1.000000000000004);
#2197=EDGE_CURVE('',#2184,#2173,#2196,.T.);
#2198=ORIENTED_EDGE('',*,*,#2197,.T.);
#2199=EDGE_LOOP('',(#2182,#2191,#2198));
#2200=FACE_OUTER_BOUND('',#2199,.T.);
#2201=ADVANCED_FACE('',(#2200),#2171,.T.);
#2202=CARTESIAN_POINT('',(71.05000000000004,66.049999999999997,-133.0));
#2203=DIRECTION('',(0.0,0.0,1.0));
#2204=DIRECTION('',(-0.707106781186548,-0.707106781186548,0.0));
#2205=AXIS2_PLACEMENT_3D('',#2202,#2203,#2204);
#2206=CYLINDRICAL_SURFACE('',#2205,1.0);
#2207=CARTESIAN_POINT('',(71.05000000000004,65.049999999999997,-130.99999999999997));
#2208=VERTEX_POINT('',#2207);
#2209=CARTESIAN_POINT('',(70.05000000000004,66.049999999999997,-130.99999999999997));
#2210=VERTEX_POINT('',#2209);
#2211=CARTESIAN_POINT('',(71.05000000000004,66.049999999999997,-130.99999999999997));
#2212=DIRECTION('',(0.0,0.0,-1.0));
#2213=DIRECTION('',(0.0,-1.0,0.0));
#2214=AXIS2_PLACEMENT_3D('',#2211,#2212,#2213);
#2215=CIRCLE('',#2214,0.999999999999996);
#2216=EDGE_CURVE('',#2208,#2210,#2215,.T.);
#2217=ORIENTED_EDGE('',*,*,#2216,.T.);
#2218=CARTESIAN_POINT('',(70.05000000000004,66.049999999999997,-130.99999999999997));
#2219=DIRECTION('',(0.0,0.0,-1.0));
#2220=VECTOR('',#2219,1.000000000000028);
#2221=LINE('',#2218,#2220);
#2222=EDGE_CURVE('',#2210,#2175,#2221,.T.);
#2223=ORIENTED_EDGE('',*,*,#2222,.T.);
#2224=ORIENTED_EDGE('',*,*,#2181,.F.);
#2225=CARTESIAN_POINT('',(71.05000000000004,65.049999999999997,-132.0));
#2226=DIRECTION('',(0.0,0.0,1.0));
#2227=VECTOR('',#2226,1.000000000000028);
#2228=LINE('',#2225,#2227);
#2229=EDGE_CURVE('',#2173,#2208,#2228,.T.);
#2230=ORIENTED_EDGE('',*,*,#2229,.T.);
#2231=EDGE_LOOP('',(#2217,#2223,#2224,#2230));
#2232=FACE_OUTER_BOUND('',#2231,.T.);
#2233=ADVANCED_FACE('',(#2232),#2206,.T.);
#2234=CARTESIAN_POINT('',(69.05000000000004,66.049999999999969,-130.99999999999997));
#2235=DIRECTION('',(0.0,-1.0,0.0));
#2236=DIRECTION('',(0.0,0.0,-1.0));
#2237=AXIS2_PLACEMENT_3D('',#2234,#2235,#2236);
#2238=TOROIDAL_SURFACE('',#2237,2.0,1.0);
#2239=ORIENTED_EDGE('',*,*,#2077,.T.);
#2240=CARTESIAN_POINT('',(69.05000000000004,66.049999999999969,-130.99999999999997));
#2241=DIRECTION('',(0.0,1.0,0.0));
#2242=DIRECTION('',(0.707106781186548,0.0,0.707106781186548));
#2243=AXIS2_PLACEMENT_3D('',#2240,#2241,#2242);
#2244=CIRCLE('',#2243,1.0);
#2245=EDGE_CURVE('',#2061,#2210,#2244,.T.);
#2246=ORIENTED_EDGE('',*,*,#2245,.T.);
#2247=ORIENTED_EDGE('',*,*,#2216,.F.);
#2248=CARTESIAN_POINT('',(69.05000000000004,65.049999999999997,-130.99999999999997));
#2249=DIRECTION('',(0.0,-1.0,0.0));
#2250=DIRECTION('',(0.707106781186548,0.0,0.707106781186548));
#2251=AXIS2_PLACEMENT_3D('',#2248,#2249,#2250);
#2252=CIRCLE('',#2251,2.0);
#2253=EDGE_CURVE('',#2208,#2069,#2252,.T.);
#2254=ORIENTED_EDGE('',*,*,#2253,.T.);
#2255=EDGE_LOOP('',(#2239,#2246,#2247,#2254));
#2256=FACE_OUTER_BOUND('',#2255,.T.);
#2257=ADVANCED_FACE('',(#2256),#2238,.T.);
#2258=CARTESIAN_POINT('',(89.949999999999974,65.049999999999997,-133.0));
#2259=DIRECTION('',(0.0,-1.0,0.0));
#2260=DIRECTION('',(0.0,0.0,-1.0));
#2261=AXIS2_PLACEMENT_3D('',#2258,#2259,#2260);
#2262=PLANE('',#2261);
#2263=ORIENTED_EDGE('',*,*,#2253,.F.);
#2264=ORIENTED_EDGE('',*,*,#2229,.F.);
#2265=CARTESIAN_POINT('',(88.949999999999974,65.049999999999997,-132.0));
#2266=VERTEX_POINT('',#2265);
#2267=CARTESIAN_POINT('',(88.949999999999989,65.049999999999997,-132.0));
#2268=DIRECTION('',(-1.0,0.0,0.0));
#2269=VECTOR('',#2268,17.899999999999949);
#2270=LINE('',#2267,#2269);
#2271=EDGE_CURVE('',#2266,#2173,#2270,.T.);
#2272=ORIENTED_EDGE('',*,*,#2271,.F.);
#2273=CARTESIAN_POINT('',(88.949999999999974,65.049999999999997,-130.99999999999997));
#2274=VERTEX_POINT('',#2273);
#2275=CARTESIAN_POINT('',(88.949999999999974,65.049999999999997,-130.99999999999997));
#2276=DIRECTION('',(0.0,0.0,-1.0));
#2277=VECTOR('',#2276,1.000000000000028);
#2278=LINE('',#2275,#2277);
#2279=EDGE_CURVE('',#2274,#2266,#2278,.T.);
#2280=ORIENTED_EDGE('',*,*,#2279,.F.);
#2281=CARTESIAN_POINT('',(90.94999999999996,65.049999999999997,-130.99999999999997));
#2282=DIRECTION('',(0.0,-1.0,0.0));
#2283=DIRECTION('',(-0.707106781186548,0.0,0.707106781186548));
#2284=AXIS2_PLACEMENT_3D('',#2281,#2282,#2283);
#2285=CIRCLE('',#2284,2.0);
#2286=EDGE_CURVE('',#2080,#2274,#2285,.T.);
#2287=ORIENTED_EDGE('',*,*,#2286,.F.);
#2288=ORIENTED_EDGE('',*,*,#2085,.F.);
#2289=EDGE_LOOP('',(#2263,#2264,#2272,#2280,#2287,#2288));
#2290=FACE_OUTER_BOUND('',#2289,.T.);
#2291=ADVANCED_FACE('',(#2290),#2262,.T.);
#2292=CARTESIAN_POINT('',(84.975000000000009,66.049999999999997,-132.0));
#2293=DIRECTION('',(1.0,0.0,-5.589556E-030));
#2294=DIRECTION('',(0.0,-0.707106781186554,-0.707106781186541));
#2295=AXIS2_PLACEMENT_3D('',#2292,#2293,#2294);
#2296=CYLINDRICAL_SURFACE('',#2295,1.0);
#2297=ORIENTED_EDGE('',*,*,#2197,.F.);
#2298=CARTESIAN_POINT('',(88.949999999999974,66.049999999999997,-133.0));
#2299=VERTEX_POINT('',#2298);
#2300=CARTESIAN_POINT('',(71.05000000000004,66.049999999999997,-133.0));
#2301=DIRECTION('',(1.0,0.0,0.0));
#2302=VECTOR('',#2301,17.899999999999949);
#2303=LINE('',#2300,#2302);
#2304=EDGE_CURVE('',#2184,#2299,#2303,.T.);
#2305=ORIENTED_EDGE('',*,*,#2304,.T.);
#2306=CARTESIAN_POINT('',(88.949999999999974,66.049999999999997,-132.0));
#2307=DIRECTION('',(1.0,0.0,0.0));
#2308=DIRECTION('',(0.0,-0.707106781186552,-0.707106781186543));
#2309=AXIS2_PLACEMENT_3D('',#2306,#2307,#2308);
#2310=CIRCLE('',#2309,1.000000000000004);
#2311=EDGE_CURVE('',#2266,#2299,#2310,.T.);
#2312=ORIENTED_EDGE('',*,*,#2311,.F.);
#2313=ORIENTED_EDGE('',*,*,#2271,.T.);
#2314=EDGE_LOOP('',(#2297,#2305,#2312,#2313));
#2315=FACE_OUTER_BOUND('',#2314,.T.);
#2316=ADVANCED_FACE('',(#2315),#2296,.T.);
#2317=CARTESIAN_POINT('',(71.050000000000026,70.025000000000006,-132.0));
#2318=DIRECTION('',(1.338962E-015,-1.0,-4.519216E-030));
#2319=DIRECTION('',(-0.707106781186554,0.0,-0.707106781186541));
#2320=AXIS2_PLACEMENT_3D('',#2317,#2318,#2319);
#2321=CYLINDRICAL_SURFACE('',#2320,1.0);
#2322=ORIENTED_EDGE('',*,*,#2190,.F.);
#2323=CARTESIAN_POINT('',(70.050000000000011,83.950000000000017,-132.0));
#2324=VERTEX_POINT('',#2323);
#2325=CARTESIAN_POINT('',(70.05000000000004,66.049999999999997,-132.0));
#2326=DIRECTION('',(0.0,1.0,0.0));
#2327=VECTOR('',#2326,17.90000000000002);
#2328=LINE('',#2325,#2327);
#2329=EDGE_CURVE('',#2175,#2324,#2328,.T.);
#2330=ORIENTED_EDGE('',*,*,#2329,.T.);
#2331=CARTESIAN_POINT('',(71.050000000000011,83.950000000000017,-133.0));
#2332=VERTEX_POINT('',#2331);
#2333=CARTESIAN_POINT('',(71.050000000000011,83.950000000000017,-132.0));
#2334=DIRECTION('',(0.0,1.0,0.0));
#2335=DIRECTION('',(-1.0,0.0,0.0));
#2336=AXIS2_PLACEMENT_3D('',#2333,#2334,#2335);
#2337=CIRCLE('',#2336,0.999999999999996);
#2338=EDGE_CURVE('',#2324,#2332,#2337,.F.);
#2339=ORIENTED_EDGE('',*,*,#2338,.T.);
#2340=CARTESIAN_POINT('',(71.050000000000011,83.950000000000017,-133.0));
#2341=DIRECTION('',(0.0,-1.0,0.0));
#2342=VECTOR('',#2341,17.90000000000002);
#2343=LINE('',#2340,#2342);
#2344=EDGE_CURVE('',#2332,#2184,#2343,.T.);
#2345=ORIENTED_EDGE('',*,*,#2344,.T.);
#2346=EDGE_LOOP('',(#2322,#2330,#2339,#2345));
#2347=FACE_OUTER_BOUND('',#2346,.T.);
#2348=ADVANCED_FACE('',(#2347),#2321,.T.);
#2349=CARTESIAN_POINT('',(88.949999999999974,66.049999999999997,-132.0));
#2350=DIRECTION('',(0.577350269189626,0.577350269189626,0.577350269189626));
#2351=DIRECTION('',(-0.707106781186548,0.0,0.707106781186548));
#2352=AXIS2_PLACEMENT_3D('',#2349,#2350,#2351);
#2353=SPHERICAL_SURFACE('',#2352,1.0);
#2354=CARTESIAN_POINT('',(89.949999999999989,66.049999999999997,-132.0));
#2355=VERTEX_POINT('',#2354);
#2356=CARTESIAN_POINT('',(88.949999999999974,66.049999999999997,-132.0));
#2357=DIRECTION('',(0.0,0.0,-1.0));
#2358=DIRECTION('',(1.0,0.0,0.0));
#2359=AXIS2_PLACEMENT_3D('',#2356,#2357,#2358);
#2360=CIRCLE('',#2359,1.000000000000014);
#2361=EDGE_CURVE('',#2355,#2266,#2360,.T.);
#2362=ORIENTED_EDGE('',*,*,#2361,.T.);
#2363=ORIENTED_EDGE('',*,*,#2311,.T.);
#2364=CARTESIAN_POINT('',(88.949999999999974,66.049999999999997,-132.0));
#2365=DIRECTION('',(0.0,-1.0,0.0));
#2366=DIRECTION('',(0.707106781186565,0.0,-0.70710678118653));
#2367=AXIS2_PLACEMENT_3D('',#2364,#2365,#2366);
#2368=CIRCLE('',#2367,0.999999999999998);
#2369=EDGE_CURVE('',#2299,#2355,#2368,.T.);
#2370=ORIENTED_EDGE('',*,*,#2369,.T.);
#2371=EDGE_LOOP('',(#2362,#2363,#2370));
#2372=FACE_OUTER_BOUND('',#2371,.T.);
#2373=ADVANCED_FACE('',(#2372),#2353,.T.);
#2374=CARTESIAN_POINT('',(88.949999999999974,66.050000000000011,-133.0));
#2375=DIRECTION('',(0.0,0.0,1.0));
#2376=DIRECTION('',(0.707106781186535,-0.70710678118656,0.0));
#2377=AXIS2_PLACEMENT_3D('',#2374,#2375,#2376);
#2378=CYLINDRICAL_SURFACE('',#2377,1.0);
#2379=CARTESIAN_POINT('',(89.949999999999974,66.050000000000011,-130.99999999999997));
#2380=VERTEX_POINT('',#2379);
#2381=CARTESIAN_POINT('',(88.949999999999974,66.050000000000011,-130.99999999999997));
#2382=DIRECTION('',(0.0,0.0,-1.0));
#2383=DIRECTION('',(1.0,0.0,0.0));
#2384=AXIS2_PLACEMENT_3D('',#2381,#2382,#2383);
#2385=CIRCLE('',#2384,0.999999999999996);
#2386=EDGE_CURVE('',#2380,#2274,#2385,.T.);
#2387=ORIENTED_EDGE('',*,*,#2386,.T.);
#2388=ORIENTED_EDGE('',*,*,#2279,.T.);
#2389=ORIENTED_EDGE('',*,*,#2361,.F.);
#2390=CARTESIAN_POINT('',(89.949999999999974,66.050000000000011,-132.0));
#2391=DIRECTION('',(0.0,0.0,1.0));
#2392=VECTOR('',#2391,1.000000000000028);
#2393=LINE('',#2390,#2392);
#2394=EDGE_CURVE('',#2355,#2380,#2393,.T.);
#2395=ORIENTED_EDGE('',*,*,#2394,.T.);
#2396=EDGE_LOOP('',(#2387,#2388,#2389,#2395));
#2397=FACE_OUTER_BOUND('',#2396,.T.);
#2398=ADVANCED_FACE('',(#2397),#2378,.T.);
#2399=CARTESIAN_POINT('',(90.94999999999996,66.049999999999997,-130.99999999999997));
#2400=DIRECTION('',(0.0,-1.0,0.0));
#2401=DIRECTION('',(0.0,0.0,-1.0));
#2402=AXIS2_PLACEMENT_3D('',#2399,#2400,#2401);
#2403=TOROIDAL_SURFACE('',#2402,2.0,1.0);
#2404=ORIENTED_EDGE('',*,*,#2096,.T.);
#2405=ORIENTED_EDGE('',*,*,#2286,.T.);
#2406=ORIENTED_EDGE('',*,*,#2386,.F.);
#2407=CARTESIAN_POINT('',(90.94999999999996,66.049999999999997,-130.99999999999997));
#2408=DIRECTION('',(0.0,1.0,0.0));
#2409=DIRECTION('',(-0.707106781186548,0.0,0.707106781186548));
#2410=AXIS2_PLACEMENT_3D('',#2407,#2408,#2409);
#2411=CIRCLE('',#2410,1.0);
#2412=EDGE_CURVE('',#2380,#2088,#2411,.T.);
#2413=ORIENTED_EDGE('',*,*,#2412,.T.);
#2414=EDGE_LOOP('',(#2404,#2405,#2406,#2413));
#2415=FACE_OUTER_BOUND('',#2414,.T.);
#2416=ADVANCED_FACE('',(#2415),#2403,.T.);
#2417=CARTESIAN_POINT('',(90.949999999999918,42.475000000000065,-130.99999999999997));
#2418=DIRECTION('',(1.785283E-015,1.0,0.0));
#2419=DIRECTION('',(-0.707106781186548,0.0,0.707106781186548));
#2420=AXIS2_PLACEMENT_3D('',#2417,#2418,#2419);
#2421=CYLINDRICAL_SURFACE('',#2420,1.0);
#2422=ORIENTED_EDGE('',*,*,#2412,.F.);
#2423=CARTESIAN_POINT('',(89.950000000000017,77.863409981439204,-130.99999999999997));
#2424=VERTEX_POINT('',#2423);
#2425=CARTESIAN_POINT('',(89.949999999999974,66.050000000000011,-130.99999999999997));
#2426=DIRECTION('',(0.0,1.0,0.0));
#2427=VECTOR('',#2426,11.813409981439193);
#2428=LINE('',#2425,#2427);
#2429=EDGE_CURVE('',#2380,#2424,#2428,.T.);
#2430=ORIENTED_EDGE('',*,*,#2429,.T.);
#2431=CARTESIAN_POINT('',(90.949999999999989,77.863409981439204,-130.99999999999997));
#2432=DIRECTION('',(0.0,1.0,0.0));
#2433=DIRECTION('',(-1.0,0.0,0.0));
#2434=AXIS2_PLACEMENT_3D('',#2431,#2432,#2433);
#2435=CIRCLE('',#2434,0.999999999999979);
#2436=EDGE_CURVE('',#2424,#2099,#2435,.T.);
#2437=ORIENTED_EDGE('',*,*,#2436,.T.);
#2438=ORIENTED_EDGE('',*,*,#2104,.T.);
#2439=EDGE_LOOP('',(#2422,#2430,#2437,#2438));
#2440=FACE_OUTER_BOUND('',#2439,.T.);
#2441=ADVANCED_FACE('',(#2440),#2421,.F.);
#2442=CARTESIAN_POINT('',(89.950000000000017,84.950000000000017,-133.0));
#2443=DIRECTION('',(1.0,0.0,0.0));
#2444=DIRECTION('',(0.0,0.0,-1.0));
#2445=AXIS2_PLACEMENT_3D('',#2442,#2443,#2444);
#2446=PLANE('',#2445);
#2447=ORIENTED_EDGE('',*,*,#2394,.F.);
#2448=CARTESIAN_POINT('',(89.950000000000017,83.950000000000017,-132.0));
#2449=VERTEX_POINT('',#2448);
#2450=CARTESIAN_POINT('',(89.950000000000017,83.950000000000003,-132.0));
#2451=DIRECTION('',(0.0,-1.0,0.0));
#2452=VECTOR('',#2451,17.90000000000002);
#2453=LINE('',#2450,#2452);
#2454=EDGE_CURVE('',#2449,#2355,#2453,.T.);
#2455=ORIENTED_EDGE('',*,*,#2454,.F.);
#2456=CARTESIAN_POINT('',(89.950000000000017,83.950000000000017,-130.27752800306936));
#2457=VERTEX_POINT('',#2456);
#2458=CARTESIAN_POINT('',(89.950000000000017,83.950000000000017,-130.27752800306936));
#2459=DIRECTION('',(0.0,0.0,-1.0));
#2460=VECTOR('',#2459,1.722471996930636);
#2461=LINE('',#2458,#2460);
#2462=EDGE_CURVE('',#2457,#2449,#2461,.T.);
#2463=ORIENTED_EDGE('',*,*,#2462,.F.);
#2464=CARTESIAN_POINT('',(89.949999999999989,77.863409981439204,-105.0));
#2465=DIRECTION('',(1.0,-3.661349E-017,2.530314E-016));
#2466=DIRECTION('',(2.556667E-016,0.143207897429148,-0.989692628099211));
#2467=AXIS2_PLACEMENT_3D('',#2464,#2465,#2466);
#2468=CIRCLE('',#2467,26.0);
#2469=EDGE_CURVE('',#2424,#2457,#2468,.T.);
#2470=ORIENTED_EDGE('',*,*,#2469,.F.);
#2471=ORIENTED_EDGE('',*,*,#2429,.F.);
#2472=EDGE_LOOP('',(#2447,#2455,#2463,#2470,#2471));
#2473=FACE_OUTER_BOUND('',#2472,.T.);
#2474=ADVANCED_FACE('',(#2473),#2446,.T.);
#2475=CARTESIAN_POINT('',(88.949999999999989,79.975000000000009,-132.0));
#2476=DIRECTION('',(1.785283E-015,1.0,4.519216E-030));
#2477=DIRECTION('',(0.70710678118656,0.0,-0.707106781186535));
#2478=AXIS2_PLACEMENT_3D('',#2475,#2476,#2477);
#2479=CYLINDRICAL_SURFACE('',#2478,1.0);
#2480=ORIENTED_EDGE('',*,*,#2369,.F.);
#2481=CARTESIAN_POINT('',(88.949999999999989,83.950000000000017,-133.0));
#2482=VERTEX_POINT('',#2481);
#2483=CARTESIAN_POINT('',(88.94999999999996,66.049999999999983,-133.0));
#2484=DIRECTION('',(0.0,1.0,0.0));
#2485=VECTOR('',#2484,17.90000000000002);
#2486=LINE('',#2483,#2485);
#2487=EDGE_CURVE('',#2299,#2482,#2486,.T.);
#2488=ORIENTED_EDGE('',*,*,#2487,.T.);
#2489=CARTESIAN_POINT('',(88.949999999999989,83.950000000000017,-132.0));
#2490=DIRECTION('',(0.0,1.0,0.0));
#2491=DIRECTION('',(0.0,0.0,-1.0));
#2492=AXIS2_PLACEMENT_3D('',#2489,#2490,#2491);
#2493=CIRCLE('',#2492,0.999999999999996);
#2494=EDGE_CURVE('',#2482,#2449,#2493,.F.);
#2495=ORIENTED_EDGE('',*,*,#2494,.T.);
#2496=ORIENTED_EDGE('',*,*,#2454,.T.);
#2497=EDGE_LOOP('',(#2480,#2488,#2495,#2496));
#2498=FACE_OUTER_BOUND('',#2497,.T.);
#2499=ADVANCED_FACE('',(#2498),#2479,.T.);
#2500=CARTESIAN_POINT('',(88.950000000000017,83.950000000000017,-132.0));
#2501=DIRECTION('',(0.577350269189626,0.577350269189626,0.577350269189626));
#2502=DIRECTION('',(-0.707106781186548,0.0,0.707106781186548));
#2503=AXIS2_PLACEMENT_3D('',#2500,#2501,#2502);
#2504=SPHERICAL_SURFACE('',#2503,0.999999999999996);
#2505=ORIENTED_EDGE('',*,*,#2494,.F.);
#2506=CARTESIAN_POINT('',(88.950000000000017,84.950000000000017,-132.0));
#2507=VERTEX_POINT('',#2506);
#2508=CARTESIAN_POINT('',(88.950000000000017,83.950000000000017,-132.0));
#2509=DIRECTION('',(1.0,0.0,0.0));
#2510=DIRECTION('',(0.0,1.0,0.0));
#2511=AXIS2_PLACEMENT_3D('',#2508,#2509,#2510);
#2512=CIRCLE('',#2511,0.999999999999996);
#2513=EDGE_CURVE('',#2507,#2482,#2512,.F.);
#2514=ORIENTED_EDGE('',*,*,#2513,.F.);
#2515=CARTESIAN_POINT('',(88.950000000000017,83.950000000000017,-132.0));
#2516=DIRECTION('',(0.0,0.0,-1.0));
#2517=DIRECTION('',(1.0,0.0,0.0));
#2518=AXIS2_PLACEMENT_3D('',#2515,#2516,#2517);
#2519=CIRCLE('',#2518,0.999999999999996);
#2520=EDGE_CURVE('',#2449,#2507,#2519,.F.);
#2521=ORIENTED_EDGE('',*,*,#2520,.F.);
#2522=EDGE_LOOP('',(#2505,#2514,#2521));
#2523=FACE_OUTER_BOUND('',#2522,.T.);
#2524=ADVANCED_FACE('',(#2523),#2504,.T.);
#2525=CARTESIAN_POINT('',(71.050000000000011,83.950000000000017,-132.0));
#2526=DIRECTION('',(0.577350269189626,0.577350269189626,0.577350269189626));
#2527=DIRECTION('',(-0.707106781186548,0.0,0.707106781186548));
#2528=AXIS2_PLACEMENT_3D('',#2525,#2526,#2527);
#2529=SPHERICAL_SURFACE('',#2528,0.999999999999996);
#2530=CARTESIAN_POINT('',(71.050000000000011,84.950000000000017,-132.0));
#2531=VERTEX_POINT('',#2530);
#2532=CARTESIAN_POINT('',(71.050000000000011,83.950000000000017,-132.0));
#2533=DIRECTION('',(0.0,0.0,-1.0));
#2534=DIRECTION('',(0.0,1.0,0.0));
#2535=AXIS2_PLACEMENT_3D('',#2532,#2533,#2534);
#2536=CIRCLE('',#2535,0.999999999999996);
#2537=EDGE_CURVE('',#2531,#2324,#2536,.F.);
#2538=ORIENTED_EDGE('',*,*,#2537,.F.);
#2539=CARTESIAN_POINT('',(71.050000000000011,83.950000000000017,-132.0));
#2540=DIRECTION('',(-1.0,0.0,0.0));
#2541=DIRECTION('',(0.0,0.0,-1.0));
#2542=AXIS2_PLACEMENT_3D('',#2539,#2540,#2541);
#2543=CIRCLE('',#2542,0.999999999999996);
#2544=EDGE_CURVE('',#2332,#2531,#2543,.F.);
#2545=ORIENTED_EDGE('',*,*,#2544,.F.);
#2546=ORIENTED_EDGE('',*,*,#2338,.F.);
#2547=EDGE_LOOP('',(#2538,#2545,#2546));
#2548=FACE_OUTER_BOUND('',#2547,.T.);
#2549=ADVANCED_FACE('',(#2548),#2529,.T.);
#2550=CARTESIAN_POINT('',(75.025000000000034,83.950000000000017,-132.0));
#2551=DIRECTION('',(-1.0,0.0,5.589556E-030));
#2552=DIRECTION('',(0.0,0.707106781186548,-0.707106781186548));
#2553=AXIS2_PLACEMENT_3D('',#2550,#2551,#2552);
#2554=CYLINDRICAL_SURFACE('',#2553,1.0);
#2555=ORIENTED_EDGE('',*,*,#2544,.T.);
#2556=CARTESIAN_POINT('',(71.050000000000011,84.950000000000017,-132.0));
#2557=DIRECTION('',(1.0,0.0,0.0));
#2558=VECTOR('',#2557,17.900000000000006);
#2559=LINE('',#2556,#2558);
#2560=EDGE_CURVE('',#2531,#2507,#2559,.T.);
#2561=ORIENTED_EDGE('',*,*,#2560,.T.);
#2562=ORIENTED_EDGE('',*,*,#2513,.T.);
#2563=CARTESIAN_POINT('',(88.950000000000003,83.950000000000017,-133.0));
#2564=DIRECTION('',(-1.0,0.0,0.0));
#2565=VECTOR('',#2564,17.899999999999991);
#2566=LINE('',#2563,#2565);
#2567=EDGE_CURVE('',#2482,#2332,#2566,.T.);
#2568=ORIENTED_EDGE('',*,*,#2567,.T.);
#2569=EDGE_LOOP('',(#2555,#2561,#2562,#2568));
#2570=FACE_OUTER_BOUND('',#2569,.T.);
#2571=ADVANCED_FACE('',(#2570),#2554,.T.);
#2572=CARTESIAN_POINT('',(90.950000000000003,83.715900383901555,-129.30531538756668));
#2573=CARTESIAN_POINT('',(90.650800699658134,83.715900383901541,-129.30531538756668));
#2574=CARTESIAN_POINT('',(90.133029969784943,83.774734483261781,-129.54965262558983));
#2575=CARTESIAN_POINT('',(89.950000000000017,83.897468168989775,-130.05936400231289));
#2576=CARTESIAN_POINT('',(89.950000000000017,83.949999999999989,-130.27752800306934));
#2577=CARTESIAN_POINT('',(90.949999999999989,84.141232670775977,-129.20289938978607));
#2578=CARTESIAN_POINT('',(90.660876636301694,84.07845423494507,-129.21843385721257));
#2579=CARTESIAN_POINT('',(90.159145089527755,84.029495363263408,-129.47013753691556));
#2580=CARTESIAN_POINT('',(89.961728353660547,84.116367784287064,-129.96089756610158));
#2581=CARTESIAN_POINT('',(89.949999999999989,84.171172789175884,-130.17101536537723));
#2582=CARTESIAN_POINT('',(90.695285484903806,84.850821218717044,-129.00930596013271));
#2583=CARTESIAN_POINT('',(90.461074403878627,84.699152861654824,-129.05199188795382));
#2584=CARTESIAN_POINT('',(90.054645131502795,84.492731416271297,-129.3179576641536));
#2585=CARTESIAN_POINT('',(89.855095786734495,84.498575074491526,-129.77431294212377));
#2586=CARTESIAN_POINT('',(89.822642742450896,84.540158834104091,-129.96967819853802));
#2587=CARTESIAN_POINT('',(89.859878622993378,85.501617999526019,-128.80543435967311));
#2588=CARTESIAN_POINT('',(89.745556781913379,85.286503099819299,-128.8748469146166));
#2589=CARTESIAN_POINT('',(89.545747174683413,84.96240381450059,-129.15053022768319));
#2590=CARTESIAN_POINT('',(89.431545226120221,84.869801626103111,-129.57557442340067));
#2591=CARTESIAN_POINT('',(89.404939311496094,84.878573160125029,-129.75765173405995));
#2592=CARTESIAN_POINT('',(89.25332567951763,85.638977306978447,-128.76006213725054));
#2593=CARTESIAN_POINT('',(89.215126263994705,85.411871406306091,-128.83438337473319));
#2594=CARTESIAN_POINT('',(89.148781948030958,85.064978119241644,-129.11277294598665));
#2595=CARTESIAN_POINT('',(89.110508570923798,84.950000000000031,-129.53124641981631));
#2596=CARTESIAN_POINT('',(89.101662839757253,84.950000000000031,-129.71046462274057));
#2597=CARTESIAN_POINT('',(88.950000000000017,85.638977306978447,-128.76006213725054));
#2598=CARTESIAN_POINT('',(88.950000000000017,85.411871406306091,-128.83438337473319));
#2599=CARTESIAN_POINT('',(88.950000000000031,85.064978119241644,-129.11277294598665));
#2600=CARTESIAN_POINT('',(88.950000000000017,84.950000000000031,-129.53124641981631));
#2601=CARTESIAN_POINT('',(88.950000000000017,84.950000000000031,-129.71046462274057));
#2602=B_SPLINE_SURFACE_WITH_KNOTS('',3,3,((#2572,#2577,#2582,#2587,#2592,#2597),(#2573,#2578,#2583,#2588,#2593,#2598),(#2574,#2579,#2584,#2589,#2594,#2599),(#2575,#2580,#2585,#2590,#2595,#2600),(#2576,#2581,#2586,#2591,#2596,#2601)),.UNSPECIFIED.,.F.,.F.,.F.,(4,1,4),(4,1,1,4),(0.0,0.571428571428571,1.0),(2.486067E-015,0.136496555782938,0.227494259638228,0.318491963493519),.UNSPECIFIED.);
#2603=CARTESIAN_POINT('',(88.950000000000017,85.638977306978433,-128.76006213725054));
#2604=VERTEX_POINT('',#2603);
#2605=CARTESIAN_POINT('',(90.949999999999989,83.715900383901527,-129.30531538756671));
#2606=VERTEX_POINT('',#2605);
#2607=CARTESIAN_POINT('',(88.950000000000017,85.638977306978447,-128.76006213725054));
#2608=CARTESIAN_POINT('',(89.25332567951763,85.638977306978447,-128.76006213725054));
#2609=CARTESIAN_POINT('',(89.859878622993378,85.501617999526019,-128.80543435967311));
#2610=CARTESIAN_POINT('',(90.695285484903806,84.850821218717044,-129.00930596013271));
#2611=CARTESIAN_POINT('',(90.949999999999989,84.141232670775977,-129.20289938978607));
#2612=CARTESIAN_POINT('',(90.950000000000003,83.715900383901555,-129.30531538756668));
#2613=B_SPLINE_CURVE_WITH_KNOTS('',3,(#2607,#2608,#2609,#2610,#2611,#2612),.UNSPECIFIED.,.F.,.U.,(4,1,1,4),(-0.318491963493519,-0.227494259638228,-0.136496555782938,-2.486067E-015),.UNSPECIFIED.);
#2614=EDGE_CURVE('',#2604,#2606,#2613,.T.);
#2615=ORIENTED_EDGE('',*,*,#2614,.T.);
#2616=CARTESIAN_POINT('',(90.949999999999989,83.950000000000017,-130.27752800306936));
#2617=DIRECTION('',(0.0,0.972212615502669,0.234099616098486));
#2618=DIRECTION('',(-1.0,0.0,0.0));
#2619=AXIS2_PLACEMENT_3D('',#2616,#2617,#2618);
#2620=CIRCLE('',#2619,0.999999999999996);
#2621=EDGE_CURVE('',#2457,#2606,#2620,.T.);
#2622=ORIENTED_EDGE('',*,*,#2621,.F.);
#2623=CARTESIAN_POINT('',(88.950000000000017,84.950000000000017,-129.71046462274057));
#2624=VERTEX_POINT('',#2623);
#2625=CARTESIAN_POINT('',(89.950000000000017,83.949999999999989,-130.27752800306934));
#2626=CARTESIAN_POINT('',(89.949999999999989,84.171172789175884,-130.17101536537723));
#2627=CARTESIAN_POINT('',(89.822642742450896,84.540158834104091,-129.96967819853802));
#2628=CARTESIAN_POINT('',(89.404939311496094,84.878573160125029,-129.75765173405995));
#2629=CARTESIAN_POINT('',(89.101662839757253,84.950000000000031,-129.71046462274057));
#2630=CARTESIAN_POINT('',(88.950000000000017,84.950000000000031,-129.71046462274057));
#2631=B_SPLINE_CURVE_WITH_KNOTS('',3,(#2625,#2626,#2627,#2628,#2629,#2630),.UNSPECIFIED.,.F.,.U.,(4,1,1,4),(2.486067E-015,0.136496555782938,0.227494259638228,0.318491963493519),.UNSPECIFIED.);
#2632=EDGE_CURVE('',#2624,#2457,#2631,.F.);
#2633=ORIENTED_EDGE('',*,*,#2632,.F.);
#2634=CARTESIAN_POINT('',(88.950000000000017,85.949999999999989,-129.71046462274057));
#2635=DIRECTION('',(1.0,0.0,0.0));
#2636=DIRECTION('',(0.0,-0.311022693021562,0.950402485490024));
#2637=AXIS2_PLACEMENT_3D('',#2634,#2635,#2636);
#2638=CIRCLE('',#2637,1.000000000000003);
#2639=EDGE_CURVE('',#2604,#2624,#2638,.T.);
#2640=ORIENTED_EDGE('',*,*,#2639,.F.);
#2641=EDGE_LOOP('',(#2615,#2622,#2633,#2640));
#2642=FACE_OUTER_BOUND('',#2641,.T.);
#2643=ADVANCED_FACE('',(#2642),#2602,.T.);
#2644=CARTESIAN_POINT('',(90.949999999999989,77.863409981439204,-105.0));
#2645=DIRECTION('',(1.0,-1.785283E-015,0.0));
#2646=DIRECTION('',(0.0,0.0,-1.0));
#2647=AXIS2_PLACEMENT_3D('',#2644,#2645,#2646);
#2648=TOROIDAL_SURFACE('',#2647,26.0,1.0);
#2649=ORIENTED_EDGE('',*,*,#2621,.T.);
#2650=CARTESIAN_POINT('',(90.949999999999989,77.863409981439204,-105.0));
#2651=DIRECTION('',(-1.0,3.656832E-017,-2.527193E-016));
#2652=DIRECTION('',(2.553513E-016,0.143207897429149,-0.989692628099211));
#2653=AXIS2_PLACEMENT_3D('',#2650,#2651,#2652);
#2654=CIRCLE('',#2653,24.999999999999996);
#2655=EDGE_CURVE('',#2606,#2099,#2654,.T.);
#2656=ORIENTED_EDGE('',*,*,#2655,.T.);
#2657=ORIENTED_EDGE('',*,*,#2436,.F.);
#2658=ORIENTED_EDGE('',*,*,#2469,.T.);
#2659=EDGE_LOOP('',(#2649,#2656,#2657,#2658));
#2660=FACE_OUTER_BOUND('',#2659,.T.);
#2661=ADVANCED_FACE('',(#2660),#2648,.F.);
#2662=CARTESIAN_POINT('',(88.950000000000017,83.950000000000017,-133.0));
#2663=DIRECTION('',(0.0,0.0,1.0));
#2664=DIRECTION('',(0.707106781186548,0.707106781186548,0.0));
#2665=AXIS2_PLACEMENT_3D('',#2662,#2663,#2664);
#2666=CYLINDRICAL_SURFACE('',#2665,1.0);
#2667=ORIENTED_EDGE('',*,*,#2632,.T.);
#2668=ORIENTED_EDGE('',*,*,#2462,.T.);
#2669=ORIENTED_EDGE('',*,*,#2520,.T.);
#2670=CARTESIAN_POINT('',(88.950000000000017,84.950000000000017,-132.0));
#2671=DIRECTION('',(0.0,0.0,1.0));
#2672=VECTOR('',#2671,2.289535377259426);
#2673=LINE('',#2670,#2672);
#2674=EDGE_CURVE('',#2507,#2624,#2673,.T.);
#2675=ORIENTED_EDGE('',*,*,#2674,.T.);
#2676=EDGE_LOOP('',(#2667,#2668,#2669,#2675));
#2677=FACE_OUTER_BOUND('',#2676,.T.);
#2678=ADVANCED_FACE('',(#2677),#2666,.T.);
#2679=CARTESIAN_POINT('',(71.050000000000011,85.638977306978433,-128.76006213725054));
#2680=CARTESIAN_POINT('',(71.050000000000011,85.411871406306062,-128.83438337473322));
#2681=CARTESIAN_POINT('',(71.050000000000011,85.064976945070867,-129.11277221561369));
#2682=CARTESIAN_POINT('',(71.050000000000011,84.950000000000017,-129.53124641981631));
#2683=CARTESIAN_POINT('',(71.050000000000011,84.950000000000017,-129.71046462274057));
#2684=CARTESIAN_POINT('',(70.746586680823839,85.638977306978433,-128.76006213725054));
#2685=CARTESIAN_POINT('',(70.784797133274537,85.411871406306062,-128.83438337473322));
#2686=CARTESIAN_POINT('',(70.851160618050557,85.064976945070867,-129.11277221561369));
#2687=CARTESIAN_POINT('',(70.88944505345512,84.950000000000017,-129.53124641981631));
#2688=CARTESIAN_POINT('',(70.898293340411996,84.950000000000017,-129.71046462274057));
#2689=CARTESIAN_POINT('',(70.135668063230739,85.500654194784019,-128.80578965405638));
#2690=CARTESIAN_POINT('',(70.250587186791648,85.28559201611975,-128.87509262683551));
#2691=CARTESIAN_POINT('',(70.451305456872873,84.961599965997408,-129.1508461546947));
#2692=CARTESIAN_POINT('',(70.566120318041314,84.869217460838001,-129.57593313233087));
#2693=CARTESIAN_POINT('',(70.592834031615382,84.878071981658508,-129.75802124021874));
#2694=CARTESIAN_POINT('',(69.303927482888113,84.846411718263454,-129.01056119748387));
#2695=CARTESIAN_POINT('',(69.538382440086835,84.695258685320155,-129.05306499095917));
#2696=CARTESIAN_POINT('',(69.94521387636172,84.489758587441074,-129.31895949836107));
#2697=CARTESIAN_POINT('',(70.144664464258682,84.496159502064188,-129.77552846785693));
#2698=CARTESIAN_POINT('',(70.176963741443899,84.537865893867632,-129.97098364538334));
#2699=CARTESIAN_POINT('',(69.050000000000011,84.141355561711023,-129.20286979880953));
#2700=CARTESIAN_POINT('',(69.339120452465593,84.078558987353418,-129.21840875459816));
#2701=CARTESIAN_POINT('',(69.840849881935412,84.029568480069727,-129.4701125233195));
#2702=CARTESIAN_POINT('',(70.038268257675128,84.116431030784028,-129.96086911626955));
#2703=CARTESIAN_POINT('',(70.050000000000011,84.17123669245926,-130.17098459076232));
#2704=CARTESIAN_POINT('',(69.050000000000011,83.715900383901541,-129.30531538756671));
#2705=CARTESIAN_POINT('',(69.349199300341894,83.715900383901541,-129.30531538756671));
#2706=CARTESIAN_POINT('',(69.866972547099977,83.774733992202613,-129.54965058622747));
#2707=CARTESIAN_POINT('',(70.050000000000011,83.897468168989789,-130.05936400231289));
#2708=CARTESIAN_POINT('',(70.050000000000011,83.950000000000017,-130.27752800306936));
#2709=B_SPLINE_SURFACE_WITH_KNOTS('',3,3,((#2679,#2684,#2689,#2694,#2699,#2704),(#2680,#2685,#2690,#2695,#2700,#2705),(#2681,#2686,#2691,#2696,#2701,#2706),(#2682,#2687,#2692,#2697,#2702,#2707),(#2683,#2688,#2693,#2698,#2703,#2708)),.UNSPECIFIED.,.F.,.F.,.F.,(4,1,4),(4,1,1,4),(0.0,0.571428571428571,1.0),(1.309544E-015,0.091023995752842,0.182047991505683,0.318583985134944),.UNSPECIFIED.);
#2710=CARTESIAN_POINT('',(70.050000000000011,83.950000000000017,-130.27752800306939));
#2711=VERTEX_POINT('',#2710);
#2712=CARTESIAN_POINT('',(71.050000000000011,84.950000000000017,-129.71046462274057));
#2713=VERTEX_POINT('',#2712);
#2714=CARTESIAN_POINT('',(71.050000000000011,84.950000000000017,-129.71046462274057));
#2715=CARTESIAN_POINT('',(70.898293340411996,84.950000000000017,-129.71046462274057));
#2716=CARTESIAN_POINT('',(70.592834031615382,84.878071981658508,-129.75802124021874));
#2717=CARTESIAN_POINT('',(70.176963741443899,84.537865893867632,-129.97098364538334));
#2718=CARTESIAN_POINT('',(70.050000000000011,84.17123669245926,-130.17098459076232));
#2719=CARTESIAN_POINT('',(70.050000000000011,83.950000000000017,-130.27752800306936));
#2720=B_SPLINE_CURVE_WITH_KNOTS('',3,(#2714,#2715,#2716,#2717,#2718,#2719),.UNSPECIFIED.,.F.,.U.,(4,1,1,4),(1.309544E-015,0.091023995752842,0.182047991505683,0.318583985134944),.UNSPECIFIED.);
#2721=EDGE_CURVE('',#2711,#2713,#2720,.F.);
#2722=ORIENTED_EDGE('',*,*,#2721,.F.);
#2723=CARTESIAN_POINT('',(69.050000000000054,83.715900383901527,-129.30531538756671));
#2724=VERTEX_POINT('',#2723);
#2725=CARTESIAN_POINT('',(69.050000000000054,83.950000000000031,-130.27752800306939));
#2726=DIRECTION('',(1.726997E-014,0.972212615502666,0.234099616098499));
#2727=DIRECTION('',(0.0,-0.234099616098499,0.972212615502666));
#2728=AXIS2_PLACEMENT_3D('',#2725,#2726,#2727);
#2729=CIRCLE('',#2728,1.000000000000022);
#2730=EDGE_CURVE('',#2724,#2711,#2729,.T.);
#2731=ORIENTED_EDGE('',*,*,#2730,.F.);
#2732=CARTESIAN_POINT('',(71.050000000000011,85.638977306978447,-128.76006213725054));
#2733=VERTEX_POINT('',#2732);
#2734=CARTESIAN_POINT('',(69.050000000000011,83.715900383901541,-129.30531538756671));
#2735=CARTESIAN_POINT('',(69.050000000000011,84.141355561711023,-129.20286979880953));
#2736=CARTESIAN_POINT('',(69.303927482888113,84.846411718263454,-129.01056119748387));
#2737=CARTESIAN_POINT('',(70.135668063230739,85.500654194784019,-128.80578965405638));
#2738=CARTESIAN_POINT('',(70.746586680823839,85.638977306978433,-128.76006213725054));
#2739=CARTESIAN_POINT('',(71.050000000000011,85.638977306978433,-128.76006213725054));
#2740=B_SPLINE_CURVE_WITH_KNOTS('',3,(#2734,#2735,#2736,#2737,#2738,#2739),.UNSPECIFIED.,.F.,.U.,(4,1,1,4),(-0.318583985134944,-0.182047991505683,-0.091023995752842,-1.309544E-015),.UNSPECIFIED.);
#2741=EDGE_CURVE('',#2724,#2733,#2740,.T.);
#2742=ORIENTED_EDGE('',*,*,#2741,.T.);
#2743=CARTESIAN_POINT('',(71.050000000000011,85.950000000000003,-129.71046462274057));
#2744=DIRECTION('',(-1.0,0.0,0.0));
#2745=DIRECTION('',(0.0,-1.0,0.0));
#2746=AXIS2_PLACEMENT_3D('',#2743,#2744,#2745);
#2747=CIRCLE('',#2746,0.999999999999996);
#2748=EDGE_CURVE('',#2713,#2733,#2747,.T.);
#2749=ORIENTED_EDGE('',*,*,#2748,.F.);
#2750=EDGE_LOOP('',(#2722,#2731,#2742,#2749));
#2751=FACE_OUTER_BOUND('',#2750,.T.);
#2752=ADVANCED_FACE('',(#2751),#2709,.T.);
#2753=CARTESIAN_POINT('',(69.050000000000068,77.863409981439233,-105.0));
#2754=DIRECTION('',(-1.0,-1.338962E-015,0.0));
#2755=DIRECTION('',(0.0,0.0,1.0));
#2756=AXIS2_PLACEMENT_3D('',#2753,#2754,#2755);
#2757=TOROIDAL_SURFACE('',#2756,26.0,1.0);
#2758=CARTESIAN_POINT('',(70.050000000000026,77.863409981439247,-131.0));
#2759=VERTEX_POINT('',#2758);
#2760=CARTESIAN_POINT('',(69.050000000000068,77.863409981439247,-131.0));
#2761=DIRECTION('',(0.0,-1.0,0.0));
#2762=DIRECTION('',(1.0,0.0,0.0));
#2763=AXIS2_PLACEMENT_3D('',#2760,#2761,#2762);
#2764=CIRCLE('',#2763,0.999999999999961);
#2765=EDGE_CURVE('',#2759,#2053,#2764,.T.);
#2766=ORIENTED_EDGE('',*,*,#2765,.T.);
#2767=CARTESIAN_POINT('',(69.050000000000068,77.863409981439233,-105.0));
#2768=DIRECTION('',(1.0,2.782372E-017,-1.922864E-016));
#2769=DIRECTION('',(-1.942890E-016,0.143207897429148,-0.989692628099211));
#2770=AXIS2_PLACEMENT_3D('',#2767,#2768,#2769);
#2771=CIRCLE('',#2770,24.999999999999996);
#2772=EDGE_CURVE('',#2053,#2724,#2771,.T.);
#2773=ORIENTED_EDGE('',*,*,#2772,.T.);
#2774=ORIENTED_EDGE('',*,*,#2730,.T.);
#2775=CARTESIAN_POINT('',(70.050000000000026,77.863409981439233,-105.0));
#2776=DIRECTION('',(-1.0,-2.746011E-017,1.897736E-016));
#2777=DIRECTION('',(-1.917500E-016,0.143207897429147,-0.989692628099211));
#2778=AXIS2_PLACEMENT_3D('',#2775,#2776,#2777);
#2779=CIRCLE('',#2778,26.0);
#2780=EDGE_CURVE('',#2711,#2759,#2779,.T.);
#2781=ORIENTED_EDGE('',*,*,#2780,.T.);
#2782=EDGE_LOOP('',(#2766,#2773,#2774,#2781));
#2783=FACE_OUTER_BOUND('',#2782,.T.);
#2784=ADVANCED_FACE('',(#2783),#2757,.F.);
#2785=CARTESIAN_POINT('',(69.050000000000097,32.525000000000183,-130.99999999999997));
#2786=DIRECTION('',(1.338962E-015,-1.0,0.0));
#2787=DIRECTION('',(0.707106781186554,0.0,0.707106781186541));
#2788=AXIS2_PLACEMENT_3D('',#2785,#2786,#2787);
#2789=CYLINDRICAL_SURFACE('',#2788,1.0);
#2790=ORIENTED_EDGE('',*,*,#2245,.F.);
#2791=ORIENTED_EDGE('',*,*,#2066,.T.);
#2792=ORIENTED_EDGE('',*,*,#2765,.F.);
#2793=CARTESIAN_POINT('',(70.050000000000026,77.863409981439233,-130.99999999999997));
#2794=DIRECTION('',(0.0,-1.0,0.0));
#2795=VECTOR('',#2794,11.81340998143925);
#2796=LINE('',#2793,#2795);
#2797=EDGE_CURVE('',#2759,#2210,#2796,.T.);
#2798=ORIENTED_EDGE('',*,*,#2797,.T.);
#2799=EDGE_LOOP('',(#2790,#2791,#2792,#2798));
#2800=FACE_OUTER_BOUND('',#2799,.T.);
#2801=ADVANCED_FACE('',(#2800),#2789,.F.);
#2802=CARTESIAN_POINT('',(62.349999999999909,85.950000000000017,-129.71046462274057));
#2803=DIRECTION('',(-1.0,1.139603E-015,0.0));
#2804=DIRECTION('',(0.0,-0.809636552108893,0.586931557755437));
#2805=AXIS2_PLACEMENT_3D('',#2802,#2803,#2804);
#2806=CYLINDRICAL_SURFACE('',#2805,1.0);
#2807=ORIENTED_EDGE('',*,*,#2748,.T.);
#2808=CARTESIAN_POINT('',(71.050000000000011,85.638977306978447,-128.76006213725054));
#2809=DIRECTION('',(1.0,0.0,0.0));
#2810=VECTOR('',#2809,17.900000000000006);
#2811=LINE('',#2808,#2810);
#2812=EDGE_CURVE('',#2733,#2604,#2811,.T.);
#2813=ORIENTED_EDGE('',*,*,#2812,.T.);
#2814=ORIENTED_EDGE('',*,*,#2639,.T.);
#2815=CARTESIAN_POINT('',(88.950000000000017,84.950000000000017,-129.71046462274057));
#2816=DIRECTION('',(-1.0,0.0,0.0));
#2817=VECTOR('',#2816,17.900000000000006);
#2818=LINE('',#2815,#2817);
#2819=EDGE_CURVE('',#2624,#2713,#2818,.T.);
#2820=ORIENTED_EDGE('',*,*,#2819,.T.);
#2821=EDGE_LOOP('',(#2807,#2813,#2814,#2820));
#2822=FACE_OUTER_BOUND('',#2821,.T.);
#2823=ADVANCED_FACE('',(#2822),#2806,.F.);
#2824=CARTESIAN_POINT('',(71.050000000000011,83.950000000000017,-133.0));
#2825=DIRECTION('',(0.0,0.0,1.0));
#2826=DIRECTION('',(-0.707106781186554,0.707106781186541,0.0));
#2827=AXIS2_PLACEMENT_3D('',#2824,#2825,#2826);
#2828=CYLINDRICAL_SURFACE('',#2827,1.0);
#2829=ORIENTED_EDGE('',*,*,#2721,.T.);
#2830=CARTESIAN_POINT('',(71.050000000000011,84.950000000000017,-129.71046462274057));
#2831=DIRECTION('',(0.0,0.0,-1.0));
#2832=VECTOR('',#2831,2.289535377259426);
#2833=LINE('',#2830,#2832);
#2834=EDGE_CURVE('',#2713,#2531,#2833,.T.);
#2835=ORIENTED_EDGE('',*,*,#2834,.T.);
#2836=ORIENTED_EDGE('',*,*,#2537,.T.);
#2837=CARTESIAN_POINT('',(70.050000000000011,83.950000000000017,-132.0));
#2838=DIRECTION('',(0.0,0.0,1.0));
#2839=VECTOR('',#2838,1.722471996930608);
#2840=LINE('',#2837,#2839);
#2841=EDGE_CURVE('',#2324,#2711,#2840,.T.);
#2842=ORIENTED_EDGE('',*,*,#2841,.T.);
#2843=EDGE_LOOP('',(#2829,#2835,#2836,#2842));
#2844=FACE_OUTER_BOUND('',#2843,.T.);
#2845=ADVANCED_FACE('',(#2844),#2828,.T.);
#2846=CARTESIAN_POINT('',(62.349999999999888,77.863409981439247,-105.0));
#2847=DIRECTION('',(-1.0,1.139603E-015,0.0));
#2848=DIRECTION('',(9.962037E-016,0.700909264299851,-0.713250449154181));
#2849=AXIS2_PLACEMENT_3D('',#2846,#2847,#2848);
#2850=CYLINDRICAL_SURFACE('',#2849,25.0);
#2851=ORIENTED_EDGE('',*,*,#1893,.T.);
#2852=ORIENTED_EDGE('',*,*,#2047,.T.);
#2853=CARTESIAN_POINT('',(-97.863409981439531,102.85960236034919,-105.43631016093208));
#2854=VERTEX_POINT('',#2853);
#2855=CARTESIAN_POINT('',(-97.86340998143956,77.863409981439432,-105.0));
#2856=DIRECTION('',(1.0,0.0,0.0));
#2857=DIRECTION('',(0.0,0.0,-1.0));
#2858=AXIS2_PLACEMENT_3D('',#2855,#2856,#2857);
#2859=CIRCLE('',#2858,25.0);
#2860=EDGE_CURVE('',#2036,#2854,#2859,.T.);
#2861=ORIENTED_EDGE('',*,*,#2860,.T.);
#2862=CARTESIAN_POINT('',(97.863409981439261,102.85960236034897,-105.43631016093208));
#2863=VERTEX_POINT('',#2862);
#2864=CARTESIAN_POINT('',(-97.863409981439531,102.85960236034921,-105.43631016093208));
#2865=DIRECTION('',(1.0,0.0,0.0));
#2866=VECTOR('',#2865,195.72681996287878);
#2867=LINE('',#2864,#2866);
#2868=EDGE_CURVE('',#2854,#2863,#2867,.T.);
#2869=ORIENTED_EDGE('',*,*,#2868,.T.);
#2870=CARTESIAN_POINT('',(97.863409981439247,77.86340998143919,-105.0));
#2871=DIRECTION('',(-1.0,7.104345E-016,-1.240068E-017));
#2872=DIRECTION('',(7.105427E-016,0.999847695156391,-0.017452406437283));
#2873=AXIS2_PLACEMENT_3D('',#2870,#2871,#2872);
#2874=CIRCLE('',#2873,25.0);
#2875=EDGE_CURVE('',#2863,#2107,#2874,.T.);
#2876=ORIENTED_EDGE('',*,*,#2875,.T.);
#2877=ORIENTED_EDGE('',*,*,#2112,.T.);
#2878=ORIENTED_EDGE('',*,*,#2655,.F.);
#2879=ORIENTED_EDGE('',*,*,#2614,.F.);
#2880=ORIENTED_EDGE('',*,*,#2812,.F.);
#2881=ORIENTED_EDGE('',*,*,#2741,.F.);
#2882=ORIENTED_EDGE('',*,*,#2772,.F.);
#2883=ORIENTED_EDGE('',*,*,#2058,.T.);
#2884=ORIENTED_EDGE('',*,*,#2008,.T.);
#2885=ORIENTED_EDGE('',*,*,#1931,.T.);
#2886=EDGE_LOOP('',(#2851,#2852,#2861,#2869,#2876,#2877,#2878,#2879,#2880,#2881,#2882,#2883,#2884,#2885));
#2887=FACE_OUTER_BOUND('',#2886,.T.);
#2888=ADVANCED_FACE('',(#2887),#2850,.T.);
#2889=CARTESIAN_POINT('',(70.050000000000011,84.950000000000017,-133.0));
#2890=DIRECTION('',(0.0,1.0,0.0));
#2891=DIRECTION('',(0.0,0.0,1.0));
#2892=AXIS2_PLACEMENT_3D('',#2889,#2890,#2891);
#2893=PLANE('',#2892);
#2894=ORIENTED_EDGE('',*,*,#2560,.F.);
#2895=ORIENTED_EDGE('',*,*,#2834,.F.);
#2896=ORIENTED_EDGE('',*,*,#2819,.F.);
#2897=ORIENTED_EDGE('',*,*,#2674,.F.);
#2898=EDGE_LOOP('',(#2894,#2895,#2896,#2897));
#2899=FACE_OUTER_BOUND('',#2898,.T.);
#2900=ADVANCED_FACE('',(#2899),#2893,.T.);
#2901=CARTESIAN_POINT('',(80.000000000000028,75.000000000000028,-133.0));
#2902=DIRECTION('',(0.0,0.0,1.0));
#2903=DIRECTION('',(1.0,0.0,0.0));
#2904=AXIS2_PLACEMENT_3D('',#2901,#2902,#2903);
#2905=PLANE('',#2904);
#2906=ORIENTED_EDGE('',*,*,#2567,.F.);
#2907=ORIENTED_EDGE('',*,*,#2487,.F.);
#2908=ORIENTED_EDGE('',*,*,#2304,.F.);
#2909=ORIENTED_EDGE('',*,*,#2344,.F.);
#2910=EDGE_LOOP('',(#2906,#2907,#2908,#2909));
#2911=FACE_OUTER_BOUND('',#2910,.T.);
#2912=ORIENTED_EDGE('',*,*,#2159,.T.);
#2913=EDGE_LOOP('',(#2912));
#2914=FACE_BOUND('',#2913,.T.);
#2915=ADVANCED_FACE('',(#2911,#2914),#2905,.F.);
#2916=CARTESIAN_POINT('',(70.05000000000004,65.049999999999997,-133.0));
#2917=DIRECTION('',(-1.0,0.0,0.0));
#2918=DIRECTION('',(0.0,0.0,1.0));
#2919=AXIS2_PLACEMENT_3D('',#2916,#2917,#2918);
#2920=PLANE('',#2919);
#2921=ORIENTED_EDGE('',*,*,#2222,.F.);
#2922=ORIENTED_EDGE('',*,*,#2797,.F.);
#2923=ORIENTED_EDGE('',*,*,#2780,.F.);
#2924=ORIENTED_EDGE('',*,*,#2841,.F.);
#2925=ORIENTED_EDGE('',*,*,#2329,.F.);
#2926=EDGE_LOOP('',(#2921,#2922,#2923,#2924,#2925));
#2927=FACE_OUTER_BOUND('',#2926,.T.);
#2928=ADVANCED_FACE('',(#2927),#2920,.T.);
#2929=CARTESIAN_POINT('',(-98.90000000000002,0.049999999999994,-113.73860791593967));
#2930=DIRECTION('',(0.0,0.0,1.0));
#2931=DIRECTION('',(1.0,0.0,0.0));
#2932=AXIS2_PLACEMENT_3D('',#2929,#2930,#2931);
#2933=CONICAL_SURFACE('',#2932,1.22925,59.000000000000007);
#2934=CARTESIAN_POINT('',(-96.441500000000019,0.049999999999994,-113.00000000000004));
#2935=VERTEX_POINT('',#2934);
#2936=CARTESIAN_POINT('',(-98.90000000000002,0.049999999999994,-113.00000000000004));
#2937=DIRECTION('',(0.0,0.0,1.0));
#2938=DIRECTION('',(1.0,0.0,0.0));
#2939=AXIS2_PLACEMENT_3D('',#2936,#2937,#2938);
#2940=CIRCLE('',#2939,2.4585);
#2941=EDGE_CURVE('',#2935,#2935,#2940,.T.);
#2942=ORIENTED_EDGE('',*,*,#2941,.T.);
#2943=EDGE_LOOP('',(#2942));
#2944=FACE_OUTER_BOUND('',#2943,.T.);
#2945=ADVANCED_FACE('',(#2944),#2933,.F.);
#2946=CARTESIAN_POINT('',(-98.90000000000002,0.049999999999994,-109.00000000000004));
#2947=DIRECTION('',(0.0,0.0,1.0));
#2948=DIRECTION('',(1.0,0.0,0.0));
#2949=AXIS2_PLACEMENT_3D('',#2946,#2947,#2948);
#2950=CYLINDRICAL_SURFACE('',#2949,2.4585);
#2951=CARTESIAN_POINT('',(-96.441500000000019,0.049999999999994,-105.00000000000003));
#2952=VERTEX_POINT('',#2951);
#2953=CARTESIAN_POINT('',(-98.90000000000002,0.049999999999994,-105.00000000000003));
#2954=DIRECTION('',(0.0,0.0,-1.0));
#2955=DIRECTION('',(1.0,0.0,0.0));
#2956=AXIS2_PLACEMENT_3D('',#2953,#2954,#2955);
#2957=CIRCLE('',#2956,2.4585);
#2958=EDGE_CURVE('',#2952,#2952,#2957,.T.);
#2959=ORIENTED_EDGE('',*,*,#2958,.F.);
#2960=EDGE_LOOP('',(#2959));
#2961=FACE_OUTER_BOUND('',#2960,.T.);
#2962=ORIENTED_EDGE('',*,*,#2941,.F.);
#2963=EDGE_LOOP('',(#2962));
#2964=FACE_BOUND('',#2963,.T.);
#2965=ADVANCED_FACE('',(#2961,#2964),#2950,.F.);
#2966=CARTESIAN_POINT('',(-98.900000000000006,-6.049999999999997,-115.0));
#2967=DIRECTION('',(0.0,-0.999390827019096,0.034899496702501));
#2968=DIRECTION('',(1.0,0.0,0.0));
#2969=AXIS2_PLACEMENT_3D('',#2966,#2967,#2968);
#2970=PLANE('',#2969);
#2971=CARTESIAN_POINT('',(-107.9053922086139,-5.700792305082521,-105.0));
#2972=VERTEX_POINT('',#2971);
#2973=CARTESIAN_POINT('',(-107.90234587973873,-5.706886819705256,-105.17452406437283));
#2974=DIRECTION('',(-0.017441778138056,0.034894187812617,0.999238800303651));
#2975=VECTOR('',#2974,0.174657013238289);
#2976=LINE('',#2973,#2975);
#2977=EDGE_CURVE('',#1263,#2972,#2976,.T.);
#2978=ORIENTED_EDGE('',*,*,#2977,.F.);
#2979=ORIENTED_EDGE('',*,*,#1269,.F.);
#2980=CARTESIAN_POINT('',(-98.900000000000006,-5.700792305082522,-105.00000000000003));
#2981=VERTEX_POINT('',#2980);
#2982=CARTESIAN_POINT('',(-98.900000000000006,-6.04826312659343,-114.95026245320918));
#2983=DIRECTION('',(0.0,0.034899496702501,0.999390827019096));
#2984=VECTOR('',#2983,9.956327578959268);
#2985=LINE('',#2982,#2984);
#2986=EDGE_CURVE('',#1261,#2981,#2985,.T.);
#2987=ORIENTED_EDGE('',*,*,#2986,.T.);
#2988=CARTESIAN_POINT('',(-98.900000000000006,-5.700792305082521,-105.0));
#2989=DIRECTION('',(-1.0,0.0,0.0));
#2990=VECTOR('',#2989,9.005392208613898);
#2991=LINE('',#2988,#2990);
#2992=EDGE_CURVE('',#2981,#2972,#2991,.T.);
#2993=ORIENTED_EDGE('',*,*,#2992,.T.);
#2994=EDGE_LOOP('',(#2978,#2979,#2987,#2993));
#2995=FACE_OUTER_BOUND('',#2994,.T.);
#2996=ADVANCED_FACE('',(#2995),#2970,.T.);
#2997=CARTESIAN_POINT('',(-98.90000000000002,-0.049999999999983,-115.0));
#2998=DIRECTION('',(0.0,0.0,-1.0));
#2999=DIRECTION('',(0.0,1.0,0.0));
#3000=AXIS2_PLACEMENT_3D('',#2997,#2998,#2999);
#3001=CONICAL_SURFACE('',#3000,6.000000000000014,2.0);
#3002=ORIENTED_EDGE('',*,*,#1301,.F.);
#3003=CARTESIAN_POINT('',(-92.900000000000006,-0.049999999999995,-115.0));
#3004=VERTEX_POINT('',#3003);
#3005=CARTESIAN_POINT('',(-98.90000000000002,-0.049999999999983,-115.0));
#3006=DIRECTION('',(0.0,0.0,-1.0));
#3007=DIRECTION('',(0.0,1.0,0.0));
#3008=AXIS2_PLACEMENT_3D('',#3005,#3006,#3007);
#3009=CIRCLE('',#3008,6.000000000000014);
#3010=EDGE_CURVE('',#3004,#1289,#3009,.T.);
#3011=ORIENTED_EDGE('',*,*,#3010,.F.);
#3012=CARTESIAN_POINT('',(-93.249207694917487,-0.049999999999994,-105.00000000000003));
#3013=VERTEX_POINT('',#3012);
#3014=CARTESIAN_POINT('',(-92.900000000000006,-0.049999999999995,-115.0));
#3015=DIRECTION('',(-0.034899496702502,1.227436E-016,0.999390827019096));
#3016=VECTOR('',#3015,10.006095442988174);
#3017=LINE('',#3014,#3016);
#3018=EDGE_CURVE('',#3004,#3013,#3017,.T.);
#3019=ORIENTED_EDGE('',*,*,#3018,.T.);
#3020=CARTESIAN_POINT('',(-98.90000000000002,-0.049999999999983,-105.0));
#3021=DIRECTION('',(0.0,0.0,-1.0));
#3022=DIRECTION('',(0.0,1.0,0.0));
#3023=AXIS2_PLACEMENT_3D('',#3020,#3021,#3022);
#3024=CIRCLE('',#3023,5.650792305082537);
#3025=EDGE_CURVE('',#3013,#2981,#3024,.T.);
#3026=ORIENTED_EDGE('',*,*,#3025,.T.);
#3027=ORIENTED_EDGE('',*,*,#2986,.F.);
#3028=EDGE_LOOP('',(#3002,#3011,#3019,#3026,#3027));
#3029=FACE_OUTER_BOUND('',#3028,.T.);
#3030=ADVANCED_FACE('',(#3029),#3001,.T.);
#3031=CARTESIAN_POINT('',(-98.90000000000002,0.049999999999994,-115.0));
#3032=DIRECTION('',(0.0,0.0,-1.0));
#3033=DIRECTION('',(-1.0,0.0,0.0));
#3034=AXIS2_PLACEMENT_3D('',#3031,#3032,#3033);
#3035=CONICAL_SURFACE('',#3034,6.00000000000001,2.0);
#3036=CARTESIAN_POINT('',(-98.900000000000006,6.048263126593438,-114.95026245320918));
#3037=VERTEX_POINT('',#3036);
#3038=CARTESIAN_POINT('',(-97.903868928174802,5.966732450241805,-115.0));
#3039=VERTEX_POINT('',#3038);
#3040=CARTESIAN_POINT('',(-98.900000000000034,6.048263126593437,-114.95026245320918));
#3041=CARTESIAN_POINT('',(-98.573896962663937,6.049403167933089,-114.98290896576448));
#3042=CARTESIAN_POINT('',(-98.238504787529251,6.023071177749467,-115.0));
#3043=CARTESIAN_POINT('',(-97.903868928174816,5.966732450241809,-115.0));
#3044=B_SPLINE_CURVE_WITH_KNOTS('',3,(#3040,#3041,#3042,#3043),.UNSPECIFIED.,.F.,.U.,(4,4),(0.943614445906051,1.041934971175455),.UNSPECIFIED.);
#3045=EDGE_CURVE('',#3037,#3039,#3044,.T.);
#3046=ORIENTED_EDGE('',*,*,#3045,.F.);
#3047=CARTESIAN_POINT('',(-98.900000000000006,5.700792305082528,-105.00000000000003));
#3048=VERTEX_POINT('',#3047);
#3049=CARTESIAN_POINT('',(-98.900000000000006,6.048263126593437,-114.95026245320919));
#3050=DIRECTION('',(0.0,-0.034899496702501,0.999390827019096));
#3051=VECTOR('',#3050,9.956327578959282);
#3052=LINE('',#3049,#3051);
#3053=EDGE_CURVE('',#3037,#3048,#3052,.T.);
#3054=ORIENTED_EDGE('',*,*,#3053,.T.);
#3055=CARTESIAN_POINT('',(-93.249207694917487,0.050000000000005,-105.00000000000003));
#3056=VERTEX_POINT('',#3055);
#3057=CARTESIAN_POINT('',(-98.90000000000002,0.049999999999994,-105.0));
#3058=DIRECTION('',(0.0,0.0,-1.0));
#3059=DIRECTION('',(-1.0,0.0,0.0));
#3060=AXIS2_PLACEMENT_3D('',#3057,#3058,#3059);
#3061=CIRCLE('',#3060,5.650792305082533);
#3062=EDGE_CURVE('',#3048,#3056,#3061,.T.);
#3063=ORIENTED_EDGE('',*,*,#3062,.T.);
#3064=CARTESIAN_POINT('',(-92.900000000000006,0.050000000000005,-115.0));
#3065=VERTEX_POINT('',#3064);
#3066=CARTESIAN_POINT('',(-92.900000000000006,0.050000000000005,-115.0));
#3067=DIRECTION('',(-0.034899496702502,0.0,0.999390827019096));
#3068=VECTOR('',#3067,10.006095442988174);
#3069=LINE('',#3066,#3068);
#3070=EDGE_CURVE('',#3065,#3056,#3069,.T.);
#3071=ORIENTED_EDGE('',*,*,#3070,.F.);
#3072=CARTESIAN_POINT('',(-98.90000000000002,0.049999999999994,-115.0));
#3073=DIRECTION('',(0.0,0.0,-1.0));
#3074=DIRECTION('',(-1.0,0.0,0.0));
#3075=AXIS2_PLACEMENT_3D('',#3072,#3073,#3074);
#3076=CIRCLE('',#3075,6.00000000000001);
#3077=EDGE_CURVE('',#3039,#3065,#3076,.T.);
#3078=ORIENTED_EDGE('',*,*,#3077,.F.);
#3079=EDGE_LOOP('',(#3046,#3054,#3063,#3071,#3078));
#3080=FACE_OUTER_BOUND('',#3079,.T.);
#3081=ADVANCED_FACE('',(#3080),#3035,.T.);
#3082=CARTESIAN_POINT('',(-92.900000000000006,0.050000000000005,-115.0));
#3083=DIRECTION('',(0.999390827019096,0.0,0.034899496702501));
#3084=DIRECTION('',(0.0,1.0,0.0));
#3085=AXIS2_PLACEMENT_3D('',#3082,#3083,#3084);
#3086=PLANE('',#3085);
#3087=CARTESIAN_POINT('',(-93.249207694917487,0.050000000000005,-105.0));
#3088=DIRECTION('',(0.0,-1.0,0.0));
#3089=VECTOR('',#3088,0.099999999999999);
#3090=LINE('',#3087,#3089);
#3091=EDGE_CURVE('',#3056,#3013,#3090,.T.);
#3092=ORIENTED_EDGE('',*,*,#3091,.T.);
#3093=ORIENTED_EDGE('',*,*,#3018,.F.);
#3094=CARTESIAN_POINT('',(-92.900000000000006,0.050000000000005,-115.0));
#3095=DIRECTION('',(0.0,-1.0,0.0));
#3096=VECTOR('',#3095,0.1);
#3097=LINE('',#3094,#3096);
#3098=EDGE_CURVE('',#3065,#3004,#3097,.T.);
#3099=ORIENTED_EDGE('',*,*,#3098,.F.);
#3100=ORIENTED_EDGE('',*,*,#3070,.T.);
#3101=EDGE_LOOP('',(#3092,#3093,#3099,#3100));
#3102=FACE_OUTER_BOUND('',#3101,.T.);
#3103=ADVANCED_FACE('',(#3102),#3086,.T.);
#3104=CARTESIAN_POINT('',(-109.90000000000002,6.050000000000004,-115.0));
#3105=DIRECTION('',(1.008679E-016,0.999390827019096,0.034899496702501));
#3106=DIRECTION('',(-1.0,0.0,0.0));
#3107=AXIS2_PLACEMENT_3D('',#3104,#3105,#3106);
#3108=PLANE('',#3107);
#3109=CARTESIAN_POINT('',(-107.9053922086139,5.700792305082527,-105.0));
#3110=VERTEX_POINT('',#3109);
#3111=CARTESIAN_POINT('',(-107.90234587973873,5.706886819705255,-105.17452406437285));
#3112=VERTEX_POINT('',#3111);
#3113=CARTESIAN_POINT('',(-107.9053922086139,5.700792305082524,-104.99999999999999));
#3114=DIRECTION('',(0.017441778138056,0.034894187812617,-0.999238800303651));
#3115=VECTOR('',#3114,0.174657013238289);
#3116=LINE('',#3113,#3115);
#3117=EDGE_CURVE('',#3110,#3112,#3116,.T.);
#3118=ORIENTED_EDGE('',*,*,#3117,.F.);
#3119=CARTESIAN_POINT('',(-107.9053922086139,5.700792305082527,-105.0));
#3120=DIRECTION('',(1.0,0.0,0.0));
#3121=VECTOR('',#3120,9.005392208613898);
#3122=LINE('',#3119,#3121);
#3123=EDGE_CURVE('',#3110,#3048,#3122,.T.);
#3124=ORIENTED_EDGE('',*,*,#3123,.T.);
#3125=ORIENTED_EDGE('',*,*,#3053,.F.);
#3126=CARTESIAN_POINT('',(-97.903868928174802,5.700792305082523,-105.0));
#3127=DIRECTION('',(-1.008679E-016,-0.999390827019096,-0.034899496702501));
#3128=DIRECTION('',(8.770967E-014,0.034899496702501,-0.999390827019096));
#3129=AXIS2_PLACEMENT_3D('',#3126,#3127,#3128);
#3130=ELLIPSE('',#3129,10.006095442988215,10.0);
#3131=EDGE_CURVE('',#3112,#3037,#3130,.T.);
#3132=ORIENTED_EDGE('',*,*,#3131,.F.);
#3133=EDGE_LOOP('',(#3118,#3124,#3125,#3132));
#3134=FACE_OUTER_BOUND('',#3133,.T.);
#3135=ADVANCED_FACE('',(#3134),#3108,.T.);
#3136=CARTESIAN_POINT('',(-102.35034570564065,3.469447E-015,-105.00000000000003));
#3137=DIRECTION('',(0.0,0.0,1.0));
#3138=DIRECTION('',(1.0,0.0,0.0));
#3139=AXIS2_PLACEMENT_3D('',#3136,#3137,#3138);
#3140=PLANE('',#3139);
#3141=CARTESIAN_POINT('',(-107.90539220861392,-5.700792305082523,-105.00000000000003));
#3142=DIRECTION('',(0.0,1.0,0.0));
#3143=VECTOR('',#3142,11.401584610165052);
#3144=LINE('',#3141,#3143);
#3145=EDGE_CURVE('',#2972,#3110,#3144,.T.);
#3146=ORIENTED_EDGE('',*,*,#3145,.F.);
#3147=ORIENTED_EDGE('',*,*,#2992,.F.);
#3148=ORIENTED_EDGE('',*,*,#3025,.F.);
#3149=ORIENTED_EDGE('',*,*,#3091,.F.);
#3150=ORIENTED_EDGE('',*,*,#3062,.F.);
#3151=ORIENTED_EDGE('',*,*,#3123,.F.);
#3152=EDGE_LOOP('',(#3146,#3147,#3148,#3149,#3150,#3151));
#3153=FACE_OUTER_BOUND('',#3152,.T.);
#3154=ORIENTED_EDGE('',*,*,#2958,.T.);
#3155=EDGE_LOOP('',(#3154));
#3156=FACE_BOUND('',#3155,.T.);
#3157=ADVANCED_FACE('',(#3153,#3156),#3140,.T.);
#3158=CARTESIAN_POINT('',(-110.0,90.0,15.0));
#3159=DIRECTION('',(-0.999847695156391,1.973429E-016,-0.017452406437284));
#3160=DIRECTION('',(0.0,1.0,0.0));
#3161=AXIS2_PLACEMENT_3D('',#3158,#3159,#3160);
#3162=PLANE('',#3161);
#3163=ORIENTED_EDGE('',*,*,#2977,.T.);
#3164=ORIENTED_EDGE('',*,*,#3145,.T.);
#3165=ORIENTED_EDGE('',*,*,#3117,.T.);
#3166=CARTESIAN_POINT('',(-107.90234587973873,77.903868928174788,-105.17452406437285));
#3167=VERTEX_POINT('',#3166);
#3168=CARTESIAN_POINT('',(-107.90234587973873,77.903868928174802,-105.17452406437285));
#3169=DIRECTION('',(0.0,-1.0,0.0));
#3170=VECTOR('',#3169,72.196982108469541);
#3171=LINE('',#3168,#3170);
#3172=EDGE_CURVE('',#3167,#3112,#3171,.T.);
#3173=ORIENTED_EDGE('',*,*,#3172,.F.);
#3174=CARTESIAN_POINT('',(-110.0,80.00152304843607,15.0));
#3175=VERTEX_POINT('',#3174);
#3176=CARTESIAN_POINT('',(-110.00000000000001,80.00152304843607,15.0));
#3177=DIRECTION('',(0.017449749160683,-0.017449749160683,-0.999695459881887));
#3178=VECTOR('',#3177,120.21113317706906);
#3179=LINE('',#3176,#3178);
#3180=EDGE_CURVE('',#3175,#3167,#3179,.T.);
#3181=ORIENTED_EDGE('',*,*,#3180,.F.);
#3182=CARTESIAN_POINT('',(-110.00000000000001,-80.001523048436027,15.0));
#3183=VERTEX_POINT('',#3182);
#3184=CARTESIAN_POINT('',(-110.00000000000003,-80.001523048436013,15.0));
#3185=DIRECTION('',(0.0,1.0,0.0));
#3186=VECTOR('',#3185,160.00304609687208);
#3187=LINE('',#3184,#3186);
#3188=EDGE_CURVE('',#3183,#3175,#3187,.T.);
#3189=ORIENTED_EDGE('',*,*,#3188,.F.);
#3190=CARTESIAN_POINT('',(-107.90234587973875,-77.903868928174774,-105.17452406437287));
#3191=DIRECTION('',(-0.017449749160683,-0.017449749160683,0.999695459881887));
#3192=VECTOR('',#3191,120.21113317706906);
#3193=LINE('',#3190,#3192);
#3194=EDGE_CURVE('',#1272,#3183,#3193,.T.);
#3195=ORIENTED_EDGE('',*,*,#3194,.F.);
#3196=ORIENTED_EDGE('',*,*,#1277,.F.);
#3197=EDGE_LOOP('',(#3163,#3164,#3165,#3173,#3181,#3189,#3195,#3196));
#3198=FACE_OUTER_BOUND('',#3197,.T.);
#3199=ADVANCED_FACE('',(#3198),#3162,.F.);
#3200=CARTESIAN_POINT('',(-97.903868928174802,45.000000000000007,-105.0));
#3201=DIRECTION('',(-1.973730E-016,-1.0,0.0));
#3202=DIRECTION('',(-0.700909264299851,0.0,-0.713250449154182));
#3203=AXIS2_PLACEMENT_3D('',#3200,#3201,#3202);
#3204=CYLINDRICAL_SURFACE('',#3203,9.999999999999998);
#3205=ORIENTED_EDGE('',*,*,#3131,.T.);
#3206=ORIENTED_EDGE('',*,*,#3045,.T.);
#3207=CARTESIAN_POINT('',(-97.903868928174802,77.903868928174802,-115.0));
#3208=VERTEX_POINT('',#3207);
#3209=CARTESIAN_POINT('',(-97.903868928174816,5.9667324502418,-115.0));
#3210=DIRECTION('',(0.0,1.0,0.0));
#3211=VECTOR('',#3210,71.937136477932995);
#3212=LINE('',#3209,#3211);
#3213=EDGE_CURVE('',#3039,#3208,#3212,.T.);
#3214=ORIENTED_EDGE('',*,*,#3213,.T.);
#3215=CARTESIAN_POINT('',(-97.903868928174802,77.903868928174802,-105.0));
#3216=DIRECTION('',(0.0,-1.0,0.0));
#3217=DIRECTION('',(-0.700909264299851,0.0,-0.713250449154181));
#3218=AXIS2_PLACEMENT_3D('',#3215,#3216,#3217);
#3219=CIRCLE('',#3218,9.999999999999993);
#3220=EDGE_CURVE('',#3167,#3208,#3219,.T.);
#3221=ORIENTED_EDGE('',*,*,#3220,.F.);
#3222=ORIENTED_EDGE('',*,*,#3172,.T.);
#3223=EDGE_LOOP('',(#3205,#3206,#3214,#3221,#3222));
#3224=FACE_OUTER_BOUND('',#3223,.T.);
#3225=ADVANCED_FACE('',(#3224),#3204,.F.);
#3226=CARTESIAN_POINT('',(97.863409981438977,-52.349999999999817,-105.0));
#3227=DIRECTION('',(1.951108E-015,1.0,0.0));
#3228=DIRECTION('',(0.700909264299851,-9.962037E-016,-0.713250449154181));
#3229=AXIS2_PLACEMENT_3D('',#3226,#3227,#3228);
#3230=CYLINDRICAL_SURFACE('',#3229,25.0);
#3231=CARTESIAN_POINT('',(122.85960236034873,-77.863409981439219,-105.43631016093208));
#3232=VERTEX_POINT('',#3231);
#3233=CARTESIAN_POINT('',(97.86340998143892,-77.863409981439162,-105.0));
#3234=DIRECTION('',(1.776086E-015,1.0,-3.100170E-017));
#3235=DIRECTION('',(0.999847695156391,-1.776357E-015,-0.017452406437283));
#3236=AXIS2_PLACEMENT_3D('',#3233,#3234,#3235);
#3237=CIRCLE('',#3236,25.000000000000025);
#3238=EDGE_CURVE('',#3232,#1623,#3237,.T.);
#3239=ORIENTED_EDGE('',*,*,#3238,.T.);
#3240=ORIENTED_EDGE('',*,*,#2118,.T.);
#3241=CARTESIAN_POINT('',(122.85960236034903,77.863409981439176,-105.43631016093208));
#3242=VERTEX_POINT('',#3241);
#3243=CARTESIAN_POINT('',(97.863409981439219,77.863409981439219,-105.0));
#3244=DIRECTION('',(0.0,-1.0,0.0));
#3245=DIRECTION('',(0.0,0.0,-1.0));
#3246=AXIS2_PLACEMENT_3D('',#3243,#3244,#3245);
#3247=CIRCLE('',#3246,25.0);
#3248=EDGE_CURVE('',#2107,#3242,#3247,.T.);
#3249=ORIENTED_EDGE('',*,*,#3248,.T.);
#3250=CARTESIAN_POINT('',(122.85960236034902,77.86340998143919,-105.43631016093208));
#3251=DIRECTION('',(0.0,-1.0,0.0));
#3252=VECTOR('',#3251,155.72681996287841);
#3253=LINE('',#3250,#3252);
#3254=EDGE_CURVE('',#3242,#3232,#3253,.T.);
#3255=ORIENTED_EDGE('',*,*,#3254,.T.);
#3256=EDGE_LOOP('',(#3239,#3240,#3249,#3255));
#3257=FACE_OUTER_BOUND('',#3256,.T.);
#3258=ADVANCED_FACE('',(#3257),#3230,.T.);
#3259=CARTESIAN_POINT('',(97.863409981438934,-77.863409981439162,-105.0));
#3260=DIRECTION('',(1.0,0.0,0.0));
#3261=DIRECTION('',(0.0,-1.0,0.0));
#3262=AXIS2_PLACEMENT_3D('',#3259,#3260,#3261);
#3263=SPHERICAL_SURFACE('',#3262,25.0);
#3264=ORIENTED_EDGE('',*,*,#3238,.F.);
#3265=CARTESIAN_POINT('',(97.863409981438963,-77.863409981439162,-105.0));
#3266=DIRECTION('',(-0.017449749160683,0.017449749160683,-0.999695459881888));
#3267=DIRECTION('',(0.706891438803885,-0.706891438803889,-0.024677671923046));
#3268=AXIS2_PLACEMENT_3D('',#3265,#3266,#3267);
#3269=CIRCLE('',#3268,24.999999999999993);
#3270=EDGE_CURVE('',#3232,#1631,#3269,.T.);
#3271=ORIENTED_EDGE('',*,*,#3270,.T.);
#3272=ORIENTED_EDGE('',*,*,#1637,.F.);
#3273=EDGE_LOOP('',(#3264,#3271,#3272));
#3274=FACE_OUTER_BOUND('',#3273,.T.);
#3275=ADVANCED_FACE('',(#3274),#3263,.T.);
#3276=CARTESIAN_POINT('',(97.863409981439219,77.863409981439219,-105.0));
#3277=DIRECTION('',(1.0,0.0,0.0));
#3278=DIRECTION('',(0.0,-1.0,0.0));
#3279=AXIS2_PLACEMENT_3D('',#3276,#3277,#3278);
#3280=SPHERICAL_SURFACE('',#3279,25.0);
#3281=ORIENTED_EDGE('',*,*,#2875,.F.);
#3282=CARTESIAN_POINT('',(97.863409981439219,77.863409981439233,-104.99999999999997));
#3283=DIRECTION('',(-0.017449749160683,-0.017449749160683,-0.999695459881888));
#3284=DIRECTION('',(0.706891438803888,0.706891438803885,-0.024677671923046));
#3285=AXIS2_PLACEMENT_3D('',#3282,#3283,#3284);
#3286=CIRCLE('',#3285,25.0);
#3287=EDGE_CURVE('',#2863,#3242,#3286,.T.);
#3288=ORIENTED_EDGE('',*,*,#3287,.T.);
#3289=ORIENTED_EDGE('',*,*,#3248,.F.);
#3290=EDGE_LOOP('',(#3281,#3288,#3289));
#3291=FACE_OUTER_BOUND('',#3290,.T.);
#3292=ADVANCED_FACE('',(#3291),#3280,.T.);
#3293=CARTESIAN_POINT('',(-97.863409981439503,52.35000000000008,-105.0));
#3294=DIRECTION('',(1.526954E-015,-1.0,0.0));
#3295=DIRECTION('',(-0.700909264299851,-9.962037E-016,-0.713250449154181));
#3296=AXIS2_PLACEMENT_3D('',#3293,#3294,#3295);
#3297=CYLINDRICAL_SURFACE('',#3296,25.0);
#3298=CARTESIAN_POINT('',(-122.85960236034931,77.863409981439389,-105.43631016093208));
#3299=VERTEX_POINT('',#3298);
#3300=CARTESIAN_POINT('',(-97.863409981439546,77.863409981439418,-105.0));
#3301=DIRECTION('',(1.420869E-015,-1.0,2.480136E-017));
#3302=DIRECTION('',(-0.999847695156391,-1.421085E-015,-0.017452406437283));
#3303=AXIS2_PLACEMENT_3D('',#3300,#3301,#3302);
#3304=CIRCLE('',#3303,24.999999999999989);
#3305=EDGE_CURVE('',#3299,#2036,#3304,.T.);
#3306=ORIENTED_EDGE('',*,*,#3305,.T.);
#3307=ORIENTED_EDGE('',*,*,#2041,.T.);
#3308=CARTESIAN_POINT('',(-122.85960236034909,-77.863409981438721,-105.43631016093208));
#3309=VERTEX_POINT('',#3308);
#3310=CARTESIAN_POINT('',(-97.863409981439304,-77.863409981438693,-105.0));
#3311=DIRECTION('',(0.0,1.0,0.0));
#3312=DIRECTION('',(0.0,0.0,-1.0));
#3313=AXIS2_PLACEMENT_3D('',#3310,#3311,#3312);
#3314=CIRCLE('',#3313,25.0);
#3315=EDGE_CURVE('',#1648,#3309,#3314,.T.);
#3316=ORIENTED_EDGE('',*,*,#3315,.T.);
#3317=CARTESIAN_POINT('',(-122.85960236034907,-77.863409981438707,-105.43631016093208));
#3318=DIRECTION('',(0.0,1.0,0.0));
#3319=VECTOR('',#3318,155.7268199628781);
#3320=LINE('',#3317,#3319);
#3321=EDGE_CURVE('',#3309,#3299,#3320,.T.);
#3322=ORIENTED_EDGE('',*,*,#3321,.T.);
#3323=EDGE_LOOP('',(#3306,#3307,#3316,#3322));
#3324=FACE_OUTER_BOUND('',#3323,.T.);
#3325=ORIENTED_EDGE('',*,*,#1359,.T.);
#3326=ORIENTED_EDGE('',*,*,#1212,.F.);
#3327=ORIENTED_EDGE('',*,*,#1315,.T.);
#3328=ORIENTED_EDGE('',*,*,#1094,.F.);
#3329=EDGE_LOOP('',(#3325,#3326,#3327,#3328));
#3330=FACE_BOUND('',#3329,.T.);
#3331=ADVANCED_FACE('',(#3324,#3330),#3297,.T.);
#3332=CARTESIAN_POINT('',(-97.86340998143956,77.863409981439432,-105.0));
#3333=DIRECTION('',(1.0,0.0,0.0));
#3334=DIRECTION('',(0.0,-1.0,0.0));
#3335=AXIS2_PLACEMENT_3D('',#3332,#3333,#3334);
#3336=SPHERICAL_SURFACE('',#3335,25.0);
#3337=ORIENTED_EDGE('',*,*,#3305,.F.);
#3338=CARTESIAN_POINT('',(-97.86340998143956,77.863409981439418,-105.0));
#3339=DIRECTION('',(0.017449749160683,-0.017449749160683,-0.999695459881887));
#3340=DIRECTION('',(-0.706891438803886,0.706891438803887,-0.024677671923046));
#3341=AXIS2_PLACEMENT_3D('',#3338,#3339,#3340);
#3342=CIRCLE('',#3341,24.999999999999993);
#3343=EDGE_CURVE('',#3299,#2854,#3342,.T.);
#3344=ORIENTED_EDGE('',*,*,#3343,.T.);
#3345=ORIENTED_EDGE('',*,*,#2860,.F.);
#3346=EDGE_LOOP('',(#3337,#3344,#3345));
#3347=FACE_OUTER_BOUND('',#3346,.T.);
#3348=ADVANCED_FACE('',(#3347),#3336,.T.);
#3349=CARTESIAN_POINT('',(-97.863409981439304,-77.863409981438693,-105.0));
#3350=DIRECTION('',(1.0,0.0,0.0));
#3351=DIRECTION('',(0.0,-1.0,0.0));
#3352=AXIS2_PLACEMENT_3D('',#3349,#3350,#3351);
#3353=SPHERICAL_SURFACE('',#3352,25.0);
#3354=ORIENTED_EDGE('',*,*,#1654,.F.);
#3355=CARTESIAN_POINT('',(-97.86340998143929,-77.863409981438679,-104.99999999999999));
#3356=DIRECTION('',(0.017449749160683,0.017449749160683,-0.999695459881888));
#3357=DIRECTION('',(-0.706891438803888,-0.706891438803886,-0.024677671923046));
#3358=AXIS2_PLACEMENT_3D('',#3355,#3356,#3357);
#3359=CIRCLE('',#3358,24.999999999999986);
#3360=EDGE_CURVE('',#1640,#3309,#3359,.T.);
#3361=ORIENTED_EDGE('',*,*,#3360,.T.);
#3362=ORIENTED_EDGE('',*,*,#3315,.F.);
#3363=EDGE_LOOP('',(#3354,#3361,#3362));
#3364=FACE_OUTER_BOUND('',#3363,.T.);
#3365=ADVANCED_FACE('',(#3364),#3353,.T.);
#3366=CARTESIAN_POINT('',(99.679538310155237,79.679538310155237,-0.954077731323944));
#3367=DIRECTION('',(-0.017449749160683,-0.017449749160683,-0.999695459881888));
#3368=DIRECTION('',(0.706891438803888,0.706891438803885,-0.024677671923046));
#3369=AXIS2_PLACEMENT_3D('',#3366,#3367,#3368);
#3370=CYLINDRICAL_SURFACE('',#3369,25.0);
#3371=ORIENTED_EDGE('',*,*,#3287,.F.);
#3372=CARTESIAN_POINT('',(97.863409981439261,102.85960236034899,-105.43631016093209));
#3373=DIRECTION('',(0.017449749160683,0.017449749160683,0.999695459881887));
#3374=VECTOR('',#3373,105.46842952891798);
#3375=LINE('',#3372,#3374);
#3376=EDGE_CURVE('',#2863,#646,#3375,.T.);
#3377=ORIENTED_EDGE('',*,*,#3376,.T.);
#3378=ORIENTED_EDGE('',*,*,#652,.T.);
#3379=CARTESIAN_POINT('',(110.90892311470429,101.99861941717315,-1.895328091620528));
#3380=VERTEX_POINT('',#3379);
#3381=CARTESIAN_POINT('',(109.09739925666968,102.86816560123582,-4.163336E-016));
#3382=CARTESIAN_POINT('',(109.32859609925205,102.77442450832135,-1.441882E-015));
#3383=CARTESIAN_POINT('',(109.55590811718666,102.67695497079421,-0.046604735607992));
#3384=CARTESIAN_POINT('',(109.99018804487521,102.48124375834146,-0.23221853168242));
#3385=CARTESIAN_POINT('',(110.19148757682105,102.38512934722395,-0.373737187532979));
#3386=CARTESIAN_POINT('',(110.53201423165197,102.21520082309375,-0.734329026875333));
#3387=CARTESIAN_POINT('',(110.66798371119395,102.14308480231941,-0.950564150316181));
#3388=CARTESIAN_POINT('',(110.84952170690411,102.04127755955527,-1.412849685929329));
#3389=CARTESIAN_POINT('',(110.89925300018584,102.00987590209161,-1.651809759564833));
#3390=CARTESIAN_POINT('',(110.90892311454184,101.99861941736225,-1.895328091635721));
#3391=B_SPLINE_CURVE_WITH_KNOTS('',3,(#3381,#3382,#3383,#3384,#3385,#3386,#3387,#3388,#3389,#3390),.UNSPECIFIED.,.F.,.U.,(4,2,2,2,4),(1.577138174538617,1.652035345483014,1.730501013512021,1.809320970481452,1.882600960216096),.UNSPECIFIED.);
#3392=EDGE_CURVE('',#637,#3380,#3391,.T.);
#3393=ORIENTED_EDGE('',*,*,#3392,.T.);
#3394=CARTESIAN_POINT('',(110.95698132132017,101.94256606448944,-3.104671941410744));
#3395=VERTEX_POINT('',#3394);
#3396=CARTESIAN_POINT('',(110.95698132017432,101.9425660658286,-3.104671941522519));
#3397=CARTESIAN_POINT('',(110.94095242289121,101.96129854895446,-2.701621258916071));
#3398=CARTESIAN_POINT('',(110.9249292334826,101.97998751478136,-2.298403283988933));
#3399=CARTESIAN_POINT('',(110.90892311470429,101.99861941717316,-1.89532809572694));
#3400=B_SPLINE_CURVE_WITH_KNOTS('',3,(#3396,#3397,#3398,#3399),.UNSPECIFIED.,.F.,.U.,(4,4),(1.139319807403054,1.249472176383187),.UNSPECIFIED.);
#3401=EDGE_CURVE('',#3395,#3380,#3400,.T.);
#3402=ORIENTED_EDGE('',*,*,#3401,.F.);
#3403=CARTESIAN_POINT('',(112.72902829330974,100.89795551558639,-5.0));
#3404=VERTEX_POINT('',#3403);
#3405=CARTESIAN_POINT('',(110.95698132017417,101.94256606582877,-3.104671941518502));
#3406=CARTESIAN_POINT('',(110.9658152783315,101.93224209043385,-3.326803983777178));
#3407=CARTESIAN_POINT('',(111.00805832832336,101.90513768630854,-3.545473743430629));
#3408=CARTESIAN_POINT('',(111.16754700825729,101.81123094438288,-3.991390099744896));
#3409=CARTESIAN_POINT('',(111.2941747135003,101.73965208364746,-4.209258866503374));
#3410=CARTESIAN_POINT('',(111.61484074745636,101.55750680147415,-4.580517283825031));
#3411=CARTESIAN_POINT('',(111.80617991768028,101.44834476352408,-4.728875929847686));
#3412=CARTESIAN_POINT('',(112.23151881392977,101.19971911711723,-4.93836566429105));
#3413=CARTESIAN_POINT('',(112.46178770492432,101.06218410663655,-4.994388309203998));
#3414=CARTESIAN_POINT('',(112.70528589291513,100.91257317613362,-4.999866650236823));
#3415=CARTESIAN_POINT('',(112.71716117033185,100.9052668013114,-5.000000000000002));
#3416=CARTESIAN_POINT('',(112.72902829330965,100.89795551558643,-5.000000000000002));
#3417=B_SPLINE_CURVE_WITH_KNOTS('',3,(#3405,#3406,#3407,#3408,#3409,#3410,#3411,#3412,#3413,#3414,#3415,#3416),.UNSPECIFIED.,.F.,.U.,(4,2,2,2,2,4),(0.010488630697528,0.077405423130928,0.155306990873404,0.234310438127478,0.315719475865162,0.319895709510317),.UNSPECIFIED.);
#3418=EDGE_CURVE('',#3404,#3395,#3417,.F.);
#3419=ORIENTED_EDGE('',*,*,#3418,.F.);
#3420=CARTESIAN_POINT('',(115.94139964095397,98.546413012656302,-5.0));
#3421=VERTEX_POINT('',#3420);
#3422=CARTESIAN_POINT('',(99.60891647426098,79.60891647426098,-5.0));
#3423=DIRECTION('',(0.0,0.0,-1.0));
#3424=DIRECTION('',(0.707106781186549,0.707106781186546,0.0));
#3425=AXIS2_PLACEMENT_3D('',#3422,#3423,#3424);
#3426=ELLIPSE('',#3425,25.007615822276225,24.999999999999996);
#3427=EDGE_CURVE('',#3404,#3421,#3426,.T.);
#3428=ORIENTED_EDGE('',*,*,#3427,.T.);
#3429=CARTESIAN_POINT('',(118.54641301265629,95.941399640953975,-5.0));
#3430=VERTEX_POINT('',#3429);
#3431=CARTESIAN_POINT('',(118.54641301265629,95.941399640953975,-4.999999999999995));
#3432=CARTESIAN_POINT('',(118.4656255300733,96.03339789269981,-5.044652592845688));
#3433=CARTESIAN_POINT('',(118.38382706131938,96.125294424738371,-5.086572125245954));
#3434=CARTESIAN_POINT('',(117.98458167997553,96.567775767115123,-5.27188534864818));
#3435=CARTESIAN_POINT('',(117.65126455713691,96.91975649519614,-5.370131956571478));
#3436=CARTESIAN_POINT('',(116.91975649519617,97.651264557136912,-5.370131956571478));
#3437=CARTESIAN_POINT('',(116.56777576711517,97.98458167997552,-5.271885348648189));
#3438=CARTESIAN_POINT('',(116.12529442473841,98.38382706131938,-5.086572125245958));
#3439=CARTESIAN_POINT('',(116.03339789269982,98.465625530073282,-5.044652592845694));
#3440=CARTESIAN_POINT('',(115.94139964095397,98.546413012656288,-4.999999999999992));
#3441=B_SPLINE_CURVE_WITH_KNOTS('',3,(#3431,#3432,#3433,#3434,#3435,#3436,#3437,#3438,#3439,#3440),.UNSPECIFIED.,.F.,.U.,(4,2,2,2,4),(2.001235762129401,2.041968310772091,2.197144604099377,2.352320897426661,2.393053446069352),.UNSPECIFIED.);
#3442=EDGE_CURVE('',#3430,#3421,#3441,.T.);
#3443=ORIENTED_EDGE('',*,*,#3442,.F.);
#3444=CARTESIAN_POINT('',(120.89795551558639,92.729028293309725,-5.0));
#3445=VERTEX_POINT('',#3444);
#3446=CARTESIAN_POINT('',(99.60891647426098,79.60891647426098,-5.0));
#3447=DIRECTION('',(0.0,0.0,-1.0));
#3448=DIRECTION('',(0.707106781186549,0.707106781186546,0.0));
#3449=AXIS2_PLACEMENT_3D('',#3446,#3447,#3448);
#3450=ELLIPSE('',#3449,25.007615822276225,24.999999999999996);
#3451=EDGE_CURVE('',#3430,#3445,#3450,.T.);
#3452=ORIENTED_EDGE('',*,*,#3451,.T.);
#3453=CARTESIAN_POINT('',(121.94256606448931,90.956981321320299,-3.10467194141227));
#3454=VERTEX_POINT('',#3453);
#3455=CARTESIAN_POINT('',(120.89795551558639,92.729028293309739,-4.999999999999998));
#3456=CARTESIAN_POINT('',(121.01078961865963,92.545884558044605,-4.999999999999998));
#3457=CARTESIAN_POINT('',(121.12137791517961,92.362429700633101,-4.968250627893516));
#3458=CARTESIAN_POINT('',(121.35792027880184,91.962529519736393,-4.823751913643192));
#3459=CARTESIAN_POINT('',(121.47770685532329,91.754486189706,-4.69414164678077));
#3460=CARTESIAN_POINT('',(121.68028439253133,91.399128255916793,-4.352859170287839));
#3461=CARTESIAN_POINT('',(121.76196011144766,91.254108009332811,-4.147586755416256));
#3462=CARTESIAN_POINT('',(121.86002039455656,91.084153553799297,-3.774844104797655));
#3463=CARTESIAN_POINT('',(121.88906016652129,91.035106127521999,-3.625606372942503));
#3464=CARTESIAN_POINT('',(121.92586657192612,90.977144424936185,-3.350914786649111));
#3465=CARTESIAN_POINT('',(121.93682400477411,90.961894652989642,-3.228218898968871));
#3466=CARTESIAN_POINT('',(121.94256606582869,90.956981320174208,-3.104671941520128));
#3467=B_SPLINE_CURVE_WITH_KNOTS('',3,(#3455,#3456,#3457,#3458,#3459,#3460,#3461,#3462,#3463,#3464,#3465,#3466),.UNSPECIFIED.,.F.,.U.,(4,2,2,2,2,4),(0.972789172269588,1.037441206120791,1.118575823425934,1.19717727524738,1.244937653315265,1.282117918519714),.UNSPECIFIED.);
#3468=EDGE_CURVE('',#3454,#3445,#3467,.F.);
#3469=ORIENTED_EDGE('',*,*,#3468,.F.);
#3470=CARTESIAN_POINT('',(121.99861941717327,90.908923114704209,-1.895328091619329));
#3471=VERTEX_POINT('',#3470);
#3472=CARTESIAN_POINT('',(121.99861941717327,90.908923114704209,-1.895328095724545));
#3473=CARTESIAN_POINT('',(121.97998751510768,90.924929233202278,-2.298403276929158));
#3474=CARTESIAN_POINT('',(121.96129854928006,90.940952422612597,-2.701621251910402));
#3475=CARTESIAN_POINT('',(121.94256606582853,90.956981320174378,-3.104671941524049));
#3476=B_SPLINE_CURVE_WITH_KNOTS('',3,(#3472,#3473,#3474,#3475),.UNSPECIFIED.,.F.,.U.,(4,4),(1.146012878986395,1.256165247909472),.UNSPECIFIED.);
#3477=EDGE_CURVE('',#3471,#3454,#3476,.T.);
#3478=ORIENTED_EDGE('',*,*,#3477,.F.);
#3479=CARTESIAN_POINT('',(121.99861941736231,90.908923114541807,-1.895328091634519));
#3480=CARTESIAN_POINT('',(122.00801285060032,90.900853492826684,-1.692114277595178));
#3481=CARTESIAN_POINT('',(122.0314393640995,90.864857468959229,-1.491589104267623));
#3482=CARTESIAN_POINT('',(122.11393385499825,90.721631763616216,-1.057004433539236));
#3483=CARTESIAN_POINT('',(122.18016325587683,90.598995038864103,-0.833624153742692));
#3484=CARTESIAN_POINT('',(122.34157591458471,90.280743960393451,-0.450741385083123));
#3485=CARTESIAN_POINT('',(122.43546004050845,90.087345870262098,-0.295126055256905));
#3486=CARTESIAN_POINT('',(122.63372040589761,89.654575571293122,-0.075552923395026));
#3487=CARTESIAN_POINT('',(122.73612863492248,89.419430287072458,-0.013210664376824));
#3488=CARTESIAN_POINT('',(122.8463692940731,89.150984791223763,-0.000626056279277));
#3489=CARTESIAN_POINT('',(122.85730204430536,89.124192416248306,9.799905E-017));
#3490=CARTESIAN_POINT('',(122.8681656012358,89.097399256669675,0.0));
#3491=B_SPLINE_CURVE_WITH_KNOTS('',3,(#3479,#3480,#3481,#3482,#3483,#3484,#3485,#3486,#3487,#3488,#3489,#3490),.UNSPECIFIED.,.F.,.U.,(4,2,2,2,2,4),(0.641318371676676,0.702600190527387,0.780808418060716,0.859621120660242,0.938068233587346,0.946758792692271),.UNSPECIFIED.);
#3492=EDGE_CURVE('',#3471,#628,#3491,.T.);
#3493=ORIENTED_EDGE('',*,*,#3492,.T.);
#3494=ORIENTED_EDGE('',*,*,#634,.T.);
#3495=CARTESIAN_POINT('',(124.69999999999979,79.703807621089936,6.661338E-016));
#3496=DIRECTION('',(-0.017449749160683,-0.017449749160683,-0.999695459881887));
#3497=VECTOR('',#3496,105.46842952891798);
#3498=LINE('',#3495,#3497);
#3499=EDGE_CURVE('',#620,#3242,#3498,.T.);
#3500=ORIENTED_EDGE('',*,*,#3499,.T.);
#3501=EDGE_LOOP('',(#3371,#3377,#3378,#3393,#3402,#3419,#3428,#3443,#3452,#3469,#3478,#3493,#3494,#3500));
#3502=FACE_OUTER_BOUND('',#3501,.T.);
#3503=ADVANCED_FACE('',(#3502),#3370,.T.);
#3504=CARTESIAN_POINT('',(124.69999999999983,104.6999999999997,0.0));
#3505=DIRECTION('',(1.139430E-015,0.999847695156391,-0.017452406437284));
#3506=DIRECTION('',(1.988882E-017,0.017452406437284,0.999847695156391));
#3507=AXIS2_PLACEMENT_3D('',#3504,#3505,#3506);
#3508=PLANE('',#3507);
#3509=ORIENTED_EDGE('',*,*,#316,.T.);
#3510=ORIENTED_EDGE('',*,*,#810,.F.);
#3511=CARTESIAN_POINT('',(-68.376020338061323,104.66691692517207,-1.895328087514112));
#3512=VERTEX_POINT('',#3511);
#3513=CARTESIAN_POINT('',(-70.453132576277198,104.69999999999993,-1.170938E-016));
#3514=CARTESIAN_POINT('',(-70.196389355085373,104.69999999999993,-9.045230E-016));
#3515=CARTESIAN_POINT('',(-69.894004386750893,104.69896987498542,-0.059015822556965));
#3516=CARTESIAN_POINT('',(-69.419622052513574,104.69561781751047,-0.251055066680537));
#3517=CARTESIAN_POINT('',(-69.162873382068213,104.69271051647482,-0.41761423146119));
#3518=CARTESIAN_POINT('',(-68.800633902594399,104.68656796581485,-0.769520723086017));
#3519=CARTESIAN_POINT('',(-68.62949034086671,104.68226726679947,-1.015907604663148));
#3520=CARTESIAN_POINT('',(-68.447904975780688,104.67489415743749,-1.438312757110358));
#3521=CARTESIAN_POINT('',(-68.389128874763102,104.67072848128703,-1.676964183935928));
#3522=CARTESIAN_POINT('',(-68.376020338061309,104.66691692517209,-1.895328087514112));
#3523=B_SPLINE_CURVE_WITH_KNOTS('',3,(#3513,#3514,#3515,#3516,#3517,#3518,#3519,#3520,#3521,#3522),.UNSPECIFIED.,.F.,.U.,(4,2,2,2,4),(0.299482255753702,0.376505222111251,0.453019227180258,0.528025522810261,0.590971519053982),.UNSPECIFIED.);
#3524=EDGE_CURVE('',#798,#3512,#3523,.T.);
#3525=ORIENTED_EDGE('',*,*,#3524,.T.);
#3526=CARTESIAN_POINT('',(-68.30332027316922,104.64580775018666,-3.104671912485885));
#3527=VERTEX_POINT('',#3526);
#3528=CARTESIAN_POINT('',(-68.376020338061323,104.66691692517207,-1.895328087514112));
#3529=CARTESIAN_POINT('',(-68.339563247923508,104.65631633351117,-2.502635577029542));
#3530=CARTESIAN_POINT('',(-68.30332027316922,104.64580775018666,-3.104671912485925));
#3538=(BOUNDED_CURVE()B_SPLINE_CURVE(2,(#3528,#3529,#3530),.UNSPECIFIED.,.F.,.U.)B_SPLINE_CURVE_WITH_KNOTS((3,3),(0.187784683813978,0.308943531424711),.UNSPECIFIED.)CURVE()GEOMETRIC_REPRESENTATION_ITEM()RATIONAL_B_SPLINE_CURVE((1.000051435041437,1.000058079209561,1.000051885428873))REPRESENTATION_ITEM(''));
#3539=EDGE_CURVE('',#3512,#3527,#3538,.T.);
#3540=ORIENTED_EDGE('',*,*,#3539,.T.);
#3541=CARTESIAN_POINT('',(-66.169484107784001,104.61272467535883,-5.0));
#3542=VERTEX_POINT('',#3541);
#3543=CARTESIAN_POINT('',(-68.30332027316922,104.64580775018666,-3.104671912485886));
#3544=CARTESIAN_POINT('',(-68.290257796025841,104.64202030916073,-3.321654263540206));
#3545=CARTESIAN_POINT('',(-68.232022726020531,104.63788194892685,-3.558740762555461));
#3546=CARTESIAN_POINT('',(-68.051427149403295,104.63054646464803,-3.978990375431946));
#3547=CARTESIAN_POINT('',(-67.880595971521331,104.62626744263108,-4.224135382598557));
#3548=CARTESIAN_POINT('',(-67.515498111351192,104.62011191990766,-4.576785043240388));
#3549=CARTESIAN_POINT('',(-67.253909574135776,104.61719777457957,-4.743736317272989));
#3550=CARTESIAN_POINT('',(-66.761495527976749,104.61376634323909,-4.940322887107392));
#3551=CARTESIAN_POINT('',(-66.441085565703332,104.61272467535883,-4.999999999999998));
#3552=CARTESIAN_POINT('',(-66.169484107784001,104.61272467535883,-4.999999999999998));
#3553=B_SPLINE_CURVE_WITH_KNOTS('',3,(#3543,#3544,#3545,#3546,#3547,#3548,#3549,#3550,#3551,#3552),.UNSPECIFIED.,.F.,.U.,(4,2,2,2,4),(0.010243005367472,0.072777052174842,0.147483843994879,0.225068387778826,0.306548825154623),.UNSPECIFIED.);
#3554=EDGE_CURVE('',#3542,#3527,#3553,.F.);
#3555=ORIENTED_EDGE('',*,*,#3554,.F.);
#3556=CARTESIAN_POINT('',(-62.022481424398933,104.61272467535883,-5.0));
#3557=VERTEX_POINT('',#3556);
#3558=CARTESIAN_POINT('',(-66.169484107784001,104.61272467535883,-5.0));
#3559=DIRECTION('',(1.0,0.0,0.0));
#3560=VECTOR('',#3559,4.147002683385104);
#3561=LINE('',#3558,#3560);
#3562=EDGE_CURVE('',#3542,#3557,#3561,.T.);
#3563=ORIENTED_EDGE('',*,*,#3562,.T.);
#3564=CARTESIAN_POINT('',(-57.977518575601067,104.61272467535883,-5.0));
#3565=VERTEX_POINT('',#3564);
#3566=CARTESIAN_POINT('',(-62.02248142439889,104.61272467535883,-5.000000000000007));
#3567=CARTESIAN_POINT('',(-60.000000000000007,104.59992293127004,-5.733411427654149));
#3568=CARTESIAN_POINT('',(-57.97751857560111,104.61272467535883,-5.000000000000004));
#3576=(BOUNDED_CURVE()B_SPLINE_CURVE(2,(#3566,#3567,#3568),.UNSPECIFIED.,.F.,.U.)B_SPLINE_CURVE_WITH_KNOTS((3,3),(0.0,0.412649158264168),.UNSPECIFIED.)CURVE()GEOMETRIC_REPRESENTATION_ITEM()RATIONAL_B_SPLINE_CURVE((1.0,1.254114470562557,1.0))REPRESENTATION_ITEM(''));
#3577=EDGE_CURVE('',#3557,#3565,#3576,.T.);
#3578=ORIENTED_EDGE('',*,*,#3577,.T.);
#3579=CARTESIAN_POINT('',(-53.830515892215999,104.61272467535883,-5.0));
#3580=VERTEX_POINT('',#3579);
#3581=CARTESIAN_POINT('',(-57.977518575601103,104.61272467535882,-5.0));
#3582=DIRECTION('',(1.0,0.0,0.0));
#3583=VECTOR('',#3582,4.147002683385111);
#3584=LINE('',#3581,#3583);
#3585=EDGE_CURVE('',#3565,#3580,#3584,.T.);
#3586=ORIENTED_EDGE('',*,*,#3585,.T.);
#3587=CARTESIAN_POINT('',(-51.696679726830794,104.64580775018663,-3.104671912485885));
#3588=VERTEX_POINT('',#3587);
#3589=CARTESIAN_POINT('',(-53.830515892215999,104.61272467535885,-4.999999999999999));
#3590=CARTESIAN_POINT('',(-53.558914434296668,104.61272467535885,-4.999999999999998));
#3591=CARTESIAN_POINT('',(-53.238504472023251,104.61376634323909,-4.940322887107393));
#3592=CARTESIAN_POINT('',(-52.746090425864232,104.61719777457957,-4.743736317272989));
#3593=CARTESIAN_POINT('',(-52.484501888648801,104.62011191990766,-4.576785043240388));
#3594=CARTESIAN_POINT('',(-52.119404028478662,104.62626744263108,-4.224135382598557));
#3595=CARTESIAN_POINT('',(-51.948572850596705,104.63054646464799,-3.978990375431946));
#3596=CARTESIAN_POINT('',(-51.767977273980115,104.63788194892679,-3.558740762556977));
#3597=CARTESIAN_POINT('',(-51.709742203974983,104.64202030916064,-3.321654263543973));
#3598=CARTESIAN_POINT('',(-51.696679726831093,104.64580775018655,-3.104671912491039));
#3599=B_SPLINE_CURVE_WITH_KNOTS('',3,(#3589,#3590,#3591,#3592,#3593,#3594,#3595,#3596,#3597,#3598),.UNSPECIFIED.,.F.,.U.,(4,2,2,2,4),(0.932475558242977,1.013955995618775,1.091540539402722,1.166247331222758,1.228781378029633),.UNSPECIFIED.);
#3600=EDGE_CURVE('',#3588,#3580,#3599,.F.);
#3601=ORIENTED_EDGE('',*,*,#3600,.F.);
#3602=CARTESIAN_POINT('',(-51.623979661938691,104.66691692517202,-1.895328087514112));
#3603=VERTEX_POINT('',#3602);
#3604=CARTESIAN_POINT('',(-51.696679726830808,104.64580775018663,-3.104671912485925));
#3605=CARTESIAN_POINT('',(-51.660436752076492,104.65631633351111,-2.502635577029156));
#3606=CARTESIAN_POINT('',(-51.623979661938691,104.66691692517202,-1.895328087514111));
#3614=(BOUNDED_CURVE()B_SPLINE_CURVE(2,(#3604,#3605,#3606),.UNSPECIFIED.,.F.,.U.)B_SPLINE_CURVE_WITH_KNOTS((3,3),(0.19203523999368,0.313194087603268),.UNSPECIFIED.)CURVE()GEOMETRIC_REPRESENTATION_ITEM()RATIONAL_B_SPLINE_CURVE((1.000051885419341,1.000058079198891,1.000051435031988))REPRESENTATION_ITEM(''));
#3615=EDGE_CURVE('',#3588,#3603,#3614,.T.);
#3616=ORIENTED_EDGE('',*,*,#3615,.T.);
#3617=CARTESIAN_POINT('',(-51.623979661938705,104.66691692517207,-1.895328087514113));
#3618=CARTESIAN_POINT('',(-51.610871125236898,104.67072848128701,-1.67696418393593));
#3619=CARTESIAN_POINT('',(-51.552095024219312,104.67489415743745,-1.438312757110358));
#3620=CARTESIAN_POINT('',(-51.37050965913329,104.68226726679944,-1.015907604663148));
#3621=CARTESIAN_POINT('',(-51.199366097405594,104.68656796581483,-0.769520723086016));
#3622=CARTESIAN_POINT('',(-50.837126617931787,104.69271051647479,-0.417614231461191));
#3623=CARTESIAN_POINT('',(-50.580377947486426,104.69561781751042,-0.251055066680536));
#3624=CARTESIAN_POINT('',(-50.1059956132491,104.69896987498538,-0.059015822556966));
#3625=CARTESIAN_POINT('',(-49.803610644914627,104.6999999999999,5.744833E-016));
#3626=CARTESIAN_POINT('',(-49.546867423722802,104.6999999999999,5.139118E-016));
#3627=B_SPLINE_CURVE_WITH_KNOTS('',3,(#3617,#3618,#3619,#3620,#3621,#3622,#3623,#3624,#3625,#3626),.UNSPECIFIED.,.F.,.U.,(4,2,2,2,4),(0.611674060844202,0.674620057087923,0.749626352717926,0.826140357786933,0.903163324144482),.UNSPECIFIED.);
#3628=EDGE_CURVE('',#3603,#790,#3627,.T.);
#3629=ORIENTED_EDGE('',*,*,#3628,.T.);
#3630=ORIENTED_EDGE('',*,*,#795,.F.);
#3631=CARTESIAN_POINT('',(-8.376020338061261,104.66691692517203,-1.895328087514112));
#3632=VERTEX_POINT('',#3631);
#3633=CARTESIAN_POINT('',(-10.453132576277188,104.69999999999986,1.235990E-016));
#3634=CARTESIAN_POINT('',(-10.196389355085355,104.69999999999986,-3.930400E-016));
#3635=CARTESIAN_POINT('',(-9.894004386750886,104.69896987498535,-0.059015822556965));
#3636=CARTESIAN_POINT('',(-9.419622052513555,104.6956178175104,-0.251055066680537));
#3637=CARTESIAN_POINT('',(-9.162873382068192,104.69271051647475,-0.417614231461189));
#3638=CARTESIAN_POINT('',(-8.800633902594385,104.68656796581477,-0.769520723086015));
#3639=CARTESIAN_POINT('',(-8.629490340866692,104.68226726679941,-1.015907604663147));
#3640=CARTESIAN_POINT('',(-8.447904975780682,104.67489415743742,-1.438312757110356));
#3641=CARTESIAN_POINT('',(-8.389128874763092,104.67072848128696,-1.676964183935929));
#3642=CARTESIAN_POINT('',(-8.37602033806129,104.66691692517202,-1.895328087514114));
#3643=B_SPLINE_CURVE_WITH_KNOTS('',3,(#3633,#3634,#3635,#3636,#3637,#3638,#3639,#3640,#3641,#3642),.UNSPECIFIED.,.F.,.U.,(4,2,2,2,4),(0.299482255753702,0.376505222111251,0.453019227180259,0.528025522810261,0.590971519053982),.UNSPECIFIED.);
#3644=EDGE_CURVE('',#781,#3632,#3643,.T.);
#3645=ORIENTED_EDGE('',*,*,#3644,.T.);
#3646=CARTESIAN_POINT('',(-8.303320273169243,104.64580775018661,-3.104671912485885));
#3647=VERTEX_POINT('',#3646);
#3648=CARTESIAN_POINT('',(-8.376020338061261,104.66691692517203,-1.895328087514112));
#3649=CARTESIAN_POINT('',(-8.339563247919413,104.65631633350996,-2.502635577097414));
#3650=CARTESIAN_POINT('',(-8.303320273169243,104.64580775018661,-3.104671912485926));
#3658=(BOUNDED_CURVE()B_SPLINE_CURVE(2,(#3648,#3649,#3650),.UNSPECIFIED.,.F.,.U.)B_SPLINE_CURVE_WITH_KNOTS((3,3),(0.18778468375861,0.308943531370742),.UNSPECIFIED.)CURVE()GEOMETRIC_REPRESENTATION_ITEM()RATIONAL_B_SPLINE_CURVE((1.000051435060763,1.000058079231391,1.00005188544838))REPRESENTATION_ITEM(''));
#3659=EDGE_CURVE('',#3632,#3647,#3658,.T.);
#3660=ORIENTED_EDGE('',*,*,#3659,.T.);
#3661=CARTESIAN_POINT('',(-6.169484107783976,104.61272467535876,-5.0));
#3662=VERTEX_POINT('',#3661);
#3663=CARTESIAN_POINT('',(-8.303320273169208,104.64580775018661,-3.104671912485883));
#3664=CARTESIAN_POINT('',(-8.290257796025822,104.64202030916069,-3.321654263540204));
#3665=CARTESIAN_POINT('',(-8.232022726020512,104.63788194892679,-3.55874076255546));
#3666=CARTESIAN_POINT('',(-8.051427149403271,104.63054646464796,-3.978990375431945));
#3667=CARTESIAN_POINT('',(-7.880595971521315,104.62626744263102,-4.224135382598558));
#3668=CARTESIAN_POINT('',(-7.515498111351175,104.62011191990757,-4.576785043240388));
#3669=CARTESIAN_POINT('',(-7.253909574135745,104.61719777457951,-4.74373631727299));
#3670=CARTESIAN_POINT('',(-6.761495527976721,104.61376634323904,-4.940322887107394));
#3671=CARTESIAN_POINT('',(-6.4410855657033,104.61272467535876,-4.999999999999998));
#3672=CARTESIAN_POINT('',(-6.169484107783971,104.61272467535876,-4.999999999999998));
#3673=B_SPLINE_CURVE_WITH_KNOTS('',3,(#3663,#3664,#3665,#3666,#3667,#3668,#3669,#3670,#3671,#3672),.UNSPECIFIED.,.F.,.U.,(4,2,2,2,4),(0.010243005367472,0.072777052174842,0.147483843994879,0.225068387778826,0.306548825154625),.UNSPECIFIED.);
#3674=EDGE_CURVE('',#3662,#3647,#3673,.F.);
#3675=ORIENTED_EDGE('',*,*,#3674,.F.);
#3676=CARTESIAN_POINT('',(-2.022481424398841,104.61272467535876,-5.0));
#3677=VERTEX_POINT('',#3676);
#3678=CARTESIAN_POINT('',(-6.16948410778398,104.61272467535876,-5.0));
#3679=DIRECTION('',(1.0,0.0,0.0));
#3680=VECTOR('',#3679,4.147002683385182);
#3681=LINE('',#3678,#3680);
#3682=EDGE_CURVE('',#3662,#3677,#3681,.T.);
#3683=ORIENTED_EDGE('',*,*,#3682,.T.);
#3684=CARTESIAN_POINT('',(2.022481424398841,104.61272467535876,-5.0));
#3685=VERTEX_POINT('',#3684);
#3686=CARTESIAN_POINT('',(-2.022481424398807,104.61272467535876,-5.000000000000009));
#3687=CARTESIAN_POINT('',(1.832447E-015,104.59992293126996,-5.733411427654088));
#3688=CARTESIAN_POINT('',(2.022481424398809,104.61272467535876,-5.000000000000005));
#3696=(BOUNDED_CURVE()B_SPLINE_CURVE(2,(#3686,#3687,#3688),.UNSPECIFIED.,.F.,.U.)B_SPLINE_CURVE_WITH_KNOTS((3,3),(0.0,0.41264915826415),.UNSPECIFIED.)CURVE()GEOMETRIC_REPRESENTATION_ITEM()RATIONAL_B_SPLINE_CURVE((1.0,1.254114470562487,1.0))REPRESENTATION_ITEM(''));
#3697=EDGE_CURVE('',#3677,#3685,#3696,.T.);
#3698=ORIENTED_EDGE('',*,*,#3697,.T.);
#3699=CARTESIAN_POINT('',(6.169484107783967,104.61272467535876,-5.0));
#3700=VERTEX_POINT('',#3699);
#3701=CARTESIAN_POINT('',(2.022481424398812,104.61272467535876,-5.0));
#3702=DIRECTION('',(1.0,0.0,0.0));
#3703=VECTOR('',#3702,4.147002683385161);
#3704=LINE('',#3701,#3703);
#3705=EDGE_CURVE('',#3685,#3700,#3704,.T.);
#3706=ORIENTED_EDGE('',*,*,#3705,.T.);
#3707=CARTESIAN_POINT('',(8.303320273169186,104.64580775018655,-3.104671912485884));
#3708=VERTEX_POINT('',#3707);
#3709=CARTESIAN_POINT('',(6.169484107783971,104.61272467535875,-4.999999999999998));
#3710=CARTESIAN_POINT('',(6.441085565703302,104.61272467535875,-4.999999999999998));
#3711=CARTESIAN_POINT('',(6.761495527976721,104.61376634323904,-4.940322887107394));
#3712=CARTESIAN_POINT('',(7.253909574135745,104.61719777457951,-4.74373631727299));
#3713=CARTESIAN_POINT('',(7.515498111351175,104.62011191990757,-4.576785043240388));
#3714=CARTESIAN_POINT('',(7.880595971521314,104.62626744263102,-4.224135382598558));
#3715=CARTESIAN_POINT('',(8.051427149403271,104.63054646464792,-3.978990375431945));
#3716=CARTESIAN_POINT('',(8.23202272601986,104.6378819489267,-3.558740762556977));
#3717=CARTESIAN_POINT('',(8.290257796024999,104.64202030916057,-3.321654263543974));
#3718=CARTESIAN_POINT('',(8.30332027316889,104.64580775018648,-3.10467191249104));
#3719=B_SPLINE_CURVE_WITH_KNOTS('',3,(#3709,#3710,#3711,#3712,#3713,#3714,#3715,#3716,#3717,#3718),.UNSPECIFIED.,.F.,.U.,(4,2,2,2,4),(0.932475558242979,1.013955995618778,1.091540539402725,1.166247331222761,1.228781378029636),.UNSPECIFIED.);
#3720=EDGE_CURVE('',#3708,#3700,#3719,.F.);
#3721=ORIENTED_EDGE('',*,*,#3720,.F.);
#3722=CARTESIAN_POINT('',(8.376020338061291,104.66691692517199,-1.895328087514112));
#3723=VERTEX_POINT('',#3722);
#3724=CARTESIAN_POINT('',(8.303320273169184,104.64580775018655,-3.104671912485924));
#3725=CARTESIAN_POINT('',(8.339563247923344,104.65631633351107,-2.502635577031797));
#3726=CARTESIAN_POINT('',(8.376020338061291,104.66691692517199,-1.895328087514112));
#3734=(BOUNDED_CURVE()B_SPLINE_CURVE(2,(#3724,#3725,#3726),.UNSPECIFIED.,.F.,.U.)B_SPLINE_CURVE_WITH_KNOTS((3,3),(0.192035239995597,0.313194087605578),.UNSPECIFIED.)CURVE()GEOMETRIC_REPRESENTATION_ITEM()RATIONAL_B_SPLINE_CURVE((1.000051885422907,1.000058079202883,1.000051435035523))REPRESENTATION_ITEM(''));
#3735=EDGE_CURVE('',#3708,#3723,#3734,.T.);
#3736=ORIENTED_EDGE('',*,*,#3735,.T.);
#3737=CARTESIAN_POINT('',(8.376020338061283,104.666916925172,-1.895328087514111));
#3738=CARTESIAN_POINT('',(8.389128874763086,104.67072848128694,-1.676964183935927));
#3739=CARTESIAN_POINT('',(8.447904975780682,104.67489415743739,-1.438312757110356));
#3740=CARTESIAN_POINT('',(8.629490340866692,104.68226726679937,-1.015907604663147));
#3741=CARTESIAN_POINT('',(8.800633902594383,104.68656796581476,-0.769520723086015));
#3742=CARTESIAN_POINT('',(9.162873382068192,104.6927105164747,-0.41761423146119));
#3743=CARTESIAN_POINT('',(9.419622052513553,104.69561781751037,-0.251055066680536));
#3744=CARTESIAN_POINT('',(9.894004386750886,104.69896987498531,-0.059015822556966));
#3745=CARTESIAN_POINT('',(10.196389355085355,104.69999999999985,7.900200E-016));
#3746=CARTESIAN_POINT('',(10.453132576277188,104.69999999999985,2.341877E-016));
#3747=B_SPLINE_CURVE_WITH_KNOTS('',3,(#3737,#3738,#3739,#3740,#3741,#3742,#3743,#3744,#3745,#3746),.UNSPECIFIED.,.F.,.U.,(4,2,2,2,4),(0.611674060844203,0.674620057087924,0.749626352717926,0.826140357786933,0.903163324144483),.UNSPECIFIED.);
#3748=EDGE_CURVE('',#3723,#773,#3747,.T.);
#3749=ORIENTED_EDGE('',*,*,#3748,.T.);
#3750=ORIENTED_EDGE('',*,*,#778,.F.);
#3751=CARTESIAN_POINT('',(51.623979661938733,104.66691692517196,-1.895328087514112));
#3752=VERTEX_POINT('',#3751);
#3753=CARTESIAN_POINT('',(49.54686742372283,104.69999999999979,1.073004E-033));
#3754=CARTESIAN_POINT('',(49.80361064491467,104.69999999999979,-1.093606E-015));
#3755=CARTESIAN_POINT('',(50.105995613249135,104.69896987498528,-0.059015822556967));
#3756=CARTESIAN_POINT('',(50.580377947486468,104.69561781751032,-0.251055066680538));
#3757=CARTESIAN_POINT('',(50.83712661793183,104.69271051647468,-0.41761423146119));
#3758=CARTESIAN_POINT('',(51.199366097405637,104.6865679658147,-0.769520723086017));
#3759=CARTESIAN_POINT('',(51.370509659133326,104.68226726679933,-1.01590760466315));
#3760=CARTESIAN_POINT('',(51.552095024219334,104.67489415743735,-1.438312757110358));
#3761=CARTESIAN_POINT('',(51.61087112523694,104.67072848128689,-1.676964183935929));
#3762=CARTESIAN_POINT('',(51.623979661938733,104.66691692517195,-1.895328087514113));
#3763=B_SPLINE_CURVE_WITH_KNOTS('',3,(#3753,#3754,#3755,#3756,#3757,#3758,#3759,#3760,#3761,#3762),.UNSPECIFIED.,.F.,.U.,(4,2,2,2,4),(0.299482255753702,0.376505222111252,0.45301922718026,0.528025522810262,0.590971519053983),.UNSPECIFIED.);
#3764=EDGE_CURVE('',#764,#3752,#3763,.T.);
#3765=ORIENTED_EDGE('',*,*,#3764,.T.);
#3766=CARTESIAN_POINT('',(51.696679726830823,104.64580775018649,-3.104671912485885));
#3767=VERTEX_POINT('',#3766);
#3768=CARTESIAN_POINT('',(51.623979661938733,104.66691692517196,-1.895328087514112));
#3769=CARTESIAN_POINT('',(51.660436752076613,104.65631633351107,-2.502635577030699));
#3770=CARTESIAN_POINT('',(51.696679726830837,104.64580775018653,-3.104671912485926));
#3778=(BOUNDED_CURVE()B_SPLINE_CURVE(2,(#3768,#3769,#3770),.UNSPECIFIED.,.F.,.U.)B_SPLINE_CURVE_WITH_KNOTS((3,3),(0.187784683812373,0.308943531424562),.UNSPECIFIED.)CURVE()GEOMETRIC_REPRESENTATION_ITEM()RATIONAL_B_SPLINE_CURVE((1.000051435053526,1.000058079223211,1.000051885441067))REPRESENTATION_ITEM(''));
#3779=EDGE_CURVE('',#3752,#3767,#3778,.T.);
#3780=ORIENTED_EDGE('',*,*,#3779,.T.);
#3781=CARTESIAN_POINT('',(53.830515892216056,104.61272467535869,-5.0));
#3782=VERTEX_POINT('',#3781);
#3783=CARTESIAN_POINT('',(51.696679726830808,104.64580775018653,-3.104671912485886));
#3784=CARTESIAN_POINT('',(51.709742203974194,104.64202030916061,-3.321654263540208));
#3785=CARTESIAN_POINT('',(51.767977273979511,104.6378819489267,-3.558740762555461));
#3786=CARTESIAN_POINT('',(51.948572850596754,104.63054646464789,-3.978990375431945));
#3787=CARTESIAN_POINT('',(52.119404028478712,104.62626744263093,-4.224135382598556));
#3788=CARTESIAN_POINT('',(52.48450188864885,104.62011191990752,-4.576785043240387));
#3789=CARTESIAN_POINT('',(52.746090425864274,104.61719777457944,-4.743736317272989));
#3790=CARTESIAN_POINT('',(53.238504472023308,104.61376634323896,-4.940322887107393));
#3791=CARTESIAN_POINT('',(53.558914434296732,104.61272467535869,-4.999999999999998));
#3792=CARTESIAN_POINT('',(53.830515892216056,104.61272467535869,-4.999999999999998));
#3793=B_SPLINE_CURVE_WITH_KNOTS('',3,(#3783,#3784,#3785,#3786,#3787,#3788,#3789,#3790,#3791,#3792),.UNSPECIFIED.,.F.,.U.,(4,2,2,2,4),(0.010243005367472,0.072777052174842,0.147483843994879,0.225068387778826,0.306548825154625),.UNSPECIFIED.);
#3794=EDGE_CURVE('',#3782,#3767,#3793,.F.);
#3795=ORIENTED_EDGE('',*,*,#3794,.F.);
#3796=CARTESIAN_POINT('',(57.977518575601252,104.61272467535869,-5.0));
#3797=VERTEX_POINT('',#3796);
#3798=CARTESIAN_POINT('',(53.830515892216056,104.61272467535869,-5.0));
#3799=DIRECTION('',(1.0,0.0,0.0));
#3800=VECTOR('',#3799,4.147002683385232);
#3801=LINE('',#3798,#3800);
#3802=EDGE_CURVE('',#3782,#3797,#3801,.T.);
#3803=ORIENTED_EDGE('',*,*,#3802,.T.);
#3804=CARTESIAN_POINT('',(62.022481424398748,104.61272467535869,-5.0));
#3805=VERTEX_POINT('',#3804);
#3806=CARTESIAN_POINT('',(57.977518575601287,104.61272467535869,-5.000000000000009));
#3807=CARTESIAN_POINT('',(60.0,104.59992293126989,-5.733411427654021));
#3808=CARTESIAN_POINT('',(62.022481424398713,104.61272467535869,-5.000000000000007));
#3816=(BOUNDED_CURVE()B_SPLINE_CURVE(2,(#3806,#3807,#3808),.UNSPECIFIED.,.F.,.U.)B_SPLINE_CURVE_WITH_KNOTS((3,3),(0.0,0.41264915826413),.UNSPECIFIED.)CURVE()GEOMETRIC_REPRESENTATION_ITEM()RATIONAL_B_SPLINE_CURVE((1.0,1.254114470562453,1.0))REPRESENTATION_ITEM(''));
#3817=EDGE_CURVE('',#3797,#3805,#3816,.T.);
#3818=ORIENTED_EDGE('',*,*,#3817,.T.);
#3819=CARTESIAN_POINT('',(66.169484107783944,104.61272467535869,-5.0));
#3820=VERTEX_POINT('',#3819);
#3821=CARTESIAN_POINT('',(62.022481424398713,104.61272467535868,-5.0));
#3822=DIRECTION('',(1.0,0.0,0.0));
#3823=VECTOR('',#3822,4.147002683385232);
#3824=LINE('',#3821,#3823);
#3825=EDGE_CURVE('',#3805,#3820,#3824,.T.);
#3826=ORIENTED_EDGE('',*,*,#3825,.T.);
#3827=CARTESIAN_POINT('',(68.303320273169163,104.64580775018649,-3.104671912485885));
#3828=VERTEX_POINT('',#3827);
#3829=CARTESIAN_POINT('',(66.169484107783944,104.61272467535869,-4.999999999999998));
#3830=CARTESIAN_POINT('',(66.441085565703276,104.61272467535869,-4.999999999999998));
#3831=CARTESIAN_POINT('',(66.761495527976692,104.61376634323896,-4.940322887107394));
#3832=CARTESIAN_POINT('',(67.253909574135719,104.61719777457944,-4.743736317272989));
#3833=CARTESIAN_POINT('',(67.51549811135115,104.62011191990752,-4.576785043240387));
#3834=CARTESIAN_POINT('',(67.880595971521288,104.62626744263093,-4.224135382598556));
#3835=CARTESIAN_POINT('',(68.051427149403253,104.63054646464785,-3.978990375431945));
#3836=CARTESIAN_POINT('',(68.232022726019835,104.63788194892663,-3.558740762556978));
#3837=CARTESIAN_POINT('',(68.290257796024974,104.64202030916053,-3.321654263543974));
#3838=CARTESIAN_POINT('',(68.303320273168865,104.64580775018644,-3.104671912491041));
#3839=B_SPLINE_CURVE_WITH_KNOTS('',3,(#3829,#3830,#3831,#3832,#3833,#3834,#3835,#3836,#3837,#3838),.UNSPECIFIED.,.F.,.U.,(4,2,2,2,4),(0.932475558242982,1.013955995618782,1.091540539402728,1.166247331222765,1.22878137802964),.UNSPECIFIED.);
#3840=EDGE_CURVE('',#3828,#3820,#3839,.F.);
#3841=ORIENTED_EDGE('',*,*,#3840,.F.);
#3842=CARTESIAN_POINT('',(68.376020338061267,104.66691692517189,-1.895328087514112));
#3843=VERTEX_POINT('',#3842);
#3844=CARTESIAN_POINT('',(68.303320273169149,104.64580775018648,-3.104671912485925));
#3845=CARTESIAN_POINT('',(68.339563247923408,104.656316333511,-2.5026355770301));
#3846=CARTESIAN_POINT('',(68.376020338061267,104.66691692517189,-1.895328087514112));
#3854=(BOUNDED_CURVE()B_SPLINE_CURVE(2,(#3844,#3845,#3846),.UNSPECIFIED.,.F.,.U.)B_SPLINE_CURVE_WITH_KNOTS((3,3),(0.192035239994764,0.313194087603751),.UNSPECIFIED.)CURVE()GEOMETRIC_REPRESENTATION_ITEM()RATIONAL_B_SPLINE_CURVE((1.000051885414471,1.00005807919344,1.000051435027161))REPRESENTATION_ITEM(''));
#3855=EDGE_CURVE('',#3828,#3843,#3854,.T.);
#3856=ORIENTED_EDGE('',*,*,#3855,.T.);
#3857=CARTESIAN_POINT('',(68.376020338061267,104.66691692517193,-1.895328087514112));
#3858=CARTESIAN_POINT('',(68.38912887476306,104.67072848128687,-1.676964183935928));
#3859=CARTESIAN_POINT('',(68.447904975780659,104.67489415743729,-1.438312757110358));
#3860=CARTESIAN_POINT('',(68.629490340866667,104.6822672667993,-1.01590760466315));
#3861=CARTESIAN_POINT('',(68.800633902594356,104.68656796581469,-0.769520723086016));
#3862=CARTESIAN_POINT('',(69.16287338206817,104.69271051647465,-0.417614231461191));
#3863=CARTESIAN_POINT('',(69.419622052513532,104.69561781751028,-0.251055066680538));
#3864=CARTESIAN_POINT('',(69.894004386750865,104.69896987498524,-0.059015822556967));
#3865=CARTESIAN_POINT('',(70.19638935508533,104.69999999999978,3.231104E-016));
#3866=CARTESIAN_POINT('',(70.45313257627717,104.69999999999978,2.233456E-016));
#3867=B_SPLINE_CURVE_WITH_KNOTS('',3,(#3857,#3858,#3859,#3860,#3861,#3862,#3863,#3864,#3865,#3866),.UNSPECIFIED.,.F.,.U.,(4,2,2,2,4),(0.611674060844203,0.674620057087924,0.749626352717927,0.826140357786934,0.903163324144484),.UNSPECIFIED.);
#3868=EDGE_CURVE('',#3843,#756,#3867,.T.);
#3869=ORIENTED_EDGE('',*,*,#3868,.T.);
#3870=ORIENTED_EDGE('',*,*,#761,.F.);
#3871=ORIENTED_EDGE('',*,*,#966,.T.);
#3872=ORIENTED_EDGE('',*,*,#935,.T.);
#3873=ORIENTED_EDGE('',*,*,#999,.T.);
#3874=ORIENTED_EDGE('',*,*,#660,.F.);
#3875=ORIENTED_EDGE('',*,*,#3376,.F.);
#3876=ORIENTED_EDGE('',*,*,#2868,.F.);
#3877=CARTESIAN_POINT('',(-99.703807621090291,104.69999999999995,0.0));
#3878=DIRECTION('',(0.017449749160683,-0.017449749160683,-0.999695459881887));
#3879=VECTOR('',#3878,105.46842952891798);
#3880=LINE('',#3877,#3879);
#3881=EDGE_CURVE('',#396,#2854,#3880,.T.);
#3882=ORIENTED_EDGE('',*,*,#3881,.F.);
#3883=ORIENTED_EDGE('',*,*,#401,.F.);
#3884=ORIENTED_EDGE('',*,*,#269,.T.);
#3885=ORIENTED_EDGE('',*,*,#227,.T.);
#3886=EDGE_LOOP('',(#3509,#3510,#3525,#3540,#3555,#3563,#3578,#3586,#3601,#3616,#3629,#3630,#3645,#3660,#3675,#3683,#3698,#3706,#3721,#3736,#3749,#3750,#3765,#3780,#3795,#3803,#3818,#3826,#3841,#3856,#3869,#3870,#3871,#3872,#3873,#3874,#3875,#3876,#3882,#3883,#3884,#3885));
#3887=FACE_OUTER_BOUND('',#3886,.T.);
#3888=ADVANCED_FACE('',(#3887),#3508,.T.);
#3889=CARTESIAN_POINT('',(-99.673448435240175,79.673448435240019,-1.302966431564196));
#3890=DIRECTION('',(0.017449749160683,-0.017449749160683,-0.999695459881888));
#3891=DIRECTION('',(-0.706891438803886,0.706891438803887,-0.024677671923046));
#3892=AXIS2_PLACEMENT_3D('',#3889,#3890,#3891);
#3893=CYLINDRICAL_SURFACE('',#3892,25.0);
#3894=ORIENTED_EDGE('',*,*,#3343,.F.);
#3895=CARTESIAN_POINT('',(-122.85960236034933,77.863409981439389,-105.43631016093209));
#3896=DIRECTION('',(-0.017449749160683,0.017449749160683,0.999695459881887));
#3897=VECTOR('',#3896,105.46842952891798);
#3898=LINE('',#3895,#3897);
#3899=EDGE_CURVE('',#3299,#422,#3898,.T.);
#3900=ORIENTED_EDGE('',*,*,#3899,.T.);
#3901=ORIENTED_EDGE('',*,*,#428,.T.);
#3902=CARTESIAN_POINT('',(-121.9986194149301,90.908923116631684,-1.895328115887261));
#3903=VERTEX_POINT('',#3902);
#3904=CARTESIAN_POINT('',(-122.86816560123617,89.097399256669831,1.153591E-015));
#3905=CARTESIAN_POINT('',(-122.77442450832172,89.328596099252195,4.675825E-016));
#3906=CARTESIAN_POINT('',(-122.6769549707946,89.555908117186803,-0.046604735608002));
#3907=CARTESIAN_POINT('',(-122.48124375834183,89.990188044875325,-0.232218531682415));
#3908=CARTESIAN_POINT('',(-122.38512934722435,90.191487576821174,-0.373737187532947));
#3909=CARTESIAN_POINT('',(-122.21520082309414,90.532014231652113,-0.734329026875326));
#3910=CARTESIAN_POINT('',(-122.14308480231976,90.667983711194069,-0.950564150316173));
#3911=CARTESIAN_POINT('',(-122.04127755629708,90.849521712714704,-1.412849700725691));
#3912=CARTESIAN_POINT('',(-122.00987590038338,90.899253003179638,-1.651809767305501));
#3913=CARTESIAN_POINT('',(-121.99861941623679,90.908923115509168,-1.895328115992235));
#3914=B_SPLINE_CURVE_WITH_KNOTS('',3,(#3904,#3905,#3906,#3907,#3908,#3909,#3910,#3911,#3912,#3913),.UNSPECIFIED.,.F.,.U.,(4,2,2,2,4),(1.577138174538649,1.652035345483053,1.730501013512069,1.809320970481493,1.882600965084392),.UNSPECIFIED.);
#3915=EDGE_CURVE('',#413,#3903,#3914,.T.);
#3916=ORIENTED_EDGE('',*,*,#3915,.T.);
#3917=CARTESIAN_POINT('',(-121.94256606675323,90.956981319383573,-3.104671917060984));
#3918=VERTEX_POINT('',#3917);
#3919=CARTESIAN_POINT('',(-121.94256606696516,90.956981319202228,-3.104671917076021));
#3920=CARTESIAN_POINT('',(-121.96129854939929,90.940952422509739,-2.701621249308553));
#3921=CARTESIAN_POINT('',(-121.97998751453471,90.924929233693888,-2.298403289296253));
#3922=CARTESIAN_POINT('',(-121.99861941623679,90.908923115509168,-1.895328115992236));
#3923=B_SPLINE_CURVE_WITH_KNOTS('',3,(#3919,#3920,#3921,#3922),.UNSPECIFIED.,.F.,.U.,(4,4),(1.139319809607903,1.249472174514931),.UNSPECIFIED.);
#3924=EDGE_CURVE('',#3918,#3903,#3923,.T.);
#3925=ORIENTED_EDGE('',*,*,#3924,.F.);
#3926=CARTESIAN_POINT('',(-120.89795551558679,92.729028293309824,-5.0));
#3927=VERTEX_POINT('',#3926);
#3928=CARTESIAN_POINT('',(-121.94256606696507,90.956981319202299,-3.10467191707803));
#3929=CARTESIAN_POINT('',(-121.93224209242737,90.965815275235599,-3.326803967737618));
#3930=CARTESIAN_POINT('',(-121.90513768790035,91.008058325620624,-3.545473735873734));
#3931=CARTESIAN_POINT('',(-121.81123094438325,91.167547008257401,-3.991390099744923));
#3932=CARTESIAN_POINT('',(-121.7396520836478,91.294174713500453,-4.209258866503408));
#3933=CARTESIAN_POINT('',(-121.55750680147452,91.614840747456498,-4.580517283825056));
#3934=CARTESIAN_POINT('',(-121.44834476352442,91.806179917680439,-4.728875929847706));
#3935=CARTESIAN_POINT('',(-121.19971911711758,92.231518813929867,-4.938365664291048));
#3936=CARTESIAN_POINT('',(-121.06218410663693,92.461787704924419,-4.994388309204));
#3937=CARTESIAN_POINT('',(-120.912573176134,92.705285892915228,-4.999866650236823));
#3938=CARTESIAN_POINT('',(-120.90526680131177,92.717161170331991,-4.999999999999998));
#3939=CARTESIAN_POINT('',(-120.89795551558682,92.729028293309767,-4.999999999999998));
#3940=B_SPLINE_CURVE_WITH_KNOTS('',3,(#3928,#3929,#3930,#3931,#3932,#3933,#3934,#3935,#3936,#3937,#3938,#3939),.UNSPECIFIED.,.F.,.U.,(4,2,2,2,2,4),(0.010488628243314,0.077405423130923,0.155306990873391,0.234310438127475,0.315719475865175,0.319895709510329),.UNSPECIFIED.);
#3941=EDGE_CURVE('',#3927,#3918,#3940,.F.);
#3942=ORIENTED_EDGE('',*,*,#3941,.F.);
#3943=CARTESIAN_POINT('',(-118.54641301265686,95.94139964095389,-5.0));
#3944=VERTEX_POINT('',#3943);
#3945=CARTESIAN_POINT('',(-99.608916474261321,79.608916474261179,-5.0));
#3946=DIRECTION('',(0.0,0.0,-1.0));
#3947=DIRECTION('',(-0.707106781186547,0.707106781186548,0.0));
#3948=AXIS2_PLACEMENT_3D('',#3945,#3946,#3947);
#3949=ELLIPSE('',#3948,25.007615822276222,24.999999999999993);
#3950=EDGE_CURVE('',#3927,#3944,#3949,.T.);
#3951=ORIENTED_EDGE('',*,*,#3950,.T.);
#3952=CARTESIAN_POINT('',(-115.94139964095392,98.546413012656842,-5.0));
#3953=VERTEX_POINT('',#3952);
#3954=CARTESIAN_POINT('',(-115.9413996409539,98.546413012656842,-5.000000000000021));
#3955=CARTESIAN_POINT('',(-116.0333978926999,98.465625530073709,-5.044652592845803));
#3956=CARTESIAN_POINT('',(-116.12529442473857,98.383827061319693,-5.086572125246124));
#3957=CARTESIAN_POINT('',(-116.56777576711545,97.984581679975733,-5.271885348648416));
#3958=CARTESIAN_POINT('',(-116.91975649519645,97.651264557137154,-5.370131956571699));
#3959=CARTESIAN_POINT('',(-117.65126455713715,96.919756495196452,-5.370131956571701));
#3960=CARTESIAN_POINT('',(-117.98458167997575,96.567775767115464,-5.271885348648414));
#3961=CARTESIAN_POINT('',(-118.38382706131974,96.125294424738584,-5.086572125246124));
#3962=CARTESIAN_POINT('',(-118.46562553007374,96.033397892699881,-5.044652592845795));
#3963=CARTESIAN_POINT('',(-118.54641301265687,95.94139964095389,-5.000000000000012));
#3964=B_SPLINE_CURVE_WITH_KNOTS('',3,(#3954,#3955,#3956,#3957,#3958,#3959,#3960,#3961,#3962,#3963),.UNSPECIFIED.,.F.,.U.,(4,2,2,2,4),(2.00123576212936,2.041968310772115,2.197144604099391,2.352320897426667,2.393053446069426),.UNSPECIFIED.);
#3965=EDGE_CURVE('',#3953,#3944,#3964,.T.);
#3966=ORIENTED_EDGE('',*,*,#3965,.F.);
#3967=CARTESIAN_POINT('',(-112.72902829330982,100.89795551558673,-5.0));
#3968=VERTEX_POINT('',#3967);
#3969=CARTESIAN_POINT('',(-99.608916474261321,79.608916474261179,-5.0));
#3970=DIRECTION('',(0.0,0.0,-1.0));
#3971=DIRECTION('',(-0.707106781186547,0.707106781186548,0.0));
#3972=AXIS2_PLACEMENT_3D('',#3969,#3970,#3971);
#3973=ELLIPSE('',#3972,25.007615822276222,24.999999999999993);
#3974=EDGE_CURVE('',#3953,#3968,#3973,.T.);
#3975=ORIENTED_EDGE('',*,*,#3974,.T.);
#3976=CARTESIAN_POINT('',(-110.95698131938366,101.94256606675303,-3.104671917062322));
#3977=VERTEX_POINT('',#3976);
#3978=CARTESIAN_POINT('',(-112.72902829330981,100.89795551558674,-4.999999999999998));
#3979=CARTESIAN_POINT('',(-112.54588455804465,101.01078961866,-5.0));
#3980=CARTESIAN_POINT('',(-112.36242970063319,101.12137791517998,-4.968250627893514));
#3981=CARTESIAN_POINT('',(-111.96252951973648,101.3579202788022,-4.823751913643177));
#3982=CARTESIAN_POINT('',(-111.75448618970607,101.47770685532362,-4.694141646780756));
#3983=CARTESIAN_POINT('',(-111.39912825591692,101.68028439253162,-4.352859170287852));
#3984=CARTESIAN_POINT('',(-111.25410800933288,101.76196011144798,-4.14758675541626));
#3985=CARTESIAN_POINT('',(-111.08415355379934,101.86002039455687,-3.774844104797579));
#3986=CARTESIAN_POINT('',(-111.0351061275221,101.88906016652163,-3.625606372942453));
#3987=CARTESIAN_POINT('',(-110.97714442326328,101.92586657298882,-3.350914778720368));
#3988=CARTESIAN_POINT('',(-110.96189465097905,101.93682400622043,-3.228218882787319));
#3989=CARTESIAN_POINT('',(-110.95698131920236,101.94256606696493,-3.104671917079426));
#3990=B_SPLINE_CURVE_WITH_KNOTS('',3,(#3978,#3979,#3980,#3981,#3982,#3983,#3984,#3985,#3986,#3987,#3988,#3989),.UNSPECIFIED.,.F.,.U.,(4,2,2,2,2,4),(0.972789172269399,1.037441206120581,1.118575823425688,1.19717727524708,1.244937653314939,1.282117920971113),.UNSPECIFIED.);
#3991=EDGE_CURVE('',#3977,#3968,#3990,.F.);
#3992=ORIENTED_EDGE('',*,*,#3991,.F.);
#3993=CARTESIAN_POINT('',(-110.90892311663157,101.99861941493013,-1.895328115886276));
#3994=VERTEX_POINT('',#3993);
#3995=CARTESIAN_POINT('',(-110.9089231155091,101.99861941623675,-1.895328115991246));
#3996=CARTESIAN_POINT('',(-110.92492923341354,101.97998751486094,-2.298403282237352));
#3997=CARTESIAN_POINT('',(-110.94095242223112,101.9612985497248,-2.701621242303233));
#3998=CARTESIAN_POINT('',(-110.95698131920224,101.94256606696501,-3.104671917077365));
#3999=B_SPLINE_CURVE_WITH_KNOTS('',3,(#3995,#3996,#3997,#3998),.UNSPECIFIED.,.F.,.U.,(4,4),(1.146012880854779,1.256165245704606),.UNSPECIFIED.);
#4000=EDGE_CURVE('',#3994,#3977,#3999,.T.);
#4001=ORIENTED_EDGE('',*,*,#4000,.F.);
#4002=CARTESIAN_POINT('',(-110.9089231155091,101.99861941623678,-1.89532811599125));
#4003=CARTESIAN_POINT('',(-110.90085349570474,102.00801284873276,-1.692114293618226));
#4004=CARTESIAN_POINT('',(-110.86485747147323,102.03143936265189,-1.491589111895465));
#4005=CARTESIAN_POINT('',(-110.72163176361634,102.11393385499859,-1.057004433539273));
#4006=CARTESIAN_POINT('',(-110.59899503886425,102.18016325587712,-0.833624153742737));
#4007=CARTESIAN_POINT('',(-110.28074396039358,102.34157591458501,-0.450741385083132));
#4008=CARTESIAN_POINT('',(-110.0873458702622,102.43546004050873,-0.295126055256908));
#4009=CARTESIAN_POINT('',(-109.65457557129324,102.63372040589789,-0.075552923395028));
#4010=CARTESIAN_POINT('',(-109.41943028707259,102.73612863492278,-0.013210664376825));
#4011=CARTESIAN_POINT('',(-109.15098479122389,102.84636929407341,-0.000626056279277));
#4012=CARTESIAN_POINT('',(-109.12419241624841,102.85730204430565,1.621523E-016));
#4013=CARTESIAN_POINT('',(-109.09739925666977,102.8681656012361,1.032108E-030));
#4014=B_SPLINE_CURVE_WITH_KNOTS('',3,(#4002,#4003,#4004,#4005,#4006,#4007,#4008,#4009,#4010,#4011,#4012,#4013),.UNSPECIFIED.,.F.,.U.,(4,2,2,2,2,4),(0.641318369227913,0.702600190526923,0.780808418060198,0.859621120659644,0.938068233586666,0.946758792691581),.UNSPECIFIED.);
#4015=EDGE_CURVE('',#3994,#404,#4014,.T.);
#4016=ORIENTED_EDGE('',*,*,#4015,.T.);
#4017=ORIENTED_EDGE('',*,*,#410,.T.);
#4018=ORIENTED_EDGE('',*,*,#3881,.T.);
#4019=EDGE_LOOP('',(#3894,#3900,#3901,#3916,#3925,#3942,#3951,#3966,#3975,#3992,#4001,#4016,#4017,#4018));
#4020=FACE_OUTER_BOUND('',#4019,.T.);
#4021=ADVANCED_FACE('',(#4020),#3893,.T.);
#4022=CARTESIAN_POINT('',(-124.70000000000012,104.69999999999999,-2.775558E-016));
#4023=DIRECTION('',(-0.999847695156391,-1.526722E-015,-0.017452406437284));
#4024=DIRECTION('',(-0.017452406437284,-2.664903E-017,0.999847695156391));
#4025=AXIS2_PLACEMENT_3D('',#4022,#4023,#4024);
#4026=PLANE('',#4025);
#4027=ORIENTED_EDGE('',*,*,#3321,.F.);
#4028=CARTESIAN_POINT('',(-124.69999999999985,-79.703807621089467,4.440892E-016));
#4029=DIRECTION('',(0.017449749160683,0.017449749160683,-0.999695459881887));
#4030=VECTOR('',#4029,105.46842952891801);
#4031=LINE('',#4028,#4030);
#4032=EDGE_CURVE('',#465,#3309,#4031,.T.);
#4033=ORIENTED_EDGE('',*,*,#4032,.F.);
#4034=ORIENTED_EDGE('',*,*,#470,.F.);
#4035=CARTESIAN_POINT('',(-124.66691692517205,-43.376020338061288,-1.895328087514112));
#4036=VERTEX_POINT('',#4035);
#4037=CARTESIAN_POINT('',(-124.69999999999987,-45.453132576277184,-1.821460E-016));
#4038=CARTESIAN_POINT('',(-124.69999999999987,-45.196389355085351,4.235688E-016));
#4039=CARTESIAN_POINT('',(-124.69896987498537,-44.894004386750872,-0.059015822556967));
#4040=CARTESIAN_POINT('',(-124.69561781751041,-44.419622052513546,-0.251055066680539));
#4041=CARTESIAN_POINT('',(-124.69271051647476,-44.162873382068184,-0.417614231461192));
#4042=CARTESIAN_POINT('',(-124.68656796581482,-43.800633902594377,-0.769520723086016));
#4043=CARTESIAN_POINT('',(-124.68226726679943,-43.629490340866688,-1.01590760466315));
#4044=CARTESIAN_POINT('',(-124.67489415743744,-43.447904975780673,-1.438312757110358));
#4045=CARTESIAN_POINT('',(-124.670728481287,-43.389128874763081,-1.676964183935928));
#4046=CARTESIAN_POINT('',(-124.66691692517205,-43.376020338061281,-1.895328087514112));
#4047=B_SPLINE_CURVE_WITH_KNOTS('',3,(#4037,#4038,#4039,#4040,#4041,#4042,#4043,#4044,#4045,#4046),.UNSPECIFIED.,.F.,.U.,(4,2,2,2,4),(0.299482255753701,0.376505222111252,0.453019227180259,0.528025522810261,0.590971519053982),.UNSPECIFIED.);
#4048=EDGE_CURVE('',#456,#4036,#4047,.T.);
#4049=ORIENTED_EDGE('',*,*,#4048,.T.);
#4050=CARTESIAN_POINT('',(-124.64580775018662,-43.303320273169177,-3.104671912485885));
#4051=VERTEX_POINT('',#4050);
#4052=CARTESIAN_POINT('',(-124.66691692517205,-43.376020338061288,-1.895328087514112));
#4053=CARTESIAN_POINT('',(-124.65631633351117,-43.339563247923529,-2.502635577028575));
#4054=CARTESIAN_POINT('',(-124.64580775018662,-43.303320273169177,-3.104671912485926));
#4062=(BOUNDED_CURVE()B_SPLINE_CURVE(2,(#4052,#4053,#4054),.UNSPECIFIED.,.F.,.U.)B_SPLINE_CURVE_WITH_KNOTS((3,3),(0.187784683814439,0.308943531425863),.UNSPECIFIED.)CURVE()GEOMETRIC_REPRESENTATION_ITEM()RATIONAL_B_SPLINE_CURVE((1.000051435047004,1.000058079215847,1.000051885434488))REPRESENTATION_ITEM(''));
#4063=EDGE_CURVE('',#4036,#4051,#4062,.T.);
#4064=ORIENTED_EDGE('',*,*,#4063,.T.);
#4065=CARTESIAN_POINT('',(-124.61272467535879,-41.169484107783973,-5.0));
#4066=VERTEX_POINT('',#4065);
#4067=CARTESIAN_POINT('',(-124.64580775018662,-43.303320273169199,-3.104671912485886));
#4068=CARTESIAN_POINT('',(-124.6420203091607,-43.290257796025813,-3.321654263540208));
#4069=CARTESIAN_POINT('',(-124.63788194892679,-43.232022726020503,-3.55874076255546));
#4070=CARTESIAN_POINT('',(-124.63054646464798,-43.051427149403267,-3.978990375431943));
#4071=CARTESIAN_POINT('',(-124.62626744263105,-42.880595971521316,-4.224135382598557));
#4072=CARTESIAN_POINT('',(-124.62011191990761,-42.515498111351178,-4.576785043240391));
#4073=CARTESIAN_POINT('',(-124.61719777457955,-42.25390957413574,-4.74373631727299));
#4074=CARTESIAN_POINT('',(-124.61376634323906,-41.76149552797672,-4.940322887107394));
#4075=CARTESIAN_POINT('',(-124.61272467535879,-41.441085565703304,-4.999999999999997));
#4076=CARTESIAN_POINT('',(-124.61272467535879,-41.16948410778398,-4.999999999999998));
#4077=B_SPLINE_CURVE_WITH_KNOTS('',3,(#4067,#4068,#4069,#4070,#4071,#4072,#4073,#4074,#4075,#4076),.UNSPECIFIED.,.F.,.U.,(4,2,2,2,4),(0.010243005367472,0.072777052174842,0.147483843994878,0.225068387778826,0.306548825154624),.UNSPECIFIED.);
#4078=EDGE_CURVE('',#4066,#4051,#4077,.F.);
#4079=ORIENTED_EDGE('',*,*,#4078,.F.);
#4080=CARTESIAN_POINT('',(-124.61272467535881,-37.022481424398904,-5.0));
#4081=VERTEX_POINT('',#4080);
#4082=CARTESIAN_POINT('',(-124.61272467535881,-41.169484107783965,-5.0));
#4083=DIRECTION('',(0.0,1.0,0.0));
#4084=VECTOR('',#4083,4.147002683385054);
#4085=LINE('',#4082,#4084);
#4086=EDGE_CURVE('',#4066,#4081,#4085,.T.);
#4087=ORIENTED_EDGE('',*,*,#4086,.T.);
#4088=CARTESIAN_POINT('',(-124.61272467535881,-32.977518575601088,-5.0));
#4089=VERTEX_POINT('',#4088);
#4090=CARTESIAN_POINT('',(-124.61272467535881,-37.022481424398904,-4.999999999999996));
#4091=CARTESIAN_POINT('',(-124.59992293127002,-34.999999999999993,-5.733411427654148));
#4092=CARTESIAN_POINT('',(-124.61272467535881,-32.977518575601088,-4.999999999999999));
#4100=(BOUNDED_CURVE()B_SPLINE_CURVE(2,(#4090,#4091,#4092),.UNSPECIFIED.,.F.,.U.)B_SPLINE_CURVE_WITH_KNOTS((3,3),(0.0,0.412649158264171),.UNSPECIFIED.)CURVE()GEOMETRIC_REPRESENTATION_ITEM()RATIONAL_B_SPLINE_CURVE((1.0,1.254114470562507,1.0))REPRESENTATION_ITEM(''));
#4101=EDGE_CURVE('',#4081,#4089,#4100,.T.);
#4102=ORIENTED_EDGE('',*,*,#4101,.T.);
#4103=CARTESIAN_POINT('',(-124.61272467535883,-28.830515892215985,-5.0));
#4104=VERTEX_POINT('',#4103);
#4105=CARTESIAN_POINT('',(-124.61272467535882,-32.977518575601088,-5.0));
#4106=DIRECTION('',(0.0,1.0,0.0));
#4107=VECTOR('',#4106,4.147002683385097);
#4108=LINE('',#4105,#4107);
#4109=EDGE_CURVE('',#4089,#4104,#4108,.T.);
#4110=ORIENTED_EDGE('',*,*,#4109,.T.);
#4111=CARTESIAN_POINT('',(-124.64580775018666,-26.696679726830762,-3.104671912485884));
#4112=VERTEX_POINT('',#4111);
#4113=CARTESIAN_POINT('',(-124.61272467535883,-28.830515892215985,-4.999999999999998));
#4114=CARTESIAN_POINT('',(-124.61272467535883,-28.558914434296661,-4.999999999999998));
#4115=CARTESIAN_POINT('',(-124.61376634323911,-28.238504472023244,-4.940322887107394));
#4116=CARTESIAN_POINT('',(-124.61719777457958,-27.746090425864217,-4.743736317272992));
#4117=CARTESIAN_POINT('',(-124.62011191990766,-27.48450188864879,-4.576785043240388));
#4118=CARTESIAN_POINT('',(-124.62626744263108,-27.119404028478652,-4.224135382598558));
#4119=CARTESIAN_POINT('',(-124.63054646464801,-26.948572850596694,-3.978990375431943));
#4120=CARTESIAN_POINT('',(-124.63788194892679,-26.767977273980105,-3.558740762556976));
#4121=CARTESIAN_POINT('',(-124.64202030916067,-26.709742203974962,-3.321654263543973));
#4122=CARTESIAN_POINT('',(-124.64580775018658,-26.696679726831071,-3.10467191249104));
#4123=B_SPLINE_CURVE_WITH_KNOTS('',3,(#4113,#4114,#4115,#4116,#4117,#4118,#4119,#4120,#4121,#4122),.UNSPECIFIED.,.F.,.U.,(4,2,2,2,4),(0.932475558242977,1.013955995618775,1.091540539402722,1.166247331222759,1.228781378029634),.UNSPECIFIED.);
#4124=EDGE_CURVE('',#4112,#4104,#4123,.F.);
#4125=ORIENTED_EDGE('',*,*,#4124,.F.);
#4126=CARTESIAN_POINT('',(-124.66691692517207,-26.623979661938652,-1.895328087514112));
#4127=VERTEX_POINT('',#4126);
#4128=CARTESIAN_POINT('',(-124.64580775018669,-26.696679726830773,-3.104671912485925));
#4129=CARTESIAN_POINT('',(-124.65631633351117,-26.660436752076507,-2.50263557703026));
#4130=CARTESIAN_POINT('',(-124.66691692517207,-26.623979661938652,-1.895328087514111));
#4138=(BOUNDED_CURVE()B_SPLINE_CURVE(2,(#4128,#4129,#4130),.UNSPECIFIED.,.F.,.U.)B_SPLINE_CURVE_WITH_KNOTS((3,3),(0.192035239993111,0.313194087605414),.UNSPECIFIED.)CURVE()GEOMETRIC_REPRESENTATION_ITEM()RATIONAL_B_SPLINE_CURVE((1.000051885441961,1.000058079224212,1.000051435054412))REPRESENTATION_ITEM(''));
#4139=EDGE_CURVE('',#4112,#4127,#4138,.T.);
#4140=ORIENTED_EDGE('',*,*,#4139,.T.);
#4141=CARTESIAN_POINT('',(-124.66691692517207,-26.623979661938677,-1.89532808751411));
#4142=CARTESIAN_POINT('',(-124.67072848128701,-26.610871125236869,-1.676964183935928));
#4143=CARTESIAN_POINT('',(-124.67489415743748,-26.552095024219284,-1.438312757110358));
#4144=CARTESIAN_POINT('',(-124.68226726679946,-26.370509659133276,-1.01590760466315));
#4145=CARTESIAN_POINT('',(-124.68656796581483,-26.199366097405587,-0.769520723086017));
#4146=CARTESIAN_POINT('',(-124.6927105164748,-25.83712661793178,-0.417614231461191));
#4147=CARTESIAN_POINT('',(-124.69561781751045,-25.580377947486422,-0.25105506668054));
#4148=CARTESIAN_POINT('',(-124.69896987498541,-25.105995613249089,-0.059015822556966));
#4149=CARTESIAN_POINT('',(-124.69999999999992,-24.803610644914613,-5.391583E-016));
#4150=CARTESIAN_POINT('',(-124.69999999999992,-24.54686742372278,3.296988E-034));
#4151=B_SPLINE_CURVE_WITH_KNOTS('',3,(#4141,#4142,#4143,#4144,#4145,#4146,#4147,#4148,#4149,#4150),.UNSPECIFIED.,.F.,.U.,(4,2,2,2,4),(0.611674060844202,0.674620057087923,0.749626352717925,0.826140357786932,0.903163324144483),.UNSPECIFIED.);
#4152=EDGE_CURVE('',#4127,#448,#4151,.T.);
#4153=ORIENTED_EDGE('',*,*,#4152,.T.);
#4154=ORIENTED_EDGE('',*,*,#453,.F.);
#4155=CARTESIAN_POINT('',(-124.66691692517217,26.623979661938719,-1.895328087514112));
#4156=VERTEX_POINT('',#4155);
#4157=CARTESIAN_POINT('',(-124.69999999999999,24.546867423722794,2.320193E-016));
#4158=CARTESIAN_POINT('',(-124.69999999999999,24.803610644914627,5.954481E-016));
#4159=CARTESIAN_POINT('',(-124.69896987498547,25.105995613249092,-0.059015822556966));
#4160=CARTESIAN_POINT('',(-124.69561781751052,25.580377947486422,-0.251055066680536));
#4161=CARTESIAN_POINT('',(-124.69271051647488,25.837126617931784,-0.417614231461189));
#4162=CARTESIAN_POINT('',(-124.68656796581492,26.199366097405591,-0.769520723086016));
#4163=CARTESIAN_POINT('',(-124.68226726679953,26.37050965913328,-1.015907604663151));
#4164=CARTESIAN_POINT('',(-124.67489415743755,26.552095024219287,-1.43831275711036));
#4165=CARTESIAN_POINT('',(-124.6707284812871,26.610871125236876,-1.676964183935931));
#4166=CARTESIAN_POINT('',(-124.66691692517216,26.62397966193868,-1.895328087514114));
#4167=B_SPLINE_CURVE_WITH_KNOTS('',3,(#4157,#4158,#4159,#4160,#4161,#4162,#4163,#4164,#4165,#4166),.UNSPECIFIED.,.F.,.U.,(4,2,2,2,4),(0.299482255753701,0.376505222111251,0.453019227180258,0.52802552281026,0.590971519053981),.UNSPECIFIED.);
#4168=EDGE_CURVE('',#439,#4156,#4167,.T.);
#4169=ORIENTED_EDGE('',*,*,#4168,.T.);
#4170=CARTESIAN_POINT('',(-124.64580775018675,26.69667972683073,-3.104671912485885));
#4171=VERTEX_POINT('',#4170);
#4172=CARTESIAN_POINT('',(-124.66691692517217,26.623979661938719,-1.895328087514112));
#4173=CARTESIAN_POINT('',(-124.65631633351011,26.660436752080599,-2.502635577097898));
#4174=CARTESIAN_POINT('',(-124.64580775018673,26.69667972683073,-3.104671912485926));
#4182=(BOUNDED_CURVE()B_SPLINE_CURVE(2,(#4172,#4173,#4174),.UNSPECIFIED.,.F.,.U.)B_SPLINE_CURVE_WITH_KNOTS((3,3),(0.187784683759729,0.308943531368599),.UNSPECIFIED.)CURVE()GEOMETRIC_REPRESENTATION_ITEM()RATIONAL_B_SPLINE_CURVE((1.000051435034027,1.0000580792012,1.000051885421409))REPRESENTATION_ITEM(''));
#4183=EDGE_CURVE('',#4156,#4171,#4182,.T.);
#4184=ORIENTED_EDGE('',*,*,#4183,.T.);
#4185=CARTESIAN_POINT('',(-124.6127246753589,28.830515892215974,-5.0));
#4186=VERTEX_POINT('',#4185);
#4187=CARTESIAN_POINT('',(-124.64580775018673,26.696679726830762,-3.104671912485883));
#4188=CARTESIAN_POINT('',(-124.64202030916081,26.709742203974148,-3.321654263540204));
#4189=CARTESIAN_POINT('',(-124.63788194892687,26.767977273979451,-3.558740762555461));
#4190=CARTESIAN_POINT('',(-124.63054646464809,26.948572850596694,-3.978990375431948));
#4191=CARTESIAN_POINT('',(-124.62626744263116,27.119404028478655,-4.224135382598559));
#4192=CARTESIAN_POINT('',(-124.62011191990771,27.484501888648794,-4.576785043240389));
#4193=CARTESIAN_POINT('',(-124.61719777457965,27.746090425864217,-4.743736317272992));
#4194=CARTESIAN_POINT('',(-124.61376634323918,28.238504472023237,-4.940322887107395));
#4195=CARTESIAN_POINT('',(-124.6127246753589,28.558914434296653,-4.999999999999998));
#4196=CARTESIAN_POINT('',(-124.6127246753589,28.830515892215978,-4.999999999999998));
#4197=B_SPLINE_CURVE_WITH_KNOTS('',3,(#4187,#4188,#4189,#4190,#4191,#4192,#4193,#4194,#4195,#4196),.UNSPECIFIED.,.F.,.U.,(4,2,2,2,4),(0.010243005367472,0.072777052174842,0.147483843994879,0.225068387778825,0.306548825154623),.UNSPECIFIED.);
#4198=EDGE_CURVE('',#4186,#4171,#4197,.F.);
#4199=ORIENTED_EDGE('',*,*,#4198,.F.);
#4200=CARTESIAN_POINT('',(-124.61272467535892,32.977518575600953,-5.0));
#4201=VERTEX_POINT('',#4200);
#4202=CARTESIAN_POINT('',(-124.61272467535892,28.830515892215971,-5.0));
#4203=DIRECTION('',(0.0,1.0,0.0));
#4204=VECTOR('',#4203,4.147002683385026);
#4205=LINE('',#4202,#4204);
#4206=EDGE_CURVE('',#4186,#4201,#4205,.T.);
#4207=ORIENTED_EDGE('',*,*,#4206,.T.);
#4208=CARTESIAN_POINT('',(-124.61272467535892,37.022481424399061,-5.0));
#4209=VERTEX_POINT('',#4208);
#4210=CARTESIAN_POINT('',(-124.61272467535892,32.977518575600989,-4.999999999999996));
#4211=CARTESIAN_POINT('',(-124.59992293127013,35.000000000000014,-5.733411427654236));
#4212=CARTESIAN_POINT('',(-124.61272467535892,37.022481424399039,-5.0));
#4220=(BOUNDED_CURVE()B_SPLINE_CURVE(2,(#4210,#4211,#4212),.UNSPECIFIED.,.F.,.U.)B_SPLINE_CURVE_WITH_KNOTS((3,3),(0.0,0.412649158264196),.UNSPECIFIED.)CURVE()GEOMETRIC_REPRESENTATION_ITEM()RATIONAL_B_SPLINE_CURVE((1.0,1.254114470562606,1.0))REPRESENTATION_ITEM(''));
#4221=EDGE_CURVE('',#4201,#4209,#4220,.T.);
#4222=ORIENTED_EDGE('',*,*,#4221,.T.);
#4223=CARTESIAN_POINT('',(-124.61272467535893,41.169484107784072,-5.0));
#4224=VERTEX_POINT('',#4223);
#4225=CARTESIAN_POINT('',(-124.61272467535892,37.022481424399039,-5.0));
#4226=DIRECTION('',(0.0,1.0,0.0));
#4227=VECTOR('',#4226,4.14700268338504);
#4228=LINE('',#4225,#4227);
#4229=EDGE_CURVE('',#4209,#4224,#4228,.T.);
#4230=ORIENTED_EDGE('',*,*,#4229,.T.);
#4231=CARTESIAN_POINT('',(-124.64580775018678,43.30332027316922,-3.104671912485886));
#4232=VERTEX_POINT('',#4231);
#4233=CARTESIAN_POINT('',(-124.61272467535893,41.169484107784072,-4.999999999999999));
#4234=CARTESIAN_POINT('',(-124.61272467535893,41.441085565703403,-4.999999999999999));
#4235=CARTESIAN_POINT('',(-124.61376634323921,41.761495527976813,-4.940322887107394));
#4236=CARTESIAN_POINT('',(-124.61719777457969,42.253909574135832,-4.743736317272992));
#4237=CARTESIAN_POINT('',(-124.62011191990776,42.515498111351249,-4.576785043240389));
#4238=CARTESIAN_POINT('',(-124.62626744263119,42.880595971521387,-4.22413538259856));
#4239=CARTESIAN_POINT('',(-124.63054646464812,43.051427149403345,-3.978990375431948));
#4240=CARTESIAN_POINT('',(-124.63788194892692,43.232022726019935,-3.55874076255698));
#4241=CARTESIAN_POINT('',(-124.64202030916077,43.290257796025074,-3.321654263543978));
#4242=CARTESIAN_POINT('',(-124.64580775018668,43.303320273168964,-3.104671912491045));
#4243=B_SPLINE_CURVE_WITH_KNOTS('',3,(#4233,#4234,#4235,#4236,#4237,#4238,#4239,#4240,#4241,#4242),.UNSPECIFIED.,.F.,.U.,(4,2,2,2,4),(0.932475558242971,1.013955995618769,1.091540539402715,1.166247331222752,1.228781378029626),.UNSPECIFIED.);
#4244=EDGE_CURVE('',#4232,#4224,#4243,.F.);
#4245=ORIENTED_EDGE('',*,*,#4244,.F.);
#4246=CARTESIAN_POINT('',(-124.66691692517217,43.376020338061423,-1.895328087514113));
#4247=VERTEX_POINT('',#4246);
#4248=CARTESIAN_POINT('',(-124.64580775018676,43.303320273169234,-3.104671912485927));
#4249=CARTESIAN_POINT('',(-124.65631633351238,43.339563247927316,-2.502635576967218));
#4250=CARTESIAN_POINT('',(-124.66691692517217,43.376020338061423,-1.895328087514113));
#4258=(BOUNDED_CURVE()B_SPLINE_CURVE(2,(#4248,#4249,#4250),.UNSPECIFIED.,.F.,.U.)B_SPLINE_CURVE_WITH_KNOTS((3,3),(0.192035239942612,0.313194087554298),.UNSPECIFIED.)CURVE()GEOMETRIC_REPRESENTATION_ITEM()RATIONAL_B_SPLINE_CURVE((1.000051885429497,1.000058079210266,1.000051435042067))REPRESENTATION_ITEM(''));
#4259=EDGE_CURVE('',#4232,#4247,#4258,.T.);
#4260=ORIENTED_EDGE('',*,*,#4259,.T.);
#4261=CARTESIAN_POINT('',(-124.66691692517217,43.376020338061359,-1.89532808751411));
#4262=CARTESIAN_POINT('',(-124.67072848128711,43.389128874763159,-1.676964183935928));
#4263=CARTESIAN_POINT('',(-124.67489415743758,43.447904975780759,-1.438312757110359));
#4264=CARTESIAN_POINT('',(-124.68226726679957,43.629490340866766,-1.015907604663151));
#4265=CARTESIAN_POINT('',(-124.68656796581493,43.800633902594456,-0.769520723086016));
#4266=CARTESIAN_POINT('',(-124.6927105164749,44.16287338206827,-0.417614231461191));
#4267=CARTESIAN_POINT('',(-124.69561781751055,44.419622052513631,-0.251055066680536));
#4268=CARTESIAN_POINT('',(-124.69896987498551,44.89400438675095,-0.059015822556965));
#4269=CARTESIAN_POINT('',(-124.70000000000002,45.196389355085415,7.601030E-016));
#4270=CARTESIAN_POINT('',(-124.70000000000002,45.453132576277248,3.361027E-016));
#4271=B_SPLINE_CURVE_WITH_KNOTS('',3,(#4261,#4262,#4263,#4264,#4265,#4266,#4267,#4268,#4269,#4270),.UNSPECIFIED.,.F.,.U.,(4,2,2,2,4),(0.611674060844202,0.674620057087922,0.749626352717925,0.826140357786932,0.903163324144481),.UNSPECIFIED.);
#4272=EDGE_CURVE('',#4247,#431,#4271,.T.);
#4273=ORIENTED_EDGE('',*,*,#4272,.T.);
#4274=ORIENTED_EDGE('',*,*,#436,.F.);
#4275=ORIENTED_EDGE('',*,*,#3899,.F.);
#4276=EDGE_LOOP('',(#4027,#4033,#4034,#4049,#4064,#4079,#4087,#4102,#4110,#4125,#4140,#4153,#4154,#4169,#4184,#4199,#4207,#4222,#4230,#4245,#4260,#4273,#4274,#4275));
#4277=FACE_OUTER_BOUND('',#4276,.T.);
#4278=ADVANCED_FACE('',(#4277),#4026,.T.);
#4279=CARTESIAN_POINT('',(-79.999999999999986,-60.0,-113.73860791593962));
#4280=DIRECTION('',(0.0,0.0,1.0));
#4281=DIRECTION('',(1.0,0.0,0.0));
#4282=AXIS2_PLACEMENT_3D('',#4279,#4280,#4281);
#4283=CONICAL_SURFACE('',#4282,1.22925,59.000000000000007);
#4284=CARTESIAN_POINT('',(-77.541499999999985,-60.0,-113.0));
#4285=VERTEX_POINT('',#4284);
#4286=CARTESIAN_POINT('',(-79.999999999999986,-60.0,-113.0));
#4287=DIRECTION('',(0.0,0.0,1.0));
#4288=DIRECTION('',(1.0,0.0,0.0));
#4289=AXIS2_PLACEMENT_3D('',#4286,#4287,#4288);
#4290=CIRCLE('',#4289,2.4585);
#4291=EDGE_CURVE('',#4285,#4285,#4290,.T.);
#4292=ORIENTED_EDGE('',*,*,#4291,.T.);
#4293=EDGE_LOOP('',(#4292));
#4294=FACE_OUTER_BOUND('',#4293,.T.);
#4295=ADVANCED_FACE('',(#4294),#4283,.F.);
#4296=CARTESIAN_POINT('',(-79.999999999999986,-60.0,-109.0));
#4297=DIRECTION('',(0.0,0.0,1.0));
#4298=DIRECTION('',(1.0,0.0,0.0));
#4299=AXIS2_PLACEMENT_3D('',#4296,#4297,#4298);
#4300=CYLINDRICAL_SURFACE('',#4299,2.4585);
#4301=CARTESIAN_POINT('',(-77.541499999999985,-60.0,-105.0));
#4302=VERTEX_POINT('',#4301);
#4303=CARTESIAN_POINT('',(-79.999999999999986,-60.0,-105.0));
#4304=DIRECTION('',(0.0,0.0,-1.0));
#4305=DIRECTION('',(1.0,0.0,0.0));
#4306=AXIS2_PLACEMENT_3D('',#4303,#4304,#4305);
#4307=CIRCLE('',#4306,2.4585);
#4308=EDGE_CURVE('',#4302,#4302,#4307,.T.);
#4309=ORIENTED_EDGE('',*,*,#4308,.F.);
#4310=EDGE_LOOP('',(#4309));
#4311=FACE_OUTER_BOUND('',#4310,.T.);
#4312=ORIENTED_EDGE('',*,*,#4291,.F.);
#4313=EDGE_LOOP('',(#4312));
#4314=FACE_BOUND('',#4313,.T.);
#4315=ADVANCED_FACE('',(#4311,#4314),#4300,.F.);
#4316=CARTESIAN_POINT('',(79.999999999999986,-60.0,-113.73860791593962));
#4317=DIRECTION('',(0.0,0.0,1.0));
#4318=DIRECTION('',(1.0,0.0,0.0));
#4319=AXIS2_PLACEMENT_3D('',#4316,#4317,#4318);
#4320=CONICAL_SURFACE('',#4319,1.22925,59.000000000000007);
#4321=CARTESIAN_POINT('',(82.458499999999987,-60.0,-113.0));
#4322=VERTEX_POINT('',#4321);
#4323=CARTESIAN_POINT('',(79.999999999999986,-60.0,-113.0));
#4324=DIRECTION('',(0.0,0.0,1.0));
#4325=DIRECTION('',(1.0,0.0,0.0));
#4326=AXIS2_PLACEMENT_3D('',#4323,#4324,#4325);
#4327=CIRCLE('',#4326,2.4585);
#4328=EDGE_CURVE('',#4322,#4322,#4327,.T.);
#4329=ORIENTED_EDGE('',*,*,#4328,.T.);
#4330=EDGE_LOOP('',(#4329));
#4331=FACE_OUTER_BOUND('',#4330,.T.);
#4332=ADVANCED_FACE('',(#4331),#4320,.F.);
#4333=CARTESIAN_POINT('',(79.999999999999986,-60.0,-109.0));
#4334=DIRECTION('',(0.0,0.0,1.0));
#4335=DIRECTION('',(1.0,0.0,0.0));
#4336=AXIS2_PLACEMENT_3D('',#4333,#4334,#4335);
#4337=CYLINDRICAL_SURFACE('',#4336,2.4585);
#4338=CARTESIAN_POINT('',(82.458499999999987,-60.0,-105.0));
#4339=VERTEX_POINT('',#4338);
#4340=CARTESIAN_POINT('',(79.999999999999986,-60.0,-105.0));
#4341=DIRECTION('',(0.0,0.0,-1.0));
#4342=DIRECTION('',(1.0,0.0,0.0));
#4343=AXIS2_PLACEMENT_3D('',#4340,#4341,#4342);
#4344=CIRCLE('',#4343,2.4585);
#4345=EDGE_CURVE('',#4339,#4339,#4344,.T.);
#4346=ORIENTED_EDGE('',*,*,#4345,.F.);
#4347=EDGE_LOOP('',(#4346));
#4348=FACE_OUTER_BOUND('',#4347,.T.);
#4349=ORIENTED_EDGE('',*,*,#4328,.F.);
#4350=EDGE_LOOP('',(#4349));
#4351=FACE_BOUND('',#4350,.T.);
#4352=ADVANCED_FACE('',(#4348,#4351),#4337,.F.);
#4353=CARTESIAN_POINT('',(79.999999999999986,60.0,-113.73860791593962));
#4354=DIRECTION('',(0.0,0.0,1.0));
#4355=DIRECTION('',(1.0,0.0,0.0));
#4356=AXIS2_PLACEMENT_3D('',#4353,#4354,#4355);
#4357=CONICAL_SURFACE('',#4356,1.22925,59.000000000000007);
#4358=CARTESIAN_POINT('',(82.458499999999987,60.0,-113.0));
#4359=VERTEX_POINT('',#4358);
#4360=CARTESIAN_POINT('',(79.999999999999986,60.0,-113.0));
#4361=DIRECTION('',(0.0,0.0,1.0));
#4362=DIRECTION('',(1.0,0.0,0.0));
#4363=AXIS2_PLACEMENT_3D('',#4360,#4361,#4362);
#4364=CIRCLE('',#4363,2.4585);
#4365=EDGE_CURVE('',#4359,#4359,#4364,.T.);
#4366=ORIENTED_EDGE('',*,*,#4365,.T.);
#4367=EDGE_LOOP('',(#4366));
#4368=FACE_OUTER_BOUND('',#4367,.T.);
#4369=ADVANCED_FACE('',(#4368),#4357,.F.);
#4370=CARTESIAN_POINT('',(79.999999999999986,60.0,-109.0));
#4371=DIRECTION('',(0.0,0.0,1.0));
#4372=DIRECTION('',(1.0,0.0,0.0));
#4373=AXIS2_PLACEMENT_3D('',#4370,#4371,#4372);
#4374=CYLINDRICAL_SURFACE('',#4373,2.4585);
#4375=CARTESIAN_POINT('',(82.458499999999987,60.0,-105.0));
#4376=VERTEX_POINT('',#4375);
#4377=CARTESIAN_POINT('',(79.999999999999986,60.0,-105.0));
#4378=DIRECTION('',(0.0,0.0,-1.0));
#4379=DIRECTION('',(1.0,0.0,0.0));
#4380=AXIS2_PLACEMENT_3D('',#4377,#4378,#4379);
#4381=CIRCLE('',#4380,2.4585);
#4382=EDGE_CURVE('',#4376,#4376,#4381,.T.);
#4383=ORIENTED_EDGE('',*,*,#4382,.F.);
#4384=EDGE_LOOP('',(#4383));
#4385=FACE_OUTER_BOUND('',#4384,.T.);
#4386=ORIENTED_EDGE('',*,*,#4365,.F.);
#4387=EDGE_LOOP('',(#4386));
#4388=FACE_BOUND('',#4387,.T.);
#4389=ADVANCED_FACE('',(#4385,#4388),#4374,.F.);
#4390=CARTESIAN_POINT('',(-80.000000000000014,59.999999999999986,-113.73860791593962));
#4391=DIRECTION('',(0.0,0.0,1.0));
#4392=DIRECTION('',(1.0,0.0,0.0));
#4393=AXIS2_PLACEMENT_3D('',#4390,#4391,#4392);
#4394=CONICAL_SURFACE('',#4393,1.22925,59.000000000000007);
#4395=CARTESIAN_POINT('',(-77.541500000000013,59.999999999999986,-113.0));
#4396=VERTEX_POINT('',#4395);
#4397=CARTESIAN_POINT('',(-80.000000000000014,59.999999999999986,-113.0));
#4398=DIRECTION('',(0.0,0.0,1.0));
#4399=DIRECTION('',(1.0,0.0,0.0));
#4400=AXIS2_PLACEMENT_3D('',#4397,#4398,#4399);
#4401=CIRCLE('',#4400,2.4585);
#4402=EDGE_CURVE('',#4396,#4396,#4401,.T.);
#4403=ORIENTED_EDGE('',*,*,#4402,.T.);
#4404=EDGE_LOOP('',(#4403));
#4405=FACE_OUTER_BOUND('',#4404,.T.);
#4406=ADVANCED_FACE('',(#4405),#4394,.F.);
#4407=CARTESIAN_POINT('',(-80.000000000000014,59.999999999999986,-109.0));
#4408=DIRECTION('',(0.0,0.0,1.0));
#4409=DIRECTION('',(1.0,0.0,0.0));
#4410=AXIS2_PLACEMENT_3D('',#4407,#4408,#4409);
#4411=CYLINDRICAL_SURFACE('',#4410,2.4585);
#4412=CARTESIAN_POINT('',(-77.541500000000013,59.999999999999986,-105.0));
#4413=VERTEX_POINT('',#4412);
#4414=CARTESIAN_POINT('',(-80.000000000000014,59.999999999999986,-105.0));
#4415=DIRECTION('',(0.0,0.0,-1.0));
#4416=DIRECTION('',(1.0,0.0,0.0));
#4417=AXIS2_PLACEMENT_3D('',#4414,#4415,#4416);
#4418=CIRCLE('',#4417,2.4585);
#4419=EDGE_CURVE('',#4413,#4413,#4418,.T.);
#4420=ORIENTED_EDGE('',*,*,#4419,.F.);
#4421=EDGE_LOOP('',(#4420));
#4422=FACE_OUTER_BOUND('',#4421,.T.);
#4423=ORIENTED_EDGE('',*,*,#4402,.F.);
#4424=EDGE_LOOP('',(#4423));
#4425=FACE_BOUND('',#4424,.T.);
#4426=ADVANCED_FACE('',(#4422,#4425),#4411,.F.);
#4427=CARTESIAN_POINT('',(-79.999999999999986,-60.0,-107.0));
#4428=DIRECTION('',(0.0,0.0,-1.0));
#4429=DIRECTION('',(-1.0,0.0,0.0));
#4430=AXIS2_PLACEMENT_3D('',#4427,#4428,#4429);
#4431=TOROIDAL_SURFACE('',#4430,7.292451016705913,2.0);
#4432=CARTESIAN_POINT('',(-72.707548983294075,-60.0,-105.0));
#4433=VERTEX_POINT('',#4432);
#4434=CARTESIAN_POINT('',(-79.999999999999986,-60.0,-105.0));
#4435=DIRECTION('',(0.0,0.0,-1.0));
#4436=DIRECTION('',(-1.0,0.0,0.0));
#4437=AXIS2_PLACEMENT_3D('',#4434,#4435,#4436);
#4438=CIRCLE('',#4437,7.292451016705913);
#4439=EDGE_CURVE('',#4433,#4433,#4438,.T.);
#4440=ORIENTED_EDGE('',*,*,#4439,.T.);
#4441=EDGE_LOOP('',(#4440));
#4442=FACE_OUTER_BOUND('',#4441,.T.);
#4443=CARTESIAN_POINT('',(-70.715159587110591,-60.0,-106.82568851450468));
#4444=VERTEX_POINT('',#4443);
#4445=CARTESIAN_POINT('',(-79.999999999999986,-60.0,-106.82568851450468));
#4446=DIRECTION('',(0.0,0.0,1.0));
#4447=DIRECTION('',(-1.0,0.0,0.0));
#4448=AXIS2_PLACEMENT_3D('',#4445,#4446,#4447);
#4449=CIRCLE('',#4448,9.284840412889404);
#4450=EDGE_CURVE('',#4444,#4444,#4449,.T.);
#4451=ORIENTED_EDGE('',*,*,#4450,.T.);
#4452=EDGE_LOOP('',(#4451));
#4453=FACE_BOUND('',#4452,.T.);
#4454=ADVANCED_FACE('',(#4442,#4453),#4431,.T.);
#4455=CARTESIAN_POINT('',(-79.999999999999986,-60.0,-115.0));
#4456=DIRECTION('',(0.0,0.0,-1.0));
#4457=DIRECTION('',(-1.0,0.0,0.0));
#4458=AXIS2_PLACEMENT_3D('',#4455,#4456,#4457);
#4459=CONICAL_SURFACE('',#4458,10.0,5.0);
#4460=CARTESIAN_POINT('',(-70.159727048148639,-60.0,-113.17431148549532));
#4461=VERTEX_POINT('',#4460);
#4462=CARTESIAN_POINT('',(-80.0,-60.0,-113.17431148549532));
#4463=DIRECTION('',(0.0,0.0,-1.0));
#4464=DIRECTION('',(-1.0,0.0,0.0));
#4465=AXIS2_PLACEMENT_3D('',#4462,#4463,#4464);
#4466=CIRCLE('',#4465,9.840272951851361);
#4467=EDGE_CURVE('',#4461,#4461,#4466,.T.);
#4468=ORIENTED_EDGE('',*,*,#4467,.F.);
#4469=EDGE_LOOP('',(#4468));
#4470=FACE_OUTER_BOUND('',#4469,.T.);
#4471=ORIENTED_EDGE('',*,*,#4450,.F.);
#4472=EDGE_LOOP('',(#4471));
#4473=FACE_BOUND('',#4472,.T.);
#4474=ADVANCED_FACE('',(#4470,#4473),#4459,.T.);
#4475=CARTESIAN_POINT('',(-79.999999999999986,-60.0,-105.0));
#4476=DIRECTION('',(0.0,0.0,-1.0));
#4477=DIRECTION('',(-1.0,0.0,0.0));
#4478=AXIS2_PLACEMENT_3D('',#4475,#4476,#4477);
#4479=PLANE('',#4478);
#4480=ORIENTED_EDGE('',*,*,#4439,.F.);
#4481=EDGE_LOOP('',(#4480));
#4482=FACE_OUTER_BOUND('',#4481,.T.);
#4483=ORIENTED_EDGE('',*,*,#4308,.T.);
#4484=EDGE_LOOP('',(#4483));
#4485=FACE_BOUND('',#4484,.T.);
#4486=ADVANCED_FACE('',(#4482,#4485),#4479,.F.);
#4487=CARTESIAN_POINT('',(-79.999999999999986,-60.0,-113.0));
#4488=DIRECTION('',(0.0,0.0,-1.0));
#4489=DIRECTION('',(-1.0,0.0,0.0));
#4490=AXIS2_PLACEMENT_3D('',#4487,#4488,#4489);
#4491=TOROIDAL_SURFACE('',#4490,11.832662348034846,2.0);
#4492=ORIENTED_EDGE('',*,*,#4467,.T.);
#4493=EDGE_LOOP('',(#4492));
#4494=FACE_OUTER_BOUND('',#4493,.T.);
#4495=CARTESIAN_POINT('',(-68.167337651965141,-60.0,-115.0));
#4496=VERTEX_POINT('',#4495);
#4497=CARTESIAN_POINT('',(-79.999999999999986,-60.0,-115.0));
#4498=DIRECTION('',(0.0,0.0,1.0));
#4499=DIRECTION('',(-1.0,0.0,0.0));
#4500=AXIS2_PLACEMENT_3D('',#4497,#4498,#4499);
#4501=CIRCLE('',#4500,11.832662348034846);
#4502=EDGE_CURVE('',#4496,#4496,#4501,.T.);
#4503=ORIENTED_EDGE('',*,*,#4502,.T.);
#4504=EDGE_LOOP('',(#4503));
#4505=FACE_BOUND('',#4504,.T.);
#4506=ADVANCED_FACE('',(#4494,#4505),#4491,.F.);
#4507=CARTESIAN_POINT('',(0.0,8.074349E-015,-115.0));
#4508=DIRECTION('',(0.0,0.0,1.0));
#4509=DIRECTION('',(1.0,0.0,0.0));
#4510=AXIS2_PLACEMENT_3D('',#4507,#4508,#4509);
#4511=PLANE('',#4510);
#4512=ORIENTED_EDGE('',*,*,#3010,.T.);
#4513=ORIENTED_EDGE('',*,*,#1294,.F.);
#4514=CARTESIAN_POINT('',(97.903868928174816,-77.903868928174802,-115.0));
#4515=VERTEX_POINT('',#4514);
#4516=CARTESIAN_POINT('',(97.903868928174816,-77.903868928174802,-115.0));
#4517=DIRECTION('',(-1.0,0.0,0.0));
#4518=VECTOR('',#4517,195.80773785634963);
#4519=LINE('',#4516,#4518);
#4520=EDGE_CURVE('',#4515,#1280,#4519,.T.);
#4521=ORIENTED_EDGE('',*,*,#4520,.F.);
#4522=CARTESIAN_POINT('',(97.903868928174816,77.90386892817483,-115.0));
#4523=VERTEX_POINT('',#4522);
#4524=CARTESIAN_POINT('',(97.903868928174816,77.90386892817483,-115.0));
#4525=DIRECTION('',(0.0,-1.0,0.0));
#4526=VECTOR('',#4525,155.80773785634963);
#4527=LINE('',#4524,#4526);
#4528=EDGE_CURVE('',#4523,#4515,#4527,.T.);
#4529=ORIENTED_EDGE('',*,*,#4528,.F.);
#4530=CARTESIAN_POINT('',(-97.903868928174802,77.903868928174802,-115.0));
#4531=DIRECTION('',(1.0,0.0,0.0));
#4532=VECTOR('',#4531,195.80773785634963);
#4533=LINE('',#4530,#4532);
#4534=EDGE_CURVE('',#3208,#4523,#4533,.T.);
#4535=ORIENTED_EDGE('',*,*,#4534,.F.);
#4536=ORIENTED_EDGE('',*,*,#3213,.F.);
#4537=ORIENTED_EDGE('',*,*,#3077,.T.);
#4538=ORIENTED_EDGE('',*,*,#3098,.T.);
#4539=EDGE_LOOP('',(#4512,#4513,#4521,#4529,#4535,#4536,#4537,#4538));
#4540=FACE_OUTER_BOUND('',#4539,.T.);
#4541=CARTESIAN_POINT('',(91.83266234803483,-60.0,-115.0));
#4542=VERTEX_POINT('',#4541);
#4543=CARTESIAN_POINT('',(79.999999999999986,-60.0,-115.0));
#4544=DIRECTION('',(0.0,0.0,1.0));
#4545=DIRECTION('',(-1.0,0.0,0.0));
#4546=AXIS2_PLACEMENT_3D('',#4543,#4544,#4545);
#4547=CIRCLE('',#4546,11.832662348034846);
#4548=EDGE_CURVE('',#4542,#4542,#4547,.T.);
#4549=ORIENTED_EDGE('',*,*,#4548,.F.);
#4550=EDGE_LOOP('',(#4549));
#4551=FACE_BOUND('',#4550,.T.);
#4552=CARTESIAN_POINT('',(91.83266234803483,60.0,-115.0));
#4553=VERTEX_POINT('',#4552);
#4554=CARTESIAN_POINT('',(79.999999999999986,60.0,-115.0));
#4555=DIRECTION('',(0.0,0.0,1.0));
#4556=DIRECTION('',(-1.0,0.0,0.0));
#4557=AXIS2_PLACEMENT_3D('',#4554,#4555,#4556);
#4558=CIRCLE('',#4557,11.832662348034846);
#4559=EDGE_CURVE('',#4553,#4553,#4558,.T.);
#4560=ORIENTED_EDGE('',*,*,#4559,.F.);
#4561=EDGE_LOOP('',(#4560));
#4562=FACE_BOUND('',#4561,.T.);
#4563=CARTESIAN_POINT('',(-68.16733765196517,59.999999999999986,-115.0));
#4564=VERTEX_POINT('',#4563);
#4565=CARTESIAN_POINT('',(-80.000000000000014,59.999999999999986,-115.0));
#4566=DIRECTION('',(0.0,0.0,1.0));
#4567=DIRECTION('',(-1.0,0.0,0.0));
#4568=AXIS2_PLACEMENT_3D('',#4565,#4566,#4567);
#4569=CIRCLE('',#4568,11.832662348034846);
#4570=EDGE_CURVE('',#4564,#4564,#4569,.T.);
#4571=ORIENTED_EDGE('',*,*,#4570,.F.);
#4572=EDGE_LOOP('',(#4571));
#4573=FACE_BOUND('',#4572,.T.);
#4574=ORIENTED_EDGE('',*,*,#4502,.F.);
#4575=EDGE_LOOP('',(#4574));
#4576=FACE_BOUND('',#4575,.T.);
#4577=ADVANCED_FACE('',(#4540,#4551,#4562,#4573,#4576),#4511,.T.);
#4578=CARTESIAN_POINT('',(79.999999999999986,-60.0,-113.0));
#4579=DIRECTION('',(0.0,0.0,-1.0));
#4580=DIRECTION('',(-1.0,0.0,0.0));
#4581=AXIS2_PLACEMENT_3D('',#4578,#4579,#4580);
#4582=TOROIDAL_SURFACE('',#4581,11.832662348034846,2.0);
#4583=CARTESIAN_POINT('',(89.840272951851361,-60.0,-113.17431148549532));
#4584=VERTEX_POINT('',#4583);
#4585=CARTESIAN_POINT('',(80.0,-60.0,-113.17431148549532));
#4586=DIRECTION('',(0.0,0.0,-1.0));
#4587=DIRECTION('',(-1.0,0.0,0.0));
#4588=AXIS2_PLACEMENT_3D('',#4585,#4586,#4587);
#4589=CIRCLE('',#4588,9.840272951851361);
#4590=EDGE_CURVE('',#4584,#4584,#4589,.T.);
#4591=ORIENTED_EDGE('',*,*,#4590,.T.);
#4592=EDGE_LOOP('',(#4591));
#4593=FACE_OUTER_BOUND('',#4592,.T.);
#4594=ORIENTED_EDGE('',*,*,#4548,.T.);
#4595=EDGE_LOOP('',(#4594));
#4596=FACE_BOUND('',#4595,.T.);
#4597=ADVANCED_FACE('',(#4593,#4596),#4582,.F.);
#4598=CARTESIAN_POINT('',(79.999999999999986,-60.0,-115.0));
#4599=DIRECTION('',(0.0,0.0,-1.0));
#4600=DIRECTION('',(-1.0,0.0,0.0));
#4601=AXIS2_PLACEMENT_3D('',#4598,#4599,#4600);
#4602=CONICAL_SURFACE('',#4601,10.0,5.0);
#4603=CARTESIAN_POINT('',(89.284840412889395,-60.0,-106.82568851450468));
#4604=VERTEX_POINT('',#4603);
#4605=CARTESIAN_POINT('',(79.999999999999986,-60.0,-106.82568851450468));
#4606=DIRECTION('',(0.0,0.0,1.0));
#4607=DIRECTION('',(-1.0,0.0,0.0));
#4608=AXIS2_PLACEMENT_3D('',#4605,#4606,#4607);
#4609=CIRCLE('',#4608,9.284840412889404);
#4610=EDGE_CURVE('',#4604,#4604,#4609,.T.);
#4611=ORIENTED_EDGE('',*,*,#4610,.F.);
#4612=EDGE_LOOP('',(#4611));
#4613=FACE_OUTER_BOUND('',#4612,.T.);
#4614=ORIENTED_EDGE('',*,*,#4590,.F.);
#4615=EDGE_LOOP('',(#4614));
#4616=FACE_BOUND('',#4615,.T.);
#4617=ADVANCED_FACE('',(#4613,#4616),#4602,.T.);
#4618=CARTESIAN_POINT('',(79.999999999999986,-60.0,-107.0));
#4619=DIRECTION('',(0.0,0.0,-1.0));
#4620=DIRECTION('',(-1.0,0.0,0.0));
#4621=AXIS2_PLACEMENT_3D('',#4618,#4619,#4620);
#4622=TOROIDAL_SURFACE('',#4621,7.292451016705913,2.0);
#4623=CARTESIAN_POINT('',(87.292451016705911,-60.0,-105.0));
#4624=VERTEX_POINT('',#4623);
#4625=CARTESIAN_POINT('',(79.999999999999986,-60.0,-105.0));
#4626=DIRECTION('',(0.0,0.0,-1.0));
#4627=DIRECTION('',(-1.0,0.0,0.0));
#4628=AXIS2_PLACEMENT_3D('',#4625,#4626,#4627);
#4629=CIRCLE('',#4628,7.292451016705913);
#4630=EDGE_CURVE('',#4624,#4624,#4629,.T.);
#4631=ORIENTED_EDGE('',*,*,#4630,.T.);
#4632=EDGE_LOOP('',(#4631));
#4633=FACE_OUTER_BOUND('',#4632,.T.);
#4634=ORIENTED_EDGE('',*,*,#4610,.T.);
#4635=EDGE_LOOP('',(#4634));
#4636=FACE_BOUND('',#4635,.T.);
#4637=ADVANCED_FACE('',(#4633,#4636),#4622,.T.);
#4638=CARTESIAN_POINT('',(79.999999999999986,-60.0,-105.0));
#4639=DIRECTION('',(0.0,0.0,-1.0));
#4640=DIRECTION('',(-1.0,0.0,0.0));
#4641=AXIS2_PLACEMENT_3D('',#4638,#4639,#4640);
#4642=PLANE('',#4641);
#4643=ORIENTED_EDGE('',*,*,#4630,.F.);
#4644=EDGE_LOOP('',(#4643));
#4645=FACE_OUTER_BOUND('',#4644,.T.);
#4646=ORIENTED_EDGE('',*,*,#4345,.T.);
#4647=EDGE_LOOP('',(#4646));
#4648=FACE_BOUND('',#4647,.T.);
#4649=ADVANCED_FACE('',(#4645,#4648),#4642,.F.);
#4650=CARTESIAN_POINT('',(-80.000000000000014,59.999999999999986,-107.0));
#4651=DIRECTION('',(0.0,0.0,-1.0));
#4652=DIRECTION('',(-1.0,0.0,0.0));
#4653=AXIS2_PLACEMENT_3D('',#4650,#4651,#4652);
#4654=TOROIDAL_SURFACE('',#4653,7.292451016705913,2.0);
#4655=CARTESIAN_POINT('',(-72.707548983294103,59.999999999999986,-105.0));
#4656=VERTEX_POINT('',#4655);
#4657=CARTESIAN_POINT('',(-80.000000000000014,59.999999999999986,-105.0));
#4658=DIRECTION('',(0.0,0.0,-1.0));
#4659=DIRECTION('',(-1.0,0.0,0.0));
#4660=AXIS2_PLACEMENT_3D('',#4657,#4658,#4659);
#4661=CIRCLE('',#4660,7.292451016705913);
#4662=EDGE_CURVE('',#4656,#4656,#4661,.T.);
#4663=ORIENTED_EDGE('',*,*,#4662,.T.);
#4664=EDGE_LOOP('',(#4663));
#4665=FACE_OUTER_BOUND('',#4664,.T.);
#4666=CARTESIAN_POINT('',(-70.715159587110605,59.999999999999986,-106.82568851450468));
#4667=VERTEX_POINT('',#4666);
#4668=CARTESIAN_POINT('',(-80.000000000000014,59.999999999999986,-106.82568851450468));
#4669=DIRECTION('',(0.0,0.0,1.0));
#4670=DIRECTION('',(-1.0,0.0,0.0));
#4671=AXIS2_PLACEMENT_3D('',#4668,#4669,#4670);
#4672=CIRCLE('',#4671,9.284840412889412);
#4673=EDGE_CURVE('',#4667,#4667,#4672,.T.);
#4674=ORIENTED_EDGE('',*,*,#4673,.T.);
#4675=EDGE_LOOP('',(#4674));
#4676=FACE_BOUND('',#4675,.T.);
#4677=ADVANCED_FACE('',(#4665,#4676),#4654,.T.);
#4678=CARTESIAN_POINT('',(-80.000000000000014,59.999999999999986,-115.0));
#4679=DIRECTION('',(0.0,0.0,-1.0));
#4680=DIRECTION('',(-1.0,0.0,0.0));
#4681=AXIS2_PLACEMENT_3D('',#4678,#4679,#4680);
#4682=CONICAL_SURFACE('',#4681,10.0,5.0);
#4683=CARTESIAN_POINT('',(-70.159727048148653,59.999999999999986,-113.17431148549532));
#4684=VERTEX_POINT('',#4683);
#4685=CARTESIAN_POINT('',(-80.000000000000014,59.999999999999986,-113.17431148549532));
#4686=DIRECTION('',(0.0,0.0,-1.0));
#4687=DIRECTION('',(-1.0,0.0,0.0));
#4688=AXIS2_PLACEMENT_3D('',#4685,#4686,#4687);
#4689=CIRCLE('',#4688,9.840272951851361);
#4690=EDGE_CURVE('',#4684,#4684,#4689,.T.);
#4691=ORIENTED_EDGE('',*,*,#4690,.F.);
#4692=EDGE_LOOP('',(#4691));
#4693=FACE_OUTER_BOUND('',#4692,.T.);
#4694=ORIENTED_EDGE('',*,*,#4673,.F.);
#4695=EDGE_LOOP('',(#4694));
#4696=FACE_BOUND('',#4695,.T.);
#4697=ADVANCED_FACE('',(#4693,#4696),#4682,.T.);
#4698=CARTESIAN_POINT('',(-80.000000000000014,59.999999999999986,-105.0));
#4699=DIRECTION('',(0.0,0.0,-1.0));
#4700=DIRECTION('',(-1.0,0.0,0.0));
#4701=AXIS2_PLACEMENT_3D('',#4698,#4699,#4700);
#4702=PLANE('',#4701);
#4703=ORIENTED_EDGE('',*,*,#4662,.F.);
#4704=EDGE_LOOP('',(#4703));
#4705=FACE_OUTER_BOUND('',#4704,.T.);
#4706=ORIENTED_EDGE('',*,*,#4419,.T.);
#4707=EDGE_LOOP('',(#4706));
#4708=FACE_BOUND('',#4707,.T.);
#4709=ADVANCED_FACE('',(#4705,#4708),#4702,.F.);
#4710=CARTESIAN_POINT('',(-80.000000000000014,59.999999999999986,-113.0));
#4711=DIRECTION('',(0.0,0.0,-1.0));
#4712=DIRECTION('',(-1.0,0.0,0.0));
#4713=AXIS2_PLACEMENT_3D('',#4710,#4711,#4712);
#4714=TOROIDAL_SURFACE('',#4713,11.832662348034846,2.0);
#4715=ORIENTED_EDGE('',*,*,#4690,.T.);
#4716=EDGE_LOOP('',(#4715));
#4717=FACE_OUTER_BOUND('',#4716,.T.);
#4718=ORIENTED_EDGE('',*,*,#4570,.T.);
#4719=EDGE_LOOP('',(#4718));
#4720=FACE_BOUND('',#4719,.T.);
#4721=ADVANCED_FACE('',(#4717,#4720),#4714,.F.);
#4722=CARTESIAN_POINT('',(79.999999999999986,60.0,-107.0));
#4723=DIRECTION('',(0.0,0.0,-1.0));
#4724=DIRECTION('',(-1.0,0.0,0.0));
#4725=AXIS2_PLACEMENT_3D('',#4722,#4723,#4724);
#4726=TOROIDAL_SURFACE('',#4725,7.292451016705913,2.0);
#4727=CARTESIAN_POINT('',(87.292451016705911,60.0,-105.0));
#4728=VERTEX_POINT('',#4727);
#4729=CARTESIAN_POINT('',(79.999999999999986,60.0,-105.0));
#4730=DIRECTION('',(0.0,0.0,-1.0));
#4731=DIRECTION('',(-1.0,0.0,0.0));
#4732=AXIS2_PLACEMENT_3D('',#4729,#4730,#4731);
#4733=CIRCLE('',#4732,7.292451016705913);
#4734=EDGE_CURVE('',#4728,#4728,#4733,.T.);
#4735=ORIENTED_EDGE('',*,*,#4734,.T.);
#4736=EDGE_LOOP('',(#4735));
#4737=FACE_OUTER_BOUND('',#4736,.T.);
#4738=CARTESIAN_POINT('',(89.284840412889395,60.0,-106.82568851450468));
#4739=VERTEX_POINT('',#4738);
#4740=CARTESIAN_POINT('',(79.999999999999986,60.0,-106.82568851450468));
#4741=DIRECTION('',(0.0,0.0,1.0));
#4742=DIRECTION('',(-1.0,0.0,0.0));
#4743=AXIS2_PLACEMENT_3D('',#4740,#4741,#4742);
#4744=CIRCLE('',#4743,9.284840412889404);
#4745=EDGE_CURVE('',#4739,#4739,#4744,.T.);
#4746=ORIENTED_EDGE('',*,*,#4745,.T.);
#4747=EDGE_LOOP('',(#4746));
#4748=FACE_BOUND('',#4747,.T.);
#4749=ADVANCED_FACE('',(#4737,#4748),#4726,.T.);
#4750=CARTESIAN_POINT('',(79.999999999999986,60.0,-115.0));
#4751=DIRECTION('',(0.0,0.0,-1.0));
#4752=DIRECTION('',(-1.0,0.0,0.0));
#4753=AXIS2_PLACEMENT_3D('',#4750,#4751,#4752);
#4754=CONICAL_SURFACE('',#4753,10.0,5.0);
#4755=CARTESIAN_POINT('',(89.840272951851361,60.0,-113.17431148549532));
#4756=VERTEX_POINT('',#4755);
#4757=CARTESIAN_POINT('',(80.0,60.0,-113.17431148549532));
#4758=DIRECTION('',(0.0,0.0,-1.0));
#4759=DIRECTION('',(-1.0,0.0,0.0));
#4760=AXIS2_PLACEMENT_3D('',#4757,#4758,#4759);
#4761=CIRCLE('',#4760,9.840272951851361);
#4762=EDGE_CURVE('',#4756,#4756,#4761,.T.);
#4763=ORIENTED_EDGE('',*,*,#4762,.F.);
#4764=EDGE_LOOP('',(#4763));
#4765=FACE_OUTER_BOUND('',#4764,.T.);
#4766=ORIENTED_EDGE('',*,*,#4745,.F.);
#4767=EDGE_LOOP('',(#4766));
#4768=FACE_BOUND('',#4767,.T.);
#4769=ADVANCED_FACE('',(#4765,#4768),#4754,.T.);
#4770=CARTESIAN_POINT('',(79.999999999999986,60.0,-105.0));
#4771=DIRECTION('',(0.0,0.0,-1.0));
#4772=DIRECTION('',(-1.0,0.0,0.0));
#4773=AXIS2_PLACEMENT_3D('',#4770,#4771,#4772);
#4774=PLANE('',#4773);
#4775=ORIENTED_EDGE('',*,*,#4734,.F.);
#4776=EDGE_LOOP('',(#4775));
#4777=FACE_OUTER_BOUND('',#4776,.T.);
#4778=ORIENTED_EDGE('',*,*,#4382,.T.);
#4779=EDGE_LOOP('',(#4778));
#4780=FACE_BOUND('',#4779,.T.);
#4781=ADVANCED_FACE('',(#4777,#4780),#4774,.F.);
#4782=CARTESIAN_POINT('',(79.999999999999986,60.0,-113.0));
#4783=DIRECTION('',(0.0,0.0,-1.0));
#4784=DIRECTION('',(-1.0,0.0,0.0));
#4785=AXIS2_PLACEMENT_3D('',#4782,#4783,#4784);
#4786=TOROIDAL_SURFACE('',#4785,11.832662348034846,2.0);
#4787=ORIENTED_EDGE('',*,*,#4762,.T.);
#4788=EDGE_LOOP('',(#4787));
#4789=FACE_OUTER_BOUND('',#4788,.T.);
#4790=ORIENTED_EDGE('',*,*,#4559,.T.);
#4791=EDGE_LOOP('',(#4790));
#4792=FACE_BOUND('',#4791,.T.);
#4793=ADVANCED_FACE('',(#4789,#4792),#4786,.F.);
#4794=CARTESIAN_POINT('',(-99.977163085015718,-79.977163085015675,13.778942694692391));
#4795=DIRECTION('',(0.017449749160683,0.017449749160683,-0.999695459881888));
#4796=DIRECTION('',(-0.706891438803886,-0.706891438803888,-0.024677671923046));
#4797=AXIS2_PLACEMENT_3D('',#4794,#4795,#4796);
#4798=CYLINDRICAL_SURFACE('',#4797,9.999999999999998);
#4799=CARTESIAN_POINT('',(-100.0015230484361,-90.000000000000014,15.0));
#4800=VERTEX_POINT('',#4799);
#4801=CARTESIAN_POINT('',(-99.998476719560927,-79.998476719560884,15.0));
#4802=DIRECTION('',(0.0,0.0,1.0));
#4803=DIRECTION('',(-0.707106781186547,-0.707106781186548,0.0));
#4804=AXIS2_PLACEMENT_3D('',#4801,#4802,#4803);
#4805=ELLIPSE('',#4804,10.003046328910491,10.0);
#4806=EDGE_CURVE('',#3183,#4800,#4805,.T.);
#4807=ORIENTED_EDGE('',*,*,#4806,.T.);
#4808=CARTESIAN_POINT('',(-97.903868928174816,-87.902345879738718,-105.17452406437285));
#4809=VERTEX_POINT('',#4808);
#4810=CARTESIAN_POINT('',(-100.0015230484361,-90.0,15.0));
#4811=DIRECTION('',(0.017449749160683,0.017449749160683,-0.999695459881887));
#4812=VECTOR('',#4811,120.21113317706906);
#4813=LINE('',#4810,#4812);
#4814=EDGE_CURVE('',#4800,#4809,#4813,.T.);
#4815=ORIENTED_EDGE('',*,*,#4814,.T.);
#4816=CARTESIAN_POINT('',(-97.903868928174816,-77.903868928174774,-105.00000000000003));
#4817=DIRECTION('',(0.01744974916068,0.01744974916068,-0.999695459881888));
#4818=DIRECTION('',(0.0,-0.999847695156391,-0.017452406437281));
#4819=AXIS2_PLACEMENT_3D('',#4816,#4817,#4818);
#4820=CIRCLE('',#4819,10.000000000000032);
#4821=EDGE_CURVE('',#4809,#1272,#4820,.T.);
#4822=ORIENTED_EDGE('',*,*,#4821,.T.);
#4823=ORIENTED_EDGE('',*,*,#3194,.T.);
#4824=EDGE_LOOP('',(#4807,#4815,#4822,#4823));
#4825=FACE_OUTER_BOUND('',#4824,.T.);
#4826=ADVANCED_FACE('',(#4825),#4798,.F.);
#4827=CARTESIAN_POINT('',(-97.90386892817483,-77.903868928174802,-105.0));
#4828=DIRECTION('',(1.0,0.0,0.0));
#4829=DIRECTION('',(0.0,-1.0,0.0));
#4830=AXIS2_PLACEMENT_3D('',#4827,#4828,#4829);
#4831=SPHERICAL_SURFACE('',#4830,10.0);
#4832=ORIENTED_EDGE('',*,*,#4821,.F.);
#4833=CARTESIAN_POINT('',(-97.90386892817483,-77.903868928174802,-105.0));
#4834=DIRECTION('',(1.0,0.0,0.0));
#4835=DIRECTION('',(0.0,-0.700909264299849,-0.713250449154183));
#4836=AXIS2_PLACEMENT_3D('',#4833,#4834,#4835);
#4837=CIRCLE('',#4836,9.999999999999993);
#4838=EDGE_CURVE('',#4809,#1280,#4837,.T.);
#4839=ORIENTED_EDGE('',*,*,#4838,.T.);
#4840=ORIENTED_EDGE('',*,*,#1286,.T.);
#4841=EDGE_LOOP('',(#4832,#4839,#4840));
#4842=FACE_OUTER_BOUND('',#4841,.T.);
#4843=ADVANCED_FACE('',(#4842),#4831,.F.);
#4844=CARTESIAN_POINT('',(-55.000000000000014,-77.903868928174802,-105.0));
#4845=DIRECTION('',(1.0,0.0,0.0));
#4846=DIRECTION('',(0.0,-0.70090926429985,-0.713250449154183));
#4847=AXIS2_PLACEMENT_3D('',#4844,#4845,#4846);
#4848=CYLINDRICAL_SURFACE('',#4847,10.0);
#4849=ORIENTED_EDGE('',*,*,#4838,.F.);
#4850=CARTESIAN_POINT('',(97.903868928174859,-87.902345879738718,-105.17452406437285));
#4851=VERTEX_POINT('',#4850);
#4852=CARTESIAN_POINT('',(-97.903868928174816,-87.902345879738718,-105.17452406437285));
#4853=DIRECTION('',(1.0,0.0,0.0));
#4854=VECTOR('',#4853,195.80773785634966);
#4855=LINE('',#4852,#4854);
#4856=EDGE_CURVE('',#4809,#4851,#4855,.T.);
#4857=ORIENTED_EDGE('',*,*,#4856,.T.);
#4858=CARTESIAN_POINT('',(97.903868928174816,-77.903868928174802,-105.0));
#4859=DIRECTION('',(-1.0,0.0,0.0));
#4860=DIRECTION('',(0.0,-0.700909264299849,-0.713250449154183));
#4861=AXIS2_PLACEMENT_3D('',#4858,#4859,#4860);
#4862=CIRCLE('',#4861,9.999999999999993);
#4863=EDGE_CURVE('',#4515,#4851,#4862,.T.);
#4864=ORIENTED_EDGE('',*,*,#4863,.F.);
#4865=ORIENTED_EDGE('',*,*,#4520,.T.);
#4866=EDGE_LOOP('',(#4849,#4857,#4864,#4865));
#4867=FACE_OUTER_BOUND('',#4866,.T.);
#4868=ADVANCED_FACE('',(#4867),#4848,.F.);
#4869=CARTESIAN_POINT('',(-110.00000000000003,-90.0,15.0));
#4870=DIRECTION('',(0.0,-0.999847695156391,-0.017452406437284));
#4871=DIRECTION('',(-1.0,0.0,0.0));
#4872=AXIS2_PLACEMENT_3D('',#4869,#4870,#4871);
#4873=PLANE('',#4872);
#4874=ORIENTED_EDGE('',*,*,#4814,.F.);
#4875=CARTESIAN_POINT('',(100.0015230484361,-90.000000000000014,15.0));
#4876=VERTEX_POINT('',#4875);
#4877=CARTESIAN_POINT('',(100.0015230484361,-90.000000000000014,15.0));
#4878=DIRECTION('',(-1.0,0.0,0.0));
#4879=VECTOR('',#4878,200.0030460968722);
#4880=LINE('',#4877,#4879);
#4881=EDGE_CURVE('',#4876,#4800,#4880,.T.);
#4882=ORIENTED_EDGE('',*,*,#4881,.F.);
#4883=CARTESIAN_POINT('',(97.903868928174845,-87.902345879738732,-105.17452406437287));
#4884=DIRECTION('',(0.017449749160683,-0.017449749160683,0.999695459881887));
#4885=VECTOR('',#4884,120.21113317706906);
#4886=LINE('',#4883,#4885);
#4887=EDGE_CURVE('',#4851,#4876,#4886,.T.);
#4888=ORIENTED_EDGE('',*,*,#4887,.F.);
#4889=ORIENTED_EDGE('',*,*,#4856,.F.);
#4890=EDGE_LOOP('',(#4874,#4882,#4888,#4889));
#4891=FACE_OUTER_BOUND('',#4890,.T.);
#4892=ADVANCED_FACE('',(#4891),#4873,.F.);
#4893=CARTESIAN_POINT('',(-99.971073210100315,79.971073210100272,13.430053994452145));
#4894=DIRECTION('',(0.017449749160683,-0.017449749160683,-0.999695459881888));
#4895=DIRECTION('',(-0.706891438803886,0.706891438803888,-0.024677671923046));
#4896=AXIS2_PLACEMENT_3D('',#4893,#4894,#4895);
#4897=CYLINDRICAL_SURFACE('',#4896,10.0);
#4898=CARTESIAN_POINT('',(-100.00152304843608,90.000000000000014,15.0));
#4899=VERTEX_POINT('',#4898);
#4900=CARTESIAN_POINT('',(-99.998476719560927,79.998476719560912,15.0));
#4901=DIRECTION('',(0.0,0.0,1.0));
#4902=DIRECTION('',(-0.707106781186546,0.707106781186549,0.0));
#4903=AXIS2_PLACEMENT_3D('',#4900,#4901,#4902);
#4904=ELLIPSE('',#4903,10.003046328910491,10.0);
#4905=EDGE_CURVE('',#4899,#3175,#4904,.T.);
#4906=ORIENTED_EDGE('',*,*,#4905,.T.);
#4907=ORIENTED_EDGE('',*,*,#3180,.T.);
#4908=CARTESIAN_POINT('',(-97.90386892817483,87.902345879738732,-105.17452406437285));
#4909=VERTEX_POINT('',#4908);
#4910=CARTESIAN_POINT('',(-97.903868928174816,77.903868928174788,-105.00000000000003));
#4911=DIRECTION('',(0.01744974916068,-0.01744974916068,-0.999695459881888));
#4912=DIRECTION('',(-0.999847695156391,0.0,-0.017452406437281));
#4913=AXIS2_PLACEMENT_3D('',#4910,#4911,#4912);
#4914=CIRCLE('',#4913,10.000000000000007);
#4915=EDGE_CURVE('',#3167,#4909,#4914,.T.);
#4916=ORIENTED_EDGE('',*,*,#4915,.T.);
#4917=CARTESIAN_POINT('',(-97.90386892817483,87.902345879738732,-105.17452406437287));
#4918=DIRECTION('',(-0.017449749160683,0.017449749160683,0.999695459881887));
#4919=VECTOR('',#4918,120.21113317706906);
#4920=LINE('',#4917,#4919);
#4921=EDGE_CURVE('',#4909,#4899,#4920,.T.);
#4922=ORIENTED_EDGE('',*,*,#4921,.T.);
#4923=EDGE_LOOP('',(#4906,#4907,#4916,#4922));
#4924=FACE_OUTER_BOUND('',#4923,.T.);
#4925=ADVANCED_FACE('',(#4924),#4897,.F.);
#4926=CARTESIAN_POINT('',(-97.903868928174802,77.903868928174802,-105.0));
#4927=DIRECTION('',(1.0,0.0,0.0));
#4928=DIRECTION('',(0.0,-1.0,0.0));
#4929=AXIS2_PLACEMENT_3D('',#4926,#4927,#4928);
#4930=SPHERICAL_SURFACE('',#4929,10.0);
#4931=ORIENTED_EDGE('',*,*,#4915,.F.);
#4932=ORIENTED_EDGE('',*,*,#3220,.T.);
#4933=CARTESIAN_POINT('',(-97.903868928174802,77.903868928174802,-105.0));
#4934=DIRECTION('',(1.0,0.0,0.0));
#4935=DIRECTION('',(0.0,0.70090926429985,-0.713250449154182));
#4936=AXIS2_PLACEMENT_3D('',#4933,#4934,#4935);
#4937=CIRCLE('',#4936,10.000000000000005);
#4938=EDGE_CURVE('',#3208,#4909,#4937,.T.);
#4939=ORIENTED_EDGE('',*,*,#4938,.T.);
#4940=EDGE_LOOP('',(#4931,#4932,#4939));
#4941=FACE_OUTER_BOUND('',#4940,.T.);
#4942=ADVANCED_FACE('',(#4941),#4930,.F.);
#4943=CARTESIAN_POINT('',(99.97716308501569,79.977163085015704,13.778942694692386));
#4944=DIRECTION('',(-0.017449749160683,-0.017449749160683,-0.999695459881888));
#4945=DIRECTION('',(0.706891438803885,0.706891438803889,-0.024677671923046));
#4946=AXIS2_PLACEMENT_3D('',#4943,#4944,#4945);
#4947=CYLINDRICAL_SURFACE('',#4946,10.0);
#4948=CARTESIAN_POINT('',(110.0,80.00152304843607,15.0));
#4949=VERTEX_POINT('',#4948);
#4950=CARTESIAN_POINT('',(100.00152304843608,90.000000000000028,15.0));
#4951=VERTEX_POINT('',#4950);
#4952=CARTESIAN_POINT('',(99.998476719560912,79.998476719560927,15.0));
#4953=DIRECTION('',(0.0,0.0,1.0));
#4954=DIRECTION('',(0.707106781186546,0.707106781186549,0.0));
#4955=AXIS2_PLACEMENT_3D('',#4952,#4953,#4954);
#4956=ELLIPSE('',#4955,10.003046328910491,10.0);
#4957=EDGE_CURVE('',#4949,#4951,#4956,.T.);
#4958=ORIENTED_EDGE('',*,*,#4957,.T.);
#4959=CARTESIAN_POINT('',(97.903868928174802,87.90234587973876,-105.17452406437285));
#4960=VERTEX_POINT('',#4959);
#4961=CARTESIAN_POINT('',(100.00152304843607,90.000000000000028,15.0));
#4962=DIRECTION('',(-0.017449749160683,-0.017449749160683,-0.999695459881887));
#4963=VECTOR('',#4962,120.21113317706907);
#4964=LINE('',#4961,#4963);
#4965=EDGE_CURVE('',#4951,#4960,#4964,.T.);
#4966=ORIENTED_EDGE('',*,*,#4965,.T.);
#4967=CARTESIAN_POINT('',(107.90234587973873,77.903868928174802,-105.17452406437285));
#4968=VERTEX_POINT('',#4967);
#4969=CARTESIAN_POINT('',(97.903868928174816,77.903868928174816,-105.00000000000003));
#4970=DIRECTION('',(-0.01744974916068,-0.01744974916068,-0.999695459881888));
#4971=DIRECTION('',(-1.776357E-015,0.999847695156391,-0.017452406437281));
#4972=AXIS2_PLACEMENT_3D('',#4969,#4970,#4971);
#4973=CIRCLE('',#4972,10.000000000000032);
#4974=EDGE_CURVE('',#4960,#4968,#4973,.T.);
#4975=ORIENTED_EDGE('',*,*,#4974,.T.);
#4976=CARTESIAN_POINT('',(107.90234587973875,77.903868928174802,-105.17452406437287));
#4977=DIRECTION('',(0.017449749160683,0.017449749160683,0.999695459881887));
#4978=VECTOR('',#4977,120.21113317706906);
#4979=LINE('',#4976,#4978);
#4980=EDGE_CURVE('',#4968,#4949,#4979,.T.);
#4981=ORIENTED_EDGE('',*,*,#4980,.T.);
#4982=EDGE_LOOP('',(#4958,#4966,#4975,#4981));
#4983=FACE_OUTER_BOUND('',#4982,.T.);
#4984=ADVANCED_FACE('',(#4983),#4947,.F.);
#4985=CARTESIAN_POINT('',(97.903868928174816,77.90386892817483,-105.0));
#4986=DIRECTION('',(1.0,0.0,0.0));
#4987=DIRECTION('',(0.0,-1.0,0.0));
#4988=AXIS2_PLACEMENT_3D('',#4985,#4986,#4987);
#4989=SPHERICAL_SURFACE('',#4988,10.0);
#4990=ORIENTED_EDGE('',*,*,#4974,.F.);
#4991=CARTESIAN_POINT('',(97.903868928174816,77.90386892817483,-105.0));
#4992=DIRECTION('',(-1.0,0.0,0.0));
#4993=DIRECTION('',(0.0,0.700909264299849,-0.713250449154183));
#4994=AXIS2_PLACEMENT_3D('',#4991,#4992,#4993);
#4995=CIRCLE('',#4994,9.999999999999993);
#4996=EDGE_CURVE('',#4960,#4523,#4995,.T.);
#4997=ORIENTED_EDGE('',*,*,#4996,.T.);
#4998=CARTESIAN_POINT('',(97.903868928174816,77.90386892817483,-105.0));
#4999=DIRECTION('',(0.0,-1.0,0.0));
#5000=DIRECTION('',(0.700909264299851,0.0,-0.713250449154181));
#5001=AXIS2_PLACEMENT_3D('',#4998,#4999,#5000);
#5002=CIRCLE('',#5001,9.999999999999993);
#5003=EDGE_CURVE('',#4523,#4968,#5002,.T.);
#5004=ORIENTED_EDGE('',*,*,#5003,.T.);
#5005=EDGE_LOOP('',(#4990,#4997,#5004));
#5006=FACE_OUTER_BOUND('',#5005,.T.);
#5007=ADVANCED_FACE('',(#5006),#4989,.F.);
#5008=CARTESIAN_POINT('',(54.999999999999993,77.90386892817483,-105.0));
#5009=DIRECTION('',(-1.0,-1.614870E-016,0.0));
#5010=DIRECTION('',(0.0,0.70090926429985,-0.713250449154182));
#5011=AXIS2_PLACEMENT_3D('',#5008,#5009,#5010);
#5012=CYLINDRICAL_SURFACE('',#5011,10.0);
#5013=ORIENTED_EDGE('',*,*,#4938,.F.);
#5014=ORIENTED_EDGE('',*,*,#4534,.T.);
#5015=ORIENTED_EDGE('',*,*,#4996,.F.);
#5016=CARTESIAN_POINT('',(97.903868928174802,87.90234587973876,-105.17452406437285));
#5017=DIRECTION('',(-1.0,0.0,0.0));
#5018=VECTOR('',#5017,195.80773785634963);
#5019=LINE('',#5016,#5018);
#5020=EDGE_CURVE('',#4960,#4909,#5019,.T.);
#5021=ORIENTED_EDGE('',*,*,#5020,.T.);
#5022=EDGE_LOOP('',(#5013,#5014,#5015,#5021));
#5023=FACE_OUTER_BOUND('',#5022,.T.);
#5024=ADVANCED_FACE('',(#5023),#5012,.F.);
#5025=CARTESIAN_POINT('',(110.0,90.000000000000028,15.0));
#5026=DIRECTION('',(-1.614624E-016,0.999847695156391,-0.017452406437284));
#5027=DIRECTION('',(1.0,0.0,0.0));
#5028=AXIS2_PLACEMENT_3D('',#5025,#5026,#5027);
#5029=PLANE('',#5028);
#5030=ORIENTED_EDGE('',*,*,#4921,.F.);
#5031=ORIENTED_EDGE('',*,*,#5020,.F.);
#5032=ORIENTED_EDGE('',*,*,#4965,.F.);
#5033=CARTESIAN_POINT('',(-100.00152304843608,90.0,15.0));
#5034=DIRECTION('',(1.0,0.0,0.0));
#5035=VECTOR('',#5034,200.00304609687217);
#5036=LINE('',#5033,#5035);
#5037=EDGE_CURVE('',#4899,#4951,#5036,.T.);
#5038=ORIENTED_EDGE('',*,*,#5037,.F.);
#5039=EDGE_LOOP('',(#5030,#5031,#5032,#5038));
#5040=FACE_OUTER_BOUND('',#5039,.T.);
#5041=ADVANCED_FACE('',(#5040),#5029,.F.);
#5042=CARTESIAN_POINT('',(99.971073210100315,-79.971073210100286,13.430053994452159));
#5043=DIRECTION('',(-0.017449749160683,0.017449749160683,-0.999695459881888));
#5044=DIRECTION('',(0.706891438803886,-0.706891438803888,-0.024677671923046));
#5045=AXIS2_PLACEMENT_3D('',#5042,#5043,#5044);
#5046=CYLINDRICAL_SURFACE('',#5045,10.0);
#5047=CARTESIAN_POINT('',(110.0,-80.001523048436084,15.0));
#5048=VERTEX_POINT('',#5047);
#5049=CARTESIAN_POINT('',(99.998476719560927,-79.998476719560927,15.0));
#5050=DIRECTION('',(0.0,0.0,1.0));
#5051=DIRECTION('',(0.707106781186546,-0.707106781186549,0.0));
#5052=AXIS2_PLACEMENT_3D('',#5049,#5050,#5051);
#5053=ELLIPSE('',#5052,10.003046328910491,10.0);
#5054=EDGE_CURVE('',#4876,#5048,#5053,.T.);
#5055=ORIENTED_EDGE('',*,*,#5054,.T.);
#5056=CARTESIAN_POINT('',(107.90234587973873,-77.903868928174802,-105.17452406437285));
#5057=VERTEX_POINT('',#5056);
#5058=CARTESIAN_POINT('',(110.00000000000001,-80.001523048436084,15.0));
#5059=DIRECTION('',(-0.017449749160683,0.017449749160683,-0.999695459881887));
#5060=VECTOR('',#5059,120.21113317706906);
#5061=LINE('',#5058,#5060);
#5062=EDGE_CURVE('',#5048,#5057,#5061,.T.);
#5063=ORIENTED_EDGE('',*,*,#5062,.T.);
#5064=CARTESIAN_POINT('',(97.90386892817483,-77.903868928174816,-105.00000000000003));
#5065=DIRECTION('',(-0.01744974916068,0.01744974916068,-0.999695459881888));
#5066=DIRECTION('',(0.999847695156391,8.881784E-016,-0.017452406437281));
#5067=AXIS2_PLACEMENT_3D('',#5064,#5065,#5066);
#5068=CIRCLE('',#5067,9.999999999999989);
#5069=EDGE_CURVE('',#5057,#4851,#5068,.T.);
#5070=ORIENTED_EDGE('',*,*,#5069,.T.);
#5071=ORIENTED_EDGE('',*,*,#4887,.T.);
#5072=EDGE_LOOP('',(#5055,#5063,#5070,#5071));
#5073=FACE_OUTER_BOUND('',#5072,.T.);
#5074=ADVANCED_FACE('',(#5073),#5046,.F.);
#5075=CARTESIAN_POINT('',(97.903868928174816,-77.903868928174802,-105.0));
#5076=DIRECTION('',(1.0,0.0,0.0));
#5077=DIRECTION('',(0.0,-1.0,0.0));
#5078=AXIS2_PLACEMENT_3D('',#5075,#5076,#5077);
#5079=SPHERICAL_SURFACE('',#5078,10.0);
#5080=ORIENTED_EDGE('',*,*,#5069,.F.);
#5081=CARTESIAN_POINT('',(97.903868928174816,-77.903868928174802,-105.0));
#5082=DIRECTION('',(0.0,1.0,0.0));
#5083=DIRECTION('',(0.700909264299851,0.0,-0.713250449154181));
#5084=AXIS2_PLACEMENT_3D('',#5081,#5082,#5083);
#5085=CIRCLE('',#5084,9.999999999999993);
#5086=EDGE_CURVE('',#5057,#4515,#5085,.T.);
#5087=ORIENTED_EDGE('',*,*,#5086,.T.);
#5088=ORIENTED_EDGE('',*,*,#4863,.T.);
#5089=EDGE_LOOP('',(#5080,#5087,#5088));
#5090=FACE_OUTER_BOUND('',#5089,.T.);
#5091=ADVANCED_FACE('',(#5090),#5079,.F.);
#5092=CARTESIAN_POINT('',(97.903868928174816,-45.0,-105.0));
#5093=DIRECTION('',(0.0,1.0,0.0));
#5094=DIRECTION('',(0.700909264299851,0.0,-0.713250449154182));
#5095=AXIS2_PLACEMENT_3D('',#5092,#5093,#5094);
#5096=CYLINDRICAL_SURFACE('',#5095,9.999999999999998);
#5097=ORIENTED_EDGE('',*,*,#5003,.F.);
#5098=ORIENTED_EDGE('',*,*,#4528,.T.);
#5099=ORIENTED_EDGE('',*,*,#5086,.F.);
#5100=CARTESIAN_POINT('',(107.90234587973873,-77.903868928174802,-105.17452406437285));
#5101=DIRECTION('',(0.0,1.0,0.0));
#5102=VECTOR('',#5101,155.8077378563496);
#5103=LINE('',#5100,#5102);
#5104=EDGE_CURVE('',#5057,#4968,#5103,.T.);
#5105=ORIENTED_EDGE('',*,*,#5104,.T.);
#5106=EDGE_LOOP('',(#5097,#5098,#5099,#5105));
#5107=FACE_OUTER_BOUND('',#5106,.T.);
#5108=ADVANCED_FACE('',(#5107),#5096,.F.);
#5109=CARTESIAN_POINT('',(110.0,-90.0,15.0));
#5110=DIRECTION('',(0.999847695156391,0.0,-0.017452406437283));
#5111=DIRECTION('',(0.0,-1.0,0.0));
#5112=AXIS2_PLACEMENT_3D('',#5109,#5110,#5111);
#5113=PLANE('',#5112);
#5114=ORIENTED_EDGE('',*,*,#4980,.F.);
#5115=ORIENTED_EDGE('',*,*,#5104,.F.);
#5116=ORIENTED_EDGE('',*,*,#5062,.F.);
#5117=CARTESIAN_POINT('',(110.0,80.00152304843607,15.0));
#5118=DIRECTION('',(0.0,-1.0,0.0));
#5119=VECTOR('',#5118,160.00304609687214);
#5120=LINE('',#5117,#5119);
#5121=EDGE_CURVE('',#4949,#5048,#5120,.T.);
#5122=ORIENTED_EDGE('',*,*,#5121,.F.);
#5123=EDGE_LOOP('',(#5114,#5115,#5116,#5122));
#5124=FACE_OUTER_BOUND('',#5123,.T.);
#5125=ADVANCED_FACE('',(#5124),#5113,.F.);
#5126=CARTESIAN_POINT('',(-119.20000000000002,-99.200000000000017,-5.998480133669046));
#5127=DIRECTION('',(0.0,0.0,1.0));
#5128=DIRECTION('',(1.0,0.0,0.0));
#5129=AXIS2_PLACEMENT_3D('',#5126,#5127,#5128);
#5130=CONICAL_SURFACE('',#5129,1.66175,59.000000000000007);
#5131=CARTESIAN_POINT('',(-118.54641301265579,-95.94139964095406,-5.0));
#5132=VERTEX_POINT('',#5131);
#5133=CARTESIAN_POINT('',(-115.9413996409541,-98.546413012655705,-5.0));
#5134=VERTEX_POINT('',#5133);
#5135=CARTESIAN_POINT('',(-118.5464130126558,-95.94139964095406,-4.999999999999996));
#5136=CARTESIAN_POINT('',(-118.46562553007291,-96.033397892699753,-5.044652592845615));
#5137=CARTESIAN_POINT('',(-118.38382706131912,-96.125294424738215,-5.086572125245806));
#5138=CARTESIAN_POINT('',(-117.98458167997538,-96.567775767114838,-5.271885348647983));
#5139=CARTESIAN_POINT('',(-117.65126455713673,-96.919756495195884,-5.370131956571269));
#5140=CARTESIAN_POINT('',(-116.91975649519591,-97.65126455713667,-5.370131956571269));
#5141=CARTESIAN_POINT('',(-116.5677757671149,-97.984581679975292,-5.271885348647986));
#5142=CARTESIAN_POINT('',(-116.12529442473826,-98.383827061319025,-5.086572125245814));
#5143=CARTESIAN_POINT('',(-116.0333978926998,-98.465625530072813,-5.044652592845612));
#5144=CARTESIAN_POINT('',(-115.9413996409541,-98.546413012655677,-4.999999999999998));
#5145=B_SPLINE_CURVE_WITH_KNOTS('',3,(#5135,#5136,#5137,#5138,#5139,#5140,#5141,#5142,#5143,#5144),.UNSPECIFIED.,.F.,.U.,(4,2,2,2,4),(2.00123576212943,2.041968310772058,2.197144604099351,2.352320897426645,2.393053446069271),.UNSPECIFIED.);
#5146=EDGE_CURVE('',#5132,#5134,#5145,.T.);
#5147=ORIENTED_EDGE('',*,*,#5146,.T.);
#5148=CARTESIAN_POINT('',(-119.20000000000002,-99.200000000000017,-5.0));
#5149=DIRECTION('',(0.0,0.0,1.0));
#5150=DIRECTION('',(1.0,0.0,0.0));
#5151=AXIS2_PLACEMENT_3D('',#5148,#5149,#5150);
#5152=CIRCLE('',#5151,3.3235);
#5153=EDGE_CURVE('',#5134,#5132,#5152,.T.);
#5154=ORIENTED_EDGE('',*,*,#5153,.T.);
#5155=EDGE_LOOP('',(#5147,#5154));
#5156=FACE_OUTER_BOUND('',#5155,.T.);
#5157=ADVANCED_FACE('',(#5156),#5130,.F.);
#5158=CARTESIAN_POINT('',(-119.20000000000002,-99.200000000000017,5.0));
#5159=DIRECTION('',(0.0,0.0,1.0));
#5160=DIRECTION('',(1.0,0.0,0.0));
#5161=AXIS2_PLACEMENT_3D('',#5158,#5159,#5160);
#5162=CYLINDRICAL_SURFACE('',#5161,3.3235);
#5163=CARTESIAN_POINT('',(-115.87650000000002,-99.200000000000017,15.0));
#5164=VERTEX_POINT('',#5163);
#5165=CARTESIAN_POINT('',(-119.20000000000002,-99.200000000000017,15.0));
#5166=DIRECTION('',(0.0,0.0,-1.0));
#5167=DIRECTION('',(1.0,0.0,0.0));
#5168=AXIS2_PLACEMENT_3D('',#5165,#5166,#5167);
#5169=CIRCLE('',#5168,3.3235);
#5170=EDGE_CURVE('',#5164,#5164,#5169,.T.);
#5171=ORIENTED_EDGE('',*,*,#5170,.F.);
#5172=EDGE_LOOP('',(#5171));
#5173=FACE_OUTER_BOUND('',#5172,.T.);
#5174=CARTESIAN_POINT('',(-119.20000000000002,-99.200000000000017,-5.0));
#5175=DIRECTION('',(0.0,0.0,1.0));
#5176=DIRECTION('',(1.0,0.0,0.0));
#5177=AXIS2_PLACEMENT_3D('',#5174,#5175,#5176);
#5178=CIRCLE('',#5177,3.323499999999997);
#5179=EDGE_CURVE('',#5132,#5134,#5178,.T.);
#5180=ORIENTED_EDGE('',*,*,#5179,.F.);
#5181=ORIENTED_EDGE('',*,*,#5153,.F.);
#5182=EDGE_LOOP('',(#5180,#5181));
#5183=FACE_BOUND('',#5182,.T.);
#5184=ADVANCED_FACE('',(#5173,#5183),#5162,.F.);
#5185=CARTESIAN_POINT('',(119.20000000000002,-99.200000000000017,-5.998480133669046));
#5186=DIRECTION('',(0.0,0.0,1.0));
#5187=DIRECTION('',(1.0,0.0,0.0));
#5188=AXIS2_PLACEMENT_3D('',#5185,#5186,#5187);
#5189=CONICAL_SURFACE('',#5188,1.66175,59.000000000000007);
#5190=CARTESIAN_POINT('',(115.94139964095405,-98.546413012655933,-5.0));
#5191=VERTEX_POINT('',#5190);
#5192=CARTESIAN_POINT('',(118.54641301265589,-95.941399640954046,-5.0));
#5193=VERTEX_POINT('',#5192);
#5194=CARTESIAN_POINT('',(115.94139964095405,-98.546413012655933,-4.999999999999996));
#5195=CARTESIAN_POINT('',(116.0333978926998,-98.465625530073012,-5.04465259284564));
#5196=CARTESIAN_POINT('',(116.12529442473829,-98.383827061319181,-5.086572125245863));
#5197=CARTESIAN_POINT('',(116.56777576711492,-97.984581679975406,-5.271885348648048));
#5198=CARTESIAN_POINT('',(116.91975649519594,-97.651264557136813,-5.370131956571346));
#5199=CARTESIAN_POINT('',(117.65126455713677,-96.919756495195983,-5.370131956571348));
#5200=CARTESIAN_POINT('',(117.98458167997536,-96.567775767114981,-5.271885348648048));
#5201=CARTESIAN_POINT('',(118.38382706131912,-96.1252944247383,-5.086572125245864));
#5202=CARTESIAN_POINT('',(118.465625530073,-96.033397892699796,-5.044652592845647));
#5203=CARTESIAN_POINT('',(118.5464130126559,-95.941399640954046,-5.000000000000001));
#5204=B_SPLINE_CURVE_WITH_KNOTS('',3,(#5194,#5195,#5196,#5197,#5198,#5199,#5200,#5201,#5202,#5203),.UNSPECIFIED.,.F.,.U.,(4,2,2,2,4),(2.001235762129423,2.04196831077207,2.197144604099361,2.352320897426652,2.393053446069303),.UNSPECIFIED.);
#5205=EDGE_CURVE('',#5191,#5193,#5204,.T.);
#5206=ORIENTED_EDGE('',*,*,#5205,.T.);
#5207=CARTESIAN_POINT('',(119.20000000000002,-99.200000000000017,-5.0));
#5208=DIRECTION('',(0.0,0.0,1.0));
#5209=DIRECTION('',(1.0,0.0,0.0));
#5210=AXIS2_PLACEMENT_3D('',#5207,#5208,#5209);
#5211=CIRCLE('',#5210,3.3235);
#5212=EDGE_CURVE('',#5193,#5191,#5211,.T.);
#5213=ORIENTED_EDGE('',*,*,#5212,.T.);
#5214=EDGE_LOOP('',(#5206,#5213));
#5215=FACE_OUTER_BOUND('',#5214,.T.);
#5216=ADVANCED_FACE('',(#5215),#5189,.F.);
#5217=CARTESIAN_POINT('',(119.20000000000002,-99.200000000000017,5.0));
#5218=DIRECTION('',(0.0,0.0,1.0));
#5219=DIRECTION('',(1.0,0.0,0.0));
#5220=AXIS2_PLACEMENT_3D('',#5217,#5218,#5219);
#5221=CYLINDRICAL_SURFACE('',#5220,3.3235);
#5222=CARTESIAN_POINT('',(122.52350000000001,-99.200000000000017,15.0));
#5223=VERTEX_POINT('',#5222);
#5224=CARTESIAN_POINT('',(119.20000000000002,-99.200000000000017,15.0));
#5225=DIRECTION('',(0.0,0.0,-1.0));
#5226=DIRECTION('',(1.0,0.0,0.0));
#5227=AXIS2_PLACEMENT_3D('',#5224,#5225,#5226);
#5228=CIRCLE('',#5227,3.3235);
#5229=EDGE_CURVE('',#5223,#5223,#5228,.T.);
#5230=ORIENTED_EDGE('',*,*,#5229,.F.);
#5231=EDGE_LOOP('',(#5230));
#5232=FACE_OUTER_BOUND('',#5231,.T.);
#5233=CARTESIAN_POINT('',(119.20000000000002,-99.200000000000017,-5.0));
#5234=DIRECTION('',(0.0,0.0,1.0));
#5235=DIRECTION('',(1.0,0.0,0.0));
#5236=AXIS2_PLACEMENT_3D('',#5233,#5234,#5235);
#5237=CIRCLE('',#5236,3.323499999999997);
#5238=EDGE_CURVE('',#5191,#5193,#5237,.T.);
#5239=ORIENTED_EDGE('',*,*,#5238,.F.);
#5240=ORIENTED_EDGE('',*,*,#5212,.F.);
#5241=EDGE_LOOP('',(#5239,#5240));
#5242=FACE_BOUND('',#5241,.T.);
#5243=ADVANCED_FACE('',(#5232,#5242),#5221,.F.);
#5244=CARTESIAN_POINT('',(119.20000000000002,99.200000000000017,-5.998480133669046));
#5245=DIRECTION('',(0.0,0.0,1.0));
#5246=DIRECTION('',(1.0,0.0,0.0));
#5247=AXIS2_PLACEMENT_3D('',#5244,#5245,#5246);
#5248=CONICAL_SURFACE('',#5247,1.66175,59.000000000000007);
#5249=ORIENTED_EDGE('',*,*,#3442,.T.);
#5250=CARTESIAN_POINT('',(119.20000000000002,99.200000000000017,-5.0));
#5251=DIRECTION('',(0.0,0.0,1.0));
#5252=DIRECTION('',(1.0,0.0,0.0));
#5253=AXIS2_PLACEMENT_3D('',#5250,#5251,#5252);
#5254=CIRCLE('',#5253,3.3235);
#5255=EDGE_CURVE('',#3421,#3430,#5254,.T.);
#5256=ORIENTED_EDGE('',*,*,#5255,.T.);
#5257=EDGE_LOOP('',(#5249,#5256));
#5258=FACE_OUTER_BOUND('',#5257,.T.);
#5259=ADVANCED_FACE('',(#5258),#5248,.F.);
#5260=CARTESIAN_POINT('',(119.20000000000002,99.200000000000017,5.0));
#5261=DIRECTION('',(0.0,0.0,1.0));
#5262=DIRECTION('',(1.0,0.0,0.0));
#5263=AXIS2_PLACEMENT_3D('',#5260,#5261,#5262);
#5264=CYLINDRICAL_SURFACE('',#5263,3.3235);
#5265=CARTESIAN_POINT('',(122.52350000000001,99.200000000000017,15.0));
#5266=VERTEX_POINT('',#5265);
#5267=CARTESIAN_POINT('',(119.20000000000002,99.200000000000017,15.0));
#5268=DIRECTION('',(0.0,0.0,-1.0));
#5269=DIRECTION('',(1.0,0.0,0.0));
#5270=AXIS2_PLACEMENT_3D('',#5267,#5268,#5269);
#5271=CIRCLE('',#5270,3.3235);
#5272=EDGE_CURVE('',#5266,#5266,#5271,.T.);
#5273=ORIENTED_EDGE('',*,*,#5272,.F.);
#5274=EDGE_LOOP('',(#5273));
#5275=FACE_OUTER_BOUND('',#5274,.T.);
#5276=CARTESIAN_POINT('',(119.20000000000002,99.200000000000017,-5.0));
#5277=DIRECTION('',(0.0,0.0,1.0));
#5278=DIRECTION('',(1.0,0.0,0.0));
#5279=AXIS2_PLACEMENT_3D('',#5276,#5277,#5278);
#5280=CIRCLE('',#5279,3.323499999999997);
#5281=EDGE_CURVE('',#3430,#3421,#5280,.T.);
#5282=ORIENTED_EDGE('',*,*,#5281,.F.);
#5283=ORIENTED_EDGE('',*,*,#5255,.F.);
#5284=EDGE_LOOP('',(#5282,#5283));
#5285=FACE_BOUND('',#5284,.T.);
#5286=ADVANCED_FACE('',(#5275,#5285),#5264,.F.);
#5287=CARTESIAN_POINT('',(-119.20000000000002,99.200000000000017,-5.998480133669046));
#5288=DIRECTION('',(0.0,0.0,1.0));
#5289=DIRECTION('',(1.0,0.0,0.0));
#5290=AXIS2_PLACEMENT_3D('',#5287,#5288,#5289);
#5291=CONICAL_SURFACE('',#5290,1.66175,59.000000000000007);
#5292=ORIENTED_EDGE('',*,*,#3965,.T.);
#5293=CARTESIAN_POINT('',(-119.20000000000002,99.200000000000017,-5.0));
#5294=DIRECTION('',(0.0,0.0,1.0));
#5295=DIRECTION('',(1.0,0.0,0.0));
#5296=AXIS2_PLACEMENT_3D('',#5293,#5294,#5295);
#5297=CIRCLE('',#5296,3.3235);
#5298=EDGE_CURVE('',#3944,#3953,#5297,.T.);
#5299=ORIENTED_EDGE('',*,*,#5298,.T.);
#5300=EDGE_LOOP('',(#5292,#5299));
#5301=FACE_OUTER_BOUND('',#5300,.T.);
#5302=ADVANCED_FACE('',(#5301),#5291,.F.);
#5303=CARTESIAN_POINT('',(-119.20000000000002,99.200000000000017,5.0));
#5304=DIRECTION('',(0.0,0.0,1.0));
#5305=DIRECTION('',(1.0,0.0,0.0));
#5306=AXIS2_PLACEMENT_3D('',#5303,#5304,#5305);
#5307=CYLINDRICAL_SURFACE('',#5306,3.3235);
#5308=CARTESIAN_POINT('',(-115.87650000000002,99.200000000000017,15.0));
#5309=VERTEX_POINT('',#5308);
#5310=CARTESIAN_POINT('',(-119.20000000000002,99.200000000000017,15.0));
#5311=DIRECTION('',(0.0,0.0,-1.0));
#5312=DIRECTION('',(1.0,0.0,0.0));
#5313=AXIS2_PLACEMENT_3D('',#5310,#5311,#5312);
#5314=CIRCLE('',#5313,3.3235);
#5315=EDGE_CURVE('',#5309,#5309,#5314,.T.);
#5316=ORIENTED_EDGE('',*,*,#5315,.F.);
#5317=EDGE_LOOP('',(#5316));
#5318=FACE_OUTER_BOUND('',#5317,.T.);
#5319=CARTESIAN_POINT('',(-119.20000000000002,99.200000000000017,-5.0));
#5320=DIRECTION('',(0.0,0.0,1.0));
#5321=DIRECTION('',(1.0,0.0,0.0));
#5322=AXIS2_PLACEMENT_3D('',#5319,#5320,#5321);
#5323=CIRCLE('',#5322,3.323499999999997);
#5324=EDGE_CURVE('',#3953,#3944,#5323,.T.);
#5325=ORIENTED_EDGE('',*,*,#5324,.F.);
#5326=ORIENTED_EDGE('',*,*,#5298,.F.);
#5327=EDGE_LOOP('',(#5325,#5326));
#5328=FACE_BOUND('',#5327,.T.);
#5329=ADVANCED_FACE('',(#5318,#5328),#5307,.F.);
#5330=CARTESIAN_POINT('',(-127.25000000000001,35.000000000000007,-5.998480133669046));
#5331=DIRECTION('',(0.0,0.0,1.0));
#5332=DIRECTION('',(1.0,0.0,0.0));
#5333=AXIS2_PLACEMENT_3D('',#5330,#5331,#5332);
#5334=CONICAL_SURFACE('',#5333,1.66175,59.000000000000007);
#5335=ORIENTED_EDGE('',*,*,#4221,.F.);
#5336=CARTESIAN_POINT('',(-127.25000000000001,35.000000000000007,-5.0));
#5337=DIRECTION('',(0.0,0.0,1.0));
#5338=DIRECTION('',(1.0,0.0,0.0));
#5339=AXIS2_PLACEMENT_3D('',#5336,#5337,#5338);
#5340=CIRCLE('',#5339,3.3235);
#5341=EDGE_CURVE('',#4201,#4209,#5340,.T.);
#5342=ORIENTED_EDGE('',*,*,#5341,.T.);
#5343=EDGE_LOOP('',(#5335,#5342));
#5344=FACE_OUTER_BOUND('',#5343,.T.);
#5345=ADVANCED_FACE('',(#5344),#5334,.F.);
#5346=CARTESIAN_POINT('',(-127.25000000000001,35.000000000000007,5.0));
#5347=DIRECTION('',(0.0,0.0,1.0));
#5348=DIRECTION('',(1.0,0.0,0.0));
#5349=AXIS2_PLACEMENT_3D('',#5346,#5347,#5348);
#5350=CYLINDRICAL_SURFACE('',#5349,3.3235);
#5351=CARTESIAN_POINT('',(-123.92650000000002,35.000000000000007,15.0));
#5352=VERTEX_POINT('',#5351);
#5353=CARTESIAN_POINT('',(-127.25000000000001,35.000000000000007,15.0));
#5354=DIRECTION('',(0.0,0.0,-1.0));
#5355=DIRECTION('',(1.0,0.0,0.0));
#5356=AXIS2_PLACEMENT_3D('',#5353,#5354,#5355);
#5357=CIRCLE('',#5356,3.3235);
#5358=EDGE_CURVE('',#5352,#5352,#5357,.T.);
#5359=ORIENTED_EDGE('',*,*,#5358,.F.);
#5360=EDGE_LOOP('',(#5359));
#5361=FACE_OUTER_BOUND('',#5360,.T.);
#5362=ORIENTED_EDGE('',*,*,#5341,.F.);
#5363=CARTESIAN_POINT('',(-127.25000000000001,35.000000000000007,-5.0));
#5364=DIRECTION('',(0.0,0.0,1.0));
#5365=DIRECTION('',(1.0,0.0,0.0));
#5366=AXIS2_PLACEMENT_3D('',#5363,#5364,#5365);
#5367=CIRCLE('',#5366,3.323499999999997);
#5368=EDGE_CURVE('',#4209,#4201,#5367,.T.);
#5369=ORIENTED_EDGE('',*,*,#5368,.F.);
#5370=EDGE_LOOP('',(#5362,#5369));
#5371=FACE_BOUND('',#5370,.T.);
#5372=ADVANCED_FACE('',(#5361,#5371),#5350,.F.);
#5373=CARTESIAN_POINT('',(-127.25000000000001,-34.999999999999993,-5.998480133669046));
#5374=DIRECTION('',(0.0,0.0,1.0));
#5375=DIRECTION('',(1.0,0.0,0.0));
#5376=AXIS2_PLACEMENT_3D('',#5373,#5374,#5375);
#5377=CONICAL_SURFACE('',#5376,1.66175,59.000000000000007);
#5378=ORIENTED_EDGE('',*,*,#4101,.F.);
#5379=CARTESIAN_POINT('',(-127.25000000000001,-34.999999999999993,-5.0));
#5380=DIRECTION('',(0.0,0.0,1.0));
#5381=DIRECTION('',(1.0,0.0,0.0));
#5382=AXIS2_PLACEMENT_3D('',#5379,#5380,#5381);
#5383=CIRCLE('',#5382,3.3235);
#5384=EDGE_CURVE('',#4081,#4089,#5383,.T.);
#5385=ORIENTED_EDGE('',*,*,#5384,.T.);
#5386=EDGE_LOOP('',(#5378,#5385));
#5387=FACE_OUTER_BOUND('',#5386,.T.);
#5388=ADVANCED_FACE('',(#5387),#5377,.F.);
#5389=CARTESIAN_POINT('',(-127.25000000000001,-34.999999999999993,5.0));
#5390=DIRECTION('',(0.0,0.0,1.0));
#5391=DIRECTION('',(1.0,0.0,0.0));
#5392=AXIS2_PLACEMENT_3D('',#5389,#5390,#5391);
#5393=CYLINDRICAL_SURFACE('',#5392,3.3235);
#5394=CARTESIAN_POINT('',(-123.92650000000002,-34.999999999999993,15.0));
#5395=VERTEX_POINT('',#5394);
#5396=CARTESIAN_POINT('',(-127.25000000000001,-34.999999999999993,15.0));
#5397=DIRECTION('',(0.0,0.0,-1.0));
#5398=DIRECTION('',(1.0,0.0,0.0));
#5399=AXIS2_PLACEMENT_3D('',#5396,#5397,#5398);
#5400=CIRCLE('',#5399,3.3235);
#5401=EDGE_CURVE('',#5395,#5395,#5400,.T.);
#5402=ORIENTED_EDGE('',*,*,#5401,.F.);
#5403=EDGE_LOOP('',(#5402));
#5404=FACE_OUTER_BOUND('',#5403,.T.);
#5405=ORIENTED_EDGE('',*,*,#5384,.F.);
#5406=CARTESIAN_POINT('',(-127.25000000000001,-34.999999999999993,-5.0));
#5407=DIRECTION('',(0.0,0.0,1.0));
#5408=DIRECTION('',(1.0,0.0,0.0));
#5409=AXIS2_PLACEMENT_3D('',#5406,#5407,#5408);
#5410=CIRCLE('',#5409,3.323499999999997);
#5411=EDGE_CURVE('',#4089,#4081,#5410,.T.);
#5412=ORIENTED_EDGE('',*,*,#5411,.F.);
#5413=EDGE_LOOP('',(#5405,#5412));
#5414=FACE_BOUND('',#5413,.T.);
#5415=ADVANCED_FACE('',(#5404,#5414),#5393,.F.);
#5416=CARTESIAN_POINT('',(-60.0,-107.25000000000001,-5.998480133669046));
#5417=DIRECTION('',(0.0,0.0,1.0));
#5418=DIRECTION('',(1.0,0.0,0.0));
#5419=AXIS2_PLACEMENT_3D('',#5416,#5417,#5418);
#5420=CONICAL_SURFACE('',#5419,1.66175,59.000000000000007);
#5421=CARTESIAN_POINT('',(-57.977518575601856,-104.61272467535822,-5.0));
#5422=VERTEX_POINT('',#5421);
#5423=CARTESIAN_POINT('',(-62.02248142439813,-104.61272467535822,-5.0));
#5424=VERTEX_POINT('',#5423);
#5425=CARTESIAN_POINT('',(-57.977518575601934,-104.61272467535819,-5.000000000000016));
#5426=CARTESIAN_POINT('',(-60.000000000000007,-104.59992293126939,-5.733411427653557));
#5427=CARTESIAN_POINT('',(-62.022481424398073,-104.61272467535819,-5.00000000000001));
#5435=(BOUNDED_CURVE()B_SPLINE_CURVE(2,(#5425,#5426,#5427),.UNSPECIFIED.,.F.,.U.)B_SPLINE_CURVE_WITH_KNOTS((3,3),(0.0,0.412649158263991),.UNSPECIFIED.)CURVE()GEOMETRIC_REPRESENTATION_ITEM()RATIONAL_B_SPLINE_CURVE((1.0,1.254114470562152,1.0))REPRESENTATION_ITEM(''));
#5436=EDGE_CURVE('',#5422,#5424,#5435,.T.);
#5437=ORIENTED_EDGE('',*,*,#5436,.F.);
#5438=CARTESIAN_POINT('',(-60.0,-107.25000000000001,-5.0));
#5439=DIRECTION('',(0.0,0.0,1.0));
#5440=DIRECTION('',(1.0,0.0,0.0));
#5441=AXIS2_PLACEMENT_3D('',#5438,#5439,#5440);
#5442=CIRCLE('',#5441,3.3235);
#5443=EDGE_CURVE('',#5422,#5424,#5442,.T.);
#5444=ORIENTED_EDGE('',*,*,#5443,.T.);
#5445=EDGE_LOOP('',(#5437,#5444));
#5446=FACE_OUTER_BOUND('',#5445,.T.);
#5447=ADVANCED_FACE('',(#5446),#5420,.F.);
#5448=CARTESIAN_POINT('',(-60.0,-107.25000000000001,5.0));
#5449=DIRECTION('',(0.0,0.0,1.0));
#5450=DIRECTION('',(1.0,0.0,0.0));
#5451=AXIS2_PLACEMENT_3D('',#5448,#5449,#5450);
#5452=CYLINDRICAL_SURFACE('',#5451,3.3235);
#5453=CARTESIAN_POINT('',(-56.676500000000004,-107.25000000000001,15.0));
#5454=VERTEX_POINT('',#5453);
#5455=CARTESIAN_POINT('',(-60.0,-107.25000000000001,15.0));
#5456=DIRECTION('',(0.0,0.0,-1.0));
#5457=DIRECTION('',(1.0,0.0,0.0));
#5458=AXIS2_PLACEMENT_3D('',#5455,#5456,#5457);
#5459=CIRCLE('',#5458,3.3235);
#5460=EDGE_CURVE('',#5454,#5454,#5459,.T.);
#5461=ORIENTED_EDGE('',*,*,#5460,.F.);
#5462=EDGE_LOOP('',(#5461));
#5463=FACE_OUTER_BOUND('',#5462,.T.);
#5464=CARTESIAN_POINT('',(-60.0,-107.25000000000001,-5.0));
#5465=DIRECTION('',(0.0,0.0,1.0));
#5466=DIRECTION('',(1.0,0.0,0.0));
#5467=AXIS2_PLACEMENT_3D('',#5464,#5465,#5466);
#5468=CIRCLE('',#5467,3.323499999999997);
#5469=EDGE_CURVE('',#5424,#5422,#5468,.T.);
#5470=ORIENTED_EDGE('',*,*,#5469,.F.);
#5471=ORIENTED_EDGE('',*,*,#5443,.F.);
#5472=EDGE_LOOP('',(#5470,#5471));
#5473=FACE_BOUND('',#5472,.T.);
#5474=ADVANCED_FACE('',(#5463,#5473),#5452,.F.);
#5475=CARTESIAN_POINT('',(0.0,-107.25000000000001,-5.998480133669046));
#5476=DIRECTION('',(0.0,0.0,1.0));
#5477=DIRECTION('',(1.0,0.0,0.0));
#5478=AXIS2_PLACEMENT_3D('',#5475,#5476,#5477);
#5479=CONICAL_SURFACE('',#5478,1.66175,59.000000000000007);
#5480=CARTESIAN_POINT('',(2.022481424398341,-104.61272467535836,-5.0));
#5481=VERTEX_POINT('',#5480);
#5482=CARTESIAN_POINT('',(-2.022481424398323,-104.61272467535836,-5.0));
#5483=VERTEX_POINT('',#5482);
#5484=CARTESIAN_POINT('',(2.022481424398329,-104.61272467535836,-5.00000000000001));
#5485=CARTESIAN_POINT('',(1.440669E-014,-104.59992293126956,-5.73341142765373));
#5486=CARTESIAN_POINT('',(-2.022481424398316,-104.61272467535835,-5.000000000000004));
#5494=(BOUNDED_CURVE()B_SPLINE_CURVE(2,(#5484,#5485,#5486),.UNSPECIFIED.,.F.,.U.)B_SPLINE_CURVE_WITH_KNOTS((3,3),(0.0,0.412649158264045),.UNSPECIFIED.)CURVE()GEOMETRIC_REPRESENTATION_ITEM()RATIONAL_B_SPLINE_CURVE((1.0,1.254114470562179,1.0))REPRESENTATION_ITEM(''));
#5495=EDGE_CURVE('',#5481,#5483,#5494,.T.);
#5496=ORIENTED_EDGE('',*,*,#5495,.F.);
#5497=CARTESIAN_POINT('',(0.0,-107.25000000000001,-5.0));
#5498=DIRECTION('',(0.0,0.0,1.0));
#5499=DIRECTION('',(1.0,0.0,0.0));
#5500=AXIS2_PLACEMENT_3D('',#5497,#5498,#5499);
#5501=CIRCLE('',#5500,3.3235);
#5502=EDGE_CURVE('',#5481,#5483,#5501,.T.);
#5503=ORIENTED_EDGE('',*,*,#5502,.T.);
#5504=EDGE_LOOP('',(#5496,#5503));
#5505=FACE_OUTER_BOUND('',#5504,.T.);
#5506=ADVANCED_FACE('',(#5505),#5479,.F.);
#5507=CARTESIAN_POINT('',(0.0,-107.25000000000001,5.0));
#5508=DIRECTION('',(0.0,0.0,1.0));
#5509=DIRECTION('',(1.0,0.0,0.0));
#5510=AXIS2_PLACEMENT_3D('',#5507,#5508,#5509);
#5511=CYLINDRICAL_SURFACE('',#5510,3.3235);
#5512=CARTESIAN_POINT('',(3.3235,-107.25000000000001,15.0));
#5513=VERTEX_POINT('',#5512);
#5514=CARTESIAN_POINT('',(0.0,-107.25000000000001,15.0));
#5515=DIRECTION('',(0.0,0.0,-1.0));
#5516=DIRECTION('',(1.0,0.0,0.0));
#5517=AXIS2_PLACEMENT_3D('',#5514,#5515,#5516);
#5518=CIRCLE('',#5517,3.3235);
#5519=EDGE_CURVE('',#5513,#5513,#5518,.T.);
#5520=ORIENTED_EDGE('',*,*,#5519,.F.);
#5521=EDGE_LOOP('',(#5520));
#5522=FACE_OUTER_BOUND('',#5521,.T.);
#5523=CARTESIAN_POINT('',(0.0,-107.25000000000001,-5.0));
#5524=DIRECTION('',(0.0,0.0,1.0));
#5525=DIRECTION('',(1.0,0.0,0.0));
#5526=AXIS2_PLACEMENT_3D('',#5523,#5524,#5525);
#5527=CIRCLE('',#5526,3.323499999999997);
#5528=EDGE_CURVE('',#5483,#5481,#5527,.T.);
#5529=ORIENTED_EDGE('',*,*,#5528,.F.);
#5530=ORIENTED_EDGE('',*,*,#5502,.F.);
#5531=EDGE_LOOP('',(#5529,#5530));
#5532=FACE_BOUND('',#5531,.T.);
#5533=ADVANCED_FACE('',(#5522,#5532),#5511,.F.);
#5534=CARTESIAN_POINT('',(60.0,-107.25000000000001,-5.998480133669046));
#5535=DIRECTION('',(0.0,0.0,1.0));
#5536=DIRECTION('',(1.0,0.0,0.0));
#5537=AXIS2_PLACEMENT_3D('',#5534,#5535,#5536);
#5538=CONICAL_SURFACE('',#5537,1.66175,59.000000000000007);
#5539=CARTESIAN_POINT('',(62.022481424398528,-104.61272467535851,-5.0));
#5540=VERTEX_POINT('',#5539);
#5541=CARTESIAN_POINT('',(57.977518575601472,-104.61272467535851,-5.0));
#5542=VERTEX_POINT('',#5541);
#5543=CARTESIAN_POINT('',(62.022481424398528,-104.61272467535852,-4.999999999999995));
#5544=CARTESIAN_POINT('',(59.999999999999993,-104.59992293126973,-5.733411427653867));
#5545=CARTESIAN_POINT('',(57.977518575601465,-104.61272467535851,-4.99999999999999));
#5553=(BOUNDED_CURVE()B_SPLINE_CURVE(2,(#5543,#5544,#5545),.UNSPECIFIED.,.F.,.U.)B_SPLINE_CURVE_WITH_KNOTS((3,3),(0.0,0.412649158264091),.UNSPECIFIED.)CURVE()GEOMETRIC_REPRESENTATION_ITEM()RATIONAL_B_SPLINE_CURVE((1.0,1.254114470562423,1.0))REPRESENTATION_ITEM(''));
#5554=EDGE_CURVE('',#5540,#5542,#5553,.T.);
#5555=ORIENTED_EDGE('',*,*,#5554,.F.);
#5556=CARTESIAN_POINT('',(60.0,-107.25000000000001,-5.0));
#5557=DIRECTION('',(0.0,0.0,1.0));
#5558=DIRECTION('',(1.0,0.0,0.0));
#5559=AXIS2_PLACEMENT_3D('',#5556,#5557,#5558);
#5560=CIRCLE('',#5559,3.3235);
#5561=EDGE_CURVE('',#5540,#5542,#5560,.T.);
#5562=ORIENTED_EDGE('',*,*,#5561,.T.);
#5563=EDGE_LOOP('',(#5555,#5562));
#5564=FACE_OUTER_BOUND('',#5563,.T.);
#5565=ADVANCED_FACE('',(#5564),#5538,.F.);
#5566=CARTESIAN_POINT('',(60.0,-107.25000000000001,5.0));
#5567=DIRECTION('',(0.0,0.0,1.0));
#5568=DIRECTION('',(1.0,0.0,0.0));
#5569=AXIS2_PLACEMENT_3D('',#5566,#5567,#5568);
#5570=CYLINDRICAL_SURFACE('',#5569,3.3235);
#5571=CARTESIAN_POINT('',(63.323499999999996,-107.25000000000001,15.0));
#5572=VERTEX_POINT('',#5571);
#5573=CARTESIAN_POINT('',(60.0,-107.25000000000001,15.0));
#5574=DIRECTION('',(0.0,0.0,-1.0));
#5575=DIRECTION('',(1.0,0.0,0.0));
#5576=AXIS2_PLACEMENT_3D('',#5573,#5574,#5575);
#5577=CIRCLE('',#5576,3.3235);
#5578=EDGE_CURVE('',#5572,#5572,#5577,.T.);
#5579=ORIENTED_EDGE('',*,*,#5578,.F.);
#5580=EDGE_LOOP('',(#5579));
#5581=FACE_OUTER_BOUND('',#5580,.T.);
#5582=CARTESIAN_POINT('',(60.0,-107.25000000000001,-5.0));
#5583=DIRECTION('',(0.0,0.0,1.0));
#5584=DIRECTION('',(1.0,0.0,0.0));
#5585=AXIS2_PLACEMENT_3D('',#5582,#5583,#5584);
#5586=CIRCLE('',#5585,3.323499999999997);
#5587=EDGE_CURVE('',#5542,#5540,#5586,.T.);
#5588=ORIENTED_EDGE('',*,*,#5587,.F.);
#5589=ORIENTED_EDGE('',*,*,#5561,.F.);
#5590=EDGE_LOOP('',(#5588,#5589));
#5591=FACE_BOUND('',#5590,.T.);
#5592=ADVANCED_FACE('',(#5581,#5591),#5570,.F.);
#5593=CARTESIAN_POINT('',(127.25000000000001,-35.0,-5.998480133669046));
#5594=DIRECTION('',(0.0,0.0,1.0));
#5595=DIRECTION('',(1.0,0.0,0.0));
#5596=AXIS2_PLACEMENT_3D('',#5593,#5594,#5595);
#5597=CONICAL_SURFACE('',#5596,1.66175,59.000000000000007);
#5598=CARTESIAN_POINT('',(124.61272467535848,-32.977518575601529,-5.0));
#5599=VERTEX_POINT('',#5598);
#5600=CARTESIAN_POINT('',(124.61272467535848,-37.022481424398464,-5.0));
#5601=VERTEX_POINT('',#5600);
#5602=CARTESIAN_POINT('',(124.61272467535846,-32.977518575601565,-4.999999999999999));
#5603=CARTESIAN_POINT('',(124.59992293126966,-35.0,-5.733411427653808));
#5604=CARTESIAN_POINT('',(124.61272467535846,-37.022481424398443,-4.999999999999995));
#5612=(BOUNDED_CURVE()B_SPLINE_CURVE(2,(#5602,#5603,#5604),.UNSPECIFIED.,.F.,.U.)B_SPLINE_CURVE_WITH_KNOTS((3,3),(0.0,0.412649158264071),.UNSPECIFIED.)CURVE()GEOMETRIC_REPRESENTATION_ITEM()RATIONAL_B_SPLINE_CURVE((1.0,1.254114470562348,1.0))REPRESENTATION_ITEM(''));
#5613=EDGE_CURVE('',#5599,#5601,#5612,.T.);
#5614=ORIENTED_EDGE('',*,*,#5613,.F.);
#5615=CARTESIAN_POINT('',(127.25000000000001,-35.0,-5.0));
#5616=DIRECTION('',(0.0,0.0,1.0));
#5617=DIRECTION('',(1.0,0.0,0.0));
#5618=AXIS2_PLACEMENT_3D('',#5615,#5616,#5617);
#5619=CIRCLE('',#5618,3.3235);
#5620=EDGE_CURVE('',#5599,#5601,#5619,.T.);
#5621=ORIENTED_EDGE('',*,*,#5620,.T.);
#5622=EDGE_LOOP('',(#5614,#5621));
#5623=FACE_OUTER_BOUND('',#5622,.T.);
#5624=ADVANCED_FACE('',(#5623),#5597,.F.);
#5625=CARTESIAN_POINT('',(127.25000000000001,-35.0,5.0));
#5626=DIRECTION('',(0.0,0.0,1.0));
#5627=DIRECTION('',(1.0,0.0,0.0));
#5628=AXIS2_PLACEMENT_3D('',#5625,#5626,#5627);
#5629=CYLINDRICAL_SURFACE('',#5628,3.3235);
#5630=CARTESIAN_POINT('',(130.57350000000002,-35.0,15.0));
#5631=VERTEX_POINT('',#5630);
#5632=CARTESIAN_POINT('',(127.25000000000001,-35.0,15.0));
#5633=DIRECTION('',(0.0,0.0,-1.0));
#5634=DIRECTION('',(1.0,0.0,0.0));
#5635=AXIS2_PLACEMENT_3D('',#5632,#5633,#5634);
#5636=CIRCLE('',#5635,3.3235);
#5637=EDGE_CURVE('',#5631,#5631,#5636,.T.);
#5638=ORIENTED_EDGE('',*,*,#5637,.F.);
#5639=EDGE_LOOP('',(#5638));
#5640=FACE_OUTER_BOUND('',#5639,.T.);
#5641=CARTESIAN_POINT('',(127.25000000000001,-35.0,-5.0));
#5642=DIRECTION('',(0.0,0.0,1.0));
#5643=DIRECTION('',(1.0,0.0,0.0));
#5644=AXIS2_PLACEMENT_3D('',#5641,#5642,#5643);
#5645=CIRCLE('',#5644,3.323499999999997);
#5646=EDGE_CURVE('',#5601,#5599,#5645,.T.);
#5647=ORIENTED_EDGE('',*,*,#5646,.F.);
#5648=ORIENTED_EDGE('',*,*,#5620,.F.);
#5649=EDGE_LOOP('',(#5647,#5648));
#5650=FACE_BOUND('',#5649,.T.);
#5651=ADVANCED_FACE('',(#5640,#5650),#5629,.F.);
#5652=CARTESIAN_POINT('',(127.25000000000001,35.0,-5.998480133669046));
#5653=DIRECTION('',(0.0,0.0,1.0));
#5654=DIRECTION('',(1.0,0.0,0.0));
#5655=AXIS2_PLACEMENT_3D('',#5652,#5653,#5654);
#5656=CONICAL_SURFACE('',#5655,1.66175,59.000000000000007);
#5657=CARTESIAN_POINT('',(124.61272467535862,37.022481424398656,-5.0));
#5658=VERTEX_POINT('',#5657);
#5659=CARTESIAN_POINT('',(124.61272467535862,32.977518575601358,-5.0));
#5660=VERTEX_POINT('',#5659);
#5661=CARTESIAN_POINT('',(124.61272467535861,37.022481424398634,-4.999999999999998));
#5662=CARTESIAN_POINT('',(124.5999229312698,35.000000000000014,-5.733411427653942));
#5663=CARTESIAN_POINT('',(124.61272467535861,32.97751857560138,-4.999999999999994));
#5671=(BOUNDED_CURVE()B_SPLINE_CURVE(2,(#5661,#5662,#5663),.UNSPECIFIED.,.F.,.U.)B_SPLINE_CURVE_WITH_KNOTS((3,3),(0.0,0.412649158264111),.UNSPECIFIED.)CURVE()GEOMETRIC_REPRESENTATION_ITEM()RATIONAL_B_SPLINE_CURVE((1.0,1.254114470562425,1.0))REPRESENTATION_ITEM(''));
#5672=EDGE_CURVE('',#5658,#5660,#5671,.T.);
#5673=ORIENTED_EDGE('',*,*,#5672,.F.);
#5674=CARTESIAN_POINT('',(127.25000000000001,35.0,-5.0));
#5675=DIRECTION('',(0.0,0.0,1.0));
#5676=DIRECTION('',(1.0,0.0,0.0));
#5677=AXIS2_PLACEMENT_3D('',#5674,#5675,#5676);
#5678=CIRCLE('',#5677,3.3235);
#5679=EDGE_CURVE('',#5658,#5660,#5678,.T.);
#5680=ORIENTED_EDGE('',*,*,#5679,.T.);
#5681=EDGE_LOOP('',(#5673,#5680));
#5682=FACE_OUTER_BOUND('',#5681,.T.);
#5683=ADVANCED_FACE('',(#5682),#5656,.F.);
#5684=CARTESIAN_POINT('',(127.25000000000001,35.0,5.0));
#5685=DIRECTION('',(0.0,0.0,1.0));
#5686=DIRECTION('',(1.0,0.0,0.0));
#5687=AXIS2_PLACEMENT_3D('',#5684,#5685,#5686);
#5688=CYLINDRICAL_SURFACE('',#5687,3.3235);
#5689=CARTESIAN_POINT('',(130.57350000000002,35.0,15.0));
#5690=VERTEX_POINT('',#5689);
#5691=CARTESIAN_POINT('',(127.25000000000001,35.0,15.0));
#5692=DIRECTION('',(0.0,0.0,-1.0));
#5693=DIRECTION('',(1.0,0.0,0.0));
#5694=AXIS2_PLACEMENT_3D('',#5691,#5692,#5693);
#5695=CIRCLE('',#5694,3.3235);
#5696=EDGE_CURVE('',#5690,#5690,#5695,.T.);
#5697=ORIENTED_EDGE('',*,*,#5696,.F.);
#5698=EDGE_LOOP('',(#5697));
#5699=FACE_OUTER_BOUND('',#5698,.T.);
#5700=CARTESIAN_POINT('',(127.25000000000001,35.0,-5.0));
#5701=DIRECTION('',(0.0,0.0,1.0));
#5702=DIRECTION('',(1.0,0.0,0.0));
#5703=AXIS2_PLACEMENT_3D('',#5700,#5701,#5702);
#5704=CIRCLE('',#5703,3.323499999999997);
#5705=EDGE_CURVE('',#5660,#5658,#5704,.T.);
#5706=ORIENTED_EDGE('',*,*,#5705,.F.);
#5707=ORIENTED_EDGE('',*,*,#5679,.F.);
#5708=EDGE_LOOP('',(#5706,#5707));
#5709=FACE_BOUND('',#5708,.T.);
#5710=ADVANCED_FACE('',(#5699,#5709),#5688,.F.);
#5711=CARTESIAN_POINT('',(60.0,107.25000000000001,-5.998480133669046));
#5712=DIRECTION('',(0.0,0.0,1.0));
#5713=DIRECTION('',(1.0,0.0,0.0));
#5714=AXIS2_PLACEMENT_3D('',#5711,#5712,#5713);
#5715=CONICAL_SURFACE('',#5714,1.66175,59.000000000000007);
#5716=ORIENTED_EDGE('',*,*,#3817,.F.);
#5717=CARTESIAN_POINT('',(60.0,107.25000000000001,-5.0));
#5718=DIRECTION('',(0.0,0.0,1.0));
#5719=DIRECTION('',(1.0,0.0,0.0));
#5720=AXIS2_PLACEMENT_3D('',#5717,#5718,#5719);
#5721=CIRCLE('',#5720,3.3235);
#5722=EDGE_CURVE('',#3797,#3805,#5721,.T.);
#5723=ORIENTED_EDGE('',*,*,#5722,.T.);
#5724=EDGE_LOOP('',(#5716,#5723));
#5725=FACE_OUTER_BOUND('',#5724,.T.);
#5726=ADVANCED_FACE('',(#5725),#5715,.F.);
#5727=CARTESIAN_POINT('',(60.0,107.25000000000001,5.0));
#5728=DIRECTION('',(0.0,0.0,1.0));
#5729=DIRECTION('',(1.0,0.0,0.0));
#5730=AXIS2_PLACEMENT_3D('',#5727,#5728,#5729);
#5731=CYLINDRICAL_SURFACE('',#5730,3.3235);
#5732=CARTESIAN_POINT('',(63.323499999999996,107.25000000000001,15.0));
#5733=VERTEX_POINT('',#5732);
#5734=CARTESIAN_POINT('',(60.0,107.25000000000001,15.0));
#5735=DIRECTION('',(0.0,0.0,-1.0));
#5736=DIRECTION('',(1.0,0.0,0.0));
#5737=AXIS2_PLACEMENT_3D('',#5734,#5735,#5736);
#5738=CIRCLE('',#5737,3.3235);
#5739=EDGE_CURVE('',#5733,#5733,#5738,.T.);
#5740=ORIENTED_EDGE('',*,*,#5739,.F.);
#5741=EDGE_LOOP('',(#5740));
#5742=FACE_OUTER_BOUND('',#5741,.T.);
#5743=CARTESIAN_POINT('',(60.0,107.25000000000001,-5.0));
#5744=DIRECTION('',(0.0,0.0,1.0));
#5745=DIRECTION('',(1.0,0.0,0.0));
#5746=AXIS2_PLACEMENT_3D('',#5743,#5744,#5745);
#5747=CIRCLE('',#5746,3.323499999999997);
#5748=EDGE_CURVE('',#3805,#3797,#5747,.T.);
#5749=ORIENTED_EDGE('',*,*,#5748,.F.);
#5750=ORIENTED_EDGE('',*,*,#5722,.F.);
#5751=EDGE_LOOP('',(#5749,#5750));
#5752=FACE_BOUND('',#5751,.T.);
#5753=ADVANCED_FACE('',(#5742,#5752),#5731,.F.);
#5754=CARTESIAN_POINT('',(0.0,107.25000000000001,-5.998480133669046));
#5755=DIRECTION('',(0.0,0.0,1.0));
#5756=DIRECTION('',(1.0,0.0,0.0));
#5757=AXIS2_PLACEMENT_3D('',#5754,#5755,#5756);
#5758=CONICAL_SURFACE('',#5757,1.66175,59.000000000000007);
#5759=ORIENTED_EDGE('',*,*,#3697,.F.);
#5760=CARTESIAN_POINT('',(0.0,107.25000000000001,-5.0));
#5761=DIRECTION('',(0.0,0.0,1.0));
#5762=DIRECTION('',(1.0,0.0,0.0));
#5763=AXIS2_PLACEMENT_3D('',#5760,#5761,#5762);
#5764=CIRCLE('',#5763,3.3235);
#5765=EDGE_CURVE('',#3677,#3685,#5764,.T.);
#5766=ORIENTED_EDGE('',*,*,#5765,.T.);
#5767=EDGE_LOOP('',(#5759,#5766));
#5768=FACE_OUTER_BOUND('',#5767,.T.);
#5769=ADVANCED_FACE('',(#5768),#5758,.F.);
#5770=CARTESIAN_POINT('',(0.0,107.25000000000001,5.0));
#5771=DIRECTION('',(0.0,0.0,1.0));
#5772=DIRECTION('',(1.0,0.0,0.0));
#5773=AXIS2_PLACEMENT_3D('',#5770,#5771,#5772);
#5774=CYLINDRICAL_SURFACE('',#5773,3.3235);
#5775=CARTESIAN_POINT('',(3.3235,107.25000000000001,15.0));
#5776=VERTEX_POINT('',#5775);
#5777=CARTESIAN_POINT('',(0.0,107.25000000000001,15.0));
#5778=DIRECTION('',(0.0,0.0,-1.0));
#5779=DIRECTION('',(1.0,0.0,0.0));
#5780=AXIS2_PLACEMENT_3D('',#5777,#5778,#5779);
#5781=CIRCLE('',#5780,3.3235);
#5782=EDGE_CURVE('',#5776,#5776,#5781,.T.);
#5783=ORIENTED_EDGE('',*,*,#5782,.F.);
#5784=EDGE_LOOP('',(#5783));
#5785=FACE_OUTER_BOUND('',#5784,.T.);
#5786=CARTESIAN_POINT('',(0.0,107.25000000000001,-5.0));
#5787=DIRECTION('',(0.0,0.0,1.0));
#5788=DIRECTION('',(1.0,0.0,0.0));
#5789=AXIS2_PLACEMENT_3D('',#5786,#5787,#5788);
#5790=CIRCLE('',#5789,3.323499999999997);
#5791=EDGE_CURVE('',#3685,#3677,#5790,.T.);
#5792=ORIENTED_EDGE('',*,*,#5791,.F.);
#5793=ORIENTED_EDGE('',*,*,#5765,.F.);
#5794=EDGE_LOOP('',(#5792,#5793));
#5795=FACE_BOUND('',#5794,.T.);
#5796=ADVANCED_FACE('',(#5785,#5795),#5774,.F.);
#5797=CARTESIAN_POINT('',(-60.0,107.25000000000001,-5.998480133669046));
#5798=DIRECTION('',(0.0,0.0,1.0));
#5799=DIRECTION('',(1.0,0.0,0.0));
#5800=AXIS2_PLACEMENT_3D('',#5797,#5798,#5799);
#5801=CONICAL_SURFACE('',#5800,1.66175,59.000000000000007);
#5802=ORIENTED_EDGE('',*,*,#3577,.F.);
#5803=CARTESIAN_POINT('',(-60.0,107.25000000000001,-5.0));
#5804=DIRECTION('',(0.0,0.0,1.0));
#5805=DIRECTION('',(1.0,0.0,0.0));
#5806=AXIS2_PLACEMENT_3D('',#5803,#5804,#5805);
#5807=CIRCLE('',#5806,3.3235);
#5808=EDGE_CURVE('',#3557,#3565,#5807,.T.);
#5809=ORIENTED_EDGE('',*,*,#5808,.T.);
#5810=EDGE_LOOP('',(#5802,#5809));
#5811=FACE_OUTER_BOUND('',#5810,.T.);
#5812=ADVANCED_FACE('',(#5811),#5801,.F.);
#5813=CARTESIAN_POINT('',(-60.0,107.25000000000001,5.0));
#5814=DIRECTION('',(0.0,0.0,1.0));
#5815=DIRECTION('',(1.0,0.0,0.0));
#5816=AXIS2_PLACEMENT_3D('',#5813,#5814,#5815);
#5817=CYLINDRICAL_SURFACE('',#5816,3.3235);
#5818=CARTESIAN_POINT('',(-56.676500000000004,107.25000000000001,15.0));
#5819=VERTEX_POINT('',#5818);
#5820=CARTESIAN_POINT('',(-60.0,107.25000000000001,15.0));
#5821=DIRECTION('',(0.0,0.0,-1.0));
#5822=DIRECTION('',(1.0,0.0,0.0));
#5823=AXIS2_PLACEMENT_3D('',#5820,#5821,#5822);
#5824=CIRCLE('',#5823,3.3235);
#5825=EDGE_CURVE('',#5819,#5819,#5824,.T.);
#5826=ORIENTED_EDGE('',*,*,#5825,.F.);
#5827=EDGE_LOOP('',(#5826));
#5828=FACE_OUTER_BOUND('',#5827,.T.);
#5829=CARTESIAN_POINT('',(-60.0,107.25000000000001,-5.0));
#5830=DIRECTION('',(0.0,0.0,1.0));
#5831=DIRECTION('',(1.0,0.0,0.0));
#5832=AXIS2_PLACEMENT_3D('',#5829,#5830,#5831);
#5833=CIRCLE('',#5832,3.323499999999997);
#5834=EDGE_CURVE('',#3565,#3557,#5833,.T.);
#5835=ORIENTED_EDGE('',*,*,#5834,.F.);
#5836=ORIENTED_EDGE('',*,*,#5808,.F.);
#5837=EDGE_LOOP('',(#5835,#5836));
#5838=FACE_BOUND('',#5837,.T.);
#5839=ADVANCED_FACE('',(#5828,#5838),#5817,.F.);
#5840=CARTESIAN_POINT('',(-99.679538310155323,-79.679538310154697,-0.954077731323936));
#5841=DIRECTION('',(0.017449749160683,0.017449749160683,-0.999695459881888));
#5842=DIRECTION('',(-0.706891438803888,-0.706891438803886,-0.024677671923046));
#5843=AXIS2_PLACEMENT_3D('',#5840,#5841,#5842);
#5844=CYLINDRICAL_SURFACE('',#5843,25.0);
#5845=ORIENTED_EDGE('',*,*,#3360,.F.);
#5846=CARTESIAN_POINT('',(-97.863409981439361,-102.85960236034845,-105.43631016093212));
#5847=DIRECTION('',(-0.017449749160683,-0.017449749160683,0.999695459881887));
#5848=VECTOR('',#5847,105.46842952891801);
#5849=LINE('',#5846,#5848);
#5850=EDGE_CURVE('',#1640,#491,#5849,.T.);
#5851=ORIENTED_EDGE('',*,*,#5850,.T.);
#5852=ORIENTED_EDGE('',*,*,#497,.T.);
#5853=CARTESIAN_POINT('',(-110.90892311470415,-101.99861941717272,-1.895328091620526));
#5854=VERTEX_POINT('',#5853);
#5855=CARTESIAN_POINT('',(-109.09739925666949,-102.86816560123535,9.540979E-017));
#5856=CARTESIAN_POINT('',(-109.3285960992519,-102.77442450832089,7.398422E-016));
#5857=CARTESIAN_POINT('',(-109.5559081171865,-102.6769549707938,-0.046604735608));
#5858=CARTESIAN_POINT('',(-109.99018804487503,-102.48124375834102,-0.232218531682417));
#5859=CARTESIAN_POINT('',(-110.19148757682088,-102.38512934722351,-0.373737187532961));
#5860=CARTESIAN_POINT('',(-110.5320142316518,-102.21520082309331,-0.734329026875328));
#5861=CARTESIAN_POINT('',(-110.66798371119378,-102.14308480231894,-0.950564150316174));
#5862=CARTESIAN_POINT('',(-110.84952170690391,-102.04127755955483,-1.412849685929287));
#5863=CARTESIAN_POINT('',(-110.89925300018567,-102.00987590209118,-1.651809759564801));
#5864=CARTESIAN_POINT('',(-110.90892311454168,-101.99861941736182,-1.895328091635717));
#5865=B_SPLINE_CURVE_WITH_KNOTS('',3,(#5855,#5856,#5857,#5858,#5859,#5860,#5861,#5862,#5863,#5864),.UNSPECIFIED.,.F.,.U.,(4,2,2,2,4),(1.577138174537161,1.652035345481505,1.730501013510458,1.809320970479821,1.882600960214381),.UNSPECIFIED.);
#5866=EDGE_CURVE('',#482,#5854,#5865,.T.);
#5867=ORIENTED_EDGE('',*,*,#5866,.T.);
#5868=CARTESIAN_POINT('',(-110.95698132132003,-101.94256606448901,-3.104671941410745));
#5869=VERTEX_POINT('',#5868);
#5870=CARTESIAN_POINT('',(-110.95698132017418,-101.94256606582815,-3.10467194152252));
#5871=CARTESIAN_POINT('',(-110.94095242289107,-101.96129854895402,-2.70162125891607));
#5872=CARTESIAN_POINT('',(-110.92492923348246,-101.9799875147809,-2.298403283988934));
#5873=CARTESIAN_POINT('',(-110.90892311470415,-101.99861941717272,-1.895328095726941));
#5874=B_SPLINE_CURVE_WITH_KNOTS('',3,(#5870,#5871,#5872,#5873),.UNSPECIFIED.,.F.,.U.,(4,4),(1.139319807403052,1.249472176383186),.UNSPECIFIED.);
#5875=EDGE_CURVE('',#5869,#5854,#5874,.T.);
#5876=ORIENTED_EDGE('',*,*,#5875,.F.);
#5877=CARTESIAN_POINT('',(-112.72902829330961,-100.89795551558596,-5.0));
#5878=VERTEX_POINT('',#5877);
#5879=CARTESIAN_POINT('',(-110.95698132017401,-101.94256606582833,-3.104671941518502));
#5880=CARTESIAN_POINT('',(-110.96581527833135,-101.93224209043339,-3.326803983777196));
#5881=CARTESIAN_POINT('',(-111.00805832832322,-101.90513768630808,-3.545473743430652));
#5882=CARTESIAN_POINT('',(-111.16754700825715,-101.81123094438242,-3.991390099744875));
#5883=CARTESIAN_POINT('',(-111.29417471350013,-101.739652083647,-4.209258866503343));
#5884=CARTESIAN_POINT('',(-111.61484074745618,-101.55750680147372,-4.580517283825004));
#5885=CARTESIAN_POINT('',(-111.8061799176801,-101.44834476352369,-4.728875929847662));
#5886=CARTESIAN_POINT('',(-112.23151881392964,-101.19971911711681,-4.938365664291053));
#5887=CARTESIAN_POINT('',(-112.46178770492419,-101.06218410663612,-4.994388309203997));
#5888=CARTESIAN_POINT('',(-112.70528589291499,-100.91257317613321,-4.999866650236823));
#5889=CARTESIAN_POINT('',(-112.71716117033174,-100.90526680131097,-4.999999999999996));
#5890=CARTESIAN_POINT('',(-112.72902829330954,-100.89795551558601,-4.999999999999996));
#5891=B_SPLINE_CURVE_WITH_KNOTS('',3,(#5879,#5880,#5881,#5882,#5883,#5884,#5885,#5886,#5887,#5888,#5889,#5890),.UNSPECIFIED.,.F.,.U.,(4,2,2,2,2,4),(0.010488630697528,0.077405423130933,0.155306990873421,0.234310438127487,0.315719475865153,0.319895709510307),.UNSPECIFIED.);
#5892=EDGE_CURVE('',#5878,#5869,#5891,.F.);
#5893=ORIENTED_EDGE('',*,*,#5892,.F.);
#5894=CARTESIAN_POINT('',(-99.608916474261065,-79.60891647426044,-5.0));
#5895=DIRECTION('',(0.0,0.0,-1.0));
#5896=DIRECTION('',(-0.707106781186549,-0.707106781186546,0.0));
#5897=AXIS2_PLACEMENT_3D('',#5894,#5895,#5896);
#5898=ELLIPSE('',#5897,25.007615822276229,25.0);
#5899=EDGE_CURVE('',#5878,#5134,#5898,.T.);
#5900=ORIENTED_EDGE('',*,*,#5899,.T.);
#5901=ORIENTED_EDGE('',*,*,#5146,.F.);
#5902=CARTESIAN_POINT('',(-120.89795551558618,-92.729028293309653,-5.0));
#5903=VERTEX_POINT('',#5902);
#5904=CARTESIAN_POINT('',(-99.608916474261065,-79.60891647426044,-5.0));
#5905=DIRECTION('',(0.0,0.0,-1.0));
#5906=DIRECTION('',(-0.707106781186549,-0.707106781186546,0.0));
#5907=AXIS2_PLACEMENT_3D('',#5904,#5905,#5906);
#5908=ELLIPSE('',#5907,25.007615822276229,25.0);
#5909=EDGE_CURVE('',#5132,#5903,#5908,.T.);
#5910=ORIENTED_EDGE('',*,*,#5909,.T.);
#5911=CARTESIAN_POINT('',(-121.94256606448914,-90.956981321320256,-3.104671941412271));
#5912=VERTEX_POINT('',#5911);
#5913=CARTESIAN_POINT('',(-120.89795551558616,-92.729028293309625,-4.999999999999998));
#5914=CARTESIAN_POINT('',(-121.0107896186594,-92.545884558044492,-4.999999999999996));
#5915=CARTESIAN_POINT('',(-121.12137791517939,-92.362429700633044,-4.968250627893519));
#5916=CARTESIAN_POINT('',(-121.35792027880164,-91.96252951973635,-4.8237519136432));
#5917=CARTESIAN_POINT('',(-121.47770685532308,-91.754486189705943,-4.694141646780779));
#5918=CARTESIAN_POINT('',(-121.68028439253112,-91.399128255916736,-4.352859170287861));
#5919=CARTESIAN_POINT('',(-121.76196011144745,-91.254108009332739,-4.147586755416278));
#5920=CARTESIAN_POINT('',(-121.8600203945563,-91.084153553799268,-3.774844104797792));
#5921=CARTESIAN_POINT('',(-121.88906016652112,-91.035106127521942,-3.625606372942584));
#5922=CARTESIAN_POINT('',(-121.92586657192595,-90.977144424936114,-3.350914786649062));
#5923=CARTESIAN_POINT('',(-121.93682400477394,-90.961894652989571,-3.228218898968838));
#5924=CARTESIAN_POINT('',(-121.94256606582853,-90.956981320174151,-3.104671941520129));
#5925=B_SPLINE_CURVE_WITH_KNOTS('',3,(#5913,#5914,#5915,#5916,#5917,#5918,#5919,#5920,#5921,#5922,#5923,#5924),.UNSPECIFIED.,.F.,.U.,(4,2,2,2,2,4),(0.972789172270004,1.037441206121235,1.118575823426422,1.197177275247908,1.244937653315775,1.282117918520212),.UNSPECIFIED.);
#5926=EDGE_CURVE('',#5912,#5903,#5925,.F.);
#5927=ORIENTED_EDGE('',*,*,#5926,.F.);
#5928=CARTESIAN_POINT('',(-121.99861941717309,-90.908923114704137,-1.895328091619328));
#5929=VERTEX_POINT('',#5928);
#5930=CARTESIAN_POINT('',(-121.99861941717309,-90.908923114704137,-1.895328095724545));
#5931=CARTESIAN_POINT('',(-121.97998751510751,-90.924929233202207,-2.29840327692916));
#5932=CARTESIAN_POINT('',(-121.96129854927989,-90.940952422612526,-2.701621251910402));
#5933=CARTESIAN_POINT('',(-121.94256606582834,-90.956981320174307,-3.104671941524051));
#5934=B_SPLINE_CURVE_WITH_KNOTS('',3,(#5930,#5931,#5932,#5933),.UNSPECIFIED.,.F.,.U.,(4,4),(1.146012878986394,1.256165247909471),.UNSPECIFIED.);
#5935=EDGE_CURVE('',#5929,#5912,#5934,.T.);
#5936=ORIENTED_EDGE('',*,*,#5935,.F.);
#5937=CARTESIAN_POINT('',(-121.99861941736215,-90.908923114541722,-1.895328091634517));
#5938=CARTESIAN_POINT('',(-122.00801285060017,-90.900853492826613,-1.692114277595149));
#5939=CARTESIAN_POINT('',(-122.03143936409937,-90.864857468959158,-1.491589104267582));
#5940=CARTESIAN_POINT('',(-122.11393385499811,-90.721631763616188,-1.057004433539262));
#5941=CARTESIAN_POINT('',(-122.18016325587669,-90.598995038864103,-0.833624153742725));
#5942=CARTESIAN_POINT('',(-122.34157591458461,-90.280743960393423,-0.45074138508311));
#5943=CARTESIAN_POINT('',(-122.4354600405083,-90.087345870262027,-0.295126055256901));
#5944=CARTESIAN_POINT('',(-122.63372040589749,-89.654575571293051,-0.075552923395018));
#5945=CARTESIAN_POINT('',(-122.73612863492234,-89.419430287072402,-0.013210664376823));
#5946=CARTESIAN_POINT('',(-122.84636929407296,-89.150984791223692,-0.000626056279277));
#5947=CARTESIAN_POINT('',(-122.85730204430523,-89.124192416248249,-6.238415E-017));
#5948=CARTESIAN_POINT('',(-122.86816560123567,-89.097399256669632,-2.635819E-030));
#5949=B_SPLINE_CURVE_WITH_KNOTS('',3,(#5937,#5938,#5939,#5940,#5941,#5942,#5943,#5944,#5945,#5946,#5947,#5948),.UNSPECIFIED.,.F.,.U.,(4,2,2,2,2,4),(0.641318371676479,0.702600190527165,0.780808418060472,0.859621120659967,0.938068233587048,0.946758792691968),.UNSPECIFIED.);
#5950=EDGE_CURVE('',#5929,#473,#5949,.T.);
#5951=ORIENTED_EDGE('',*,*,#5950,.T.);
#5952=ORIENTED_EDGE('',*,*,#479,.T.);
#5953=ORIENTED_EDGE('',*,*,#4032,.T.);
#5954=EDGE_LOOP('',(#5845,#5851,#5852,#5867,#5876,#5893,#5900,#5901,#5910,#5927,#5936,#5951,#5952,#5953));
#5955=FACE_OUTER_BOUND('',#5954,.T.);
#5956=ADVANCED_FACE('',(#5955),#5844,.T.);
#5957=CARTESIAN_POINT('',(99.67344843523955,-79.673448435239777,-1.302966431564187));
#5958=DIRECTION('',(-0.017449749160683,0.017449749160683,-0.999695459881888));
#5959=DIRECTION('',(0.706891438803885,-0.706891438803888,-0.024677671923046));
#5960=AXIS2_PLACEMENT_3D('',#5957,#5958,#5959);
#5961=CYLINDRICAL_SURFACE('',#5960,25.0);
#5962=ORIENTED_EDGE('',*,*,#3270,.F.);
#5963=CARTESIAN_POINT('',(122.85960236034872,-77.863409981439204,-105.43631016093208));
#5964=DIRECTION('',(0.017449749160683,-0.017449749160683,0.999695459881887));
#5965=VECTOR('',#5964,105.46842952891797);
#5966=LINE('',#5963,#5965);
#5967=EDGE_CURVE('',#3232,#577,#5966,.T.);
#5968=ORIENTED_EDGE('',*,*,#5967,.T.);
#5969=ORIENTED_EDGE('',*,*,#583,.T.);
#5970=CARTESIAN_POINT('',(121.99861941717289,-90.908923114704209,-1.895328091620527));
#5971=VERTEX_POINT('',#5970);
#5972=CARTESIAN_POINT('',(122.86816560123555,-89.097399256669604,-4.510281E-016));
#5973=CARTESIAN_POINT('',(122.77442450832109,-89.328596099251996,-7.212739E-016));
#5974=CARTESIAN_POINT('',(122.67695497079396,-89.555908117186576,-0.046604735608005));
#5975=CARTESIAN_POINT('',(122.48124375834121,-89.990188044875083,-0.232218531682413));
#5976=CARTESIAN_POINT('',(122.38512934722374,-90.191487576820947,-0.373737187532941));
#5977=CARTESIAN_POINT('',(122.21520082309348,-90.532014231651942,-0.73432902687539));
#5978=CARTESIAN_POINT('',(122.14308480231912,-90.66798371119387,-0.950564150316225));
#5979=CARTESIAN_POINT('',(122.04127755955503,-90.849521706903943,-1.412849685929244));
#5980=CARTESIAN_POINT('',(122.00987590209137,-90.899253000185766,-1.651809759564781));
#5981=CARTESIAN_POINT('',(121.99861941736201,-90.908923114541764,-1.895328091635721));
#5982=B_SPLINE_CURVE_WITH_KNOTS('',3,(#5972,#5973,#5974,#5975,#5976,#5977,#5978,#5979,#5980,#5981),.UNSPECIFIED.,.F.,.U.,(4,2,2,2,4),(1.577138174538696,1.652035345483105,1.73050101351213,1.809320970481585,1.882600960216235),.UNSPECIFIED.);
#5983=EDGE_CURVE('',#568,#5971,#5982,.T.);
#5984=ORIENTED_EDGE('',*,*,#5983,.T.);
#5985=CARTESIAN_POINT('',(121.94256606448918,-90.956981321320086,-3.104671941410745));
#5986=VERTEX_POINT('',#5985);
#5987=CARTESIAN_POINT('',(121.94256606582833,-90.956981320174236,-3.104671941522522));
#5988=CARTESIAN_POINT('',(121.96129854895419,-90.940952422891129,-2.701621258916072));
#5989=CARTESIAN_POINT('',(121.97998751478109,-90.924929233482516,-2.298403283988934));
#5990=CARTESIAN_POINT('',(121.99861941717289,-90.908923114704209,-1.895328095726942));
#5991=B_SPLINE_CURVE_WITH_KNOTS('',3,(#5987,#5988,#5989,#5990),.UNSPECIFIED.,.F.,.U.,(4,4),(1.139319807403053,1.249472176383187),.UNSPECIFIED.);
#5992=EDGE_CURVE('',#5986,#5971,#5991,.T.);
#5993=ORIENTED_EDGE('',*,*,#5992,.F.);
#5994=CARTESIAN_POINT('',(120.8979555155861,-92.729028293309653,-5.0));
#5995=VERTEX_POINT('',#5994);
#5996=CARTESIAN_POINT('',(121.94256606582852,-90.956981320174052,-3.104671941518503));
#5997=CARTESIAN_POINT('',(121.93224209043358,-90.965815278331391,-3.326803983777196));
#5998=CARTESIAN_POINT('',(121.90513768630828,-91.008058328323287,-3.545473743430654));
#5999=CARTESIAN_POINT('',(121.81123094438261,-91.167547008257202,-3.991390099744892));
#6000=CARTESIAN_POINT('',(121.73965208364717,-91.294174713500212,-4.20925886650337));
#6001=CARTESIAN_POINT('',(121.55750680147389,-91.61484074745627,-4.58051728382503));
#6002=CARTESIAN_POINT('',(121.44834476352383,-91.806179917680197,-4.728875929847681));
#6003=CARTESIAN_POINT('',(121.19971911711698,-92.231518813929668,-4.938365664291044));
#6004=CARTESIAN_POINT('',(121.06218410663628,-92.46178770492422,-4.994388309203997));
#6005=CARTESIAN_POINT('',(120.91257317613335,-92.705285892915015,-4.999866650236823));
#6006=CARTESIAN_POINT('',(120.90526680131109,-92.717161170331821,-4.999999999999998));
#6007=CARTESIAN_POINT('',(120.89795551558615,-92.729028293309611,-4.999999999999998));
#6008=B_SPLINE_CURVE_WITH_KNOTS('',3,(#5996,#5997,#5998,#5999,#6000,#6001,#6002,#6003,#6004,#6005,#6006,#6007),.UNSPECIFIED.,.F.,.U.,(4,2,2,2,2,4),(0.010488630697528,0.077405423130933,0.155306990873426,0.23431043812752,0.315719475865221,0.319895709510379),.UNSPECIFIED.);
#6009=EDGE_CURVE('',#5995,#5986,#6008,.F.);
#6010=ORIENTED_EDGE('',*,*,#6009,.F.);
#6011=CARTESIAN_POINT('',(99.608916474260695,-79.608916474260923,-5.0));
#6012=DIRECTION('',(0.0,0.0,-1.0));
#6013=DIRECTION('',(0.707106781186546,-0.707106781186549,0.0));
#6014=AXIS2_PLACEMENT_3D('',#6011,#6012,#6013);
#6015=ELLIPSE('',#6014,25.007615822276225,24.999999999999993);
#6016=EDGE_CURVE('',#5995,#5193,#6015,.T.);
#6017=ORIENTED_EDGE('',*,*,#6016,.T.);
#6018=ORIENTED_EDGE('',*,*,#5205,.F.);
#6019=CARTESIAN_POINT('',(112.72902829330967,-100.89795551558618,-5.0));
#6020=VERTEX_POINT('',#6019);
#6021=CARTESIAN_POINT('',(99.608916474260695,-79.608916474260923,-5.0));
#6022=DIRECTION('',(0.0,0.0,-1.0));
#6023=DIRECTION('',(0.707106781186546,-0.707106781186549,0.0));
#6024=AXIS2_PLACEMENT_3D('',#6021,#6022,#6023);
#6025=ELLIPSE('',#6024,25.007615822276225,24.999999999999993);
#6026=EDGE_CURVE('',#5191,#6020,#6025,.T.);
#6027=ORIENTED_EDGE('',*,*,#6026,.T.);
#6028=CARTESIAN_POINT('',(110.95698132132026,-101.94256606448916,-3.104671941412271));
#6029=VERTEX_POINT('',#6028);
#6030=CARTESIAN_POINT('',(112.72902829330968,-100.8979555155862,-4.999999999999998));
#6031=CARTESIAN_POINT('',(112.54588455804455,-101.01078961865943,-4.999999999999999));
#6032=CARTESIAN_POINT('',(112.36242970063307,-101.12137791517941,-4.96825062789352));
#6033=CARTESIAN_POINT('',(111.96252951973639,-101.35792027880163,-4.823751913643211));
#6034=CARTESIAN_POINT('',(111.75448618970597,-101.47770685532309,-4.694141646780797));
#6035=CARTESIAN_POINT('',(111.39912825591672,-101.68028439253115,-4.35285917028783));
#6036=CARTESIAN_POINT('',(111.25410800933273,-101.76196011144745,-4.147586755416252));
#6037=CARTESIAN_POINT('',(111.08415355379925,-101.86002039455632,-3.77484410479775));
#6038=CARTESIAN_POINT('',(111.03510612752196,-101.88906016652115,-3.625606372942559));
#6039=CARTESIAN_POINT('',(110.97714442493611,-101.92586657192598,-3.350914786649103));
#6040=CARTESIAN_POINT('',(110.9618946529896,-101.93682400477394,-3.228218898968866));
#6041=CARTESIAN_POINT('',(110.95698132017417,-101.94256606582853,-3.104671941520128));
#6042=B_SPLINE_CURVE_WITH_KNOTS('',3,(#6030,#6031,#6032,#6033,#6034,#6035,#6036,#6037,#6038,#6039,#6040,#6041),.UNSPECIFIED.,.F.,.U.,(4,2,2,2,2,4),(0.972789172270068,1.037441206121315,1.118575823426504,1.197177275247995,1.244937653315884,1.28211791852033),.UNSPECIFIED.);
#6043=EDGE_CURVE('',#6029,#6020,#6042,.F.);
#6044=ORIENTED_EDGE('',*,*,#6043,.F.);
#6045=CARTESIAN_POINT('',(110.90892311470415,-101.9986194171731,-1.895328091619328));
#6046=VERTEX_POINT('',#6045);
#6047=CARTESIAN_POINT('',(110.90892311470414,-101.99861941717309,-1.895328095724542));
#6048=CARTESIAN_POINT('',(110.92492923320221,-101.97998751510751,-2.298403276929157));
#6049=CARTESIAN_POINT('',(110.94095242261253,-101.96129854927989,-2.7016212519104));
#6050=CARTESIAN_POINT('',(110.95698132017431,-101.94256606582834,-3.104671941524049));
#6051=B_SPLINE_CURVE_WITH_KNOTS('',3,(#6047,#6048,#6049,#6050),.UNSPECIFIED.,.F.,.U.,(4,4),(1.146012878986393,1.25616524790947),.UNSPECIFIED.);
#6052=EDGE_CURVE('',#6046,#6029,#6051,.T.);
#6053=ORIENTED_EDGE('',*,*,#6052,.F.);
#6054=CARTESIAN_POINT('',(110.90892311454175,-101.99861941736216,-1.895328091634517));
#6055=CARTESIAN_POINT('',(110.90085349282663,-102.00801285060018,-1.692114277595115));
#6056=CARTESIAN_POINT('',(110.86485746895912,-102.03143936409936,-1.49158910426753));
#6057=CARTESIAN_POINT('',(110.72163176361619,-102.11393385499809,-1.057004433539292));
#6058=CARTESIAN_POINT('',(110.59899503886413,-102.18016325587664,-0.833624153742763));
#6059=CARTESIAN_POINT('',(110.28074396039341,-102.34157591458457,-0.450741385083088));
#6060=CARTESIAN_POINT('',(110.08734587026203,-102.43546004050829,-0.295126055256898));
#6061=CARTESIAN_POINT('',(109.65457557129307,-102.63372040589745,-0.075552923395027));
#6062=CARTESIAN_POINT('',(109.41943028707243,-102.73612863492234,-0.013210664376824));
#6063=CARTESIAN_POINT('',(109.15098479122371,-102.84636929407297,-0.000626056279277));
#6064=CARTESIAN_POINT('',(109.12419241624826,-102.85730204430521,-9.446079E-017));
#6065=CARTESIAN_POINT('',(109.09739925666963,-102.86816560123566,7.024036E-034));
#6066=B_SPLINE_CURVE_WITH_KNOTS('',3,(#6054,#6055,#6056,#6057,#6058,#6059,#6060,#6061,#6062,#6063,#6064,#6065),.UNSPECIFIED.,.F.,.U.,(4,2,2,2,2,4),(0.641318371676445,0.702600190527122,0.780808418060427,0.859621120659915,0.938068233586986,0.946758792691906),.UNSPECIFIED.);
#6067=EDGE_CURVE('',#6046,#559,#6066,.T.);
#6068=ORIENTED_EDGE('',*,*,#6067,.T.);
#6069=ORIENTED_EDGE('',*,*,#565,.T.);
#6070=CARTESIAN_POINT('',(99.703807621089624,-104.6999999999997,2.220446E-016));
#6071=DIRECTION('',(-0.017449749160683,0.017449749160683,-0.999695459881887));
#6072=VECTOR('',#6071,105.46842952891798);
#6073=LINE('',#6070,#6072);
#6074=EDGE_CURVE('',#551,#1631,#6073,.T.);
#6075=ORIENTED_EDGE('',*,*,#6074,.T.);
#6076=EDGE_LOOP('',(#5962,#5968,#5969,#5984,#5993,#6010,#6017,#6018,#6027,#6044,#6053,#6068,#6069,#6075));
#6077=FACE_OUTER_BOUND('',#6076,.T.);
#6078=ADVANCED_FACE('',(#6077),#5961,.T.);
#6079=CARTESIAN_POINT('',(-127.19999999999999,35.000000000000014,-5.0));
#6080=DIRECTION('',(0.0,0.0,1.0));
#6081=DIRECTION('',(-1.0,0.0,0.0));
#6082=AXIS2_PLACEMENT_3D('',#6079,#6080,#6081);
#6083=PLANE('',#6082);
#6084=ORIENTED_EDGE('',*,*,#5368,.T.);
#6085=ORIENTED_EDGE('',*,*,#4206,.F.);
#6086=CARTESIAN_POINT('',(-127.19999999999999,35.000000000000014,-5.0));
#6087=DIRECTION('',(0.0,0.0,1.0));
#6088=DIRECTION('',(-1.0,0.0,0.0));
#6089=AXIS2_PLACEMENT_3D('',#6086,#6087,#6088);
#6090=CIRCLE('',#6089,6.690031970155035);
#6091=EDGE_CURVE('',#4224,#4186,#6090,.T.);
#6092=ORIENTED_EDGE('',*,*,#6091,.F.);
#6093=ORIENTED_EDGE('',*,*,#4229,.F.);
#6094=EDGE_LOOP('',(#6084,#6085,#6092,#6093));
#6095=FACE_OUTER_BOUND('',#6094,.T.);
#6096=ADVANCED_FACE('',(#6095),#6083,.F.);
#6097=CARTESIAN_POINT('',(-127.2,-34.999999999999986,-5.0));
#6098=DIRECTION('',(0.0,0.0,1.0));
#6099=DIRECTION('',(-1.0,0.0,0.0));
#6100=AXIS2_PLACEMENT_3D('',#6097,#6098,#6099);
#6101=PLANE('',#6100);
#6102=ORIENTED_EDGE('',*,*,#5411,.T.);
#6103=ORIENTED_EDGE('',*,*,#4086,.F.);
#6104=CARTESIAN_POINT('',(-127.2,-34.999999999999986,-5.0));
#6105=DIRECTION('',(0.0,0.0,1.0));
#6106=DIRECTION('',(-1.0,0.0,0.0));
#6107=AXIS2_PLACEMENT_3D('',#6104,#6105,#6106);
#6108=CIRCLE('',#6107,6.690031970155035);
#6109=EDGE_CURVE('',#4104,#4066,#6108,.T.);
#6110=ORIENTED_EDGE('',*,*,#6109,.F.);
#6111=ORIENTED_EDGE('',*,*,#4109,.F.);
#6112=EDGE_LOOP('',(#6102,#6103,#6110,#6111));
#6113=FACE_OUTER_BOUND('',#6112,.T.);
#6114=ADVANCED_FACE('',(#6113),#6101,.F.);
#6115=CARTESIAN_POINT('',(-60.000000000000007,-107.2,-5.0));
#6116=DIRECTION('',(0.0,0.0,1.0));
#6117=DIRECTION('',(-1.0,0.0,0.0));
#6118=AXIS2_PLACEMENT_3D('',#6115,#6116,#6117);
#6119=PLANE('',#6118);
#6120=ORIENTED_EDGE('',*,*,#5469,.T.);
#6121=CARTESIAN_POINT('',(-53.830515892216255,-104.61272467535822,-5.0));
#6122=VERTEX_POINT('',#6121);
#6123=CARTESIAN_POINT('',(-53.830515892216255,-104.61272467535824,-5.0));
#6124=DIRECTION('',(-1.0,0.0,0.0));
#6125=VECTOR('',#6124,4.147002683385622);
#6126=LINE('',#6123,#6125);
#6127=EDGE_CURVE('',#6122,#5422,#6126,.T.);
#6128=ORIENTED_EDGE('',*,*,#6127,.F.);
#6129=CARTESIAN_POINT('',(-66.169484107783745,-104.61272467535819,-5.0));
#6130=VERTEX_POINT('',#6129);
#6131=CARTESIAN_POINT('',(-60.000000000000007,-107.2,-5.0));
#6132=DIRECTION('',(0.0,0.0,1.0));
#6133=DIRECTION('',(0.0,-1.0,0.0));
#6134=AXIS2_PLACEMENT_3D('',#6131,#6132,#6133);
#6135=CIRCLE('',#6134,6.690031970155035);
#6136=EDGE_CURVE('',#6130,#6122,#6135,.T.);
#6137=ORIENTED_EDGE('',*,*,#6136,.F.);
#6138=CARTESIAN_POINT('',(-62.022481424398137,-104.61272467535821,-5.0));
#6139=DIRECTION('',(-1.0,0.0,0.0));
#6140=VECTOR('',#6139,4.147002683385608);
#6141=LINE('',#6138,#6140);
#6142=EDGE_CURVE('',#5424,#6130,#6141,.T.);
#6143=ORIENTED_EDGE('',*,*,#6142,.F.);
#6144=EDGE_LOOP('',(#6120,#6128,#6137,#6143));
#6145=FACE_OUTER_BOUND('',#6144,.T.);
#6146=ADVANCED_FACE('',(#6145),#6119,.F.);
#6147=CARTESIAN_POINT('',(-8.881784E-015,-107.2,-5.0));
#6148=DIRECTION('',(0.0,0.0,1.0));
#6149=DIRECTION('',(-1.0,0.0,0.0));
#6150=AXIS2_PLACEMENT_3D('',#6147,#6148,#6149);
#6151=PLANE('',#6150);
#6152=ORIENTED_EDGE('',*,*,#5528,.T.);
#6153=CARTESIAN_POINT('',(6.169484107783799,-104.61272467535836,-5.0));
#6154=VERTEX_POINT('',#6153);
#6155=CARTESIAN_POINT('',(6.169484107783802,-104.61272467535838,-5.0));
#6156=DIRECTION('',(-1.0,0.0,0.0));
#6157=VECTOR('',#6156,4.147002683385466);
#6158=LINE('',#6155,#6157);
#6159=EDGE_CURVE('',#6154,#5481,#6158,.T.);
#6160=ORIENTED_EDGE('',*,*,#6159,.F.);
#6161=CARTESIAN_POINT('',(-6.169484107783808,-104.61272467535834,-5.0));
#6162=VERTEX_POINT('',#6161);
#6163=CARTESIAN_POINT('',(-8.881784E-015,-107.2,-5.0));
#6164=DIRECTION('',(0.0,0.0,1.0));
#6165=DIRECTION('',(0.0,-1.0,0.0));
#6166=AXIS2_PLACEMENT_3D('',#6163,#6164,#6165);
#6167=CIRCLE('',#6166,6.690031970155035);
#6168=EDGE_CURVE('',#6162,#6154,#6167,.T.);
#6169=ORIENTED_EDGE('',*,*,#6168,.F.);
#6170=CARTESIAN_POINT('',(-2.022481424398322,-104.61272467535836,-5.0));
#6171=DIRECTION('',(-1.0,0.0,0.0));
#6172=VECTOR('',#6171,4.147002683385495);
#6173=LINE('',#6170,#6172);
#6174=EDGE_CURVE('',#5483,#6162,#6173,.T.);
#6175=ORIENTED_EDGE('',*,*,#6174,.F.);
#6176=EDGE_LOOP('',(#6152,#6160,#6169,#6175));
#6177=FACE_OUTER_BOUND('',#6176,.T.);
#6178=ADVANCED_FACE('',(#6177),#6151,.F.);
#6179=CARTESIAN_POINT('',(59.999999999999993,-107.2,-5.0));
#6180=DIRECTION('',(0.0,0.0,1.0));
#6181=DIRECTION('',(-1.0,0.0,0.0));
#6182=AXIS2_PLACEMENT_3D('',#6179,#6180,#6181);
#6183=PLANE('',#6182);
#6184=ORIENTED_EDGE('',*,*,#5587,.T.);
#6185=CARTESIAN_POINT('',(66.169484107783873,-104.61272467535855,-5.0));
#6186=VERTEX_POINT('',#6185);
#6187=CARTESIAN_POINT('',(66.169484107783873,-104.61272467535854,-5.0));
#6188=DIRECTION('',(-1.0,0.0,0.0));
#6189=VECTOR('',#6188,4.147002683385352);
#6190=LINE('',#6187,#6189);
#6191=EDGE_CURVE('',#6186,#5540,#6190,.T.);
#6192=ORIENTED_EDGE('',*,*,#6191,.F.);
#6193=CARTESIAN_POINT('',(53.830515892216127,-104.61272467535851,-5.0));
#6194=VERTEX_POINT('',#6193);
#6195=CARTESIAN_POINT('',(59.999999999999993,-107.2,-5.0));
#6196=DIRECTION('',(0.0,0.0,1.0));
#6197=DIRECTION('',(0.0,-1.0,0.0));
#6198=AXIS2_PLACEMENT_3D('',#6195,#6196,#6197);
#6199=CIRCLE('',#6198,6.690031970155035);
#6200=EDGE_CURVE('',#6194,#6186,#6199,.T.);
#6201=ORIENTED_EDGE('',*,*,#6200,.F.);
#6202=CARTESIAN_POINT('',(57.977518575601465,-104.61272467535851,-5.0));
#6203=DIRECTION('',(-1.0,0.0,0.0));
#6204=VECTOR('',#6203,4.147002683385338);
#6205=LINE('',#6202,#6204);
#6206=EDGE_CURVE('',#5542,#6194,#6205,.T.);
#6207=ORIENTED_EDGE('',*,*,#6206,.F.);
#6208=EDGE_LOOP('',(#6184,#6192,#6201,#6207));
#6209=FACE_OUTER_BOUND('',#6208,.T.);
#6210=ADVANCED_FACE('',(#6209),#6183,.F.);
#6211=CARTESIAN_POINT('',(127.19999999999999,-35.0,-5.0));
#6212=DIRECTION('',(0.0,0.0,1.0));
#6213=DIRECTION('',(1.0,0.0,0.0));
#6214=AXIS2_PLACEMENT_3D('',#6211,#6212,#6213);
#6215=PLANE('',#6214);
#6216=ORIENTED_EDGE('',*,*,#5646,.T.);
#6217=CARTESIAN_POINT('',(124.61272467535849,-28.830515892216138,-5.0));
#6218=VERTEX_POINT('',#6217);
#6219=CARTESIAN_POINT('',(124.61272467535849,-28.830515892216127,-5.0));
#6220=DIRECTION('',(0.0,-1.0,0.0));
#6221=VECTOR('',#6220,4.147002683385438);
#6222=LINE('',#6219,#6221);
#6223=EDGE_CURVE('',#6218,#5599,#6222,.T.);
#6224=ORIENTED_EDGE('',*,*,#6223,.F.);
#6225=CARTESIAN_POINT('',(124.61272467535846,-41.169484107783852,-5.0));
#6226=VERTEX_POINT('',#6225);
#6227=CARTESIAN_POINT('',(127.19999999999999,-35.0,-5.0));
#6228=DIRECTION('',(0.0,0.0,1.0));
#6229=DIRECTION('',(1.0,0.0,0.0));
#6230=AXIS2_PLACEMENT_3D('',#6227,#6228,#6229);
#6231=CIRCLE('',#6230,6.690031970155035);
#6232=EDGE_CURVE('',#6226,#6218,#6231,.T.);
#6233=ORIENTED_EDGE('',*,*,#6232,.F.);
#6234=CARTESIAN_POINT('',(124.61272467535848,-37.022481424398428,-5.0));
#6235=DIRECTION('',(0.0,-1.0,0.0));
#6236=VECTOR('',#6235,4.147002683385416);
#6237=LINE('',#6234,#6236);
#6238=EDGE_CURVE('',#5601,#6226,#6237,.T.);
#6239=ORIENTED_EDGE('',*,*,#6238,.F.);
#6240=EDGE_LOOP('',(#6216,#6224,#6233,#6239));
#6241=FACE_OUTER_BOUND('',#6240,.T.);
#6242=ADVANCED_FACE('',(#6241),#6215,.F.);
#6243=CARTESIAN_POINT('',(127.2,35.0,-5.0));
#6244=DIRECTION('',(0.0,0.0,1.0));
#6245=DIRECTION('',(1.0,0.0,0.0));
#6246=AXIS2_PLACEMENT_3D('',#6243,#6244,#6245);
#6247=PLANE('',#6246);
#6248=ORIENTED_EDGE('',*,*,#5705,.T.);
#6249=CARTESIAN_POINT('',(124.61272467535863,41.169484107783916,-5.0));
#6250=VERTEX_POINT('',#6249);
#6251=CARTESIAN_POINT('',(124.61272467535862,41.169484107783916,-5.0));
#6252=DIRECTION('',(0.0,-1.0,0.0));
#6253=VECTOR('',#6252,4.147002683385296);
#6254=LINE('',#6251,#6253);
#6255=EDGE_CURVE('',#6250,#5658,#6254,.T.);
#6256=ORIENTED_EDGE('',*,*,#6255,.F.);
#6257=CARTESIAN_POINT('',(124.61272467535861,28.830515892216091,-5.0));
#6258=VERTEX_POINT('',#6257);
#6259=CARTESIAN_POINT('',(127.2,35.0,-5.0));
#6260=DIRECTION('',(0.0,0.0,1.0));
#6261=DIRECTION('',(1.0,0.0,0.0));
#6262=AXIS2_PLACEMENT_3D('',#6259,#6260,#6261);
#6263=CIRCLE('',#6262,6.690031970155035);
#6264=EDGE_CURVE('',#6258,#6250,#6263,.T.);
#6265=ORIENTED_EDGE('',*,*,#6264,.F.);
#6266=CARTESIAN_POINT('',(124.61272467535861,32.977518575601394,-5.0));
#6267=DIRECTION('',(0.0,-1.0,0.0));
#6268=VECTOR('',#6267,4.147002683385303);
#6269=LINE('',#6266,#6268);
#6270=EDGE_CURVE('',#5660,#6258,#6269,.T.);
#6271=ORIENTED_EDGE('',*,*,#6270,.F.);
#6272=EDGE_LOOP('',(#6248,#6256,#6265,#6271));
#6273=FACE_OUTER_BOUND('',#6272,.T.);
#6274=ADVANCED_FACE('',(#6273),#6247,.F.);
#6275=CARTESIAN_POINT('',(60.0,107.2,-5.0));
#6276=DIRECTION('',(0.0,0.0,1.0));
#6277=DIRECTION('',(1.0,0.0,0.0));
#6278=AXIS2_PLACEMENT_3D('',#6275,#6276,#6277);
#6279=PLANE('',#6278);
#6280=ORIENTED_EDGE('',*,*,#5748,.T.);
#6281=ORIENTED_EDGE('',*,*,#3802,.F.);
#6282=CARTESIAN_POINT('',(60.0,107.2,-5.0));
#6283=DIRECTION('',(0.0,0.0,1.0));
#6284=DIRECTION('',(0.0,1.0,0.0));
#6285=AXIS2_PLACEMENT_3D('',#6282,#6283,#6284);
#6286=CIRCLE('',#6285,6.690031970155035);
#6287=EDGE_CURVE('',#3820,#3782,#6286,.T.);
#6288=ORIENTED_EDGE('',*,*,#6287,.F.);
#6289=ORIENTED_EDGE('',*,*,#3825,.F.);
#6290=EDGE_LOOP('',(#6280,#6281,#6288,#6289));
#6291=FACE_OUTER_BOUND('',#6290,.T.);
#6292=ADVANCED_FACE('',(#6291),#6279,.F.);
#6293=CARTESIAN_POINT('',(0.0,107.2,-5.0));
#6294=DIRECTION('',(0.0,0.0,1.0));
#6295=DIRECTION('',(1.0,0.0,0.0));
#6296=AXIS2_PLACEMENT_3D('',#6293,#6294,#6295);
#6297=PLANE('',#6296);
#6298=ORIENTED_EDGE('',*,*,#5791,.T.);
#6299=ORIENTED_EDGE('',*,*,#3682,.F.);
#6300=CARTESIAN_POINT('',(0.0,107.2,-5.0));
#6301=DIRECTION('',(0.0,0.0,1.0));
#6302=DIRECTION('',(0.0,1.0,0.0));
#6303=AXIS2_PLACEMENT_3D('',#6300,#6301,#6302);
#6304=CIRCLE('',#6303,6.690031970155035);
#6305=EDGE_CURVE('',#3700,#3662,#6304,.T.);
#6306=ORIENTED_EDGE('',*,*,#6305,.F.);
#6307=ORIENTED_EDGE('',*,*,#3705,.F.);
#6308=EDGE_LOOP('',(#6298,#6299,#6306,#6307));
#6309=FACE_OUTER_BOUND('',#6308,.T.);
#6310=ADVANCED_FACE('',(#6309),#6297,.F.);
#6311=CARTESIAN_POINT('',(-60.0,107.2,-5.0));
#6312=DIRECTION('',(0.0,0.0,1.0));
#6313=DIRECTION('',(1.0,0.0,0.0));
#6314=AXIS2_PLACEMENT_3D('',#6311,#6312,#6313);
#6315=PLANE('',#6314);
#6316=ORIENTED_EDGE('',*,*,#5834,.T.);
#6317=ORIENTED_EDGE('',*,*,#3562,.F.);
#6318=CARTESIAN_POINT('',(-60.0,107.2,-5.0));
#6319=DIRECTION('',(0.0,0.0,1.0));
#6320=DIRECTION('',(0.0,1.0,0.0));
#6321=AXIS2_PLACEMENT_3D('',#6318,#6319,#6320);
#6322=CIRCLE('',#6321,6.690031970155035);
#6323=EDGE_CURVE('',#3580,#3542,#6322,.T.);
#6324=ORIENTED_EDGE('',*,*,#6323,.F.);
#6325=ORIENTED_EDGE('',*,*,#3585,.F.);
#6326=EDGE_LOOP('',(#6316,#6317,#6324,#6325));
#6327=FACE_OUTER_BOUND('',#6326,.T.);
#6328=ADVANCED_FACE('',(#6327),#6315,.F.);
#6329=CARTESIAN_POINT('',(-119.20000000000002,99.200000000000017,-2.999999999999998));
#6330=DIRECTION('',(0.0,0.0,1.0));
#6331=DIRECTION('',(1.0,0.0,0.0));
#6332=AXIS2_PLACEMENT_3D('',#6329,#6330,#6331);
#6333=TOROIDAL_SURFACE('',#6332,6.690031970155035,2.0);
#6334=ORIENTED_EDGE('',*,*,#3991,.T.);
#6335=CARTESIAN_POINT('',(-119.20000000000002,99.200000000000017,-5.0));
#6336=DIRECTION('',(0.0,0.0,1.0));
#6337=DIRECTION('',(-0.707106781186544,0.707106781186551,0.0));
#6338=AXIS2_PLACEMENT_3D('',#6335,#6336,#6337);
#6339=CIRCLE('',#6338,6.690031970155036);
#6340=EDGE_CURVE('',#3968,#3927,#6339,.T.);
#6341=ORIENTED_EDGE('',*,*,#6340,.T.);
#6342=ORIENTED_EDGE('',*,*,#3941,.T.);
#6343=CARTESIAN_POINT('',(-119.20000000000002,99.200000000000017,-3.104671912485886));
#6344=DIRECTION('',(0.0,0.0,-1.0));
#6345=DIRECTION('',(-0.707106781186543,0.707106781186552,0.0));
#6346=AXIS2_PLACEMENT_3D('',#6343,#6344,#6345);
#6347=CIRCLE('',#6346,8.687291039664189);
#6348=EDGE_CURVE('',#3918,#3977,#6347,.T.);
#6349=ORIENTED_EDGE('',*,*,#6348,.T.);
#6350=EDGE_LOOP('',(#6334,#6341,#6342,#6349));
#6351=FACE_OUTER_BOUND('',#6350,.T.);
#6352=ADVANCED_FACE('',(#6351),#6333,.T.);
#6353=CARTESIAN_POINT('',(-119.20000000000002,99.200000000000017,-5.0));
#6354=DIRECTION('',(0.0,0.0,1.0));
#6355=DIRECTION('',(1.0,0.0,0.0));
#6356=AXIS2_PLACEMENT_3D('',#6353,#6354,#6355);
#6357=PLANE('',#6356);
#6358=ORIENTED_EDGE('',*,*,#5324,.T.);
#6359=ORIENTED_EDGE('',*,*,#3950,.F.);
#6360=ORIENTED_EDGE('',*,*,#6340,.F.);
#6361=ORIENTED_EDGE('',*,*,#3974,.F.);
#6362=EDGE_LOOP('',(#6358,#6359,#6360,#6361));
#6363=FACE_OUTER_BOUND('',#6362,.T.);
#6364=ADVANCED_FACE('',(#6363),#6357,.F.);
#6365=CARTESIAN_POINT('',(-119.20000000000002,99.200000000000017,-2.0));
#6366=DIRECTION('',(0.0,0.0,1.0));
#6367=DIRECTION('',(1.0,0.0,0.0));
#6368=AXIS2_PLACEMENT_3D('',#6365,#6366,#6367);
#6369=TOROIDAL_SURFACE('',#6368,10.747929133429757,2.0);
#6370=ORIENTED_EDGE('',*,*,#3915,.F.);
#6371=ORIENTED_EDGE('',*,*,#419,.T.);
#6372=ORIENTED_EDGE('',*,*,#4015,.F.);
#6373=CARTESIAN_POINT('',(-119.20000000000002,99.200000000000017,-1.895328087514112));
#6374=DIRECTION('',(2.242817E-017,-2.242817E-017,1.0));
#6375=DIRECTION('',(-0.707106781186545,0.707106781186551,3.171823E-017));
#6376=AXIS2_PLACEMENT_3D('',#6373,#6374,#6375);
#6377=CIRCLE('',#6376,8.750670063920614);
#6378=EDGE_CURVE('',#3994,#3903,#6377,.T.);
#6379=ORIENTED_EDGE('',*,*,#6378,.T.);
#6380=EDGE_LOOP('',(#6370,#6371,#6372,#6379));
#6381=FACE_OUTER_BOUND('',#6380,.T.);
#6382=ADVANCED_FACE('',(#6381),#6369,.F.);
#6383=CARTESIAN_POINT('',(-119.20000000000002,99.200000000000017,0.0));
#6384=DIRECTION('',(0.0,0.0,1.0));
#6385=DIRECTION('',(1.0,0.0,0.0));
#6386=AXIS2_PLACEMENT_3D('',#6383,#6384,#6385);
#6387=CONICAL_SURFACE('',#6386,8.85,3.0);
#6388=ORIENTED_EDGE('',*,*,#6348,.F.);
#6389=ORIENTED_EDGE('',*,*,#3924,.T.);
#6390=ORIENTED_EDGE('',*,*,#6378,.F.);
#6391=ORIENTED_EDGE('',*,*,#4000,.T.);
#6392=EDGE_LOOP('',(#6388,#6389,#6390,#6391));
#6393=FACE_OUTER_BOUND('',#6392,.T.);
#6394=ADVANCED_FACE('',(#6393),#6387,.T.);
#6395=CARTESIAN_POINT('',(-119.20000000000002,-99.200000000000017,-2.0));
#6396=DIRECTION('',(0.0,0.0,1.0));
#6397=DIRECTION('',(1.0,0.0,0.0));
#6398=AXIS2_PLACEMENT_3D('',#6395,#6396,#6397);
#6399=TOROIDAL_SURFACE('',#6398,10.747929133429759,2.0);
#6400=ORIENTED_EDGE('',*,*,#5866,.F.);
#6401=ORIENTED_EDGE('',*,*,#488,.T.);
#6402=ORIENTED_EDGE('',*,*,#5950,.F.);
#6403=CARTESIAN_POINT('',(-119.20000000000002,-99.200000000000017,-1.895328087514112));
#6404=DIRECTION('',(0.0,0.0,1.0));
#6405=DIRECTION('',(-0.707106781186536,-0.707106781186559,0.0));
#6406=AXIS2_PLACEMENT_3D('',#6403,#6404,#6405);
#6407=CIRCLE('',#6406,8.750670063920614);
#6408=EDGE_CURVE('',#5929,#5854,#6407,.T.);
#6409=ORIENTED_EDGE('',*,*,#6408,.T.);
#6410=EDGE_LOOP('',(#6400,#6401,#6402,#6409));
#6411=FACE_OUTER_BOUND('',#6410,.T.);
#6412=ADVANCED_FACE('',(#6411),#6399,.F.);
#6413=CARTESIAN_POINT('',(-119.20000000000002,-99.200000000000017,-2.999999999999998));
#6414=DIRECTION('',(0.0,0.0,1.0));
#6415=DIRECTION('',(1.0,0.0,0.0));
#6416=AXIS2_PLACEMENT_3D('',#6413,#6414,#6415);
#6417=TOROIDAL_SURFACE('',#6416,6.690031970155035,2.0);
#6418=ORIENTED_EDGE('',*,*,#5926,.T.);
#6419=CARTESIAN_POINT('',(-119.20000000000002,-99.200000000000017,-5.0));
#6420=DIRECTION('',(0.0,0.0,1.0));
#6421=DIRECTION('',(-0.707106781186537,-0.707106781186558,0.0));
#6422=AXIS2_PLACEMENT_3D('',#6419,#6420,#6421);
#6423=CIRCLE('',#6422,6.690031970155035);
#6424=EDGE_CURVE('',#5903,#5878,#6423,.T.);
#6425=ORIENTED_EDGE('',*,*,#6424,.T.);
#6426=ORIENTED_EDGE('',*,*,#5892,.T.);
#6427=CARTESIAN_POINT('',(-119.20000000000002,-99.200000000000017,-3.104671912485885));
#6428=DIRECTION('',(0.0,0.0,-1.0));
#6429=DIRECTION('',(-0.707106781186538,-0.707106781186557,0.0));
#6430=AXIS2_PLACEMENT_3D('',#6427,#6428,#6429);
#6431=CIRCLE('',#6430,8.687291039664176);
#6432=EDGE_CURVE('',#5869,#5912,#6431,.T.);
#6433=ORIENTED_EDGE('',*,*,#6432,.T.);
#6434=EDGE_LOOP('',(#6418,#6425,#6426,#6433));
#6435=FACE_OUTER_BOUND('',#6434,.T.);
#6436=ADVANCED_FACE('',(#6435),#6417,.T.);
#6437=CARTESIAN_POINT('',(-119.20000000000002,-99.200000000000017,-5.0));
#6438=DIRECTION('',(0.0,0.0,1.0));
#6439=DIRECTION('',(1.0,0.0,0.0));
#6440=AXIS2_PLACEMENT_3D('',#6437,#6438,#6439);
#6441=PLANE('',#6440);
#6442=ORIENTED_EDGE('',*,*,#5179,.T.);
#6443=ORIENTED_EDGE('',*,*,#5899,.F.);
#6444=ORIENTED_EDGE('',*,*,#6424,.F.);
#6445=ORIENTED_EDGE('',*,*,#5909,.F.);
#6446=EDGE_LOOP('',(#6442,#6443,#6444,#6445));
#6447=FACE_OUTER_BOUND('',#6446,.T.);
#6448=ADVANCED_FACE('',(#6447),#6441,.F.);
#6449=CARTESIAN_POINT('',(119.20000000000002,-99.200000000000017,-2.0));
#6450=DIRECTION('',(0.0,0.0,1.0));
#6451=DIRECTION('',(1.0,0.0,0.0));
#6452=AXIS2_PLACEMENT_3D('',#6449,#6450,#6451);
#6453=TOROIDAL_SURFACE('',#6452,10.747929133429757,2.0);
#6454=ORIENTED_EDGE('',*,*,#5983,.F.);
#6455=ORIENTED_EDGE('',*,*,#574,.T.);
#6456=ORIENTED_EDGE('',*,*,#6067,.F.);
#6457=CARTESIAN_POINT('',(119.20000000000002,-99.200000000000017,-1.895328087514113));
#6458=DIRECTION('',(0.0,0.0,1.0));
#6459=DIRECTION('',(0.707106781186551,-0.707106781186543,0.0));
#6460=AXIS2_PLACEMENT_3D('',#6457,#6458,#6459);
#6461=CIRCLE('',#6460,8.750670063920627);
#6462=EDGE_CURVE('',#6046,#5971,#6461,.T.);
#6463=ORIENTED_EDGE('',*,*,#6462,.T.);
#6464=EDGE_LOOP('',(#6454,#6455,#6456,#6463));
#6465=FACE_OUTER_BOUND('',#6464,.T.);
#6466=ADVANCED_FACE('',(#6465),#6453,.F.);
#6467=CARTESIAN_POINT('',(119.20000000000002,-99.200000000000017,0.0));
#6468=DIRECTION('',(0.0,0.0,1.0));
#6469=DIRECTION('',(1.0,0.0,0.0));
#6470=AXIS2_PLACEMENT_3D('',#6467,#6468,#6469);
#6471=CONICAL_SURFACE('',#6470,8.85,3.0);
#6472=ORIENTED_EDGE('',*,*,#6462,.F.);
#6473=ORIENTED_EDGE('',*,*,#6052,.T.);
#6474=CARTESIAN_POINT('',(119.20000000000002,-99.200000000000017,-3.104671912485886));
#6475=DIRECTION('',(0.0,0.0,-1.0));
#6476=DIRECTION('',(0.707106781186552,-0.707106781186543,0.0));
#6477=AXIS2_PLACEMENT_3D('',#6474,#6475,#6476);
#6478=CIRCLE('',#6477,8.687291039664189);
#6479=EDGE_CURVE('',#5986,#6029,#6478,.T.);
#6480=ORIENTED_EDGE('',*,*,#6479,.F.);
#6481=ORIENTED_EDGE('',*,*,#5992,.T.);
#6482=EDGE_LOOP('',(#6472,#6473,#6480,#6481));
#6483=FACE_OUTER_BOUND('',#6482,.T.);
#6484=ADVANCED_FACE('',(#6483),#6471,.T.);
#6485=CARTESIAN_POINT('',(119.20000000000002,-99.200000000000017,-2.999999999999998));
#6486=DIRECTION('',(0.0,0.0,1.0));
#6487=DIRECTION('',(1.0,0.0,0.0));
#6488=AXIS2_PLACEMENT_3D('',#6485,#6486,#6487);
#6489=TOROIDAL_SURFACE('',#6488,6.690031970155035,2.0);
#6490=ORIENTED_EDGE('',*,*,#6043,.T.);
#6491=CARTESIAN_POINT('',(119.20000000000002,-99.200000000000017,-5.0));
#6492=DIRECTION('',(0.0,0.0,1.0));
#6493=DIRECTION('',(0.707106781186551,-0.707106781186544,0.0));
#6494=AXIS2_PLACEMENT_3D('',#6491,#6492,#6493);
#6495=CIRCLE('',#6494,6.690031970155036);
#6496=EDGE_CURVE('',#6020,#5995,#6495,.T.);
#6497=ORIENTED_EDGE('',*,*,#6496,.T.);
#6498=ORIENTED_EDGE('',*,*,#6009,.T.);
#6499=ORIENTED_EDGE('',*,*,#6479,.T.);
#6500=EDGE_LOOP('',(#6490,#6497,#6498,#6499));
#6501=FACE_OUTER_BOUND('',#6500,.T.);
#6502=ADVANCED_FACE('',(#6501),#6489,.T.);
#6503=CARTESIAN_POINT('',(119.20000000000002,-99.200000000000017,-5.0));
#6504=DIRECTION('',(0.0,0.0,1.0));
#6505=DIRECTION('',(1.0,0.0,0.0));
#6506=AXIS2_PLACEMENT_3D('',#6503,#6504,#6505);
#6507=PLANE('',#6506);
#6508=ORIENTED_EDGE('',*,*,#5238,.T.);
#6509=ORIENTED_EDGE('',*,*,#6016,.F.);
#6510=ORIENTED_EDGE('',*,*,#6496,.F.);
#6511=ORIENTED_EDGE('',*,*,#6026,.F.);
#6512=EDGE_LOOP('',(#6508,#6509,#6510,#6511));
#6513=FACE_OUTER_BOUND('',#6512,.T.);
#6514=ADVANCED_FACE('',(#6513),#6507,.F.);
#6515=CARTESIAN_POINT('',(119.20000000000002,99.200000000000017,-2.0));
#6516=DIRECTION('',(0.0,0.0,1.0));
#6517=DIRECTION('',(1.0,0.0,0.0));
#6518=AXIS2_PLACEMENT_3D('',#6515,#6516,#6517);
#6519=TOROIDAL_SURFACE('',#6518,10.747929133429759,2.0);
#6520=ORIENTED_EDGE('',*,*,#3392,.F.);
#6521=ORIENTED_EDGE('',*,*,#643,.T.);
#6522=ORIENTED_EDGE('',*,*,#3492,.F.);
#6523=CARTESIAN_POINT('',(119.20000000000002,99.200000000000017,-1.895328087514113));
#6524=DIRECTION('',(0.0,0.0,1.0));
#6525=DIRECTION('',(0.707106781186547,0.707106781186547,0.0));
#6526=AXIS2_PLACEMENT_3D('',#6523,#6524,#6525);
#6527=CIRCLE('',#6526,8.750670063920627);
#6528=EDGE_CURVE('',#3471,#3380,#6527,.T.);
#6529=ORIENTED_EDGE('',*,*,#6528,.T.);
#6530=EDGE_LOOP('',(#6520,#6521,#6522,#6529));
#6531=FACE_OUTER_BOUND('',#6530,.T.);
#6532=ADVANCED_FACE('',(#6531),#6519,.F.);
#6533=CARTESIAN_POINT('',(119.20000000000002,99.200000000000017,0.0));
#6534=DIRECTION('',(0.0,0.0,1.0));
#6535=DIRECTION('',(1.0,0.0,0.0));
#6536=AXIS2_PLACEMENT_3D('',#6533,#6534,#6535);
#6537=CONICAL_SURFACE('',#6536,8.85,3.0);
#6538=ORIENTED_EDGE('',*,*,#6528,.F.);
#6539=ORIENTED_EDGE('',*,*,#3477,.T.);
#6540=CARTESIAN_POINT('',(119.20000000000002,99.200000000000017,-3.104671912485885));
#6541=DIRECTION('',(0.0,0.0,-1.0));
#6542=DIRECTION('',(0.707106781186548,0.707106781186548,0.0));
#6543=AXIS2_PLACEMENT_3D('',#6540,#6541,#6542);
#6544=CIRCLE('',#6543,8.687291039664189);
#6545=EDGE_CURVE('',#3395,#3454,#6544,.T.);
#6546=ORIENTED_EDGE('',*,*,#6545,.F.);
#6547=ORIENTED_EDGE('',*,*,#3401,.T.);
#6548=EDGE_LOOP('',(#6538,#6539,#6546,#6547));
#6549=FACE_OUTER_BOUND('',#6548,.T.);
#6550=ADVANCED_FACE('',(#6549),#6537,.T.);
#6551=CARTESIAN_POINT('',(119.20000000000002,99.200000000000017,-2.999999999999998));
#6552=DIRECTION('',(0.0,0.0,1.0));
#6553=DIRECTION('',(1.0,0.0,0.0));
#6554=AXIS2_PLACEMENT_3D('',#6551,#6552,#6553);
#6555=TOROIDAL_SURFACE('',#6554,6.690031970155035,2.0);
#6556=ORIENTED_EDGE('',*,*,#3468,.T.);
#6557=CARTESIAN_POINT('',(119.20000000000002,99.200000000000017,-5.0));
#6558=DIRECTION('',(0.0,0.0,1.0));
#6559=DIRECTION('',(0.707106781186548,0.707106781186548,0.0));
#6560=AXIS2_PLACEMENT_3D('',#6557,#6558,#6559);
#6561=CIRCLE('',#6560,6.690031970155035);
#6562=EDGE_CURVE('',#3445,#3404,#6561,.T.);
#6563=ORIENTED_EDGE('',*,*,#6562,.T.);
#6564=ORIENTED_EDGE('',*,*,#3418,.T.);
#6565=ORIENTED_EDGE('',*,*,#6545,.T.);
#6566=EDGE_LOOP('',(#6556,#6563,#6564,#6565));
#6567=FACE_OUTER_BOUND('',#6566,.T.);
#6568=ADVANCED_FACE('',(#6567),#6555,.T.);
#6569=CARTESIAN_POINT('',(119.20000000000002,99.200000000000017,-5.0));
#6570=DIRECTION('',(0.0,0.0,1.0));
#6571=DIRECTION('',(1.0,0.0,0.0));
#6572=AXIS2_PLACEMENT_3D('',#6569,#6570,#6571);
#6573=PLANE('',#6572);
#6574=ORIENTED_EDGE('',*,*,#5281,.T.);
#6575=ORIENTED_EDGE('',*,*,#3427,.F.);
#6576=ORIENTED_EDGE('',*,*,#6562,.F.);
#6577=ORIENTED_EDGE('',*,*,#3451,.F.);
#6578=EDGE_LOOP('',(#6574,#6575,#6576,#6577));
#6579=FACE_OUTER_BOUND('',#6578,.T.);
#6580=ADVANCED_FACE('',(#6579),#6573,.F.);
#6581=CARTESIAN_POINT('',(-119.20000000000002,-99.200000000000017,0.0));
#6582=DIRECTION('',(0.0,0.0,1.0));
#6583=DIRECTION('',(1.0,0.0,0.0));
#6584=AXIS2_PLACEMENT_3D('',#6581,#6582,#6583);
#6585=CONICAL_SURFACE('',#6584,8.85,3.0);
#6586=ORIENTED_EDGE('',*,*,#6408,.F.);
#6587=ORIENTED_EDGE('',*,*,#5935,.T.);
#6588=ORIENTED_EDGE('',*,*,#6432,.F.);
#6589=ORIENTED_EDGE('',*,*,#5875,.T.);
#6590=EDGE_LOOP('',(#6586,#6587,#6588,#6589));
#6591=FACE_OUTER_BOUND('',#6590,.T.);
#6592=ADVANCED_FACE('',(#6591),#6585,.T.);
#6593=CARTESIAN_POINT('',(-127.19999999999999,35.000000000000014,-2.0));
#6594=DIRECTION('',(0.0,0.0,1.0));
#6595=DIRECTION('',(1.0,0.0,0.0));
#6596=AXIS2_PLACEMENT_3D('',#6593,#6594,#6595);
#6597=TOROIDAL_SURFACE('',#6596,10.747929133429759,2.0);
#6598=ORIENTED_EDGE('',*,*,#4168,.F.);
#6599=ORIENTED_EDGE('',*,*,#445,.T.);
#6600=ORIENTED_EDGE('',*,*,#4272,.F.);
#6601=CARTESIAN_POINT('',(-127.19999999999999,35.000000000000014,-1.895328087514113));
#6602=DIRECTION('',(0.0,0.0,1.0));
#6603=DIRECTION('',(-1.0,0.0,0.0));
#6604=AXIS2_PLACEMENT_3D('',#6601,#6602,#6603);
#6605=CIRCLE('',#6604,8.750670063920616);
#6606=EDGE_CURVE('',#4247,#4156,#6605,.T.);
#6607=ORIENTED_EDGE('',*,*,#6606,.T.);
#6608=EDGE_LOOP('',(#6598,#6599,#6600,#6607));
#6609=FACE_OUTER_BOUND('',#6608,.T.);
#6610=ADVANCED_FACE('',(#6609),#6597,.F.);
#6611=CARTESIAN_POINT('',(-127.19999999999999,35.000000000000014,-2.999999999999998));
#6612=DIRECTION('',(0.0,0.0,1.0));
#6613=DIRECTION('',(1.0,0.0,0.0));
#6614=AXIS2_PLACEMENT_3D('',#6611,#6612,#6613);
#6615=TOROIDAL_SURFACE('',#6614,6.690031970155035,2.0);
#6616=ORIENTED_EDGE('',*,*,#4244,.T.);
#6617=ORIENTED_EDGE('',*,*,#6091,.T.);
#6618=ORIENTED_EDGE('',*,*,#4198,.T.);
#6619=CARTESIAN_POINT('',(-127.19999999999999,35.000000000000014,-3.104671912485886));
#6620=DIRECTION('',(0.0,0.0,-1.0));
#6621=DIRECTION('',(-1.0,0.0,0.0));
#6622=AXIS2_PLACEMENT_3D('',#6619,#6620,#6621);
#6623=CIRCLE('',#6622,8.687291039664178);
#6624=EDGE_CURVE('',#4171,#4232,#6623,.T.);
#6625=ORIENTED_EDGE('',*,*,#6624,.T.);
#6626=EDGE_LOOP('',(#6616,#6617,#6618,#6625));
#6627=FACE_OUTER_BOUND('',#6626,.T.);
#6628=ADVANCED_FACE('',(#6627),#6615,.T.);
#6629=CARTESIAN_POINT('',(-127.19999999999999,35.000000000000014,0.0));
#6630=DIRECTION('',(0.0,0.0,1.0));
#6631=DIRECTION('',(-1.0,0.0,0.0));
#6632=AXIS2_PLACEMENT_3D('',#6629,#6630,#6631);
#6633=CONICAL_SURFACE('',#6632,8.85,3.0);
#6634=ORIENTED_EDGE('',*,*,#6606,.F.);
#6635=ORIENTED_EDGE('',*,*,#4259,.F.);
#6636=ORIENTED_EDGE('',*,*,#6624,.F.);
#6637=ORIENTED_EDGE('',*,*,#4183,.F.);
#6638=EDGE_LOOP('',(#6634,#6635,#6636,#6637));
#6639=FACE_OUTER_BOUND('',#6638,.T.);
#6640=ADVANCED_FACE('',(#6639),#6633,.T.);
#6641=CARTESIAN_POINT('',(-127.2,-34.999999999999986,-2.0));
#6642=DIRECTION('',(0.0,0.0,1.0));
#6643=DIRECTION('',(1.0,0.0,0.0));
#6644=AXIS2_PLACEMENT_3D('',#6641,#6642,#6643);
#6645=TOROIDAL_SURFACE('',#6644,10.747929133429759,2.0);
#6646=ORIENTED_EDGE('',*,*,#4048,.F.);
#6647=ORIENTED_EDGE('',*,*,#462,.T.);
#6648=ORIENTED_EDGE('',*,*,#4152,.F.);
#6649=CARTESIAN_POINT('',(-127.2,-34.999999999999986,-1.895328087514112));
#6650=DIRECTION('',(0.0,0.0,1.0));
#6651=DIRECTION('',(-1.0,0.0,0.0));
#6652=AXIS2_PLACEMENT_3D('',#6649,#6650,#6651);
#6653=CIRCLE('',#6652,8.750670063920616);
#6654=EDGE_CURVE('',#4127,#4036,#6653,.T.);
#6655=ORIENTED_EDGE('',*,*,#6654,.T.);
#6656=EDGE_LOOP('',(#6646,#6647,#6648,#6655));
#6657=FACE_OUTER_BOUND('',#6656,.T.);
#6658=ADVANCED_FACE('',(#6657),#6645,.F.);
#6659=CARTESIAN_POINT('',(-127.2,-34.999999999999986,0.0));
#6660=DIRECTION('',(0.0,0.0,1.0));
#6661=DIRECTION('',(-1.0,0.0,0.0));
#6662=AXIS2_PLACEMENT_3D('',#6659,#6660,#6661);
#6663=CONICAL_SURFACE('',#6662,8.85,3.0);
#6664=ORIENTED_EDGE('',*,*,#6654,.F.);
#6665=ORIENTED_EDGE('',*,*,#4139,.F.);
#6666=CARTESIAN_POINT('',(-127.2,-34.999999999999986,-3.104671912485885));
#6667=DIRECTION('',(0.0,0.0,-1.0));
#6668=DIRECTION('',(-1.0,0.0,0.0));
#6669=AXIS2_PLACEMENT_3D('',#6666,#6667,#6668);
#6670=CIRCLE('',#6669,8.687291039664178);
#6671=EDGE_CURVE('',#4051,#4112,#6670,.T.);
#6672=ORIENTED_EDGE('',*,*,#6671,.F.);
#6673=ORIENTED_EDGE('',*,*,#4063,.F.);
#6674=EDGE_LOOP('',(#6664,#6665,#6672,#6673));
#6675=FACE_OUTER_BOUND('',#6674,.T.);
#6676=ADVANCED_FACE('',(#6675),#6663,.T.);
#6677=CARTESIAN_POINT('',(-127.2,-34.999999999999986,-2.999999999999998));
#6678=DIRECTION('',(0.0,0.0,1.0));
#6679=DIRECTION('',(1.0,0.0,0.0));
#6680=AXIS2_PLACEMENT_3D('',#6677,#6678,#6679);
#6681=TOROIDAL_SURFACE('',#6680,6.690031970155035,2.0);
#6682=ORIENTED_EDGE('',*,*,#4124,.T.);
#6683=ORIENTED_EDGE('',*,*,#6109,.T.);
#6684=ORIENTED_EDGE('',*,*,#4078,.T.);
#6685=ORIENTED_EDGE('',*,*,#6671,.T.);
#6686=EDGE_LOOP('',(#6682,#6683,#6684,#6685));
#6687=FACE_OUTER_BOUND('',#6686,.T.);
#6688=ADVANCED_FACE('',(#6687),#6681,.T.);
#6689=CARTESIAN_POINT('',(127.19999999999999,-35.0,-2.0));
#6690=DIRECTION('',(0.0,0.0,1.0));
#6691=DIRECTION('',(1.0,0.0,0.0));
#6692=AXIS2_PLACEMENT_3D('',#6689,#6690,#6691);
#6693=TOROIDAL_SURFACE('',#6692,10.747929133429759,2.0);
#6694=CARTESIAN_POINT('',(124.66691692517173,-26.623979661938776,-1.895328087514112));
#6695=VERTEX_POINT('',#6694);
#6696=CARTESIAN_POINT('',(124.69999999999958,-24.546867423722869,-2.125036E-016));
#6697=CARTESIAN_POINT('',(124.69999999999958,-24.803610644914702,4.759741E-017));
#6698=CARTESIAN_POINT('',(124.69896987498507,-25.105995613249181,-0.059015822556968));
#6699=CARTESIAN_POINT('',(124.69561781751011,-25.580377947486518,-0.25105506668054));
#6700=CARTESIAN_POINT('',(124.69271051647446,-25.837126617931887,-0.417614231461192));
#6701=CARTESIAN_POINT('',(124.68656796581449,-26.199366097405694,-0.769520723086019));
#6702=CARTESIAN_POINT('',(124.68226726679913,-26.370509659133386,-1.015907604663152));
#6703=CARTESIAN_POINT('',(124.67489415743714,-26.552095024219394,-1.43831275711036));
#6704=CARTESIAN_POINT('',(124.67072848128667,-26.610871125236987,-1.676964183935928));
#6705=CARTESIAN_POINT('',(124.66691692517173,-26.62397966193879,-1.895328087514111));
#6706=B_SPLINE_CURVE_WITH_KNOTS('',3,(#6696,#6697,#6698,#6699,#6700,#6701,#6702,#6703,#6704,#6705),.UNSPECIFIED.,.F.,.U.,(4,2,2,2,4),(0.299482255753703,0.376505222111253,0.453019227180261,0.528025522810264,0.590971519053984),.UNSPECIFIED.);
#6707=EDGE_CURVE('',#594,#6695,#6706,.T.);
#6708=ORIENTED_EDGE('',*,*,#6707,.F.);
#6709=ORIENTED_EDGE('',*,*,#600,.T.);
#6710=CARTESIAN_POINT('',(124.66691692517171,-43.376020338061224,-1.895328087514113));
#6711=VERTEX_POINT('',#6710);
#6712=CARTESIAN_POINT('',(124.66691692517171,-43.376020338061196,-1.895328087514112));
#6713=CARTESIAN_POINT('',(124.67072848128664,-43.389128874762989,-1.67696418393593));
#6714=CARTESIAN_POINT('',(124.67489415743711,-43.447904975780602,-1.43831275711036));
#6715=CARTESIAN_POINT('',(124.68226726679909,-43.62949034086661,-1.015907604663153));
#6716=CARTESIAN_POINT('',(124.68656796581448,-43.800633902594299,-0.769520723086019));
#6717=CARTESIAN_POINT('',(124.69271051647442,-44.162873382068106,-0.417614231461193));
#6718=CARTESIAN_POINT('',(124.69561781751008,-44.419622052513468,-0.25105506668054));
#6719=CARTESIAN_POINT('',(124.69896987498502,-44.894004386750801,-0.059015822556967));
#6720=CARTESIAN_POINT('',(124.69999999999955,-45.19638935508528,-9.623234E-016));
#6721=CARTESIAN_POINT('',(124.69999999999955,-45.453132576277113,-2.168404E-017));
#6722=B_SPLINE_CURVE_WITH_KNOTS('',3,(#6712,#6713,#6714,#6715,#6716,#6717,#6718,#6719,#6720,#6721),.UNSPECIFIED.,.F.,.U.,(4,2,2,2,4),(0.611674060844205,0.674620057087925,0.749626352717928,0.826140357786935,0.903163324144486),.UNSPECIFIED.);
#6723=EDGE_CURVE('',#6711,#586,#6722,.T.);
#6724=ORIENTED_EDGE('',*,*,#6723,.F.);
#6725=CARTESIAN_POINT('',(127.19999999999999,-35.0,-1.895328087514113));
#6726=DIRECTION('',(0.0,0.0,1.0));
#6727=DIRECTION('',(1.0,0.0,0.0));
#6728=AXIS2_PLACEMENT_3D('',#6725,#6726,#6727);
#6729=CIRCLE('',#6728,8.750670063920616);
#6730=EDGE_CURVE('',#6711,#6695,#6729,.T.);
#6731=ORIENTED_EDGE('',*,*,#6730,.T.);
#6732=EDGE_LOOP('',(#6708,#6709,#6724,#6731));
#6733=FACE_OUTER_BOUND('',#6732,.T.);
#6734=ADVANCED_FACE('',(#6733),#6693,.F.);
#6735=CARTESIAN_POINT('',(124.69999999999942,-104.69999999999978,0.0));
#6736=DIRECTION('',(0.999847695156391,-1.950811E-015,-0.017452406437284));
#6737=DIRECTION('',(-0.017452406437284,3.405153E-017,-0.999847695156391));
#6738=AXIS2_PLACEMENT_3D('',#6735,#6736,#6737);
#6739=PLANE('',#6738);
#6740=ORIENTED_EDGE('',*,*,#3254,.F.);
#6741=ORIENTED_EDGE('',*,*,#3499,.F.);
#6742=ORIENTED_EDGE('',*,*,#625,.F.);
#6743=CARTESIAN_POINT('',(124.66691692517186,43.376020338061267,-1.895328087514112));
#6744=VERTEX_POINT('',#6743);
#6745=CARTESIAN_POINT('',(124.69999999999972,45.45313257627717,2.211772E-016));
#6746=CARTESIAN_POINT('',(124.69999999999972,45.196389355085323,1.525245E-015));
#6747=CARTESIAN_POINT('',(124.69896987498521,44.894004386750851,-0.059015822556967));
#6748=CARTESIAN_POINT('',(124.69561781751025,44.41962205251351,-0.251055066680541));
#6749=CARTESIAN_POINT('',(124.69271051647461,44.162873382068149,-0.417614231461193));
#6750=CARTESIAN_POINT('',(124.68656796581463,43.800633902594342,-0.769520723086019));
#6751=CARTESIAN_POINT('',(124.68226726679927,43.629490340866653,-1.015907604663154));
#6752=CARTESIAN_POINT('',(124.67489415743728,43.447904975780645,-1.438312757110362));
#6753=CARTESIAN_POINT('',(124.67072848128682,43.389128874763045,-1.67696418393593));
#6754=CARTESIAN_POINT('',(124.66691692517188,43.376020338061245,-1.895328087514112));
#6755=B_SPLINE_CURVE_WITH_KNOTS('',3,(#6745,#6746,#6747,#6748,#6749,#6750,#6751,#6752,#6753,#6754),.UNSPECIFIED.,.F.,.U.,(4,2,2,2,4),(0.299482255753701,0.376505222111253,0.453019227180261,0.528025522810263,0.590971519053983),.UNSPECIFIED.);
#6756=EDGE_CURVE('',#611,#6744,#6755,.T.);
#6757=ORIENTED_EDGE('',*,*,#6756,.T.);
#6758=CARTESIAN_POINT('',(124.64580775018645,43.303320273169149,-3.104671912485885));
#6759=VERTEX_POINT('',#6758);
#6760=CARTESIAN_POINT('',(124.66691692517186,43.376020338061267,-1.895328087514112));
#6761=CARTESIAN_POINT('',(124.65631633351096,43.339563247923493,-2.502635577028791));
#6762=CARTESIAN_POINT('',(124.64580775018645,43.303320273169149,-3.104671912485925));
#6770=(BOUNDED_CURVE()B_SPLINE_CURVE(2,(#6760,#6761,#6762),.UNSPECIFIED.,.F.,.U.)B_SPLINE_CURVE_WITH_KNOTS((3,3),(0.187784683814344,0.308943531425596),.UNSPECIFIED.)CURVE()GEOMETRIC_REPRESENTATION_ITEM()RATIONAL_B_SPLINE_CURVE((1.000051435045608,1.00005807921427,1.00005188543308))REPRESENTATION_ITEM(''));
#6771=EDGE_CURVE('',#6744,#6759,#6770,.T.);
#6772=ORIENTED_EDGE('',*,*,#6771,.T.);
#6773=CARTESIAN_POINT('',(124.64580775018645,43.303320273169163,-3.104671912485886));
#6774=CARTESIAN_POINT('',(124.64202030916053,43.290257796025777,-3.321654263540206));
#6775=CARTESIAN_POINT('',(124.6378819489266,43.232022726020467,-3.558740762555459));
#6776=CARTESIAN_POINT('',(124.63054646464781,43.051427149403231,-3.978990375431942));
#6777=CARTESIAN_POINT('',(124.62626744263089,42.880595971521274,-4.224135382598554));
#6778=CARTESIAN_POINT('',(124.62011191990746,42.515498111351135,-4.576785043240387));
#6779=CARTESIAN_POINT('',(124.61719777457937,42.253909574135697,-4.743736317272989));
#6780=CARTESIAN_POINT('',(124.61376634323889,41.76149552797667,-4.940322887107394));
#6781=CARTESIAN_POINT('',(124.61272467535863,41.441085565703247,-4.999999999999999));
#6782=CARTESIAN_POINT('',(124.61272467535863,41.169484107783916,-4.999999999999998));
#6783=B_SPLINE_CURVE_WITH_KNOTS('',3,(#6773,#6774,#6775,#6776,#6777,#6778,#6779,#6780,#6781,#6782),.UNSPECIFIED.,.F.,.U.,(4,2,2,2,4),(0.010243005367472,0.072777052174842,0.147483843994879,0.225068387778826,0.306548825154626),.UNSPECIFIED.);
#6784=EDGE_CURVE('',#6250,#6759,#6783,.F.);
#6785=ORIENTED_EDGE('',*,*,#6784,.F.);
#6786=ORIENTED_EDGE('',*,*,#6255,.T.);
#6787=ORIENTED_EDGE('',*,*,#5672,.T.);
#6788=ORIENTED_EDGE('',*,*,#6270,.T.);
#6789=CARTESIAN_POINT('',(124.64580775018641,26.696679726830862,-3.104671912485884));
#6790=VERTEX_POINT('',#6789);
#6791=CARTESIAN_POINT('',(124.61272467535861,28.830515892216098,-4.999999999999998));
#6792=CARTESIAN_POINT('',(124.61272467535861,28.558914434296767,-4.999999999999998));
#6793=CARTESIAN_POINT('',(124.61376634323885,28.238504472023351,-4.940322887107393));
#6794=CARTESIAN_POINT('',(124.61719777457932,27.74609042586432,-4.74373631727299));
#6795=CARTESIAN_POINT('',(124.62011191990742,27.484501888648886,-4.576785043240387));
#6796=CARTESIAN_POINT('',(124.62626744263085,27.119404028478744,-4.224135382598556));
#6797=CARTESIAN_POINT('',(124.63054646464776,26.94857285059679,-3.978990375431942));
#6798=CARTESIAN_POINT('',(124.63788194892655,26.7679772739802,-3.558740762556974));
#6799=CARTESIAN_POINT('',(124.64202030916042,26.709742203975054,-3.321654263543973));
#6800=CARTESIAN_POINT('',(124.64580775018632,26.696679726831164,-3.104671912491041));
#6801=B_SPLINE_CURVE_WITH_KNOTS('',3,(#6791,#6792,#6793,#6794,#6795,#6796,#6797,#6798,#6799,#6800),.UNSPECIFIED.,.F.,.U.,(4,2,2,2,4),(0.932475558242986,1.013955995618785,1.091540539402733,1.16624733122277,1.228781378029644),.UNSPECIFIED.);
#6802=EDGE_CURVE('',#6790,#6258,#6801,.F.);
#6803=ORIENTED_EDGE('',*,*,#6802,.F.);
#6804=CARTESIAN_POINT('',(124.66691692517182,26.623979661938755,-1.895328087514112));
#6805=VERTEX_POINT('',#6804);
#6806=CARTESIAN_POINT('',(124.64580775018638,26.696679726830865,-3.104671912485924));
#6807=CARTESIAN_POINT('',(124.65631633351097,26.660436752076468,-2.502635577027765));
#6808=CARTESIAN_POINT('',(124.66691692517182,26.623979661938755,-1.895328087514112));
#6816=(BOUNDED_CURVE()B_SPLINE_CURVE(2,(#6806,#6807,#6808),.UNSPECIFIED.,.F.,.U.)B_SPLINE_CURVE_WITH_KNOTS((3,3),(0.192035239992449,0.313194087602239),.UNSPECIFIED.)CURVE()GEOMETRIC_REPRESENTATION_ITEM()RATIONAL_B_SPLINE_CURVE((1.000051885420856,1.000058079200587,1.00005143503349))REPRESENTATION_ITEM(''));
#6817=EDGE_CURVE('',#6790,#6805,#6816,.T.);
#6818=ORIENTED_EDGE('',*,*,#6817,.T.);
#6819=CARTESIAN_POINT('',(124.66691692517185,26.623979661938762,-1.895328087514111));
#6820=CARTESIAN_POINT('',(124.67072848128679,26.610871125236958,-1.67696418393593));
#6821=CARTESIAN_POINT('',(124.67489415743727,26.552095024219369,-1.438312757110362));
#6822=CARTESIAN_POINT('',(124.68226726679923,26.370509659133361,-1.015907604663153));
#6823=CARTESIAN_POINT('',(124.68656796581462,26.199366097405669,-0.76952072308602));
#6824=CARTESIAN_POINT('',(124.69271051647456,25.837126617931862,-0.417614231461193));
#6825=CARTESIAN_POINT('',(124.69561781751023,25.5803779474865,-0.251055066680541));
#6826=CARTESIAN_POINT('',(124.69896987498517,25.105995613249167,-0.059015822556966));
#6827=CARTESIAN_POINT('',(124.69999999999968,24.803610644914688,-5.324842E-016));
#6828=CARTESIAN_POINT('',(124.69999999999968,24.546867423722855,2.406929E-016));
#6829=B_SPLINE_CURVE_WITH_KNOTS('',3,(#6819,#6820,#6821,#6822,#6823,#6824,#6825,#6826,#6827,#6828),.UNSPECIFIED.,.F.,.U.,(4,2,2,2,4),(0.611674060844204,0.674620057087924,0.749626352717927,0.826140357786934,0.903163324144485),.UNSPECIFIED.);
#6830=EDGE_CURVE('',#6805,#603,#6829,.T.);
#6831=ORIENTED_EDGE('',*,*,#6830,.T.);
#6832=ORIENTED_EDGE('',*,*,#608,.F.);
#6833=ORIENTED_EDGE('',*,*,#6707,.T.);
#6834=CARTESIAN_POINT('',(124.64580775018631,-26.696679726830883,-3.104671912485885));
#6835=VERTEX_POINT('',#6834);
#6836=CARTESIAN_POINT('',(124.66691692517173,-26.623979661938776,-1.895328087514112));
#6837=CARTESIAN_POINT('',(124.65631633351086,-26.660436752076588,-2.502635577029431));
#6838=CARTESIAN_POINT('',(124.64580775018634,-26.696679726830897,-3.104671912485927));
#6846=(BOUNDED_CURVE()B_SPLINE_CURVE(2,(#6836,#6837,#6838),.UNSPECIFIED.,.F.,.U.)B_SPLINE_CURVE_WITH_KNOTS((3,3),(0.18778468381421,0.308943531424639),.UNSPECIFIED.)CURVE()GEOMETRIC_REPRESENTATION_ITEM()RATIONAL_B_SPLINE_CURVE((1.000051435038921,1.00005807920672,1.000051885426334))REPRESENTATION_ITEM(''));
#6847=EDGE_CURVE('',#6695,#6835,#6846,.T.);
#6848=ORIENTED_EDGE('',*,*,#6847,.T.);
#6849=CARTESIAN_POINT('',(124.64580775018632,-26.69667972683088,-3.104671912485886));
#6850=CARTESIAN_POINT('',(124.6420203091604,-26.709742203974265,-3.321654263540206));
#6851=CARTESIAN_POINT('',(124.63788194892646,-26.767977273979572,-3.558740762555457));
#6852=CARTESIAN_POINT('',(124.63054646464767,-26.948572850596811,-3.978990375431939));
#6853=CARTESIAN_POINT('',(124.62626744263075,-27.119404028478765,-4.224135382598552));
#6854=CARTESIAN_POINT('',(124.62011191990732,-27.484501888648907,-4.576785043240385));
#6855=CARTESIAN_POINT('',(124.61719777457922,-27.746090425864342,-4.743736317272988));
#6856=CARTESIAN_POINT('',(124.61376634323875,-28.238504472023376,-4.940322887107393));
#6857=CARTESIAN_POINT('',(124.61272467535849,-28.558914434296803,-4.999999999999999));
#6858=CARTESIAN_POINT('',(124.61272467535849,-28.830515892216138,-4.999999999999998));
#6859=B_SPLINE_CURVE_WITH_KNOTS('',3,(#6849,#6850,#6851,#6852,#6853,#6854,#6855,#6856,#6857,#6858),.UNSPECIFIED.,.F.,.U.,(4,2,2,2,4),(0.010243005367472,0.072777052174842,0.147483843994878,0.225068387778826,0.306548825154627),.UNSPECIFIED.);
#6860=EDGE_CURVE('',#6218,#6835,#6859,.F.);
#6861=ORIENTED_EDGE('',*,*,#6860,.F.);
#6862=ORIENTED_EDGE('',*,*,#6223,.T.);
#6863=ORIENTED_EDGE('',*,*,#5613,.T.);
#6864=ORIENTED_EDGE('',*,*,#6238,.T.);
#6865=CARTESIAN_POINT('',(124.64580775018629,-43.30332027316912,-3.104671912485887));
#6866=VERTEX_POINT('',#6865);
#6867=CARTESIAN_POINT('',(124.61272467535846,-41.169484107783852,-4.999999999999998));
#6868=CARTESIAN_POINT('',(124.61272467535846,-41.44108556570319,-4.999999999999998));
#6869=CARTESIAN_POINT('',(124.61376634323871,-41.761495527976614,-4.940322887107394));
#6870=CARTESIAN_POINT('',(124.61719777457918,-42.253909574135648,-4.743736317272988));
#6871=CARTESIAN_POINT('',(124.62011191990727,-42.515498111351079,-4.576785043240385));
#6872=CARTESIAN_POINT('',(124.62626744263071,-42.880595971521217,-4.224135382598552));
#6873=CARTESIAN_POINT('',(124.63054646464762,-43.051427149403175,-3.97899037543194));
#6874=CARTESIAN_POINT('',(124.63788194892642,-43.232022726019764,-3.558740762556973));
#6875=CARTESIAN_POINT('',(124.64202030916029,-43.290257796024903,-3.321654263543974));
#6876=CARTESIAN_POINT('',(124.64580775018619,-43.303320273168794,-3.104671912491043));
#6877=B_SPLINE_CURVE_WITH_KNOTS('',3,(#6867,#6868,#6869,#6870,#6871,#6872,#6873,#6874,#6875,#6876),.UNSPECIFIED.,.F.,.U.,(4,2,2,2,4),(0.932475558242991,1.013955995618791,1.091540539402739,1.166247331222776,1.22878137802965),.UNSPECIFIED.);
#6878=EDGE_CURVE('',#6866,#6226,#6877,.F.);
#6879=ORIENTED_EDGE('',*,*,#6878,.F.);
#6880=CARTESIAN_POINT('',(124.64580775018629,-43.303320273169106,-3.104671912485927));
#6881=CARTESIAN_POINT('',(124.65631633351082,-43.339563247923451,-2.502635577029054));
#6882=CARTESIAN_POINT('',(124.66691692517171,-43.376020338061224,-1.895328087514113));
#6890=(BOUNDED_CURVE()B_SPLINE_CURVE(2,(#6880,#6881,#6882),.UNSPECIFIED.,.F.,.U.)B_SPLINE_CURVE_WITH_KNOTS((3,3),(0.192035239992639,0.313194087604005),.UNSPECIFIED.)CURVE()GEOMETRIC_REPRESENTATION_ITEM()RATIONAL_B_SPLINE_CURVE((1.000051885434056,1.000058079215363,1.000051435046576))REPRESENTATION_ITEM(''));
#6891=EDGE_CURVE('',#6866,#6711,#6890,.T.);
#6892=ORIENTED_EDGE('',*,*,#6891,.T.);
#6893=ORIENTED_EDGE('',*,*,#6723,.T.);
#6894=ORIENTED_EDGE('',*,*,#591,.F.);
#6895=ORIENTED_EDGE('',*,*,#5967,.F.);
#6896=EDGE_LOOP('',(#6740,#6741,#6742,#6757,#6772,#6785,#6786,#6787,#6788,#6803,#6818,#6831,#6832,#6833,#6848,#6861,#6862,#6863,#6864,#6879,#6892,#6893,#6894,#6895));
#6897=FACE_OUTER_BOUND('',#6896,.T.);
#6898=ADVANCED_FACE('',(#6897),#6739,.T.);
#6899=CARTESIAN_POINT('',(127.19999999999999,-35.0,-2.999999999999998));
#6900=DIRECTION('',(0.0,0.0,1.0));
#6901=DIRECTION('',(1.0,0.0,0.0));
#6902=AXIS2_PLACEMENT_3D('',#6899,#6900,#6901);
#6903=TOROIDAL_SURFACE('',#6902,6.690031970155035,2.0);
#6904=ORIENTED_EDGE('',*,*,#6878,.T.);
#6905=ORIENTED_EDGE('',*,*,#6232,.T.);
#6906=ORIENTED_EDGE('',*,*,#6860,.T.);
#6907=CARTESIAN_POINT('',(127.19999999999999,-35.0,-3.104671912485886));
#6908=DIRECTION('',(0.0,0.0,-1.0));
#6909=DIRECTION('',(1.0,0.0,0.0));
#6910=AXIS2_PLACEMENT_3D('',#6907,#6908,#6909);
#6911=CIRCLE('',#6910,8.687291039664178);
#6912=EDGE_CURVE('',#6835,#6866,#6911,.T.);
#6913=ORIENTED_EDGE('',*,*,#6912,.T.);
#6914=EDGE_LOOP('',(#6904,#6905,#6906,#6913));
#6915=FACE_OUTER_BOUND('',#6914,.T.);
#6916=ADVANCED_FACE('',(#6915),#6903,.T.);
#6917=CARTESIAN_POINT('',(127.19999999999999,-35.0,0.0));
#6918=DIRECTION('',(0.0,0.0,1.0));
#6919=DIRECTION('',(1.0,0.0,0.0));
#6920=AXIS2_PLACEMENT_3D('',#6917,#6918,#6919);
#6921=CONICAL_SURFACE('',#6920,8.85,3.0);
#6922=ORIENTED_EDGE('',*,*,#6730,.F.);
#6923=ORIENTED_EDGE('',*,*,#6891,.F.);
#6924=ORIENTED_EDGE('',*,*,#6912,.F.);
#6925=ORIENTED_EDGE('',*,*,#6847,.F.);
#6926=EDGE_LOOP('',(#6922,#6923,#6924,#6925));
#6927=FACE_OUTER_BOUND('',#6926,.T.);
#6928=ADVANCED_FACE('',(#6927),#6921,.T.);
#6929=CARTESIAN_POINT('',(127.2,35.0,-2.0));
#6930=DIRECTION('',(0.0,0.0,1.0));
#6931=DIRECTION('',(1.0,0.0,0.0));
#6932=AXIS2_PLACEMENT_3D('',#6929,#6930,#6931);
#6933=TOROIDAL_SURFACE('',#6932,10.747929133429759,2.0);
#6934=ORIENTED_EDGE('',*,*,#6756,.F.);
#6935=ORIENTED_EDGE('',*,*,#617,.T.);
#6936=ORIENTED_EDGE('',*,*,#6830,.F.);
#6937=CARTESIAN_POINT('',(127.2,35.0,-1.895328087514112));
#6938=DIRECTION('',(0.0,0.0,1.0));
#6939=DIRECTION('',(1.0,0.0,0.0));
#6940=AXIS2_PLACEMENT_3D('',#6937,#6938,#6939);
#6941=CIRCLE('',#6940,8.750670063920616);
#6942=EDGE_CURVE('',#6805,#6744,#6941,.T.);
#6943=ORIENTED_EDGE('',*,*,#6942,.T.);
#6944=EDGE_LOOP('',(#6934,#6935,#6936,#6943));
#6945=FACE_OUTER_BOUND('',#6944,.T.);
#6946=ADVANCED_FACE('',(#6945),#6933,.F.);
#6947=CARTESIAN_POINT('',(127.2,35.0,0.0));
#6948=DIRECTION('',(0.0,0.0,1.0));
#6949=DIRECTION('',(1.0,0.0,0.0));
#6950=AXIS2_PLACEMENT_3D('',#6947,#6948,#6949);
#6951=CONICAL_SURFACE('',#6950,8.85,3.0);
#6952=ORIENTED_EDGE('',*,*,#6942,.F.);
#6953=ORIENTED_EDGE('',*,*,#6817,.F.);
#6954=CARTESIAN_POINT('',(127.2,35.0,-3.104671912485885));
#6955=DIRECTION('',(0.0,0.0,-1.0));
#6956=DIRECTION('',(1.0,0.0,0.0));
#6957=AXIS2_PLACEMENT_3D('',#6954,#6955,#6956);
#6958=CIRCLE('',#6957,8.687291039664178);
#6959=EDGE_CURVE('',#6759,#6790,#6958,.T.);
#6960=ORIENTED_EDGE('',*,*,#6959,.F.);
#6961=ORIENTED_EDGE('',*,*,#6771,.F.);
#6962=EDGE_LOOP('',(#6952,#6953,#6960,#6961));
#6963=FACE_OUTER_BOUND('',#6962,.T.);
#6964=ADVANCED_FACE('',(#6963),#6951,.T.);
#6965=CARTESIAN_POINT('',(127.2,35.0,-2.999999999999998));
#6966=DIRECTION('',(0.0,0.0,1.0));
#6967=DIRECTION('',(1.0,0.0,0.0));
#6968=AXIS2_PLACEMENT_3D('',#6965,#6966,#6967);
#6969=TOROIDAL_SURFACE('',#6968,6.690031970155035,2.0);
#6970=ORIENTED_EDGE('',*,*,#6802,.T.);
#6971=ORIENTED_EDGE('',*,*,#6264,.T.);
#6972=ORIENTED_EDGE('',*,*,#6784,.T.);
#6973=ORIENTED_EDGE('',*,*,#6959,.T.);
#6974=EDGE_LOOP('',(#6970,#6971,#6972,#6973));
#6975=FACE_OUTER_BOUND('',#6974,.T.);
#6976=ADVANCED_FACE('',(#6975),#6969,.T.);
#6977=CARTESIAN_POINT('',(59.999999999999993,-107.2,-2.0));
#6978=DIRECTION('',(0.0,0.0,1.0));
#6979=DIRECTION('',(1.0,0.0,0.0));
#6980=AXIS2_PLACEMENT_3D('',#6977,#6978,#6979);
#6981=TOROIDAL_SURFACE('',#6980,10.747929133429759,2.0);
#6982=CARTESIAN_POINT('',(68.376020338061267,-104.6669169251718,-1.895328087514112));
#6983=VERTEX_POINT('',#6982);
#6984=CARTESIAN_POINT('',(70.453132576277127,-104.69999999999963,3.903128E-016));
#6985=CARTESIAN_POINT('',(70.196389355085273,-104.69999999999963,7.537416E-016));
#6986=CARTESIAN_POINT('',(69.894004386750808,-104.6989698749851,-0.059015822556965));
#6987=CARTESIAN_POINT('',(69.419622052513475,-104.69561781751014,-0.251055066680536));
#6988=CARTESIAN_POINT('',(69.162873382068113,-104.69271051647452,-0.41761423146119));
#6989=CARTESIAN_POINT('',(68.800633902594313,-104.68656796581455,-0.769520723086017));
#6990=CARTESIAN_POINT('',(68.62949034086661,-104.68226726679916,-1.015907604663148));
#6991=CARTESIAN_POINT('',(68.447904975780602,-104.67489415743717,-1.438312757110356));
#6992=CARTESIAN_POINT('',(68.389128874763003,-104.67072848128673,-1.676964183935928));
#6993=CARTESIAN_POINT('',(68.37602033806121,-104.66691692517179,-1.89532808751411));
#6994=B_SPLINE_CURVE_WITH_KNOTS('',3,(#6984,#6985,#6986,#6987,#6988,#6989,#6990,#6991,#6992,#6993),.UNSPECIFIED.,.F.,.U.,(4,2,2,2,4),(0.299482255753702,0.376505222111253,0.453019227180261,0.528025522810263,0.590971519053984),.UNSPECIFIED.);
#6995=EDGE_CURVE('',#542,#6983,#6994,.T.);
#6996=ORIENTED_EDGE('',*,*,#6995,.F.);
#6997=ORIENTED_EDGE('',*,*,#548,.T.);
#6998=CARTESIAN_POINT('',(51.623979661938776,-104.66691692517176,-1.895328087514112));
#6999=VERTEX_POINT('',#6998);
#7000=CARTESIAN_POINT('',(51.62397966193879,-104.66691692517175,-1.89532808751411));
#7001=CARTESIAN_POINT('',(51.61087112523699,-104.67072848128669,-1.676964183935926));
#7002=CARTESIAN_POINT('',(51.55209502421939,-104.67489415743714,-1.438312757110356));
#7003=CARTESIAN_POINT('',(51.370509659133376,-104.68226726679913,-1.015907604663148));
#7004=CARTESIAN_POINT('',(51.199366097405672,-104.68656796581453,-0.769520723086017));
#7005=CARTESIAN_POINT('',(50.837126617931865,-104.69271051647448,-0.417614231461191));
#7006=CARTESIAN_POINT('',(50.580377947486504,-104.69561781751011,-0.251055066680536));
#7007=CARTESIAN_POINT('',(50.105995613249171,-104.69896987498504,-0.059015822556966));
#7008=CARTESIAN_POINT('',(49.803610644914691,-104.69999999999958,1.392279E-015));
#7009=CARTESIAN_POINT('',(49.546867423722858,-104.69999999999958,4.943962E-016));
#7010=B_SPLINE_CURVE_WITH_KNOTS('',3,(#7000,#7001,#7002,#7003,#7004,#7005,#7006,#7007,#7008,#7009),.UNSPECIFIED.,.F.,.U.,(4,2,2,2,4),(0.611674060844205,0.674620057087925,0.749626352717928,0.826140357786936,0.903163324144486),.UNSPECIFIED.);
#7011=EDGE_CURVE('',#6999,#534,#7010,.T.);
#7012=ORIENTED_EDGE('',*,*,#7011,.F.);
#7013=CARTESIAN_POINT('',(59.999999999999986,-107.2,-1.895328087514112));
#7014=DIRECTION('',(0.0,0.0,1.0));
#7015=DIRECTION('',(0.0,-1.0,0.0));
#7016=AXIS2_PLACEMENT_3D('',#7013,#7014,#7015);
#7017=CIRCLE('',#7016,8.750670063920616);
#7018=EDGE_CURVE('',#6999,#6983,#7017,.T.);
#7019=ORIENTED_EDGE('',*,*,#7018,.T.);
#7020=EDGE_LOOP('',(#6996,#6997,#7012,#7019));
#7021=FACE_OUTER_BOUND('',#7020,.T.);
#7022=ADVANCED_FACE('',(#7021),#6981,.F.);
#7023=CARTESIAN_POINT('',(59.999999999999993,-107.2,0.0));
#7024=DIRECTION('',(0.0,0.0,1.0));
#7025=DIRECTION('',(-1.0,0.0,0.0));
#7026=AXIS2_PLACEMENT_3D('',#7023,#7024,#7025);
#7027=CONICAL_SURFACE('',#7026,8.85,3.0);
#7028=ORIENTED_EDGE('',*,*,#7018,.F.);
#7029=CARTESIAN_POINT('',(51.69667972683088,-104.64580775018634,-3.104671912485884));
#7030=VERTEX_POINT('',#7029);
#7031=CARTESIAN_POINT('',(51.696679726830894,-104.64580775018634,-3.104671912485925));
#7032=CARTESIAN_POINT('',(51.66043675207662,-104.65631633351087,-2.502635577030316));
#7033=CARTESIAN_POINT('',(51.623979661938776,-104.66691692517176,-1.895328087514112));
#7041=(BOUNDED_CURVE()B_SPLINE_CURVE(2,(#7031,#7032,#7033),.UNSPECIFIED.,.F.,.U.)B_SPLINE_CURVE_WITH_KNOTS((3,3),(0.192035239994795,0.313194087604046),.UNSPECIFIED.)CURVE()GEOMETRIC_REPRESENTATION_ITEM()RATIONAL_B_SPLINE_CURVE((1.000051885416682,1.000058079195915,1.000051435029353))REPRESENTATION_ITEM(''));
#7042=EDGE_CURVE('',#7030,#6999,#7041,.T.);
#7043=ORIENTED_EDGE('',*,*,#7042,.F.);
#7044=CARTESIAN_POINT('',(68.303320273169078,-104.64580775018639,-3.104671912485885));
#7045=VERTEX_POINT('',#7044);
#7046=CARTESIAN_POINT('',(60.0,-107.2,-3.104671912485885));
#7047=DIRECTION('',(0.0,0.0,-1.0));
#7048=DIRECTION('',(0.0,-1.0,0.0));
#7049=AXIS2_PLACEMENT_3D('',#7046,#7047,#7048);
#7050=CIRCLE('',#7049,8.687291039664178);
#7051=EDGE_CURVE('',#7045,#7030,#7050,.T.);
#7052=ORIENTED_EDGE('',*,*,#7051,.F.);
#7053=CARTESIAN_POINT('',(68.376020338061267,-104.6669169251718,-1.895328087514113));
#7054=CARTESIAN_POINT('',(68.339563247927359,-104.65631633351208,-2.502635576963793));
#7055=CARTESIAN_POINT('',(68.303320273169078,-104.64580775018639,-3.104671912485925));
#7063=(BOUNDED_CURVE()B_SPLINE_CURVE(2,(#7053,#7054,#7055),.UNSPECIFIED.,.F.,.U.)B_SPLINE_CURVE_WITH_KNOTS((3,3),(0.187784683867617,0.308943531476995),.UNSPECIFIED.)CURVE()GEOMETRIC_REPRESENTATION_ITEM()RATIONAL_B_SPLINE_CURVE((1.000051435022722,1.000058079188421,1.000051885409982))REPRESENTATION_ITEM(''));
#7064=EDGE_CURVE('',#6983,#7045,#7063,.T.);
#7065=ORIENTED_EDGE('',*,*,#7064,.F.);
#7066=EDGE_LOOP('',(#7028,#7043,#7052,#7065));
#7067=FACE_OUTER_BOUND('',#7066,.T.);
#7068=ADVANCED_FACE('',(#7067),#7027,.T.);
#7069=CARTESIAN_POINT('',(-124.69999999999979,-104.69999999999914,0.0));
#7070=DIRECTION('',(-2.563717E-015,-0.999847695156391,-0.017452406437284));
#7071=DIRECTION('',(4.474985E-017,0.017452406437284,-0.999847695156391));
#7072=AXIS2_PLACEMENT_3D('',#7069,#7070,#7071);
#7073=PLANE('',#7072);
#7074=ORIENTED_EDGE('',*,*,#1645,.F.);
#7075=ORIENTED_EDGE('',*,*,#6074,.F.);
#7076=ORIENTED_EDGE('',*,*,#556,.F.);
#7077=ORIENTED_EDGE('',*,*,#6995,.T.);
#7078=ORIENTED_EDGE('',*,*,#7064,.T.);
#7079=CARTESIAN_POINT('',(68.30332027316912,-104.64580775018638,-3.104671912485889));
#7080=CARTESIAN_POINT('',(68.290257796025742,-104.64202030916044,-3.321654263540206));
#7081=CARTESIAN_POINT('',(68.232022726020432,-104.63788194892652,-3.558740762555455));
#7082=CARTESIAN_POINT('',(68.051427149403182,-104.63054646464771,-3.978990375431937));
#7083=CARTESIAN_POINT('',(67.880595971521231,-104.62626744263078,-4.22413538259855));
#7084=CARTESIAN_POINT('',(67.515498111351093,-104.62011191990734,-4.576785043240381));
#7085=CARTESIAN_POINT('',(67.253909574135662,-104.61719777457928,-4.743736317272987));
#7086=CARTESIAN_POINT('',(66.761495527976635,-104.61376634323881,-4.940322887107392));
#7087=CARTESIAN_POINT('',(66.44108556570319,-104.61272467535852,-4.999999999999999));
#7088=CARTESIAN_POINT('',(66.169484107783859,-104.61272467535852,-4.999999999999998));
#7089=B_SPLINE_CURVE_WITH_KNOTS('',3,(#7079,#7080,#7081,#7082,#7083,#7084,#7085,#7086,#7087,#7088),.UNSPECIFIED.,.F.,.U.,(4,2,2,2,4),(0.010243005367473,0.072777052174842,0.147483843994878,0.225068387778825,0.306548825154627),.UNSPECIFIED.);
#7090=EDGE_CURVE('',#6186,#7045,#7089,.F.);
#7091=ORIENTED_EDGE('',*,*,#7090,.F.);
#7092=ORIENTED_EDGE('',*,*,#6191,.T.);
#7093=ORIENTED_EDGE('',*,*,#5554,.T.);
#7094=ORIENTED_EDGE('',*,*,#6206,.T.);
#7095=CARTESIAN_POINT('',(53.83051589221612,-104.61272467535849,-4.999999999999998));
#7096=CARTESIAN_POINT('',(53.558914434296781,-104.61272467535849,-4.999999999999998));
#7097=CARTESIAN_POINT('',(53.238504472023351,-104.61376634323877,-4.940322887107394));
#7098=CARTESIAN_POINT('',(52.746090425864324,-104.61719777457924,-4.743736317272985));
#7099=CARTESIAN_POINT('',(52.484501888648893,-104.62011191990732,-4.576785043240382));
#7100=CARTESIAN_POINT('',(52.119404028478755,-104.62626744263075,-4.22413538259855));
#7101=CARTESIAN_POINT('',(51.948572850596797,-104.63054646464768,-3.978990375431937));
#7102=CARTESIAN_POINT('',(51.767977273980215,-104.63788194892646,-3.558740762556969));
#7103=CARTESIAN_POINT('',(51.709742203975068,-104.64202030916033,-3.321654263543969));
#7104=CARTESIAN_POINT('',(51.696679726831178,-104.64580775018624,-3.104671912491039));
#7105=B_SPLINE_CURVE_WITH_KNOTS('',3,(#7095,#7096,#7097,#7098,#7099,#7100,#7101,#7102,#7103,#7104),.UNSPECIFIED.,.F.,.U.,(4,2,2,2,4),(0.932475558242989,1.01395599561879,1.091540539402737,1.166247331222774,1.228781378029648),.UNSPECIFIED.);
#7106=EDGE_CURVE('',#7030,#6194,#7105,.F.);
#7107=ORIENTED_EDGE('',*,*,#7106,.F.);
#7108=ORIENTED_EDGE('',*,*,#7042,.T.);
#7109=ORIENTED_EDGE('',*,*,#7011,.T.);
#7110=ORIENTED_EDGE('',*,*,#539,.F.);
#7111=CARTESIAN_POINT('',(8.376020338061123,-104.66691692517161,-1.895328087514113));
#7112=VERTEX_POINT('',#7111);
#7113=CARTESIAN_POINT('',(10.453132576277095,-104.69999999999949,1.908196E-016));
#7114=CARTESIAN_POINT('',(10.196389355085259,-104.69999999999949,2.407020E-016));
#7115=CARTESIAN_POINT('',(9.894004386750783,-104.69896987498495,-0.059015822556967));
#7116=CARTESIAN_POINT('',(9.419622052513445,-104.69561781751,-0.251055066680539));
#7117=CARTESIAN_POINT('',(9.16287338206808,-104.69271051647436,-0.417614231461193));
#7118=CARTESIAN_POINT('',(8.800633902594267,-104.68656796581439,-0.76952072308602));
#7119=CARTESIAN_POINT('',(8.629490340866575,-104.68226726679902,-1.015907604663152));
#7120=CARTESIAN_POINT('',(8.447904975780563,-104.67489415743702,-1.438312757110361));
#7121=CARTESIAN_POINT('',(8.389128874762967,-104.67072848128659,-1.676964183935932));
#7122=CARTESIAN_POINT('',(8.376020338061165,-104.66691692517165,-1.895328087514115));
#7123=B_SPLINE_CURVE_WITH_KNOTS('',3,(#7113,#7114,#7115,#7116,#7117,#7118,#7119,#7120,#7121,#7122),.UNSPECIFIED.,.F.,.U.,(4,2,2,2,4),(0.299482255753703,0.376505222111254,0.453019227180262,0.528025522810265,0.590971519053986),.UNSPECIFIED.);
#7124=EDGE_CURVE('',#525,#7112,#7123,.T.);
#7125=ORIENTED_EDGE('',*,*,#7124,.T.);
#7126=CARTESIAN_POINT('',(8.303320273169101,-104.64580775018619,-3.104671912485885));
#7127=VERTEX_POINT('',#7126);
#7128=CARTESIAN_POINT('',(8.376020338061123,-104.66691692517161,-1.895328087514113));
#7129=CARTESIAN_POINT('',(8.339563247919466,-104.65631633350959,-2.502635577094139));
#7130=CARTESIAN_POINT('',(8.303320273169101,-104.64580775018618,-3.104671912485925));
#7138=(BOUNDED_CURVE()B_SPLINE_CURVE(2,(#7128,#7129,#7130),.UNSPECIFIED.,.F.,.U.)B_SPLINE_CURVE_WITH_KNOTS((3,3),(0.187784683762898,0.308943531371469),.UNSPECIFIED.)CURVE()GEOMETRIC_REPRESENTATION_ITEM()RATIONAL_B_SPLINE_CURVE((1.00005143503113,1.000058079197928,1.000051885418486))REPRESENTATION_ITEM(''));
#7139=EDGE_CURVE('',#7112,#7127,#7138,.T.);
#7140=ORIENTED_EDGE('',*,*,#7139,.T.);
#7141=CARTESIAN_POINT('',(8.303320273169081,-104.64580775018621,-3.104671912485885));
#7142=CARTESIAN_POINT('',(8.290257796025696,-104.64202030916029,-3.321654263540204));
#7143=CARTESIAN_POINT('',(8.232022726020389,-104.63788194892638,-3.558740762555457));
#7144=CARTESIAN_POINT('',(8.051427149403148,-104.63054646464757,-3.978990375431941));
#7145=CARTESIAN_POINT('',(7.88059597152119,-104.62626744263063,-4.224135382598552));
#7146=CARTESIAN_POINT('',(7.515498111351046,-104.6201119199072,-4.576785043240385));
#7147=CARTESIAN_POINT('',(7.253909574135612,-104.61719777457914,-4.743736317272988));
#7148=CARTESIAN_POINT('',(6.761495527976575,-104.61376634323867,-4.940322887107394));
#7149=CARTESIAN_POINT('',(6.441085565703148,-104.61272467535838,-4.999999999999998));
#7150=CARTESIAN_POINT('',(6.169484107783809,-104.61272467535838,-4.999999999999998));
#7151=B_SPLINE_CURVE_WITH_KNOTS('',3,(#7141,#7142,#7143,#7144,#7145,#7146,#7147,#7148,#7149,#7150),.UNSPECIFIED.,.F.,.U.,(4,2,2,2,4),(0.010243005367472,0.072777052174842,0.147483843994879,0.225068387778826,0.306548825154628),.UNSPECIFIED.);
#7152=EDGE_CURVE('',#6154,#7127,#7151,.F.);
#7153=ORIENTED_EDGE('',*,*,#7152,.F.);
#7154=ORIENTED_EDGE('',*,*,#6159,.T.);
#7155=ORIENTED_EDGE('',*,*,#5495,.T.);
#7156=ORIENTED_EDGE('',*,*,#6174,.T.);
#7157=CARTESIAN_POINT('',(-8.303320273169067,-104.64580775018617,-3.104671912485884));
#7158=VERTEX_POINT('',#7157);
#7159=CARTESIAN_POINT('',(-6.169484107783808,-104.61272467535835,-4.999999999999998));
#7160=CARTESIAN_POINT('',(-6.441085565703146,-104.61272467535835,-4.999999999999998));
#7161=CARTESIAN_POINT('',(-6.761495527976575,-104.61376634323862,-4.940322887107394));
#7162=CARTESIAN_POINT('',(-7.253909574135612,-104.6171977745791,-4.743736317272989));
#7163=CARTESIAN_POINT('',(-7.515498111351046,-104.62011191990717,-4.576785043240385));
#7164=CARTESIAN_POINT('',(-7.88059597152119,-104.62626744263061,-4.224135382598552));
#7165=CARTESIAN_POINT('',(-8.051427149403148,-104.63054646464754,-3.978990375431941));
#7166=CARTESIAN_POINT('',(-8.232022726019739,-104.63788194892632,-3.558740762556973));
#7167=CARTESIAN_POINT('',(-8.290257796024882,-104.64202030916019,-3.321654263543972));
#7168=CARTESIAN_POINT('',(-8.303320273168774,-104.64580775018609,-3.10467191249104));
#7169=B_SPLINE_CURVE_WITH_KNOTS('',3,(#7159,#7160,#7161,#7162,#7163,#7164,#7165,#7166,#7167,#7168),.UNSPECIFIED.,.F.,.U.,(4,2,2,2,4),(0.932475558242996,1.013955995618797,1.091540539402745,1.166247331222782,1.228781378029656),.UNSPECIFIED.);
#7170=EDGE_CURVE('',#7158,#6162,#7169,.F.);
#7171=ORIENTED_EDGE('',*,*,#7170,.F.);
#7172=CARTESIAN_POINT('',(-8.376020338061185,-104.66691692517158,-1.895328087514112));
#7173=VERTEX_POINT('',#7172);
#7174=CARTESIAN_POINT('',(-8.303320273169064,-104.64580775018615,-3.104671912485923));
#7175=CARTESIAN_POINT('',(-8.339563247923584,-104.65631633351074,-2.502635577025899));
#7176=CARTESIAN_POINT('',(-8.376020338061185,-104.66691692517158,-1.895328087514112));
#7184=(BOUNDED_CURVE()B_SPLINE_CURVE(2,(#7174,#7175,#7176),.UNSPECIFIED.,.F.,.U.)B_SPLINE_CURVE_WITH_KNOTS((3,3),(0.192035239990714,0.313194087600935),.UNSPECIFIED.)CURVE()GEOMETRIC_REPRESENTATION_ITEM()RATIONAL_B_SPLINE_CURVE((1.000051885424198,1.000058079204328,1.000051435036803))REPRESENTATION_ITEM(''));
#7185=EDGE_CURVE('',#7158,#7173,#7184,.T.);
#7186=ORIENTED_EDGE('',*,*,#7185,.T.);
#7187=CARTESIAN_POINT('',(-8.376020338061171,-104.66691692517159,-1.895328087514112));
#7188=CARTESIAN_POINT('',(-8.389128874762974,-104.67072848128653,-1.676964183935929));
#7189=CARTESIAN_POINT('',(-8.447904975780565,-104.674894157437,-1.43831275711036));
#7190=CARTESIAN_POINT('',(-8.629490340866573,-104.68226726679899,-1.015907604663152));
#7191=CARTESIAN_POINT('',(-8.800633902594267,-104.68656796581436,-0.76952072308602));
#7192=CARTESIAN_POINT('',(-9.162873382068078,-104.69271051647432,-0.417614231461193));
#7193=CARTESIAN_POINT('',(-9.419622052513445,-104.69561781750997,-0.25105506668054));
#7194=CARTESIAN_POINT('',(-9.894004386750781,-104.6989698749849,-0.059015822556966));
#7195=CARTESIAN_POINT('',(-10.196389355085259,-104.69999999999942,1.528979E-017));
#7196=CARTESIAN_POINT('',(-10.453132576277095,-104.69999999999942,0.0));
#7197=B_SPLINE_CURVE_WITH_KNOTS('',3,(#7187,#7188,#7189,#7190,#7191,#7192,#7193,#7194,#7195,#7196),.UNSPECIFIED.,.F.,.U.,(4,2,2,2,4),(0.611674060844206,0.674620057087926,0.749626352717929,0.826140357786937,0.903163324144488),.UNSPECIFIED.);
#7198=EDGE_CURVE('',#7173,#517,#7197,.T.);
#7199=ORIENTED_EDGE('',*,*,#7198,.T.);
#7200=ORIENTED_EDGE('',*,*,#522,.F.);
#7201=CARTESIAN_POINT('',(-51.623979661938861,-104.66691692517145,-1.895328087514112));
#7202=VERTEX_POINT('',#7201);
#7203=CARTESIAN_POINT('',(-49.546867423722944,-104.69999999999933,0.0));
#7204=CARTESIAN_POINT('',(-49.803610644914784,-104.69999999999933,5.697379E-016));
#7205=CARTESIAN_POINT('',(-50.105995613249249,-104.69896987498481,-0.059015822556967));
#7206=CARTESIAN_POINT('',(-50.580377947486596,-104.69561781750986,-0.25105506668054));
#7207=CARTESIAN_POINT('',(-50.837126617931965,-104.69271051647422,-0.417614231461195));
#7208=CARTESIAN_POINT('',(-51.199366097405772,-104.68656796581425,-0.769520723086022));
#7209=CARTESIAN_POINT('',(-51.370509659133468,-104.68226726679887,-1.015907604663156));
#7210=CARTESIAN_POINT('',(-51.552095024219476,-104.67489415743688,-1.438312757110364));
#7211=CARTESIAN_POINT('',(-51.61087112523709,-104.67072848128643,-1.67696418393593));
#7212=CARTESIAN_POINT('',(-51.62397966193889,-104.66691692517148,-1.895328087514111));
#7213=B_SPLINE_CURVE_WITH_KNOTS('',3,(#7203,#7204,#7205,#7206,#7207,#7208,#7209,#7210,#7211,#7212),.UNSPECIFIED.,.F.,.U.,(4,2,2,2,4),(0.299482255753703,0.376505222111254,0.453019227180263,0.528025522810266,0.590971519053986),.UNSPECIFIED.);
#7214=EDGE_CURVE('',#508,#7202,#7213,.T.);
#7215=ORIENTED_EDGE('',*,*,#7214,.T.);
#7216=CARTESIAN_POINT('',(-51.696679726830979,-104.64580775018602,-3.104671912485886));
#7217=VERTEX_POINT('',#7216);
#7218=CARTESIAN_POINT('',(-51.623979661938861,-104.66691692517145,-1.895328087514112));
#7219=CARTESIAN_POINT('',(-51.66043675207645,-104.65631633351063,-2.502635577025689));
#7220=CARTESIAN_POINT('',(-51.696679726830979,-104.64580775018602,-3.104671912485925));
#7228=(BOUNDED_CURVE()B_SPLINE_CURVE(2,(#7218,#7219,#7220),.UNSPECIFIED.,.F.,.U.)B_SPLINE_CURVE_WITH_KNOTS((3,3),(0.187784683817531,0.3089435314273),.UNSPECIFIED.)CURVE()GEOMETRIC_REPRESENTATION_ITEM()RATIONAL_B_SPLINE_CURVE((1.000051435033067,1.000058079200109,1.000051885420429))REPRESENTATION_ITEM(''));
#7229=EDGE_CURVE('',#7202,#7217,#7228,.T.);
#7230=ORIENTED_EDGE('',*,*,#7229,.T.);
#7231=CARTESIAN_POINT('',(-51.696679726830965,-104.64580775018607,-3.104671912485888));
#7232=CARTESIAN_POINT('',(-51.709742203974344,-104.64202030916015,-3.321654263540206));
#7233=CARTESIAN_POINT('',(-51.767977273979668,-104.63788194892622,-3.558740762555459));
#7234=CARTESIAN_POINT('',(-51.948572850596904,-104.63054646464741,-3.978990375431939));
#7235=CARTESIAN_POINT('',(-52.119404028478861,-104.62626744263049,-4.224135382598551));
#7236=CARTESIAN_POINT('',(-52.484501888649007,-104.62011191990706,-4.576785043240385));
#7237=CARTESIAN_POINT('',(-52.746090425864445,-104.61719777457898,-4.743736317272986));
#7238=CARTESIAN_POINT('',(-53.238504472023493,-104.6137663432385,-4.940322887107391));
#7239=CARTESIAN_POINT('',(-53.558914434296916,-104.61272467535824,-4.999999999999998));
#7240=CARTESIAN_POINT('',(-53.830515892216255,-104.61272467535824,-4.999999999999998));
#7241=B_SPLINE_CURVE_WITH_KNOTS('',3,(#7231,#7232,#7233,#7234,#7235,#7236,#7237,#7238,#7239,#7240),.UNSPECIFIED.,.F.,.U.,(4,2,2,2,4),(0.010243005367473,0.072777052174842,0.147483843994878,0.225068387778827,0.306548825154629),.UNSPECIFIED.);
#7242=EDGE_CURVE('',#6122,#7217,#7241,.F.);
#7243=ORIENTED_EDGE('',*,*,#7242,.F.);
#7244=ORIENTED_EDGE('',*,*,#6127,.T.);
#7245=ORIENTED_EDGE('',*,*,#5436,.T.);
#7246=ORIENTED_EDGE('',*,*,#6142,.T.);
#7247=CARTESIAN_POINT('',(-68.303320273169035,-104.64580775018601,-3.104671912485884));
#7248=VERTEX_POINT('',#7247);
#7249=CARTESIAN_POINT('',(-66.169484107783745,-104.61272467535821,-4.999999999999998));
#7250=CARTESIAN_POINT('',(-66.441085565703077,-104.61272467535821,-4.999999999999997));
#7251=CARTESIAN_POINT('',(-66.761495527976507,-104.61376634323847,-4.94032288710739));
#7252=CARTESIAN_POINT('',(-67.253909574135548,-104.61719777457894,-4.743736317272987));
#7253=CARTESIAN_POINT('',(-67.515498111350993,-104.62011191990703,-4.576785043240384));
#7254=CARTESIAN_POINT('',(-67.880595971521146,-104.62626744263046,-4.224135382598552));
#7255=CARTESIAN_POINT('',(-68.051427149403096,-104.63054646464738,-3.978990375431939));
#7256=CARTESIAN_POINT('',(-68.232022726019693,-104.63788194892616,-3.558740762556973));
#7257=CARTESIAN_POINT('',(-68.290257796024832,-104.64202030916002,-3.321654263543972));
#7258=CARTESIAN_POINT('',(-68.303320273168723,-104.64580775018592,-3.10467191249104));
#7259=B_SPLINE_CURVE_WITH_KNOTS('',3,(#7249,#7250,#7251,#7252,#7253,#7254,#7255,#7256,#7257,#7258),.UNSPECIFIED.,.F.,.U.,(4,2,2,2,4),(0.932475558243002,1.013955995618803,1.091540539402753,1.166247331222789,1.228781378029664),.UNSPECIFIED.);
#7260=EDGE_CURVE('',#7248,#6130,#7259,.F.);
#7261=ORIENTED_EDGE('',*,*,#7260,.F.);
#7262=CARTESIAN_POINT('',(-68.376020338061053,-104.66691692517139,-1.895328087514112));
#7263=VERTEX_POINT('',#7262);
#7264=CARTESIAN_POINT('',(-68.303320273169035,-104.64580775018598,-3.104671912485925));
#7265=CARTESIAN_POINT('',(-68.339563247919472,-104.65631633350938,-2.50263557709287));
#7266=CARTESIAN_POINT('',(-68.376020338061053,-104.66691692517139,-1.895328087514112));
#7274=(BOUNDED_CURVE()B_SPLINE_CURVE(2,(#7264,#7265,#7266),.UNSPECIFIED.,.F.,.U.)B_SPLINE_CURVE_WITH_KNOTS((3,3),(0.192035240045761,0.313194087654026),.UNSPECIFIED.)CURVE()GEOMETRIC_REPRESENTATION_ITEM()RATIONAL_B_SPLINE_CURVE((1.000051885415811,1.000058079194933,1.000051435028478))REPRESENTATION_ITEM(''));
#7275=EDGE_CURVE('',#7248,#7263,#7274,.T.);
#7276=ORIENTED_EDGE('',*,*,#7275,.T.);
#7277=CARTESIAN_POINT('',(-68.376020338061124,-104.66691692517145,-1.895328087514117));
#7278=CARTESIAN_POINT('',(-68.389128874762932,-104.67072848128639,-1.676964183935934));
#7279=CARTESIAN_POINT('',(-68.447904975780517,-104.67489415743685,-1.438312757110366));
#7280=CARTESIAN_POINT('',(-68.629490340866525,-104.68226726679885,-1.015907604663156));
#7281=CARTESIAN_POINT('',(-68.800633902594228,-104.68656796581422,-0.769520723086023));
#7282=CARTESIAN_POINT('',(-69.162873382068028,-104.69271051647418,-0.417614231461194));
#7283=CARTESIAN_POINT('',(-69.419622052513404,-104.69561781750983,-0.25105506668054));
#7284=CARTESIAN_POINT('',(-69.894004386750751,-104.69896987498475,-0.059015822556966));
#7285=CARTESIAN_POINT('',(-70.196389355085216,-104.69999999999928,-1.370956E-016));
#7286=CARTESIAN_POINT('',(-70.453132576277056,-104.69999999999928,-1.951564E-017));
#7287=B_SPLINE_CURVE_WITH_KNOTS('',3,(#7277,#7278,#7279,#7280,#7281,#7282,#7283,#7284,#7285,#7286),.UNSPECIFIED.,.F.,.U.,(4,2,2,2,4),(0.611674060844206,0.674620057087927,0.74962635271793,0.826140357786938,0.903163324144489),.UNSPECIFIED.);
#7288=EDGE_CURVE('',#7263,#500,#7287,.T.);
#7289=ORIENTED_EDGE('',*,*,#7288,.T.);
#7290=ORIENTED_EDGE('',*,*,#505,.F.);
#7291=ORIENTED_EDGE('',*,*,#5850,.F.);
#7292=EDGE_LOOP('',(#7074,#7075,#7076,#7077,#7078,#7091,#7092,#7093,#7094,#7107,#7108,#7109,#7110,#7125,#7140,#7153,#7154,#7155,#7156,#7171,#7186,#7199,#7200,#7215,#7230,#7243,#7244,#7245,#7246,#7261,#7276,#7289,#7290,#7291));
#7293=FACE_OUTER_BOUND('',#7292,.T.);
#7294=ADVANCED_FACE('',(#7293),#7073,.T.);
#7295=CARTESIAN_POINT('',(59.999999999999993,-107.2,-2.999999999999998));
#7296=DIRECTION('',(0.0,0.0,1.0));
#7297=DIRECTION('',(1.0,0.0,0.0));
#7298=AXIS2_PLACEMENT_3D('',#7295,#7296,#7297);
#7299=TOROIDAL_SURFACE('',#7298,6.690031970155035,2.0);
#7300=ORIENTED_EDGE('',*,*,#7106,.T.);
#7301=ORIENTED_EDGE('',*,*,#6200,.T.);
#7302=ORIENTED_EDGE('',*,*,#7090,.T.);
#7303=ORIENTED_EDGE('',*,*,#7051,.T.);
#7304=EDGE_LOOP('',(#7300,#7301,#7302,#7303));
#7305=FACE_OUTER_BOUND('',#7304,.T.);
#7306=ADVANCED_FACE('',(#7305),#7299,.T.);
#7307=CARTESIAN_POINT('',(-8.881784E-015,-107.2,-2.0));
#7308=DIRECTION('',(0.0,0.0,1.0));
#7309=DIRECTION('',(1.0,0.0,0.0));
#7310=AXIS2_PLACEMENT_3D('',#7307,#7308,#7309);
#7311=TOROIDAL_SURFACE('',#7310,10.747929133429759,2.0);
#7312=ORIENTED_EDGE('',*,*,#7124,.F.);
#7313=ORIENTED_EDGE('',*,*,#531,.T.);
#7314=ORIENTED_EDGE('',*,*,#7198,.F.);
#7315=CARTESIAN_POINT('',(-9.417591E-015,-107.2,-1.895328087514112));
#7316=DIRECTION('',(0.0,0.0,1.0));
#7317=DIRECTION('',(0.0,-1.0,0.0));
#7318=AXIS2_PLACEMENT_3D('',#7315,#7316,#7317);
#7319=CIRCLE('',#7318,8.750670063920616);
#7320=EDGE_CURVE('',#7173,#7112,#7319,.T.);
#7321=ORIENTED_EDGE('',*,*,#7320,.T.);
#7322=EDGE_LOOP('',(#7312,#7313,#7314,#7321));
#7323=FACE_OUTER_BOUND('',#7322,.T.);
#7324=ADVANCED_FACE('',(#7323),#7311,.F.);
#7325=CARTESIAN_POINT('',(-8.881784E-015,-107.2,-2.999999999999998));
#7326=DIRECTION('',(0.0,0.0,1.0));
#7327=DIRECTION('',(1.0,0.0,0.0));
#7328=AXIS2_PLACEMENT_3D('',#7325,#7326,#7327);
#7329=TOROIDAL_SURFACE('',#7328,6.690031970155035,2.0);
#7330=ORIENTED_EDGE('',*,*,#7170,.T.);
#7331=ORIENTED_EDGE('',*,*,#6168,.T.);
#7332=ORIENTED_EDGE('',*,*,#7152,.T.);
#7333=CARTESIAN_POINT('',(-8.449227E-015,-107.2,-3.104671912485885));
#7334=DIRECTION('',(0.0,0.0,-1.0));
#7335=DIRECTION('',(0.0,-1.0,0.0));
#7336=AXIS2_PLACEMENT_3D('',#7333,#7334,#7335);
#7337=CIRCLE('',#7336,8.687291039664178);
#7338=EDGE_CURVE('',#7127,#7158,#7337,.T.);
#7339=ORIENTED_EDGE('',*,*,#7338,.T.);
#7340=EDGE_LOOP('',(#7330,#7331,#7332,#7339));
#7341=FACE_OUTER_BOUND('',#7340,.T.);
#7342=ADVANCED_FACE('',(#7341),#7329,.T.);
#7343=CARTESIAN_POINT('',(-8.881784E-015,-107.2,0.0));
#7344=DIRECTION('',(0.0,0.0,1.0));
#7345=DIRECTION('',(-1.0,0.0,0.0));
#7346=AXIS2_PLACEMENT_3D('',#7343,#7344,#7345);
#7347=CONICAL_SURFACE('',#7346,8.85,3.0);
#7348=ORIENTED_EDGE('',*,*,#7320,.F.);
#7349=ORIENTED_EDGE('',*,*,#7185,.F.);
#7350=ORIENTED_EDGE('',*,*,#7338,.F.);
#7351=ORIENTED_EDGE('',*,*,#7139,.F.);
#7352=EDGE_LOOP('',(#7348,#7349,#7350,#7351));
#7353=FACE_OUTER_BOUND('',#7352,.T.);
#7354=ADVANCED_FACE('',(#7353),#7347,.T.);
#7355=CARTESIAN_POINT('',(-60.000000000000007,-107.2,-2.0));
#7356=DIRECTION('',(0.0,0.0,1.0));
#7357=DIRECTION('',(1.0,0.0,0.0));
#7358=AXIS2_PLACEMENT_3D('',#7355,#7356,#7357);
#7359=TOROIDAL_SURFACE('',#7358,10.747929133429759,2.0);
#7360=ORIENTED_EDGE('',*,*,#7214,.F.);
#7361=ORIENTED_EDGE('',*,*,#514,.T.);
#7362=ORIENTED_EDGE('',*,*,#7288,.F.);
#7363=CARTESIAN_POINT('',(-60.000000000000014,-107.2,-1.895328087514112));
#7364=DIRECTION('',(0.0,0.0,1.0));
#7365=DIRECTION('',(0.0,-1.0,0.0));
#7366=AXIS2_PLACEMENT_3D('',#7363,#7364,#7365);
#7367=CIRCLE('',#7366,8.750670063920616);
#7368=EDGE_CURVE('',#7263,#7202,#7367,.T.);
#7369=ORIENTED_EDGE('',*,*,#7368,.T.);
#7370=EDGE_LOOP('',(#7360,#7361,#7362,#7369));
#7371=FACE_OUTER_BOUND('',#7370,.T.);
#7372=ADVANCED_FACE('',(#7371),#7359,.F.);
#7373=CARTESIAN_POINT('',(-60.000000000000007,-107.2,-2.999999999999998));
#7374=DIRECTION('',(0.0,0.0,1.0));
#7375=DIRECTION('',(1.0,0.0,0.0));
#7376=AXIS2_PLACEMENT_3D('',#7373,#7374,#7375);
#7377=TOROIDAL_SURFACE('',#7376,6.690031970155035,2.0);
#7378=ORIENTED_EDGE('',*,*,#7260,.T.);
#7379=ORIENTED_EDGE('',*,*,#6136,.T.);
#7380=ORIENTED_EDGE('',*,*,#7242,.T.);
#7381=CARTESIAN_POINT('',(-60.0,-107.2,-3.104671912485885));
#7382=DIRECTION('',(0.0,0.0,-1.0));
#7383=DIRECTION('',(0.0,-1.0,0.0));
#7384=AXIS2_PLACEMENT_3D('',#7381,#7382,#7383);
#7385=CIRCLE('',#7384,8.687291039664178);
#7386=EDGE_CURVE('',#7217,#7248,#7385,.T.);
#7387=ORIENTED_EDGE('',*,*,#7386,.T.);
#7388=EDGE_LOOP('',(#7378,#7379,#7380,#7387));
#7389=FACE_OUTER_BOUND('',#7388,.T.);
#7390=ADVANCED_FACE('',(#7389),#7377,.T.);
#7391=CARTESIAN_POINT('',(-60.000000000000007,-107.2,0.0));
#7392=DIRECTION('',(0.0,0.0,1.0));
#7393=DIRECTION('',(-1.0,0.0,0.0));
#7394=AXIS2_PLACEMENT_3D('',#7391,#7392,#7393);
#7395=CONICAL_SURFACE('',#7394,8.85,3.0);
#7396=ORIENTED_EDGE('',*,*,#7368,.F.);
#7397=ORIENTED_EDGE('',*,*,#7275,.F.);
#7398=ORIENTED_EDGE('',*,*,#7386,.F.);
#7399=ORIENTED_EDGE('',*,*,#7229,.F.);
#7400=EDGE_LOOP('',(#7396,#7397,#7398,#7399));
#7401=FACE_OUTER_BOUND('',#7400,.T.);
#7402=ADVANCED_FACE('',(#7401),#7395,.T.);
#7403=CARTESIAN_POINT('',(-60.0,107.2,-2.0));
#7404=DIRECTION('',(0.0,0.0,1.0));
#7405=DIRECTION('',(1.0,0.0,0.0));
#7406=AXIS2_PLACEMENT_3D('',#7403,#7404,#7405);
#7407=TOROIDAL_SURFACE('',#7406,10.747929133429759,2.0);
#7408=ORIENTED_EDGE('',*,*,#3524,.F.);
#7409=ORIENTED_EDGE('',*,*,#804,.T.);
#7410=ORIENTED_EDGE('',*,*,#3628,.F.);
#7411=CARTESIAN_POINT('',(-60.0,107.2,-1.895328087514112));
#7412=DIRECTION('',(0.0,0.0,1.0));
#7413=DIRECTION('',(0.0,1.0,0.0));
#7414=AXIS2_PLACEMENT_3D('',#7411,#7412,#7413);
#7415=CIRCLE('',#7414,8.750670063920616);
#7416=EDGE_CURVE('',#3603,#3512,#7415,.T.);
#7417=ORIENTED_EDGE('',*,*,#7416,.T.);
#7418=EDGE_LOOP('',(#7408,#7409,#7410,#7417));
#7419=FACE_OUTER_BOUND('',#7418,.T.);
#7420=ADVANCED_FACE('',(#7419),#7407,.F.);
#7421=CARTESIAN_POINT('',(-60.0,107.2,0.0));
#7422=DIRECTION('',(0.0,0.0,1.0));
#7423=DIRECTION('',(1.0,0.0,0.0));
#7424=AXIS2_PLACEMENT_3D('',#7421,#7422,#7423);
#7425=CONICAL_SURFACE('',#7424,8.85,3.0);
#7426=ORIENTED_EDGE('',*,*,#7416,.F.);
#7427=ORIENTED_EDGE('',*,*,#3615,.F.);
#7428=CARTESIAN_POINT('',(-60.0,107.2,-3.104671912485885));
#7429=DIRECTION('',(0.0,0.0,-1.0));
#7430=DIRECTION('',(0.0,1.0,0.0));
#7431=AXIS2_PLACEMENT_3D('',#7428,#7429,#7430);
#7432=CIRCLE('',#7431,8.687291039664178);
#7433=EDGE_CURVE('',#3527,#3588,#7432,.T.);
#7434=ORIENTED_EDGE('',*,*,#7433,.F.);
#7435=ORIENTED_EDGE('',*,*,#3539,.F.);
#7436=EDGE_LOOP('',(#7426,#7427,#7434,#7435));
#7437=FACE_OUTER_BOUND('',#7436,.T.);
#7438=ADVANCED_FACE('',(#7437),#7425,.T.);
#7439=CARTESIAN_POINT('',(-60.0,107.2,-2.999999999999998));
#7440=DIRECTION('',(0.0,0.0,1.0));
#7441=DIRECTION('',(1.0,0.0,0.0));
#7442=AXIS2_PLACEMENT_3D('',#7439,#7440,#7441);
#7443=TOROIDAL_SURFACE('',#7442,6.690031970155035,2.0);
#7444=ORIENTED_EDGE('',*,*,#3600,.T.);
#7445=ORIENTED_EDGE('',*,*,#6323,.T.);
#7446=ORIENTED_EDGE('',*,*,#3554,.T.);
#7447=ORIENTED_EDGE('',*,*,#7433,.T.);
#7448=EDGE_LOOP('',(#7444,#7445,#7446,#7447));
#7449=FACE_OUTER_BOUND('',#7448,.T.);
#7450=ADVANCED_FACE('',(#7449),#7443,.T.);
#7451=CARTESIAN_POINT('',(0.0,107.2,-2.0));
#7452=DIRECTION('',(0.0,0.0,1.0));
#7453=DIRECTION('',(1.0,0.0,0.0));
#7454=AXIS2_PLACEMENT_3D('',#7451,#7452,#7453);
#7455=TOROIDAL_SURFACE('',#7454,10.747929133429759,2.0);
#7456=ORIENTED_EDGE('',*,*,#3644,.F.);
#7457=ORIENTED_EDGE('',*,*,#787,.T.);
#7458=ORIENTED_EDGE('',*,*,#3748,.F.);
#7459=CARTESIAN_POINT('',(5.358063E-016,107.2,-1.895328087514112));
#7460=DIRECTION('',(0.0,0.0,1.0));
#7461=DIRECTION('',(0.0,1.0,0.0));
#7462=AXIS2_PLACEMENT_3D('',#7459,#7460,#7461);
#7463=CIRCLE('',#7462,8.750670063920616);
#7464=EDGE_CURVE('',#3723,#3632,#7463,.T.);
#7465=ORIENTED_EDGE('',*,*,#7464,.T.);
#7466=EDGE_LOOP('',(#7456,#7457,#7458,#7465));
#7467=FACE_OUTER_BOUND('',#7466,.T.);
#7468=ADVANCED_FACE('',(#7467),#7455,.F.);
#7469=CARTESIAN_POINT('',(0.0,107.2,-2.999999999999998));
#7470=DIRECTION('',(0.0,0.0,1.0));
#7471=DIRECTION('',(1.0,0.0,0.0));
#7472=AXIS2_PLACEMENT_3D('',#7469,#7470,#7471);
#7473=TOROIDAL_SURFACE('',#7472,6.690031970155035,2.0);
#7474=ORIENTED_EDGE('',*,*,#3720,.T.);
#7475=ORIENTED_EDGE('',*,*,#6305,.T.);
#7476=ORIENTED_EDGE('',*,*,#3674,.T.);
#7477=CARTESIAN_POINT('',(-4.325575E-016,107.2,-3.104671912485885));
#7478=DIRECTION('',(0.0,0.0,-1.0));
#7479=DIRECTION('',(0.0,1.0,0.0));
#7480=AXIS2_PLACEMENT_3D('',#7477,#7478,#7479);
#7481=CIRCLE('',#7480,8.687291039664178);
#7482=EDGE_CURVE('',#3647,#3708,#7481,.T.);
#7483=ORIENTED_EDGE('',*,*,#7482,.T.);
#7484=EDGE_LOOP('',(#7474,#7475,#7476,#7483));
#7485=FACE_OUTER_BOUND('',#7484,.T.);
#7486=ADVANCED_FACE('',(#7485),#7473,.T.);
#7487=CARTESIAN_POINT('',(0.0,107.2,0.0));
#7488=DIRECTION('',(0.0,0.0,1.0));
#7489=DIRECTION('',(1.0,0.0,0.0));
#7490=AXIS2_PLACEMENT_3D('',#7487,#7488,#7489);
#7491=CONICAL_SURFACE('',#7490,8.85,3.0);
#7492=ORIENTED_EDGE('',*,*,#7464,.F.);
#7493=ORIENTED_EDGE('',*,*,#3735,.F.);
#7494=ORIENTED_EDGE('',*,*,#7482,.F.);
#7495=ORIENTED_EDGE('',*,*,#3659,.F.);
#7496=EDGE_LOOP('',(#7492,#7493,#7494,#7495));
#7497=FACE_OUTER_BOUND('',#7496,.T.);
#7498=ADVANCED_FACE('',(#7497),#7491,.T.);
#7499=CARTESIAN_POINT('',(60.0,107.2,-2.0));
#7500=DIRECTION('',(0.0,0.0,1.0));
#7501=DIRECTION('',(1.0,0.0,0.0));
#7502=AXIS2_PLACEMENT_3D('',#7499,#7500,#7501);
#7503=TOROIDAL_SURFACE('',#7502,10.747929133429759,2.0);
#7504=ORIENTED_EDGE('',*,*,#3764,.F.);
#7505=ORIENTED_EDGE('',*,*,#770,.T.);
#7506=ORIENTED_EDGE('',*,*,#3868,.F.);
#7507=CARTESIAN_POINT('',(60.0,107.2,-1.895328087514112));
#7508=DIRECTION('',(0.0,0.0,1.0));
#7509=DIRECTION('',(0.0,1.0,0.0));
#7510=AXIS2_PLACEMENT_3D('',#7507,#7508,#7509);
#7511=CIRCLE('',#7510,8.750670063920616);
#7512=EDGE_CURVE('',#3843,#3752,#7511,.T.);
#7513=ORIENTED_EDGE('',*,*,#7512,.T.);
#7514=EDGE_LOOP('',(#7504,#7505,#7506,#7513));
#7515=FACE_OUTER_BOUND('',#7514,.T.);
#7516=ADVANCED_FACE('',(#7515),#7503,.F.);
#7517=CARTESIAN_POINT('',(60.0,107.2,-2.999999999999998));
#7518=DIRECTION('',(0.0,0.0,1.0));
#7519=DIRECTION('',(1.0,0.0,0.0));
#7520=AXIS2_PLACEMENT_3D('',#7517,#7518,#7519);
#7521=TOROIDAL_SURFACE('',#7520,6.690031970155035,2.0);
#7522=ORIENTED_EDGE('',*,*,#3840,.T.);
#7523=ORIENTED_EDGE('',*,*,#6287,.T.);
#7524=ORIENTED_EDGE('',*,*,#3794,.T.);
#7525=CARTESIAN_POINT('',(60.0,107.2,-3.104671912485885));
#7526=DIRECTION('',(0.0,0.0,-1.0));
#7527=DIRECTION('',(0.0,1.0,0.0));
#7528=AXIS2_PLACEMENT_3D('',#7525,#7526,#7527);
#7529=CIRCLE('',#7528,8.687291039664178);
#7530=EDGE_CURVE('',#3767,#3828,#7529,.T.);
#7531=ORIENTED_EDGE('',*,*,#7530,.T.);
#7532=EDGE_LOOP('',(#7522,#7523,#7524,#7531));
#7533=FACE_OUTER_BOUND('',#7532,.T.);
#7534=ADVANCED_FACE('',(#7533),#7521,.T.);
#7535=CARTESIAN_POINT('',(60.0,107.2,0.0));
#7536=DIRECTION('',(0.0,0.0,1.0));
#7537=DIRECTION('',(1.0,0.0,0.0));
#7538=AXIS2_PLACEMENT_3D('',#7535,#7536,#7537);
#7539=CONICAL_SURFACE('',#7538,8.85,3.0);
#7540=ORIENTED_EDGE('',*,*,#7512,.F.);
#7541=ORIENTED_EDGE('',*,*,#3855,.F.);
#7542=ORIENTED_EDGE('',*,*,#7530,.F.);
#7543=ORIENTED_EDGE('',*,*,#3779,.F.);
#7544=EDGE_LOOP('',(#7540,#7541,#7542,#7543));
#7545=FACE_OUTER_BOUND('',#7544,.T.);
#7546=ADVANCED_FACE('',(#7545),#7539,.T.);
#7547=CARTESIAN_POINT('',(99.999999999999986,-80.0,15.0));
#7548=DIRECTION('',(0.0,0.0,1.0));
#7549=DIRECTION('',(0.0,1.0,0.0));
#7550=AXIS2_PLACEMENT_3D('',#7547,#7548,#7549);
#7551=CONICAL_SURFACE('',#7550,42.499999999999986,3.0);
#7552=CARTESIAN_POINT('',(142.49999999999997,-80.0,15.0));
#7553=VERTEX_POINT('',#7552);
#7554=CARTESIAN_POINT('',(99.999999999999972,-122.49999999999999,15.0));
#7555=VERTEX_POINT('',#7554);
#7556=CARTESIAN_POINT('',(99.999999999999986,-80.0,15.0));
#7557=DIRECTION('',(0.0,0.0,-1.0));
#7558=DIRECTION('',(0.0,1.0,0.0));
#7559=AXIS2_PLACEMENT_3D('',#7556,#7557,#7558);
#7560=CIRCLE('',#7559,42.499999999999986);
#7561=EDGE_CURVE('',#7553,#7555,#7560,.T.);
#7562=ORIENTED_EDGE('',*,*,#7561,.T.);
#7563=CARTESIAN_POINT('',(99.999999999999972,-121.71388331075435,7.979728E-017));
#7564=DIRECTION('',(0.0,-0.052335956242944,0.998629534754574));
#7565=VECTOR('',#7564,15.020585189968818);
#7566=LINE('',#7563,#7565);
#7567=EDGE_CURVE('',#696,#7555,#7566,.T.);
#7568=ORIENTED_EDGE('',*,*,#7567,.F.);
#7569=ORIENTED_EDGE('',*,*,#702,.F.);
#7570=CARTESIAN_POINT('',(141.71388331075434,-80.0,7.979728E-017));
#7571=DIRECTION('',(0.052335956242943,0.0,0.998629534754574));
#7572=VECTOR('',#7571,15.020585189968818);
#7573=LINE('',#7570,#7572);
#7574=EDGE_CURVE('',#688,#7553,#7573,.T.);
#7575=ORIENTED_EDGE('',*,*,#7574,.T.);
#7576=EDGE_LOOP('',(#7562,#7568,#7569,#7575));
#7577=FACE_OUTER_BOUND('',#7576,.T.);
#7578=ADVANCED_FACE('',(#7577),#7551,.T.);
#7579=CARTESIAN_POINT('',(99.999999999999972,-121.71496065635581,0.020556978681392));
#7580=DIRECTION('',(1.773922E-016,-0.998629534754574,-0.052335956242944));
#7581=DIRECTION('',(-9.296733E-018,0.052335956242944,-0.998629534754574));
#7582=AXIS2_PLACEMENT_3D('',#7579,#7580,#7581);
#7583=PLANE('',#7582);
#7584=CARTESIAN_POINT('',(-100.00000000000003,-122.50000000000001,15.0));
#7585=VERTEX_POINT('',#7584);
#7586=CARTESIAN_POINT('',(99.999999999999972,-122.49999999999999,15.0));
#7587=DIRECTION('',(-1.0,0.0,0.0));
#7588=VECTOR('',#7587,200.0);
#7589=LINE('',#7586,#7588);
#7590=EDGE_CURVE('',#7555,#7585,#7589,.T.);
#7591=ORIENTED_EDGE('',*,*,#7590,.T.);
#7592=CARTESIAN_POINT('',(-100.00000000000003,-121.7138833107544,7.979728E-017));
#7593=DIRECTION('',(0.0,-0.052335956242944,0.998629534754574));
#7594=VECTOR('',#7593,15.020585189968818);
#7595=LINE('',#7592,#7594);
#7596=EDGE_CURVE('',#705,#7585,#7595,.T.);
#7597=ORIENTED_EDGE('',*,*,#7596,.F.);
#7598=ORIENTED_EDGE('',*,*,#710,.F.);
#7599=ORIENTED_EDGE('',*,*,#7567,.T.);
#7600=EDGE_LOOP('',(#7591,#7597,#7598,#7599));
#7601=FACE_OUTER_BOUND('',#7600,.T.);
#7602=ADVANCED_FACE('',(#7601),#7583,.T.);
#7603=CARTESIAN_POINT('',(-100.00000000000003,-80.000000000000057,15.0));
#7604=DIRECTION('',(0.0,0.0,1.0));
#7605=DIRECTION('',(1.0,0.0,0.0));
#7606=AXIS2_PLACEMENT_3D('',#7603,#7604,#7605);
#7607=CONICAL_SURFACE('',#7606,42.499999999999964,3.0);
#7608=CARTESIAN_POINT('',(-142.5,-80.000000000000028,15.0));
#7609=VERTEX_POINT('',#7608);
#7610=CARTESIAN_POINT('',(-100.00000000000003,-80.000000000000057,15.0));
#7611=DIRECTION('',(0.0,0.0,-1.0));
#7612=DIRECTION('',(1.0,0.0,0.0));
#7613=AXIS2_PLACEMENT_3D('',#7610,#7611,#7612);
#7614=CIRCLE('',#7613,42.499999999999964);
#7615=EDGE_CURVE('',#7585,#7609,#7614,.T.);
#7616=ORIENTED_EDGE('',*,*,#7615,.T.);
#7617=CARTESIAN_POINT('',(-141.71388331075437,-80.000000000000028,7.979728E-017));
#7618=DIRECTION('',(-0.052335956242943,0.0,0.998629534754574));
#7619=VECTOR('',#7618,15.020585189968818);
#7620=LINE('',#7617,#7619);
#7621=EDGE_CURVE('',#713,#7609,#7620,.T.);
#7622=ORIENTED_EDGE('',*,*,#7621,.F.);
#7623=ORIENTED_EDGE('',*,*,#719,.F.);
#7624=ORIENTED_EDGE('',*,*,#7596,.T.);
#7625=EDGE_LOOP('',(#7616,#7622,#7623,#7624));
#7626=FACE_OUTER_BOUND('',#7625,.T.);
#7627=ADVANCED_FACE('',(#7626),#7607,.T.);
#7628=CARTESIAN_POINT('',(-141.71496065635583,-80.000000000000028,0.020556978681392));
#7629=DIRECTION('',(-0.998629534754574,0.0,-0.052335956242944));
#7630=DIRECTION('',(-0.052335956242944,0.0,0.998629534754574));
#7631=AXIS2_PLACEMENT_3D('',#7628,#7629,#7630);
#7632=PLANE('',#7631);
#7633=CARTESIAN_POINT('',(-142.5,79.999999999999972,15.0));
#7634=VERTEX_POINT('',#7633);
#7635=CARTESIAN_POINT('',(-142.5,-80.000000000000028,15.0));
#7636=DIRECTION('',(0.0,1.0,0.0));
#7637=VECTOR('',#7636,160.0);
#7638=LINE('',#7635,#7637);
#7639=EDGE_CURVE('',#7609,#7634,#7638,.T.);
#7640=ORIENTED_EDGE('',*,*,#7639,.T.);
#7641=CARTESIAN_POINT('',(-141.71388331075437,79.999999999999972,7.979728E-017));
#7642=DIRECTION('',(-0.052335956242943,0.0,0.998629534754574));
#7643=VECTOR('',#7642,15.020585189968818);
#7644=LINE('',#7641,#7643);
#7645=EDGE_CURVE('',#722,#7634,#7644,.T.);
#7646=ORIENTED_EDGE('',*,*,#7645,.F.);
#7647=ORIENTED_EDGE('',*,*,#727,.F.);
#7648=ORIENTED_EDGE('',*,*,#7621,.T.);
#7649=EDGE_LOOP('',(#7640,#7646,#7647,#7648));
#7650=FACE_OUTER_BOUND('',#7649,.T.);
#7651=ADVANCED_FACE('',(#7650),#7632,.T.);
#7652=CARTESIAN_POINT('',(-100.00000000000001,80.0,15.0));
#7653=DIRECTION('',(0.0,0.0,1.0));
#7654=DIRECTION('',(0.0,-1.0,0.0));
#7655=AXIS2_PLACEMENT_3D('',#7652,#7653,#7654);
#7656=CONICAL_SURFACE('',#7655,42.499999999999986,3.0);
#7657=CARTESIAN_POINT('',(-100.00000000000001,80.0,15.0));
#7658=DIRECTION('',(0.0,0.0,-1.0));
#7659=DIRECTION('',(0.0,-1.0,0.0));
#7660=AXIS2_PLACEMENT_3D('',#7657,#7658,#7659);
#7661=CIRCLE('',#7660,42.499999999999986);
#7662=EDGE_CURVE('',#7634,#373,#7661,.T.);
#7663=ORIENTED_EDGE('',*,*,#7662,.T.);
#7664=ORIENTED_EDGE('',*,*,#378,.F.);
#7665=ORIENTED_EDGE('',*,*,#734,.F.);
#7666=ORIENTED_EDGE('',*,*,#7645,.T.);
#7667=EDGE_LOOP('',(#7663,#7664,#7665,#7666));
#7668=FACE_OUTER_BOUND('',#7667,.T.);
#7669=ADVANCED_FACE('',(#7668),#7656,.T.);
#7670=CARTESIAN_POINT('',(100.0,79.999999999999986,15.0));
#7671=DIRECTION('',(0.0,0.0,1.0));
#7672=DIRECTION('',(-1.0,0.0,0.0));
#7673=AXIS2_PLACEMENT_3D('',#7670,#7671,#7672);
#7674=CONICAL_SURFACE('',#7673,42.5,3.0);
#7675=CARTESIAN_POINT('',(142.5,79.999999999999972,15.0));
#7676=VERTEX_POINT('',#7675);
#7677=CARTESIAN_POINT('',(100.0,79.999999999999986,15.0));
#7678=DIRECTION('',(0.0,0.0,-1.0));
#7679=DIRECTION('',(-1.0,0.0,0.0));
#7680=AXIS2_PLACEMENT_3D('',#7677,#7678,#7679);
#7681=CIRCLE('',#7680,42.5);
#7682=EDGE_CURVE('',#1017,#7676,#7681,.T.);
#7683=ORIENTED_EDGE('',*,*,#7682,.T.);
#7684=CARTESIAN_POINT('',(141.71388331075437,79.999999999999972,7.979728E-017));
#7685=DIRECTION('',(0.052335956242943,0.0,0.998629534754574));
#7686=VECTOR('',#7685,15.020585189968818);
#7687=LINE('',#7684,#7686);
#7688=EDGE_CURVE('',#679,#7676,#7687,.T.);
#7689=ORIENTED_EDGE('',*,*,#7688,.F.);
#7690=ORIENTED_EDGE('',*,*,#685,.F.);
#7691=ORIENTED_EDGE('',*,*,#1028,.T.);
#7692=EDGE_LOOP('',(#7683,#7689,#7690,#7691));
#7693=FACE_OUTER_BOUND('',#7692,.T.);
#7694=ADVANCED_FACE('',(#7693),#7674,.T.);
#7695=CARTESIAN_POINT('',(141.71496065635583,79.999999999999972,0.020556978681392));
#7696=DIRECTION('',(0.998629534754574,-2.217403E-016,-0.052335956242944));
#7697=DIRECTION('',(-0.052335956242944,1.162092E-017,-0.998629534754574));
#7698=AXIS2_PLACEMENT_3D('',#7695,#7696,#7697);
#7699=PLANE('',#7698);
#7700=CARTESIAN_POINT('',(142.5,79.999999999999972,15.0));
#7701=DIRECTION('',(0.0,-1.0,0.0));
#7702=VECTOR('',#7701,159.99999999999997);
#7703=LINE('',#7700,#7702);
#7704=EDGE_CURVE('',#7676,#7553,#7703,.T.);
#7705=ORIENTED_EDGE('',*,*,#7704,.T.);
#7706=ORIENTED_EDGE('',*,*,#7574,.F.);
#7707=ORIENTED_EDGE('',*,*,#693,.F.);
#7708=ORIENTED_EDGE('',*,*,#7688,.T.);
#7709=EDGE_LOOP('',(#7705,#7706,#7707,#7708));
#7710=FACE_OUTER_BOUND('',#7709,.T.);
#7711=ADVANCED_FACE('',(#7710),#7699,.T.);
#7712=CARTESIAN_POINT('',(-1.554312E-014,-1.110223E-015,15.0));
#7713=DIRECTION('',(0.0,0.0,1.0));
#7714=DIRECTION('',(1.0,0.0,0.0));
#7715=AXIS2_PLACEMENT_3D('',#7712,#7713,#7714);
#7716=PLANE('',#7715);
#7717=ORIENTED_EDGE('',*,*,#7561,.F.);
#7718=ORIENTED_EDGE('',*,*,#7704,.F.);
#7719=ORIENTED_EDGE('',*,*,#7682,.F.);
#7720=ORIENTED_EDGE('',*,*,#1022,.F.);
#7721=ORIENTED_EDGE('',*,*,#986,.T.);
#7722=ORIENTED_EDGE('',*,*,#878,.F.);
#7723=ORIENTED_EDGE('',*,*,#957,.T.);
#7724=ORIENTED_EDGE('',*,*,#339,.F.);
#7725=ORIENTED_EDGE('',*,*,#294,.T.);
#7726=ORIENTED_EDGE('',*,*,#170,.F.);
#7727=ORIENTED_EDGE('',*,*,#258,.T.);
#7728=ORIENTED_EDGE('',*,*,#384,.F.);
#7729=ORIENTED_EDGE('',*,*,#7662,.F.);
#7730=ORIENTED_EDGE('',*,*,#7639,.F.);
#7731=ORIENTED_EDGE('',*,*,#7615,.F.);
#7732=ORIENTED_EDGE('',*,*,#7590,.F.);
#7733=EDGE_LOOP('',(#7717,#7718,#7719,#7720,#7721,#7722,#7723,#7724,#7725,#7726,#7727,#7728,#7729,#7730,#7731,#7732));
#7734=FACE_OUTER_BOUND('',#7733,.T.);
#7735=ORIENTED_EDGE('',*,*,#5121,.T.);
#7736=ORIENTED_EDGE('',*,*,#5054,.F.);
#7737=ORIENTED_EDGE('',*,*,#4881,.T.);
#7738=ORIENTED_EDGE('',*,*,#4806,.F.);
#7739=ORIENTED_EDGE('',*,*,#3188,.T.);
#7740=ORIENTED_EDGE('',*,*,#4905,.F.);
#7741=ORIENTED_EDGE('',*,*,#5037,.T.);
#7742=ORIENTED_EDGE('',*,*,#4957,.F.);
#7743=EDGE_LOOP('',(#7735,#7736,#7737,#7738,#7739,#7740,#7741,#7742));
#7744=FACE_BOUND('',#7743,.T.);
#7745=ORIENTED_EDGE('',*,*,#5170,.T.);
#7746=EDGE_LOOP('',(#7745));
#7747=FACE_BOUND('',#7746,.T.);
#7748=ORIENTED_EDGE('',*,*,#5229,.T.);
#7749=EDGE_LOOP('',(#7748));
#7750=FACE_BOUND('',#7749,.T.);
#7751=ORIENTED_EDGE('',*,*,#5272,.T.);
#7752=EDGE_LOOP('',(#7751));
#7753=FACE_BOUND('',#7752,.T.);
#7754=ORIENTED_EDGE('',*,*,#5315,.T.);
#7755=EDGE_LOOP('',(#7754));
#7756=FACE_BOUND('',#7755,.T.);
#7757=ORIENTED_EDGE('',*,*,#5358,.T.);
#7758=EDGE_LOOP('',(#7757));
#7759=FACE_BOUND('',#7758,.T.);
#7760=ORIENTED_EDGE('',*,*,#5401,.T.);
#7761=EDGE_LOOP('',(#7760));
#7762=FACE_BOUND('',#7761,.T.);
#7763=ORIENTED_EDGE('',*,*,#5460,.T.);
#7764=EDGE_LOOP('',(#7763));
#7765=FACE_BOUND('',#7764,.T.);
#7766=ORIENTED_EDGE('',*,*,#5519,.T.);
#7767=EDGE_LOOP('',(#7766));
#7768=FACE_BOUND('',#7767,.T.);
#7769=ORIENTED_EDGE('',*,*,#5578,.T.);
#7770=EDGE_LOOP('',(#7769));
#7771=FACE_BOUND('',#7770,.T.);
#7772=ORIENTED_EDGE('',*,*,#5637,.T.);
#7773=EDGE_LOOP('',(#7772));
#7774=FACE_BOUND('',#7773,.T.);
#7775=ORIENTED_EDGE('',*,*,#5696,.T.);
#7776=EDGE_LOOP('',(#7775));
#7777=FACE_BOUND('',#7776,.T.);
#7778=ORIENTED_EDGE('',*,*,#5739,.T.);
#7779=EDGE_LOOP('',(#7778));
#7780=FACE_BOUND('',#7779,.T.);
#7781=ORIENTED_EDGE('',*,*,#5782,.T.);
#7782=EDGE_LOOP('',(#7781));
#7783=FACE_BOUND('',#7782,.T.);
#7784=ORIENTED_EDGE('',*,*,#5825,.T.);
#7785=EDGE_LOOP('',(#7784));
#7786=FACE_BOUND('',#7785,.T.);
#7787=ADVANCED_FACE('',(#7734,#7744,#7747,#7750,#7753,#7756,#7759,#7762,#7765,#7768,#7771,#7774,#7777,#7780,#7783,#7786),#7716,.T.);
#7788=CLOSED_SHELL('',(#134,#174,#207,#238,#282,#326,#357,#388,#739,#814,#842,#882,#915,#946,#974,#1009,#1033,#1050,#1070,#1131,#1162,#1223,#1254,#1305,#1329,#1349,#1371,#1385,#1402,#1422,#1462,#1502,#1542,#1564,#1579,#1664,#1681,#1701,#1740,#1771,#1801,#1818,#1833,#1850,#1870,#1919,#1950,#1981,#2012,#2027,#2129,#2146,#2166,#2201,#2233,#2257,#2291,#2316,#2348,#2373,#2398,#2416,#2441,#2474,#2499,#2524,#2549,#2571,#2643,#2661,#2678,#2752,#2784,#2801,#2823,#2845,#2888,#2900,#2915,#2928,#2945,#2965,#2996,#3030,#3081,#3103,#3135,#3157,#3199,#3225,#3258,#3275,#3292,#3331,#3348,#3365,#3503,#3888,#4021,#4278,#4295,#4315,#4332,#4352,#4369,#4389,#4406,#4426,#4454,#4474,#4486,#4506,#4577,#4597,#4617,#4637,#4649,#4677,#4697,#4709,#4721,#4749,#4769,#4781,#4793,#4826,#4843,#4868,#4892,#4925,#4942,#4984,#5007,#5024,#5041,#5074,#5091,#5108,#5125,#5157,#5184,#5216,#5243,#5259,#5286,#5302,#5329,#5345,#5372,#5388,#5415,#5447,#5474,#5506,#5533,#5565,#5592,#5624,#5651,#5683,#5710,#5726,#5753,#5769,#5796,#5812,#5839,#5956,#6078,#6096,#6114,#6146,#6178,#6210,#6242,#6274,#6292,#6310,#6328,#6352,#6364,#6382,#6394,#6412,#6436,#6448,#6466,#6484,#6502,#6514,#6532,#6550,#6568,#6580,#6592,#6610,#6628,#6640,#6658,#6676,#6688,#6734,#6898,#6916,#6928,#6946,#6964,#6976,#7022,#7068,#7294,#7306,#7324,#7342,#7354,#7372,#7390,#7402,#7420,#7438,#7450,#7468,#7486,#7498,#7516,#7534,#7546,#7578,#7602,#7627,#7651,#7669,#7694,#7711,#7787));
#7789=MANIFOLD_SOLID_BREP('Solido1',#7788);
#7790=COLOUR_RGB('Metallo-AL-6061 (uniforme)',0.847059011459351,0.839215993881226,0.839215993881226);
#7791=FILL_AREA_STYLE_COLOUR('Metallo-AL-6061 (uniforme)',#7790);
#7792=FILL_AREA_STYLE('Metallo-AL-6061 (uniforme)',(#7791));
#7793=SURFACE_STYLE_FILL_AREA(#7792);
#7794=SURFACE_SIDE_STYLE('Metallo-AL-6061 (uniforme)',(#7793));
#7795=SURFACE_STYLE_USAGE(.BOTH.,#7794);
#7796=PRESENTATION_STYLE_ASSIGNMENT((#7795));
#7797=STYLED_ITEM('',(#7796),#7789);
#7798=MECHANICAL_DESIGN_GEOMETRIC_PRESENTATION_REPRESENTATION('',(#7797,#11778,#12549,#12856,#13344,#14584,#15564,#16036),#36);
#7799=ADVANCED_BREP_SHAPE_REPRESENTATION('ABSR',(#7789),#75);
#7800=SHAPE_REPRESENTATION_RELATIONSHIP('SRR','None',#7799,#80);
#7801=AXIS2_PLACEMENT_3D('',#7802,#7803,#7804);
#7802=CARTESIAN_POINT('',(0.0,0.0,0.0));
#7803=DIRECTION('',(0.0,0.0,1.0));
#7804=DIRECTION('',(1.0,0.0,0.0));
#7805=NEXT_ASSEMBLY_USAGE_OCCURRENCE('CORPO EJB-21A:1','CORPO EJB-21A:1','CORPO EJB-21A:1',#12,#51,'CORPO EJB-21A:1');
#7806=PRODUCT_DEFINITION_SHAPE('CORPO EJB-21A:1','CORPO EJB-21A:1',#7805);
#7807=ITEM_DEFINED_TRANSFORMATION('CORPO EJB-21A:1','CORPO EJB-21A:1',#76,#7801);
#7811=(REPRESENTATION_RELATIONSHIP('CORPO EJB-21A:1','CORPO EJB-21A:1',#80,#41)REPRESENTATION_RELATIONSHIP_WITH_TRANSFORMATION(#7807)SHAPE_REPRESENTATION_RELATIONSHIP());
#7812=CONTEXT_DEPENDENT_SHAPE_REPRESENTATION(#7811,#7806);
#7813=APPLICATION_CONTEXT('automotive design');
#7814=APPLICATION_PROTOCOL_DEFINITION('International Standard','automotive_design',2001,#7813);
#7815=PRODUCT_CONTEXT('',#7813,'mechanical');
#7816=PRODUCT('COPERCHIO EJB-21A','COPERCHIO EJB-21A',$,(#7815));
#7817=PRODUCT_RELATED_PRODUCT_CATEGORY('part',$,(#7816));
#7818=PRODUCT_DEFINITION_FORMATION('',$,#7816);
#7819=PRODUCT_DEFINITION_CONTEXT('part definition',#7813,'design');
#7820=PRODUCT_DEFINITION('',$,#7818,#7819);
#7826=(NAMED_UNIT(*)PLANE_ANGLE_UNIT()SI_UNIT($,.RADIAN.));
#7827=DIMENSIONAL_EXPONENTS(0.0,0.0,0.0,0.0,0.0,0.0,0.0);
#7828=PLANE_ANGLE_MEASURE_WITH_UNIT(PLANE_ANGLE_MEASURE(0.0174532925),#7826);
#7832=(CONVERSION_BASED_UNIT('DEGREE',#7828)NAMED_UNIT(#7827)PLANE_ANGLE_UNIT());
#7836=(NAMED_UNIT(*)SI_UNIT($,.STERADIAN.)SOLID_ANGLE_UNIT());
#7840=(LENGTH_UNIT()NAMED_UNIT(*)SI_UNIT(.MILLI.,.METRE.));
#7842=UNCERTAINTY_MEASURE_WITH_UNIT(LENGTH_MEASURE(0.01),#7840,'DISTANCE_ACCURACY_VALUE','');
#7844=(GEOMETRIC_REPRESENTATION_CONTEXT(3)GLOBAL_UNCERTAINTY_ASSIGNED_CONTEXT((#7842))GLOBAL_UNIT_ASSIGNED_CONTEXT((#7832,#7836,#7840))REPRESENTATION_CONTEXT('None','None'));
#7845=AXIS2_PLACEMENT_3D('',#7846,#7847,#7848);
#7846=CARTESIAN_POINT('',(0.0,0.0,0.0));
#7847=DIRECTION('',(0.0,0.0,1.0));
#7848=DIRECTION('',(1.0,0.0,0.0));
#7849=SHAPE_REPRESENTATION('',(#7845),#7844);
#7850=PRODUCT_DEFINITION_SHAPE('','',#7820);
#7851=SHAPE_DEFINITION_REPRESENTATION(#7850,#7849);
#7857=(NAMED_UNIT(*)PLANE_ANGLE_UNIT()SI_UNIT($,.RADIAN.));
#7858=DIMENSIONAL_EXPONENTS(0.0,0.0,0.0,0.0,0.0,0.0,0.0);
#7859=PLANE_ANGLE_MEASURE_WITH_UNIT(PLANE_ANGLE_MEASURE(0.0174532925),#7857);
#7863=(CONVERSION_BASED_UNIT('DEGREE',#7859)NAMED_UNIT(#7858)PLANE_ANGLE_UNIT());
#7867=(NAMED_UNIT(*)SI_UNIT($,.STERADIAN.)SOLID_ANGLE_UNIT());
#7871=(LENGTH_UNIT()NAMED_UNIT(*)SI_UNIT(.MILLI.,.METRE.));
#7873=UNCERTAINTY_MEASURE_WITH_UNIT(LENGTH_MEASURE(0.000001),#7871,'DISTANCE_ACCURACY_VALUE','');
#7875=(GEOMETRIC_REPRESENTATION_CONTEXT(3)GLOBAL_UNCERTAINTY_ASSIGNED_CONTEXT((#7873))GLOBAL_UNIT_ASSIGNED_CONTEXT((#7863,#7867,#7871))REPRESENTATION_CONTEXT('','3D'));
#7876=CARTESIAN_POINT('',(68.750000000000028,-58.932264237709468,14.000000000000002));
#7877=DIRECTION('',(1.245393E-030,-1.0,0.0));
#7878=DIRECTION('',(-0.70710678118655,0.0,0.707106781186545));
#7879=AXIS2_PLACEMENT_3D('',#7876,#7877,#7878);
#7880=CYLINDRICAL_SURFACE('',#7879,2.0);
#7881=CARTESIAN_POINT('',(66.820457030605311,-122.24644460920955,14.526178609655924));
#7882=VERTEX_POINT('',#7881);
#7883=CARTESIAN_POINT('',(66.750000000000028,-122.25562909100492,14.000000000000002));
#7884=VERTEX_POINT('',#7883);
#7885=CARTESIAN_POINT('',(68.750000000000028,-122.25562909100492,14.000000000000002));
#7886=DIRECTION('',(-1.774312E-016,0.999847695156391,-0.017452406437284));
#7887=DIRECTION('',(-3.330162E-015,0.017452406437284,0.999847695156391));
#7888=AXIS2_PLACEMENT_3D('',#7885,#7886,#7887);
#7889=ELLIPSE('',#7888,2.000304656087815,2.0);
#7890=EDGE_CURVE('',#7882,#7884,#7889,.F.);
#7891=ORIENTED_EDGE('',*,*,#7890,.T.);
#7892=CARTESIAN_POINT('',(66.750000000000028,-129.49999999999997,14.000000000000002));
#7893=VERTEX_POINT('',#7892);
#7894=CARTESIAN_POINT('',(66.750000000000028,-122.25562909100492,14.000000000000002));
#7895=DIRECTION('',(0.0,-1.0,0.0));
#7896=VECTOR('',#7895,7.244370908995052);
#7897=LINE('',#7894,#7896);
#7898=EDGE_CURVE('',#7884,#7893,#7897,.T.);
#7899=ORIENTED_EDGE('',*,*,#7898,.T.);
#7900=CARTESIAN_POINT('',(68.750000000000028,-129.49999999999997,16.000000000000004));
#7901=VERTEX_POINT('',#7900);
#7902=CARTESIAN_POINT('',(68.750000000000028,-129.49999999999997,14.000000000000002));
#7903=DIRECTION('',(0.0,1.0,0.0));
#7904=DIRECTION('',(-1.0,0.0,0.0));
#7905=AXIS2_PLACEMENT_3D('',#7902,#7903,#7904);
#7906=CIRCLE('',#7905,2.000000000000002);
#7907=EDGE_CURVE('',#7893,#7901,#7906,.T.);
#7908=ORIENTED_EDGE('',*,*,#7907,.T.);
#7909=CARTESIAN_POINT('',(68.750000000000028,-120.74667306647498,16.0));
#7910=VERTEX_POINT('',#7909);
#7911=CARTESIAN_POINT('',(68.750000000000028,-129.49999999999997,16.0));
#7912=DIRECTION('',(0.0,1.0,0.0));
#7913=VECTOR('',#7912,8.753326933524988);
#7914=LINE('',#7911,#7913);
#7915=EDGE_CURVE('',#7901,#7910,#7914,.T.);
#7916=ORIENTED_EDGE('',*,*,#7915,.T.);
#7917=CARTESIAN_POINT('',(66.820457030605326,-122.24644460920958,14.526178609655922));
#7918=CARTESIAN_POINT('',(66.87059868287254,-122.24323507968826,14.710052432784771));
#7919=CARTESIAN_POINT('',(66.950460793379122,-122.20466851320049,14.893387537090232));
#7920=CARTESIAN_POINT('',(67.156872916681948,-122.07220897421458,15.225550311827273));
#7921=CARTESIAN_POINT('',(67.285339769970932,-121.97617619073361,15.372678488771122));
#7922=CARTESIAN_POINT('',(67.601608931944597,-121.72757332308151,15.656953055355645));
#7923=CARTESIAN_POINT('',(67.8237751151525,-121.54219769520778,15.789718151949032));
#7924=CARTESIAN_POINT('',(68.286923747050537,-121.14785865980154,15.961260700099691));
#7925=CARTESIAN_POINT('',(68.527971513077119,-120.93895537651403,16.000000000000004));
#7926=CARTESIAN_POINT('',(68.750000000000028,-120.74667306647498,16.000000000000004));
#7927=B_SPLINE_CURVE_WITH_KNOTS('',3,(#7917,#7918,#7919,#7920,#7921,#7922,#7923,#7924,#7925,#7926),.UNSPECIFIED.,.F.,.U.,(4,2,2,2,4),(0.758438931685628,0.815396829980289,0.875057997900649,0.963172821956142,1.051287646011635),.UNSPECIFIED.);
#7928=EDGE_CURVE('',#7910,#7882,#7927,.F.);
#7929=ORIENTED_EDGE('',*,*,#7928,.T.);
#7930=EDGE_LOOP('',(#7891,#7899,#7908,#7916,#7929));
#7931=FACE_OUTER_BOUND('',#7930,.T.);
#7932=ADVANCED_FACE('',(#7931),#7880,.T.);
#7933=CARTESIAN_POINT('',(68.750000000000028,-129.49999999999997,1.000000000000004));
#7934=DIRECTION('',(1.0,1.245393E-030,-2.101374E-030));
#7935=DIRECTION('',(0.0,0.0,-1.0));
#7936=AXIS2_PLACEMENT_3D('',#7933,#7934,#7935);
#7937=TOROIDAL_SURFACE('',#7936,12.99999999999998,2.0);
#7938=CARTESIAN_POINT('',(66.750000000000028,-142.49999999999997,1.000000000000002));
#7939=VERTEX_POINT('',#7938);
#7940=CARTESIAN_POINT('',(68.750000000000028,-144.49999999999994,1.000000000000002));
#7941=VERTEX_POINT('',#7940);
#7942=CARTESIAN_POINT('',(68.750000000000028,-142.49999999999997,1.000000000000002));
#7943=DIRECTION('',(0.0,0.0,1.0));
#7944=DIRECTION('',(-1.0,0.0,0.0));
#7945=AXIS2_PLACEMENT_3D('',#7942,#7943,#7944);
#7946=CIRCLE('',#7945,2.000000000000002);
#7947=EDGE_CURVE('',#7939,#7941,#7946,.T.);
#7948=ORIENTED_EDGE('',*,*,#7947,.T.);
#7949=CARTESIAN_POINT('',(68.750000000000028,-129.49999999999997,1.000000000000004));
#7950=DIRECTION('',(-1.0,0.0,0.0));
#7951=DIRECTION('',(0.0,-0.707106781186548,0.707106781186547));
#7952=AXIS2_PLACEMENT_3D('',#7949,#7950,#7951);
#7953=CIRCLE('',#7952,14.999999999999982);
#7954=EDGE_CURVE('',#7941,#7901,#7953,.T.);
#7955=ORIENTED_EDGE('',*,*,#7954,.T.);
#7956=ORIENTED_EDGE('',*,*,#7907,.F.);
#7957=CARTESIAN_POINT('',(66.750000000000028,-129.49999999999997,1.000000000000004));
#7958=DIRECTION('',(1.0,1.673383E-030,-1.673383E-030));
#7959=DIRECTION('',(2.366521E-030,-0.707106781186548,0.707106781186547));
#7960=AXIS2_PLACEMENT_3D('',#7957,#7958,#7959);
#7961=CIRCLE('',#7960,12.999999999999982);
#7962=EDGE_CURVE('',#7893,#7939,#7961,.T.);
#7963=ORIENTED_EDGE('',*,*,#7962,.T.);
#7964=EDGE_LOOP('',(#7948,#7955,#7956,#7963));
#7965=FACE_OUTER_BOUND('',#7964,.T.);
#7966=ADVANCED_FACE('',(#7965),#7937,.T.);
#7967=CARTESIAN_POINT('',(68.750000000000028,-142.49999999999994,3.996999941720754));
#7968=DIRECTION('',(-2.101374E-030,-2.159179E-015,-1.0));
#7969=DIRECTION('',(-0.707106781186551,-0.707106781186544,1.570092E-015));
#7970=AXIS2_PLACEMENT_3D('',#7967,#7968,#7969);
#7971=CYLINDRICAL_SURFACE('',#7970,2.0);
#7972=CARTESIAN_POINT('',(66.750000000000028,-142.49999999999997,-7.227000000000004));
#7973=VERTEX_POINT('',#7972);
#7974=CARTESIAN_POINT('',(68.750000000000028,-144.49999999999997,-7.226999999999999));
#7975=VERTEX_POINT('',#7974);
#7976=CARTESIAN_POINT('',(68.750000000000028,-142.49999999999997,-7.227000000000004));
#7977=DIRECTION('',(0.0,0.0,1.0));
#7978=DIRECTION('',(-1.0,0.0,0.0));
#7979=AXIS2_PLACEMENT_3D('',#7976,#7977,#7978);
#7980=CIRCLE('',#7979,2.000000000000002);
#7981=EDGE_CURVE('',#7973,#7975,#7980,.T.);
#7982=ORIENTED_EDGE('',*,*,#7981,.T.);
#7983=CARTESIAN_POINT('',(68.750000000000028,-144.49999999999997,-7.226999999999999));
#7984=DIRECTION('',(0.0,0.0,1.0));
#7985=VECTOR('',#7984,8.227);
#7986=LINE('',#7983,#7985);
#7987=EDGE_CURVE('',#7975,#7941,#7986,.T.);
#7988=ORIENTED_EDGE('',*,*,#7987,.T.);
#7989=ORIENTED_EDGE('',*,*,#7947,.F.);
#7990=CARTESIAN_POINT('',(66.750000000000028,-142.49999999999994,1.000000000000002));
#7991=DIRECTION('',(0.0,0.0,-1.0));
#7992=VECTOR('',#7991,8.227000000000006);
#7993=LINE('',#7990,#7992);
#7994=EDGE_CURVE('',#7939,#7973,#7993,.T.);
#7995=ORIENTED_EDGE('',*,*,#7994,.T.);
#7996=EDGE_LOOP('',(#7982,#7988,#7989,#7995));
#7997=FACE_OUTER_BOUND('',#7996,.T.);
#7998=ADVANCED_FACE('',(#7997),#7971,.T.);
#7999=CARTESIAN_POINT('',(68.750000000000028,-133.72699999999998,-7.226999999999998));
#8000=DIRECTION('',(1.0,1.245393E-030,-2.101374E-030));
#8001=DIRECTION('',(0.0,0.0,-1.0));
#8002=AXIS2_PLACEMENT_3D('',#7999,#8000,#8001);
#8003=TOROIDAL_SURFACE('',#8002,8.772999999999973,2.0);
#8004=CARTESIAN_POINT('',(66.750000000000028,-133.72699999999998,-15.999999999999972));
#8005=VERTEX_POINT('',#8004);
#8006=CARTESIAN_POINT('',(68.750000000000028,-133.72699999999998,-17.999999999999993));
#8007=VERTEX_POINT('',#8006);
#8008=CARTESIAN_POINT('',(68.750000000000028,-133.72699999999998,-15.999999999999972));
#8009=DIRECTION('',(0.0,-1.0,0.0));
#8010=DIRECTION('',(-1.0,0.0,0.0));
#8011=AXIS2_PLACEMENT_3D('',#8008,#8009,#8010);
#8012=CIRCLE('',#8011,2.000000000000002);
#8013=EDGE_CURVE('',#8005,#8007,#8012,.T.);
#8014=ORIENTED_EDGE('',*,*,#8013,.T.);
#8015=CARTESIAN_POINT('',(68.750000000000028,-133.72699999999998,-7.226999999999998));
#8016=DIRECTION('',(-1.0,0.0,0.0));
#8017=DIRECTION('',(0.0,-0.707106781186548,-0.707106781186547));
#8018=AXIS2_PLACEMENT_3D('',#8015,#8016,#8017);
#8019=CIRCLE('',#8018,10.772999999999975);
#8020=EDGE_CURVE('',#8007,#7975,#8019,.T.);
#8021=ORIENTED_EDGE('',*,*,#8020,.T.);
#8022=ORIENTED_EDGE('',*,*,#7981,.F.);
#8023=CARTESIAN_POINT('',(66.750000000000028,-133.72699999999998,-7.226999999999998));
#8024=DIRECTION('',(1.0,-4.279905E-031,-4.279905E-031));
#8025=DIRECTION('',(-6.052700E-031,-0.707106781186547,-0.707106781186547));
#8026=AXIS2_PLACEMENT_3D('',#8023,#8024,#8025);
#8027=CIRCLE('',#8026,8.772999999999973);
#8028=EDGE_CURVE('',#7973,#8005,#8027,.T.);
#8029=ORIENTED_EDGE('',*,*,#8028,.T.);
#8030=EDGE_LOOP('',(#8014,#8021,#8022,#8029));
#8031=FACE_OUTER_BOUND('',#8030,.T.);
#8032=ADVANCED_FACE('',(#8031),#8003,.T.);
#8033=CARTESIAN_POINT('',(68.750000000000028,-125.79576423770961,-16.000000000000099));
#8034=DIRECTION('',(-1.245393E-030,1.0,-1.361355E-014));
#8035=DIRECTION('',(-0.70710678118655,-1.256074E-014,-0.707106781186545));
#8036=AXIS2_PLACEMENT_3D('',#8033,#8034,#8035);
#8037=CYLINDRICAL_SURFACE('',#8036,2.0);
#8038=CARTESIAN_POINT('',(66.750000000000028,-133.40078878425314,-15.999999999999996));
#8039=VERTEX_POINT('',#8038);
#8040=CARTESIAN_POINT('',(68.750000000000028,-133.40078878425317,-17.999999999999996));
#8041=VERTEX_POINT('',#8040);
#8042=CARTESIAN_POINT('',(68.750000000000028,-133.40078878425314,-15.999999999999996));
#8043=DIRECTION('',(0.0,-1.0,0.0));
#8044=DIRECTION('',(-1.0,0.0,0.0));
#8045=AXIS2_PLACEMENT_3D('',#8042,#8043,#8044);
#8046=CIRCLE('',#8045,2.000000000000002);
#8047=EDGE_CURVE('',#8039,#8041,#8046,.T.);
#8048=ORIENTED_EDGE('',*,*,#8047,.T.);
#8049=CARTESIAN_POINT('',(68.750000000000028,-133.40078878425317,-17.999999999999996));
#8050=DIRECTION('',(0.0,-1.0,0.0));
#8051=VECTOR('',#8050,0.32621121574681);
#8052=LINE('',#8049,#8051);
#8053=EDGE_CURVE('',#8041,#8007,#8052,.T.);
#8054=ORIENTED_EDGE('',*,*,#8053,.T.);
#8055=ORIENTED_EDGE('',*,*,#8013,.F.);
#8056=CARTESIAN_POINT('',(66.750000000000028,-133.72699999999998,-15.999999999999991));
#8057=DIRECTION('',(0.0,1.0,0.0));
#8058=VECTOR('',#8057,0.326211215746838);
#8059=LINE('',#8056,#8058);
#8060=EDGE_CURVE('',#8005,#8039,#8059,.T.);
#8061=ORIENTED_EDGE('',*,*,#8060,.T.);
#8062=EDGE_LOOP('',(#8048,#8054,#8055,#8061));
#8063=FACE_OUTER_BOUND('',#8062,.T.);
#8064=ADVANCED_FACE('',(#8063),#8037,.T.);
#8065=CARTESIAN_POINT('',(68.750000000000028,-133.40078878425317,-7.226999999999996));
#8066=DIRECTION('',(1.0,1.245393E-030,-2.101374E-030));
#8067=DIRECTION('',(0.0,0.0,-1.0));
#8068=AXIS2_PLACEMENT_3D('',#8065,#8066,#8067);
#8069=TOROIDAL_SURFACE('',#8068,8.772999999999996,2.0);
#8070=CARTESIAN_POINT('',(66.750000000000028,-124.62912495464614,-7.380109961674288));
#8071=VERTEX_POINT('',#8070);
#8072=CARTESIAN_POINT('',(68.750000000000028,-122.62942956433335,-7.415014774548858));
#8073=VERTEX_POINT('',#8072);
#8074=CARTESIAN_POINT('',(68.750000000000028,-124.62912495464614,-7.380109961674288));
#8075=DIRECTION('',(0.0,-0.017452406437285,-0.999847695156391));
#8076=DIRECTION('',(-1.0,0.0,0.0));
#8077=AXIS2_PLACEMENT_3D('',#8074,#8075,#8076);
#8078=CIRCLE('',#8077,2.000000000000002);
#8079=EDGE_CURVE('',#8071,#8073,#8078,.T.);
#8080=ORIENTED_EDGE('',*,*,#8079,.T.);
#8081=CARTESIAN_POINT('',(68.750000000000028,-133.40078878425317,-7.226999999999996));
#8082=DIRECTION('',(-1.0,0.0,0.0));
#8083=DIRECTION('',(0.0,0.700909264299851,-0.713250449154181));
#8084=AXIS2_PLACEMENT_3D('',#8081,#8082,#8083);
#8085=CIRCLE('',#8084,10.772999999999994);
#8086=EDGE_CURVE('',#8073,#8041,#8085,.T.);
#8087=ORIENTED_EDGE('',*,*,#8086,.T.);
#8088=ORIENTED_EDGE('',*,*,#8047,.F.);
#8089=CARTESIAN_POINT('',(66.750000000000028,-133.40078878425317,-7.226999999999996));
#8090=DIRECTION('',(1.0,1.662356E-030,-1.691625E-030));
#8091=DIRECTION('',(-2.371713E-030,0.700909264299851,-0.713250449154181));
#8092=AXIS2_PLACEMENT_3D('',#8089,#8090,#8091);
#8093=CIRCLE('',#8092,8.772999999999994);
#8094=EDGE_CURVE('',#8039,#8071,#8093,.T.);
#8095=ORIENTED_EDGE('',*,*,#8094,.T.);
#8096=EDGE_LOOP('',(#8080,#8087,#8088,#8095));
#8097=FACE_OUTER_BOUND('',#8096,.T.);
#8098=ADVANCED_FACE('',(#8097),#8069,.T.);
#8099=CARTESIAN_POINT('',(68.750000000000028,-124.50268245251041,-0.136223865821834));
#8100=DIRECTION('',(2.079319E-030,0.017452406437283,0.999847695156391));
#8101=DIRECTION('',(-0.707106781186547,0.706999085398825,-0.012340714939826));
#8102=AXIS2_PLACEMENT_3D('',#8099,#8100,#8101);
#8103=CYLINDRICAL_SURFACE('',#8102,2.0);
#8104=CARTESIAN_POINT('',(66.750000000000028,-124.50030465608774,3.469447E-017));
#8105=VERTEX_POINT('',#8104);
#8106=CARTESIAN_POINT('',(68.750000000000028,-122.49999999999997,0.0));
#8107=VERTEX_POINT('',#8106);
#8108=CARTESIAN_POINT('',(68.750000000000028,-124.50030465608774,0.0));
#8109=DIRECTION('',(0.0,0.0,1.0));
#8110=DIRECTION('',(5.696658E-013,1.0,0.0));
#8111=AXIS2_PLACEMENT_3D('',#8108,#8109,#8110);
#8112=ELLIPSE('',#8111,2.000304656087816,2.0);
#8113=EDGE_CURVE('',#8105,#8107,#8112,.F.);
#8114=ORIENTED_EDGE('',*,*,#8113,.T.);
#8115=CARTESIAN_POINT('',(68.750000000000028,-122.49999999999991,-7.494005E-016));
#8116=DIRECTION('',(0.0,-0.017452406437284,-0.999847695156391));
#8117=VECTOR('',#8116,7.416144289245014);
#8118=LINE('',#8115,#8117);
#8119=EDGE_CURVE('',#8107,#8073,#8118,.T.);
#8120=ORIENTED_EDGE('',*,*,#8119,.T.);
#8121=ORIENTED_EDGE('',*,*,#8079,.F.);
#8122=CARTESIAN_POINT('',(66.750000000000028,-124.62912495464613,-7.380109961674291));
#8123=DIRECTION('',(0.0,0.017452406437283,0.999847695156391));
#8124=VECTOR('',#8123,7.381234159388575);
#8125=LINE('',#8122,#8124);
#8126=EDGE_CURVE('',#8071,#8105,#8125,.T.);
#8127=ORIENTED_EDGE('',*,*,#8126,.T.);
#8128=EDGE_LOOP('',(#8114,#8120,#8121,#8127));
#8129=FACE_OUTER_BOUND('',#8128,.T.);
#8130=ADVANCED_FACE('',(#8129),#8103,.T.);
#8131=CARTESIAN_POINT('',(66.750000000000028,-117.86452847541894,6.993999883441457));
#8132=DIRECTION('',(1.0,0.0,0.0));
#8133=DIRECTION('',(0.0,0.0,-1.0));
#8134=AXIS2_PLACEMENT_3D('',#8131,#8132,#8133);
#8135=PLANE('',#8134);
#8136=CARTESIAN_POINT('',(66.75,-122.49999999999991,0.0));
#8137=VERTEX_POINT('',#8136);
#8138=CARTESIAN_POINT('',(66.750000000000028,-124.50030465608774,0.0));
#8139=DIRECTION('',(0.0,1.0,0.0));
#8140=VECTOR('',#8139,2.00030465608782);
#8141=LINE('',#8138,#8140);
#8142=EDGE_CURVE('',#8105,#8137,#8141,.T.);
#8143=ORIENTED_EDGE('',*,*,#8142,.F.);
#8144=ORIENTED_EDGE('',*,*,#8126,.F.);
#8145=ORIENTED_EDGE('',*,*,#8094,.F.);
#8146=ORIENTED_EDGE('',*,*,#8060,.F.);
#8147=ORIENTED_EDGE('',*,*,#8028,.F.);
#8148=ORIENTED_EDGE('',*,*,#7994,.F.);
#8149=ORIENTED_EDGE('',*,*,#7962,.F.);
#8150=ORIENTED_EDGE('',*,*,#7898,.F.);
#8151=CARTESIAN_POINT('',(66.750000000000028,-122.49999999999997,8.881784E-016));
#8152=DIRECTION('',(0.0,0.017452406437284,0.999847695156391));
#8153=VECTOR('',#8152,14.002132592614707);
#8154=LINE('',#8151,#8153);
#8155=EDGE_CURVE('',#8137,#7884,#8154,.T.);
#8156=ORIENTED_EDGE('',*,*,#8155,.F.);
#8157=EDGE_LOOP('',(#8143,#8144,#8145,#8146,#8147,#8148,#8149,#8150,#8156));
#8158=FACE_OUTER_BOUND('',#8157,.T.);
#8159=CARTESIAN_POINT('',(66.75,-129.49999999999997,-8.999999999999998));
#8160=VERTEX_POINT('',#8159);
#8161=CARTESIAN_POINT('',(66.750000000000028,-133.99999999999997,-8.999999999999998));
#8162=DIRECTION('',(1.0,0.0,0.0));
#8163=DIRECTION('',(0.0,-1.0,0.0));
#8164=AXIS2_PLACEMENT_3D('',#8161,#8162,#8163);
#8165=CIRCLE('',#8164,4.5);
#8166=EDGE_CURVE('',#8160,#8160,#8165,.T.);
#8167=ORIENTED_EDGE('',*,*,#8166,.T.);
#8168=EDGE_LOOP('',(#8167));
#8169=FACE_BOUND('',#8168,.T.);
#8170=ADVANCED_FACE('',(#8158,#8169),#8135,.F.);
#8171=CARTESIAN_POINT('',(79.049999999999997,-58.932264237709468,14.000000000000002));
#8172=DIRECTION('',(1.510641E-029,-1.0,0.0));
#8173=DIRECTION('',(0.70710678118655,0.0,0.707106781186545));
#8174=AXIS2_PLACEMENT_3D('',#8171,#8172,#8173);
#8175=CYLINDRICAL_SURFACE('',#8174,2.0);
#8176=CARTESIAN_POINT('',(79.049999999999997,-120.74667306647498,16.0));
#8177=VERTEX_POINT('',#8176);
#8178=CARTESIAN_POINT('',(80.979542969394714,-122.24644460920955,14.526178609655926));
#8179=VERTEX_POINT('',#8178);
#8180=CARTESIAN_POINT('',(79.049999999999997,-120.74667306647498,16.000000000000004));
#8181=CARTESIAN_POINT('',(79.272028486922906,-120.93895537651403,16.0));
#8182=CARTESIAN_POINT('',(79.513076252949503,-121.14785865980154,15.961260700099691));
#8183=CARTESIAN_POINT('',(79.976224884847539,-121.54219769520778,15.78971815194903));
#8184=CARTESIAN_POINT('',(80.198391068055457,-121.72757332308151,15.656953055355643));
#8185=CARTESIAN_POINT('',(80.514660230029108,-121.97617619073358,15.372678488771117));
#8186=CARTESIAN_POINT('',(80.643127083318092,-122.07220897421458,15.225550311827272));
#8187=CARTESIAN_POINT('',(80.849539206620889,-122.20466851320049,14.893387537090227));
#8188=CARTESIAN_POINT('',(80.9294013171275,-122.24323507968825,14.710052432784773));
#8189=CARTESIAN_POINT('',(80.979542969394714,-122.24644460920956,14.526178609655924));
#8190=B_SPLINE_CURVE_WITH_KNOTS('',3,(#8180,#8181,#8182,#8183,#8184,#8185,#8186,#8187,#8188,#8189),.UNSPECIFIED.,.F.,.U.,(4,2,2,2,4),(0.0,0.088114824055493,0.176229648110985,0.235890816031345,0.292848714326006),.UNSPECIFIED.);
#8191=EDGE_CURVE('',#8177,#8179,#8190,.T.);
#8192=ORIENTED_EDGE('',*,*,#8191,.F.);
#8193=CARTESIAN_POINT('',(79.049999999999997,-129.49999999999997,16.000000000000004));
#8194=VERTEX_POINT('',#8193);
#8195=CARTESIAN_POINT('',(79.049999999999997,-120.74667306647498,16.0));
#8196=DIRECTION('',(0.0,-1.0,0.0));
#8197=VECTOR('',#8196,8.753326933524988);
#8198=LINE('',#8195,#8197);
#8199=EDGE_CURVE('',#8177,#8194,#8198,.T.);
#8200=ORIENTED_EDGE('',*,*,#8199,.T.);
#8201=CARTESIAN_POINT('',(81.050000000000011,-129.49999999999997,14.000000000000002));
#8202=VERTEX_POINT('',#8201);
#8203=CARTESIAN_POINT('',(79.049999999999997,-129.49999999999997,14.000000000000002));
#8204=DIRECTION('',(0.0,1.0,0.0));
#8205=DIRECTION('',(0.0,0.0,1.0));
#8206=AXIS2_PLACEMENT_3D('',#8203,#8204,#8205);
#8207=CIRCLE('',#8206,2.000000000000002);
#8208=EDGE_CURVE('',#8194,#8202,#8207,.T.);
#8209=ORIENTED_EDGE('',*,*,#8208,.T.);
#8210=CARTESIAN_POINT('',(81.050000000000011,-122.25562909100492,14.000000000000002));
#8211=VERTEX_POINT('',#8210);
#8212=CARTESIAN_POINT('',(81.050000000000011,-129.49999999999997,14.000000000000002));
#8213=DIRECTION('',(0.0,1.0,0.0));
#8214=VECTOR('',#8213,7.244370908995052);
#8215=LINE('',#8212,#8214);
#8216=EDGE_CURVE('',#8202,#8211,#8215,.T.);
#8217=ORIENTED_EDGE('',*,*,#8216,.T.);
#8218=CARTESIAN_POINT('',(79.049999999999997,-122.25562909100492,14.000000000000002));
#8219=DIRECTION('',(-1.774312E-016,0.999847695156391,-0.017452406437284));
#8220=DIRECTION('',(3.330162E-015,0.017452406437284,0.999847695156391));
#8221=AXIS2_PLACEMENT_3D('',#8218,#8219,#8220);
#8222=ELLIPSE('',#8221,2.000304656087815,2.0);
#8223=EDGE_CURVE('',#8179,#8211,#8222,.T.);
#8224=ORIENTED_EDGE('',*,*,#8223,.F.);
#8225=EDGE_LOOP('',(#8192,#8200,#8209,#8217,#8224));
#8226=FACE_OUTER_BOUND('',#8225,.T.);
#8227=ADVANCED_FACE('',(#8226),#8175,.T.);
#8228=CARTESIAN_POINT('',(79.049999999999997,-129.49999999999997,1.000000000000004));
#8229=DIRECTION('',(1.0,1.510641E-029,-1.075337E-029));
#8230=DIRECTION('',(0.0,0.0,-1.0));
#8231=AXIS2_PLACEMENT_3D('',#8228,#8229,#8230);
#8232=TOROIDAL_SURFACE('',#8231,12.99999999999998,2.0);
#8233=CARTESIAN_POINT('',(79.049999999999997,-144.49999999999994,1.000000000000002));
#8234=VERTEX_POINT('',#8233);
#8235=CARTESIAN_POINT('',(81.050000000000011,-142.49999999999997,1.000000000000002));
#8236=VERTEX_POINT('',#8235);
#8237=CARTESIAN_POINT('',(79.049999999999997,-142.49999999999997,1.000000000000002));
#8238=DIRECTION('',(0.0,0.0,1.0));
#8239=DIRECTION('',(0.0,-1.0,0.0));
#8240=AXIS2_PLACEMENT_3D('',#8237,#8238,#8239);
#8241=CIRCLE('',#8240,1.999999999999993);
#8242=EDGE_CURVE('',#8234,#8236,#8241,.T.);
#8243=ORIENTED_EDGE('',*,*,#8242,.T.);
#8244=CARTESIAN_POINT('',(81.050000000000011,-129.49999999999997,1.000000000000004));
#8245=DIRECTION('',(-1.0,-1.292989E-029,1.292989E-029));
#8246=DIRECTION('',(1.828563E-029,-0.707106781186548,0.707106781186547));
#8247=AXIS2_PLACEMENT_3D('',#8244,#8245,#8246);
#8248=CIRCLE('',#8247,12.999999999999982);
#8249=EDGE_CURVE('',#8236,#8202,#8248,.T.);
#8250=ORIENTED_EDGE('',*,*,#8249,.T.);
#8251=ORIENTED_EDGE('',*,*,#8208,.F.);
#8252=CARTESIAN_POINT('',(79.049999999999997,-129.49999999999997,1.000000000000004));
#8253=DIRECTION('',(1.0,0.0,0.0));
#8254=DIRECTION('',(0.0,-0.707106781186548,0.707106781186547));
#8255=AXIS2_PLACEMENT_3D('',#8252,#8253,#8254);
#8256=CIRCLE('',#8255,14.999999999999982);
#8257=EDGE_CURVE('',#8194,#8234,#8256,.T.);
#8258=ORIENTED_EDGE('',*,*,#8257,.T.);
#8259=EDGE_LOOP('',(#8243,#8250,#8251,#8258));
#8260=FACE_OUTER_BOUND('',#8259,.T.);
#8261=ADVANCED_FACE('',(#8260),#8232,.T.);
#8262=CARTESIAN_POINT('',(79.050000000000011,-142.49999999999997,3.996999941720755));
#8263=DIRECTION('',(-1.075337E-029,-2.159179E-015,-1.0));
#8264=DIRECTION('',(0.707106781186548,-0.707106781186548,1.570092E-015));
#8265=AXIS2_PLACEMENT_3D('',#8262,#8263,#8264);
#8266=CYLINDRICAL_SURFACE('',#8265,2.0);
#8267=CARTESIAN_POINT('',(79.050000000000011,-144.49999999999997,-7.226999999999999));
#8268=VERTEX_POINT('',#8267);
#8269=CARTESIAN_POINT('',(81.050000000000011,-142.49999999999997,-7.227000000000005));
#8270=VERTEX_POINT('',#8269);
#8271=CARTESIAN_POINT('',(79.050000000000011,-142.49999999999997,-7.227000000000005));
#8272=DIRECTION('',(0.0,0.0,1.0));
#8273=DIRECTION('',(0.0,-1.0,0.0));
#8274=AXIS2_PLACEMENT_3D('',#8271,#8272,#8273);
#8275=CIRCLE('',#8274,1.999999999999993);
#8276=EDGE_CURVE('',#8268,#8270,#8275,.T.);
#8277=ORIENTED_EDGE('',*,*,#8276,.T.);
#8278=CARTESIAN_POINT('',(81.050000000000011,-142.5,-7.227000000000005));
#8279=DIRECTION('',(0.0,0.0,1.0));
#8280=VECTOR('',#8279,8.227000000000007);
#8281=LINE('',#8278,#8280);
#8282=EDGE_CURVE('',#8270,#8236,#8281,.T.);
#8283=ORIENTED_EDGE('',*,*,#8282,.T.);
#8284=ORIENTED_EDGE('',*,*,#8242,.F.);
#8285=CARTESIAN_POINT('',(79.050000000000011,-144.49999999999994,1.000000000000002));
#8286=DIRECTION('',(0.0,0.0,-1.0));
#8287=VECTOR('',#8286,8.227000000000002);
#8288=LINE('',#8285,#8287);
#8289=EDGE_CURVE('',#8234,#8268,#8288,.T.);
#8290=ORIENTED_EDGE('',*,*,#8289,.T.);
#8291=EDGE_LOOP('',(#8277,#8283,#8284,#8290));
#8292=FACE_OUTER_BOUND('',#8291,.T.);
#8293=ADVANCED_FACE('',(#8292),#8266,.T.);
#8294=CARTESIAN_POINT('',(79.049999999999997,-133.72699999999998,-7.226999999999998));
#8295=DIRECTION('',(1.0,1.510641E-029,-1.075337E-029));
#8296=DIRECTION('',(0.0,0.0,-1.0));
#8297=AXIS2_PLACEMENT_3D('',#8294,#8295,#8296);
#8298=TOROIDAL_SURFACE('',#8297,8.772999999999973,2.0);
#8299=CARTESIAN_POINT('',(79.049999999999997,-133.72699999999998,-17.999999999999993));
#8300=VERTEX_POINT('',#8299);
#8301=CARTESIAN_POINT('',(81.050000000000011,-133.72699999999998,-15.999999999999972));
#8302=VERTEX_POINT('',#8301);
#8303=CARTESIAN_POINT('',(79.049999999999997,-133.72699999999998,-15.999999999999972));
#8304=DIRECTION('',(0.0,-1.0,0.0));
#8305=DIRECTION('',(0.0,0.0,-1.0));
#8306=AXIS2_PLACEMENT_3D('',#8303,#8304,#8305);
#8307=CIRCLE('',#8306,2.00000000000002);
#8308=EDGE_CURVE('',#8300,#8302,#8307,.T.);
#8309=ORIENTED_EDGE('',*,*,#8308,.T.);
#8310=CARTESIAN_POINT('',(81.050000000000011,-133.72699999999998,-7.226999999999998));
#8311=DIRECTION('',(-1.0,-2.176518E-030,-2.176518E-030));
#8312=DIRECTION('',(3.078062E-030,-0.707106781186547,-0.707106781186547));
#8313=AXIS2_PLACEMENT_3D('',#8310,#8311,#8312);
#8314=CIRCLE('',#8313,8.772999999999973);
#8315=EDGE_CURVE('',#8302,#8270,#8314,.T.);
#8316=ORIENTED_EDGE('',*,*,#8315,.T.);
#8317=ORIENTED_EDGE('',*,*,#8276,.F.);
#8318=CARTESIAN_POINT('',(79.049999999999997,-133.72699999999998,-7.226999999999998));
#8319=DIRECTION('',(1.0,0.0,0.0));
#8320=DIRECTION('',(0.0,-0.707106781186548,-0.707106781186547));
#8321=AXIS2_PLACEMENT_3D('',#8318,#8319,#8320);
#8322=CIRCLE('',#8321,10.772999999999975);
#8323=EDGE_CURVE('',#8268,#8300,#8322,.T.);
#8324=ORIENTED_EDGE('',*,*,#8323,.T.);
#8325=EDGE_LOOP('',(#8309,#8316,#8317,#8324));
#8326=FACE_OUTER_BOUND('',#8325,.T.);
#8327=ADVANCED_FACE('',(#8326),#8298,.T.);
#8328=CARTESIAN_POINT('',(79.050000000000011,-125.79576423770961,-16.000000000000099));
#8329=DIRECTION('',(-1.510641E-029,1.0,-1.361355E-014));
#8330=DIRECTION('',(0.707106781186547,-1.256074E-014,-0.707106781186548));
#8331=AXIS2_PLACEMENT_3D('',#8328,#8329,#8330);
#8332=CYLINDRICAL_SURFACE('',#8331,2.0);
#8333=CARTESIAN_POINT('',(79.050000000000011,-133.40078878425317,-17.999999999999996));
#8334=VERTEX_POINT('',#8333);
#8335=CARTESIAN_POINT('',(81.050000000000011,-133.40078878425314,-15.999999999999996));
#8336=VERTEX_POINT('',#8335);
#8337=CARTESIAN_POINT('',(79.050000000000011,-133.40078878425314,-15.999999999999996));
#8338=DIRECTION('',(0.0,-1.0,0.0));
#8339=DIRECTION('',(0.0,0.0,-1.0));
#8340=AXIS2_PLACEMENT_3D('',#8337,#8338,#8339);
#8341=CIRCLE('',#8340,2.0);
#8342=EDGE_CURVE('',#8334,#8336,#8341,.T.);
#8343=ORIENTED_EDGE('',*,*,#8342,.T.);
#8344=CARTESIAN_POINT('',(81.050000000000011,-133.40078878425314,-15.999999999999996));
#8345=DIRECTION('',(0.0,-1.0,0.0));
#8346=VECTOR('',#8345,0.326211215746838);
#8347=LINE('',#8344,#8346);
#8348=EDGE_CURVE('',#8336,#8302,#8347,.T.);
#8349=ORIENTED_EDGE('',*,*,#8348,.T.);
#8350=ORIENTED_EDGE('',*,*,#8308,.F.);
#8351=CARTESIAN_POINT('',(79.050000000000011,-133.72699999999998,-17.999999999999993));
#8352=DIRECTION('',(0.0,1.0,0.0));
#8353=VECTOR('',#8352,0.32621121574681);
#8354=LINE('',#8351,#8353);
#8355=EDGE_CURVE('',#8300,#8334,#8354,.T.);
#8356=ORIENTED_EDGE('',*,*,#8355,.T.);
#8357=EDGE_LOOP('',(#8343,#8349,#8350,#8356));
#8358=FACE_OUTER_BOUND('',#8357,.T.);
#8359=ADVANCED_FACE('',(#8358),#8332,.T.);
#8360=CARTESIAN_POINT('',(79.049999999999997,-133.40078878425317,-7.226999999999996));
#8361=DIRECTION('',(1.0,1.510641E-029,-1.075337E-029));
#8362=DIRECTION('',(0.0,0.0,-1.0));
#8363=AXIS2_PLACEMENT_3D('',#8360,#8361,#8362);
#8364=TOROIDAL_SURFACE('',#8363,8.772999999999996,2.0);
#8365=CARTESIAN_POINT('',(79.049999999999997,-122.62942956433335,-7.415014774548858));
#8366=VERTEX_POINT('',#8365);
#8367=CARTESIAN_POINT('',(81.050000000000011,-124.62912495464614,-7.380109961674288));
#8368=VERTEX_POINT('',#8367);
#8369=CARTESIAN_POINT('',(79.049999999999997,-124.62912495464614,-7.380109961674288));
#8370=DIRECTION('',(0.0,-0.017452406437285,-0.999847695156391));
#8371=DIRECTION('',(0.0,0.999847695156391,-0.017452406437285));
#8372=AXIS2_PLACEMENT_3D('',#8369,#8370,#8371);
#8373=CIRCLE('',#8372,2.000000000000012);
#8374=EDGE_CURVE('',#8366,#8368,#8373,.T.);
#8375=ORIENTED_EDGE('',*,*,#8374,.T.);
#8376=CARTESIAN_POINT('',(81.050000000000011,-133.40078878425317,-7.226999999999996));
#8377=DIRECTION('',(-1.0,-1.279725E-029,1.302258E-029));
#8378=DIRECTION('',(-1.825807E-029,0.700909264299851,-0.713250449154181));
#8379=AXIS2_PLACEMENT_3D('',#8376,#8377,#8378);
#8380=CIRCLE('',#8379,8.772999999999994);
#8381=EDGE_CURVE('',#8368,#8336,#8380,.T.);
#8382=ORIENTED_EDGE('',*,*,#8381,.T.);
#8383=ORIENTED_EDGE('',*,*,#8342,.F.);
#8384=CARTESIAN_POINT('',(79.049999999999997,-133.40078878425317,-7.226999999999996));
#8385=DIRECTION('',(1.0,0.0,0.0));
#8386=DIRECTION('',(0.0,0.700909264299851,-0.713250449154181));
#8387=AXIS2_PLACEMENT_3D('',#8384,#8385,#8386);
#8388=CIRCLE('',#8387,10.772999999999994);
#8389=EDGE_CURVE('',#8334,#8366,#8388,.T.);
#8390=ORIENTED_EDGE('',*,*,#8389,.T.);
#8391=EDGE_LOOP('',(#8375,#8382,#8383,#8390));
#8392=FACE_OUTER_BOUND('',#8391,.T.);
#8393=ADVANCED_FACE('',(#8392),#8364,.T.);
#8394=CARTESIAN_POINT('',(79.050000000000011,-124.50268245251041,-0.136223865821833));
#8395=DIRECTION('',(1.048809E-029,0.017452406437283,0.999847695156391));
#8396=DIRECTION('',(0.707106781186544,0.706999085398828,-0.012340714939826));
#8397=AXIS2_PLACEMENT_3D('',#8394,#8395,#8396);
#8398=CYLINDRICAL_SURFACE('',#8397,2.0);
#8399=CARTESIAN_POINT('',(81.050000000000011,-124.50030465608774,3.469447E-017));
#8400=VERTEX_POINT('',#8399);
#8401=CARTESIAN_POINT('',(79.050000000000011,-122.49999999999997,0.0));
#8402=VERTEX_POINT('',#8401);
#8403=CARTESIAN_POINT('',(79.050000000000011,-124.50030465608774,0.0));
#8404=DIRECTION('',(0.0,0.0,1.0));
#8405=DIRECTION('',(-2.892384E-013,1.0,0.0));
#8406=AXIS2_PLACEMENT_3D('',#8403,#8404,#8405);
#8407=ELLIPSE('',#8406,2.000304656087816,2.0);
#8408=EDGE_CURVE('',#8400,#8402,#8407,.T.);
#8409=ORIENTED_EDGE('',*,*,#8408,.F.);
#8410=CARTESIAN_POINT('',(81.050000000000011,-124.50030465608772,8.326673E-017));
#8411=DIRECTION('',(0.0,-0.017452406437283,-0.999847695156391));
#8412=VECTOR('',#8411,7.381234159388575);
#8413=LINE('',#8410,#8412);
#8414=EDGE_CURVE('',#8400,#8368,#8413,.T.);
#8415=ORIENTED_EDGE('',*,*,#8414,.T.);
#8416=ORIENTED_EDGE('',*,*,#8374,.F.);
#8417=CARTESIAN_POINT('',(79.050000000000011,-122.62942956433336,-7.415014774548861));
#8418=DIRECTION('',(0.0,0.017452406437284,0.999847695156391));
#8419=VECTOR('',#8418,7.416144289245014);
#8420=LINE('',#8417,#8419);
#8421=EDGE_CURVE('',#8366,#8402,#8420,.T.);
#8422=ORIENTED_EDGE('',*,*,#8421,.T.);
#8423=EDGE_LOOP('',(#8409,#8415,#8416,#8422));
#8424=FACE_OUTER_BOUND('',#8423,.T.);
#8425=ADVANCED_FACE('',(#8424),#8398,.T.);
#8426=CARTESIAN_POINT('',(81.050000000000011,-122.62942956433335,-7.415014774548858));
#8427=DIRECTION('',(0.0,0.999847695156391,-0.017452406437283));
#8428=DIRECTION('',(0.0,0.017452406437283,0.999847695156391));
#8429=AXIS2_PLACEMENT_3D('',#8426,#8427,#8428);
#8430=PLANE('',#8429);
#8431=ORIENTED_EDGE('',*,*,#8119,.F.);
#8432=CARTESIAN_POINT('',(68.750000000000028,-122.49999999999997,0.0));
#8433=DIRECTION('',(1.0,0.0,0.0));
#8434=VECTOR('',#8433,10.299999999999983);
#8435=LINE('',#8432,#8434);
#8436=EDGE_CURVE('',#8107,#8402,#8435,.T.);
#8437=ORIENTED_EDGE('',*,*,#8436,.T.);
#8438=ORIENTED_EDGE('',*,*,#8421,.F.);
#8439=CARTESIAN_POINT('',(79.050000000000011,-122.62942956433335,-7.415014774548858));
#8440=DIRECTION('',(-1.0,0.0,0.0));
#8441=VECTOR('',#8440,10.299999999999983);
#8442=LINE('',#8439,#8441);
#8443=EDGE_CURVE('',#8366,#8073,#8442,.T.);
#8444=ORIENTED_EDGE('',*,*,#8443,.T.);
#8445=EDGE_LOOP('',(#8431,#8437,#8438,#8444));
#8446=FACE_OUTER_BOUND('',#8445,.T.);
#8447=ADVANCED_FACE('',(#8446),#8430,.T.);
#8448=CARTESIAN_POINT('',(81.050000000000011,-133.40078878425317,-7.226999999999996));
#8449=DIRECTION('',(-1.0,0.0,0.0));
#8450=DIRECTION('',(0.0,0.0,-1.0));
#8451=AXIS2_PLACEMENT_3D('',#8448,#8449,#8450);
#8452=CYLINDRICAL_SURFACE('',#8451,10.772999999999994);
#8453=ORIENTED_EDGE('',*,*,#8086,.F.);
#8454=ORIENTED_EDGE('',*,*,#8443,.F.);
#8455=ORIENTED_EDGE('',*,*,#8389,.F.);
#8456=CARTESIAN_POINT('',(79.050000000000011,-133.40078878425317,-17.999999999999996));
#8457=DIRECTION('',(-1.0,0.0,0.0));
#8458=VECTOR('',#8457,10.299999999999983);
#8459=LINE('',#8456,#8458);
#8460=EDGE_CURVE('',#8334,#8041,#8459,.T.);
#8461=ORIENTED_EDGE('',*,*,#8460,.T.);
#8462=EDGE_LOOP('',(#8453,#8454,#8455,#8461));
#8463=FACE_OUTER_BOUND('',#8462,.T.);
#8464=ADVANCED_FACE('',(#8463),#8452,.T.);
#8465=CARTESIAN_POINT('',(81.050000000000011,-133.72699999999998,-17.999999999999993));
#8466=DIRECTION('',(0.0,0.0,-1.0));
#8467=DIRECTION('',(-1.0,0.0,0.0));
#8468=AXIS2_PLACEMENT_3D('',#8465,#8466,#8467);
#8469=PLANE('',#8468);
#8470=ORIENTED_EDGE('',*,*,#8053,.F.);
#8471=ORIENTED_EDGE('',*,*,#8460,.F.);
#8472=ORIENTED_EDGE('',*,*,#8355,.F.);
#8473=CARTESIAN_POINT('',(79.050000000000011,-133.72699999999998,-17.999999999999993));
#8474=DIRECTION('',(-1.0,0.0,0.0));
#8475=VECTOR('',#8474,10.299999999999983);
#8476=LINE('',#8473,#8475);
#8477=EDGE_CURVE('',#8300,#8007,#8476,.T.);
#8478=ORIENTED_EDGE('',*,*,#8477,.T.);
#8479=EDGE_LOOP('',(#8470,#8471,#8472,#8478));
#8480=FACE_OUTER_BOUND('',#8479,.T.);
#8481=ADVANCED_FACE('',(#8480),#8469,.T.);
#8482=CARTESIAN_POINT('',(81.050000000000011,-133.72699999999998,-7.226999999999998));
#8483=DIRECTION('',(-1.0,0.0,0.0));
#8484=DIRECTION('',(0.0,-1.0,0.0));
#8485=AXIS2_PLACEMENT_3D('',#8482,#8483,#8484);
#8486=CYLINDRICAL_SURFACE('',#8485,10.772999999999975);
#8487=ORIENTED_EDGE('',*,*,#8020,.F.);
#8488=ORIENTED_EDGE('',*,*,#8477,.F.);
#8489=ORIENTED_EDGE('',*,*,#8323,.F.);
#8490=CARTESIAN_POINT('',(79.050000000000011,-144.49999999999997,-7.226999999999999));
#8491=DIRECTION('',(-1.0,0.0,0.0));
#8492=VECTOR('',#8491,10.299999999999983);
#8493=LINE('',#8490,#8492);
#8494=EDGE_CURVE('',#8268,#7975,#8493,.T.);
#8495=ORIENTED_EDGE('',*,*,#8494,.T.);
#8496=EDGE_LOOP('',(#8487,#8488,#8489,#8495));
#8497=FACE_OUTER_BOUND('',#8496,.T.);
#8498=ADVANCED_FACE('',(#8497),#8486,.T.);
#8499=CARTESIAN_POINT('',(81.050000000000011,-144.49999999999994,1.000000000000002));
#8500=DIRECTION('',(0.0,-1.0,0.0));
#8501=DIRECTION('',(0.0,0.0,-1.0));
#8502=AXIS2_PLACEMENT_3D('',#8499,#8500,#8501);
#8503=PLANE('',#8502);
#8504=ORIENTED_EDGE('',*,*,#7987,.F.);
#8505=ORIENTED_EDGE('',*,*,#8494,.F.);
#8506=ORIENTED_EDGE('',*,*,#8289,.F.);
#8507=CARTESIAN_POINT('',(79.050000000000011,-144.49999999999994,1.000000000000002));
#8508=DIRECTION('',(-1.0,0.0,0.0));
#8509=VECTOR('',#8508,10.299999999999983);
#8510=LINE('',#8507,#8509);
#8511=EDGE_CURVE('',#8234,#7941,#8510,.T.);
#8512=ORIENTED_EDGE('',*,*,#8511,.T.);
#8513=EDGE_LOOP('',(#8504,#8505,#8506,#8512));
#8514=FACE_OUTER_BOUND('',#8513,.T.);
#8515=ADVANCED_FACE('',(#8514),#8503,.T.);
#8516=CARTESIAN_POINT('',(81.050000000000011,-129.49999999999997,1.000000000000004));
#8517=DIRECTION('',(-1.0,0.0,0.0));
#8518=DIRECTION('',(0.0,0.0,1.0));
#8519=AXIS2_PLACEMENT_3D('',#8516,#8517,#8518);
#8520=CYLINDRICAL_SURFACE('',#8519,14.999999999999982);
#8521=ORIENTED_EDGE('',*,*,#7954,.F.);
#8522=ORIENTED_EDGE('',*,*,#8511,.F.);
#8523=ORIENTED_EDGE('',*,*,#8257,.F.);
#8524=CARTESIAN_POINT('',(79.050000000000011,-129.49999999999997,16.000000000000004));
#8525=DIRECTION('',(-1.0,0.0,0.0));
#8526=VECTOR('',#8525,10.299999999999983);
#8527=LINE('',#8524,#8526);
#8528=EDGE_CURVE('',#8194,#7901,#8527,.T.);
#8529=ORIENTED_EDGE('',*,*,#8528,.T.);
#8530=EDGE_LOOP('',(#8521,#8522,#8523,#8529));
#8531=FACE_OUTER_BOUND('',#8530,.T.);
#8532=ADVANCED_FACE('',(#8531),#8520,.T.);
#8533=CARTESIAN_POINT('',(-2.331468E-014,6.661338E-015,16.0));
#8534=DIRECTION('',(0.0,0.0,1.0));
#8535=DIRECTION('',(1.0,0.0,0.0));
#8536=AXIS2_PLACEMENT_3D('',#8533,#8534,#8535);
#8537=PLANE('',#8536);
#8538=ORIENTED_EDGE('',*,*,#7915,.F.);
#8539=ORIENTED_EDGE('',*,*,#8528,.F.);
#8540=ORIENTED_EDGE('',*,*,#8199,.F.);
#8541=CARTESIAN_POINT('',(100.09999999999999,-120.74667306647497,16.0));
#8542=VERTEX_POINT('',#8541);
#8543=CARTESIAN_POINT('',(100.09999999999999,-120.74667306647497,16.0));
#8544=DIRECTION('',(-1.0,0.0,0.0));
#8545=VECTOR('',#8544,21.049999999999983);
#8546=LINE('',#8543,#8545);
#8547=EDGE_CURVE('',#8542,#8177,#8546,.T.);
#8548=ORIENTED_EDGE('',*,*,#8547,.F.);
#8549=CARTESIAN_POINT('',(140.74667306647498,-80.09999999999998,16.0));
#8550=VERTEX_POINT('',#8549);
#8551=CARTESIAN_POINT('',(100.09999999999998,-80.09999999999998,16.0));
#8552=DIRECTION('',(0.0,0.0,-1.0));
#8553=DIRECTION('',(0.707106781186548,-0.707106781186547,0.0));
#8554=AXIS2_PLACEMENT_3D('',#8551,#8552,#8553);
#8555=CIRCLE('',#8554,40.646673066474982);
#8556=EDGE_CURVE('',#8550,#8542,#8555,.T.);
#8557=ORIENTED_EDGE('',*,*,#8556,.F.);
#8558=CARTESIAN_POINT('',(140.74667306647495,80.100000000000023,16.0));
#8559=VERTEX_POINT('',#8558);
#8560=CARTESIAN_POINT('',(140.74667306647495,80.100000000000023,16.0));
#8561=DIRECTION('',(0.0,-1.0,0.0));
#8562=VECTOR('',#8561,160.19999999999999);
#8563=LINE('',#8560,#8562);
#8564=EDGE_CURVE('',#8559,#8550,#8563,.T.);
#8565=ORIENTED_EDGE('',*,*,#8564,.F.);
#8566=CARTESIAN_POINT('',(100.09999999999994,120.746673066475,16.0));
#8567=VERTEX_POINT('',#8566);
#8568=CARTESIAN_POINT('',(100.09999999999994,80.100000000000023,16.0));
#8569=DIRECTION('',(0.0,0.0,-1.0));
#8570=DIRECTION('',(0.707106781186547,0.707106781186548,0.0));
#8571=AXIS2_PLACEMENT_3D('',#8568,#8569,#8570);
#8572=CIRCLE('',#8571,40.646673066474982);
#8573=EDGE_CURVE('',#8567,#8559,#8572,.T.);
#8574=ORIENTED_EDGE('',*,*,#8573,.F.);
#8575=CARTESIAN_POINT('',(-100.10000000000007,120.746673066475,16.0));
#8576=VERTEX_POINT('',#8575);
#8577=CARTESIAN_POINT('',(-100.10000000000007,120.746673066475,16.0));
#8578=DIRECTION('',(1.0,0.0,0.0));
#8579=VECTOR('',#8578,200.19999999999999);
#8580=LINE('',#8577,#8579);
#8581=EDGE_CURVE('',#8576,#8567,#8580,.T.);
#8582=ORIENTED_EDGE('',*,*,#8581,.F.);
#8583=CARTESIAN_POINT('',(-140.74667306647501,80.100000000000023,16.0));
#8584=VERTEX_POINT('',#8583);
#8585=CARTESIAN_POINT('',(-100.10000000000005,80.100000000000023,16.0));
#8586=DIRECTION('',(0.0,0.0,-1.0));
#8587=DIRECTION('',(-0.707106781186548,0.707106781186547,0.0));
#8588=AXIS2_PLACEMENT_3D('',#8585,#8586,#8587);
#8589=CIRCLE('',#8588,40.646673066474982);
#8590=EDGE_CURVE('',#8584,#8576,#8589,.T.);
#8591=ORIENTED_EDGE('',*,*,#8590,.F.);
#8592=CARTESIAN_POINT('',(-140.74667306647501,-80.100000000000037,16.0));
#8593=VERTEX_POINT('',#8592);
#8594=CARTESIAN_POINT('',(-140.74667306647495,-80.100000000000023,16.0));
#8595=DIRECTION('',(0.0,1.0,0.0));
#8596=VECTOR('',#8595,160.20000000000002);
#8597=LINE('',#8594,#8596);
#8598=EDGE_CURVE('',#8593,#8584,#8597,.T.);
#8599=ORIENTED_EDGE('',*,*,#8598,.F.);
#8600=CARTESIAN_POINT('',(-100.10000000000002,-120.74667306647501,16.0));
#8601=VERTEX_POINT('',#8600);
#8602=CARTESIAN_POINT('',(-100.10000000000002,-80.100000000000023,16.0));
#8603=DIRECTION('',(0.0,0.0,-1.0));
#8604=DIRECTION('',(-0.707106781186547,-0.707106781186548,0.0));
#8605=AXIS2_PLACEMENT_3D('',#8602,#8603,#8604);
#8606=CIRCLE('',#8605,40.646673066474982);
#8607=EDGE_CURVE('',#8601,#8593,#8606,.T.);
#8608=ORIENTED_EDGE('',*,*,#8607,.F.);
#8609=CARTESIAN_POINT('',(-79.049999999999983,-120.746673066475,16.0));
#8610=VERTEX_POINT('',#8609);
#8611=CARTESIAN_POINT('',(-79.049999999999983,-120.74667306647501,16.0));
#8612=DIRECTION('',(-1.0,0.0,0.0));
#8613=VECTOR('',#8612,21.05000000000004);
#8614=LINE('',#8611,#8613);
#8615=EDGE_CURVE('',#8610,#8601,#8614,.T.);
#8616=ORIENTED_EDGE('',*,*,#8615,.F.);
#8617=CARTESIAN_POINT('',(-79.049999999999983,-129.5,15.999999999999996));
#8618=VERTEX_POINT('',#8617);
#8619=CARTESIAN_POINT('',(-79.049999999999983,-129.5,16.0));
#8620=DIRECTION('',(0.0,1.0,0.0));
#8621=VECTOR('',#8620,8.753326933525003);
#8622=LINE('',#8619,#8621);
#8623=EDGE_CURVE('',#8618,#8610,#8622,.T.);
#8624=ORIENTED_EDGE('',*,*,#8623,.F.);
#8625=CARTESIAN_POINT('',(-68.75,-129.5,15.999999999999996));
#8626=VERTEX_POINT('',#8625);
#8627=CARTESIAN_POINT('',(-68.75,-129.5,15.999999999999996));
#8628=DIRECTION('',(-1.0,0.0,0.0));
#8629=VECTOR('',#8628,10.299999999999983);
#8630=LINE('',#8627,#8629);
#8631=EDGE_CURVE('',#8626,#8618,#8630,.T.);
#8632=ORIENTED_EDGE('',*,*,#8631,.F.);
#8633=CARTESIAN_POINT('',(-68.75,-120.746673066475,16.0));
#8634=VERTEX_POINT('',#8633);
#8635=CARTESIAN_POINT('',(-68.75,-120.746673066475,16.0));
#8636=DIRECTION('',(0.0,-1.0,0.0));
#8637=VECTOR('',#8636,8.753326933525003);
#8638=LINE('',#8635,#8637);
#8639=EDGE_CURVE('',#8634,#8626,#8638,.T.);
#8640=ORIENTED_EDGE('',*,*,#8639,.F.);
#8641=CARTESIAN_POINT('',(68.750000000000028,-120.74667306647498,16.0));
#8642=DIRECTION('',(-1.0,0.0,0.0));
#8643=VECTOR('',#8642,137.50000000000003);
#8644=LINE('',#8641,#8643);
#8645=EDGE_CURVE('',#7910,#8634,#8644,.T.);
#8646=ORIENTED_EDGE('',*,*,#8645,.F.);
#8647=EDGE_LOOP('',(#8538,#8539,#8540,#8548,#8557,#8565,#8574,#8582,#8591,#8599,#8608,#8616,#8624,#8632,#8640,#8646));
#8648=FACE_OUTER_BOUND('',#8647,.T.);
#8649=CARTESIAN_POINT('',(98.550000000000011,-95.450000000000017,16.0));
#8650=VERTEX_POINT('',#8649);
#8651=CARTESIAN_POINT('',(-98.55000000000004,-95.450000000000017,16.0));
#8652=VERTEX_POINT('',#8651);
#8653=CARTESIAN_POINT('',(98.550000000000011,-95.450000000000017,16.0));
#8654=DIRECTION('',(-1.0,0.0,0.0));
#8655=VECTOR('',#8654,197.10000000000002);
#8656=LINE('',#8653,#8655);
#8657=EDGE_CURVE('',#8650,#8652,#8656,.T.);
#8658=ORIENTED_EDGE('',*,*,#8657,.T.);
#8659=CARTESIAN_POINT('',(-115.45000000000003,-78.55000000000004,16.0));
#8660=VERTEX_POINT('',#8659);
#8661=CARTESIAN_POINT('',(-98.550000000000011,-78.549999999999983,16.0));
#8662=DIRECTION('',(0.0,0.0,-1.0));
#8663=DIRECTION('',(-1.0,0.0,0.0));
#8664=AXIS2_PLACEMENT_3D('',#8661,#8662,#8663);
#8665=CIRCLE('',#8664,16.900000000000041);
#8666=EDGE_CURVE('',#8652,#8660,#8665,.T.);
#8667=ORIENTED_EDGE('',*,*,#8666,.T.);
#8668=CARTESIAN_POINT('',(-115.44999999999999,78.549999999999983,16.0));
#8669=VERTEX_POINT('',#8668);
#8670=CARTESIAN_POINT('',(-115.45000000000003,-78.55000000000004,16.0));
#8671=DIRECTION('',(0.0,1.0,0.0));
#8672=VECTOR('',#8671,157.10000000000002);
#8673=LINE('',#8670,#8672);
#8674=EDGE_CURVE('',#8660,#8669,#8673,.T.);
#8675=ORIENTED_EDGE('',*,*,#8674,.T.);
#8676=CARTESIAN_POINT('',(-98.549999999999969,95.449999999999989,16.0));
#8677=VERTEX_POINT('',#8676);
#8678=CARTESIAN_POINT('',(-98.549999999999969,78.549999999999969,16.0));
#8679=DIRECTION('',(0.0,0.0,-1.0));
#8680=DIRECTION('',(0.0,1.0,0.0));
#8681=AXIS2_PLACEMENT_3D('',#8678,#8679,#8680);
#8682=CIRCLE('',#8681,16.900000000000013);
#8683=EDGE_CURVE('',#8669,#8677,#8682,.T.);
#8684=ORIENTED_EDGE('',*,*,#8683,.T.);
#8685=CARTESIAN_POINT('',(98.550000000000026,95.450000000000017,16.0));
#8686=VERTEX_POINT('',#8685);
#8687=CARTESIAN_POINT('',(-98.549999999999969,95.449999999999974,16.0));
#8688=DIRECTION('',(1.0,0.0,0.0));
#8689=VECTOR('',#8688,197.09999999999997);
#8690=LINE('',#8687,#8689);
#8691=EDGE_CURVE('',#8677,#8686,#8690,.T.);
#8692=ORIENTED_EDGE('',*,*,#8691,.T.);
#8693=CARTESIAN_POINT('',(115.45000000000002,78.550000000000011,16.0));
#8694=VERTEX_POINT('',#8693);
#8695=CARTESIAN_POINT('',(98.55000000000004,78.55000000000004,16.0));
#8696=DIRECTION('',(0.0,0.0,-1.0));
#8697=DIRECTION('',(1.0,0.0,0.0));
#8698=AXIS2_PLACEMENT_3D('',#8695,#8696,#8697);
#8699=CIRCLE('',#8698,16.899999999999977);
#8700=EDGE_CURVE('',#8686,#8694,#8699,.T.);
#8701=ORIENTED_EDGE('',*,*,#8700,.T.);
#8702=CARTESIAN_POINT('',(115.45000000000002,-78.550000000000026,16.0));
#8703=VERTEX_POINT('',#8702);
#8704=CARTESIAN_POINT('',(115.45000000000002,78.550000000000011,16.0));
#8705=DIRECTION('',(0.0,-1.0,0.0));
#8706=VECTOR('',#8705,157.10000000000002);
#8707=LINE('',#8704,#8706);
#8708=EDGE_CURVE('',#8694,#8703,#8707,.T.);
#8709=ORIENTED_EDGE('',*,*,#8708,.T.);
#8710=CARTESIAN_POINT('',(98.55000000000004,-78.55000000000004,16.0));
#8711=DIRECTION('',(0.0,0.0,-1.0));
#8712=DIRECTION('',(0.0,-1.0,0.0));
#8713=AXIS2_PLACEMENT_3D('',#8710,#8711,#8712);
#8714=CIRCLE('',#8713,16.899999999999977);
#8715=EDGE_CURVE('',#8703,#8650,#8714,.T.);
#8716=ORIENTED_EDGE('',*,*,#8715,.T.);
#8717=EDGE_LOOP('',(#8658,#8667,#8675,#8684,#8692,#8701,#8709,#8716));
#8718=FACE_BOUND('',#8717,.T.);
#8719=CARTESIAN_POINT('',(-55.75,107.2,16.0));
#8720=VERTEX_POINT('',#8719);
#8721=CARTESIAN_POINT('',(-60.0,107.2,16.000000000000014));
#8722=DIRECTION('',(0.0,0.0,-1.0));
#8723=DIRECTION('',(1.0,0.0,0.0));
#8724=AXIS2_PLACEMENT_3D('',#8721,#8722,#8723);
#8725=CIRCLE('',#8724,4.25);
#8726=EDGE_CURVE('',#8720,#8720,#8725,.T.);
#8727=ORIENTED_EDGE('',*,*,#8726,.T.);
#8728=EDGE_LOOP('',(#8727));
#8729=FACE_BOUND('',#8728,.T.);
#8730=CARTESIAN_POINT('',(4.25,107.2,16.0));
#8731=VERTEX_POINT('',#8730);
#8732=CARTESIAN_POINT('',(0.0,107.2,16.000000000000014));
#8733=DIRECTION('',(0.0,0.0,-1.0));
#8734=DIRECTION('',(1.0,0.0,0.0));
#8735=AXIS2_PLACEMENT_3D('',#8732,#8733,#8734);
#8736=CIRCLE('',#8735,4.25);
#8737=EDGE_CURVE('',#8731,#8731,#8736,.T.);
#8738=ORIENTED_EDGE('',*,*,#8737,.T.);
#8739=EDGE_LOOP('',(#8738));
#8740=FACE_BOUND('',#8739,.T.);
#8741=CARTESIAN_POINT('',(64.25,107.2,16.0));
#8742=VERTEX_POINT('',#8741);
#8743=CARTESIAN_POINT('',(60.0,107.2,16.000000000000014));
#8744=DIRECTION('',(0.0,0.0,-1.0));
#8745=DIRECTION('',(1.0,0.0,0.0));
#8746=AXIS2_PLACEMENT_3D('',#8743,#8744,#8745);
#8747=CIRCLE('',#8746,4.25);
#8748=EDGE_CURVE('',#8742,#8742,#8747,.T.);
#8749=ORIENTED_EDGE('',*,*,#8748,.T.);
#8750=EDGE_LOOP('',(#8749));
#8751=FACE_BOUND('',#8750,.T.);
#8752=CARTESIAN_POINT('',(64.25,-107.2,16.0));
#8753=VERTEX_POINT('',#8752);
#8754=CARTESIAN_POINT('',(60.0,-107.2,16.000000000000014));
#8755=DIRECTION('',(0.0,0.0,-1.0));
#8756=DIRECTION('',(1.0,0.0,0.0));
#8757=AXIS2_PLACEMENT_3D('',#8754,#8755,#8756);
#8758=CIRCLE('',#8757,4.25);
#8759=EDGE_CURVE('',#8753,#8753,#8758,.T.);
#8760=ORIENTED_EDGE('',*,*,#8759,.T.);
#8761=EDGE_LOOP('',(#8760));
#8762=FACE_BOUND('',#8761,.T.);
#8763=CARTESIAN_POINT('',(4.25,-107.2,16.0));
#8764=VERTEX_POINT('',#8763);
#8765=CARTESIAN_POINT('',(0.0,-107.2,16.000000000000014));
#8766=DIRECTION('',(0.0,0.0,-1.0));
#8767=DIRECTION('',(1.0,0.0,0.0));
#8768=AXIS2_PLACEMENT_3D('',#8765,#8766,#8767);
#8769=CIRCLE('',#8768,4.25);
#8770=EDGE_CURVE('',#8764,#8764,#8769,.T.);
#8771=ORIENTED_EDGE('',*,*,#8770,.T.);
#8772=EDGE_LOOP('',(#8771));
#8773=FACE_BOUND('',#8772,.T.);
#8774=CARTESIAN_POINT('',(123.45000000000002,-99.199999999999989,16.0));
#8775=VERTEX_POINT('',#8774);
#8776=CARTESIAN_POINT('',(119.20000000000002,-99.199999999999989,16.000000000000014));
#8777=DIRECTION('',(0.0,0.0,-1.0));
#8778=DIRECTION('',(1.0,0.0,0.0));
#8779=AXIS2_PLACEMENT_3D('',#8776,#8777,#8778);
#8780=CIRCLE('',#8779,4.25);
#8781=EDGE_CURVE('',#8775,#8775,#8780,.T.);
#8782=ORIENTED_EDGE('',*,*,#8781,.T.);
#8783=EDGE_LOOP('',(#8782));
#8784=FACE_BOUND('',#8783,.T.);
#8785=CARTESIAN_POINT('',(-114.95000000000002,-99.199999999999989,16.0));
#8786=VERTEX_POINT('',#8785);
#8787=CARTESIAN_POINT('',(-119.20000000000002,-99.199999999999989,16.000000000000014));
#8788=DIRECTION('',(0.0,0.0,-1.0));
#8789=DIRECTION('',(1.0,0.0,0.0));
#8790=AXIS2_PLACEMENT_3D('',#8787,#8788,#8789);
#8791=CIRCLE('',#8790,4.25);
#8792=EDGE_CURVE('',#8786,#8786,#8791,.T.);
#8793=ORIENTED_EDGE('',*,*,#8792,.T.);
#8794=EDGE_LOOP('',(#8793));
#8795=FACE_BOUND('',#8794,.T.);
#8796=CARTESIAN_POINT('',(131.50000000000003,35.0,16.0));
#8797=VERTEX_POINT('',#8796);
#8798=CARTESIAN_POINT('',(127.25000000000001,35.0,16.000000000000014));
#8799=DIRECTION('',(0.0,0.0,-1.0));
#8800=DIRECTION('',(1.0,0.0,0.0));
#8801=AXIS2_PLACEMENT_3D('',#8798,#8799,#8800);
#8802=CIRCLE('',#8801,4.25);
#8803=EDGE_CURVE('',#8797,#8797,#8802,.T.);
#8804=ORIENTED_EDGE('',*,*,#8803,.T.);
#8805=EDGE_LOOP('',(#8804));
#8806=FACE_BOUND('',#8805,.T.);
#8807=CARTESIAN_POINT('',(131.50000000000003,-35.0,16.0));
#8808=VERTEX_POINT('',#8807);
#8809=CARTESIAN_POINT('',(127.25000000000001,-35.0,16.000000000000014));
#8810=DIRECTION('',(0.0,0.0,-1.0));
#8811=DIRECTION('',(1.0,0.0,0.0));
#8812=AXIS2_PLACEMENT_3D('',#8809,#8810,#8811);
#8813=CIRCLE('',#8812,4.25);
#8814=EDGE_CURVE('',#8808,#8808,#8813,.T.);
#8815=ORIENTED_EDGE('',*,*,#8814,.T.);
#8816=EDGE_LOOP('',(#8815));
#8817=FACE_BOUND('',#8816,.T.);
#8818=CARTESIAN_POINT('',(-123.0,-35.0,16.0));
#8819=VERTEX_POINT('',#8818);
#8820=CARTESIAN_POINT('',(-127.25000000000001,-35.0,16.000000000000014));
#8821=DIRECTION('',(0.0,0.0,-1.0));
#8822=DIRECTION('',(1.0,0.0,0.0));
#8823=AXIS2_PLACEMENT_3D('',#8820,#8821,#8822);
#8824=CIRCLE('',#8823,4.25);
#8825=EDGE_CURVE('',#8819,#8819,#8824,.T.);
#8826=ORIENTED_EDGE('',*,*,#8825,.T.);
#8827=EDGE_LOOP('',(#8826));
#8828=FACE_BOUND('',#8827,.T.);
#8829=CARTESIAN_POINT('',(-123.0,35.0,16.0));
#8830=VERTEX_POINT('',#8829);
#8831=CARTESIAN_POINT('',(-127.25000000000001,35.0,16.000000000000014));
#8832=DIRECTION('',(0.0,0.0,-1.0));
#8833=DIRECTION('',(1.0,0.0,0.0));
#8834=AXIS2_PLACEMENT_3D('',#8831,#8832,#8833);
#8835=CIRCLE('',#8834,4.25);
#8836=EDGE_CURVE('',#8830,#8830,#8835,.T.);
#8837=ORIENTED_EDGE('',*,*,#8836,.T.);
#8838=EDGE_LOOP('',(#8837));
#8839=FACE_BOUND('',#8838,.T.);
#8840=CARTESIAN_POINT('',(-55.75,-107.2,16.0));
#8841=VERTEX_POINT('',#8840);
#8842=CARTESIAN_POINT('',(-60.0,-107.2,16.000000000000014));
#8843=DIRECTION('',(0.0,0.0,-1.0));
#8844=DIRECTION('',(1.0,0.0,0.0));
#8845=AXIS2_PLACEMENT_3D('',#8842,#8843,#8844);
#8846=CIRCLE('',#8845,4.25);
#8847=EDGE_CURVE('',#8841,#8841,#8846,.T.);
#8848=ORIENTED_EDGE('',*,*,#8847,.T.);
#8849=EDGE_LOOP('',(#8848));
#8850=FACE_BOUND('',#8849,.T.);
#8851=CARTESIAN_POINT('',(-114.95000000000002,99.199999999999989,16.0));
#8852=VERTEX_POINT('',#8851);
#8853=CARTESIAN_POINT('',(-119.20000000000002,99.199999999999989,16.000000000000014));
#8854=DIRECTION('',(0.0,0.0,-1.0));
#8855=DIRECTION('',(1.0,0.0,0.0));
#8856=AXIS2_PLACEMENT_3D('',#8853,#8854,#8855);
#8857=CIRCLE('',#8856,4.25);
#8858=EDGE_CURVE('',#8852,#8852,#8857,.T.);
#8859=ORIENTED_EDGE('',*,*,#8858,.T.);
#8860=EDGE_LOOP('',(#8859));
#8861=FACE_BOUND('',#8860,.T.);
#8862=CARTESIAN_POINT('',(123.45000000000002,99.199999999999989,16.0));
#8863=VERTEX_POINT('',#8862);
#8864=CARTESIAN_POINT('',(119.20000000000002,99.199999999999989,16.000000000000014));
#8865=DIRECTION('',(0.0,0.0,-1.0));
#8866=DIRECTION('',(1.0,0.0,0.0));
#8867=AXIS2_PLACEMENT_3D('',#8864,#8865,#8866);
#8868=CIRCLE('',#8867,4.25);
#8869=EDGE_CURVE('',#8863,#8863,#8868,.T.);
#8870=ORIENTED_EDGE('',*,*,#8869,.T.);
#8871=EDGE_LOOP('',(#8870));
#8872=FACE_BOUND('',#8871,.T.);
#8873=ADVANCED_FACE('',(#8648,#8718,#8729,#8740,#8751,#8762,#8773,#8784,#8795,#8806,#8817,#8828,#8839,#8850,#8861,#8872),#8537,.T.);
#8874=CARTESIAN_POINT('',(81.050000000000011,-133.99999999999997,-8.999999999999998));
#8875=DIRECTION('',(-1.0,0.0,0.0));
#8876=DIRECTION('',(0.0,-1.0,0.0));
#8877=AXIS2_PLACEMENT_3D('',#8874,#8875,#8876);
#8878=CYLINDRICAL_SURFACE('',#8877,4.5);
#8879=ORIENTED_EDGE('',*,*,#8166,.F.);
#8880=EDGE_LOOP('',(#8879));
#8881=FACE_OUTER_BOUND('',#8880,.T.);
#8882=CARTESIAN_POINT('',(81.050000000000011,-129.49999999999997,-8.999999999999998));
#8883=VERTEX_POINT('',#8882);
#8884=CARTESIAN_POINT('',(81.050000000000011,-133.99999999999997,-8.999999999999998));
#8885=DIRECTION('',(-1.0,0.0,0.0));
#8886=DIRECTION('',(0.0,-1.0,0.0));
#8887=AXIS2_PLACEMENT_3D('',#8884,#8885,#8886);
#8888=CIRCLE('',#8887,4.5);
#8889=EDGE_CURVE('',#8883,#8883,#8888,.T.);
#8890=ORIENTED_EDGE('',*,*,#8889,.F.);
#8891=EDGE_LOOP('',(#8890));
#8892=FACE_BOUND('',#8891,.T.);
#8893=ADVANCED_FACE('',(#8881,#8892),#8878,.F.);
#8894=CARTESIAN_POINT('',(81.050000000000011,-117.86452847541894,6.993999883441458));
#8895=DIRECTION('',(1.0,0.0,0.0));
#8896=DIRECTION('',(0.0,0.0,-1.0));
#8897=AXIS2_PLACEMENT_3D('',#8894,#8895,#8896);
#8898=PLANE('',#8897);
#8899=CARTESIAN_POINT('',(81.050000000000011,-122.49999999999991,0.0));
#8900=VERTEX_POINT('',#8899);
#8901=CARTESIAN_POINT('',(81.050000000000011,-122.49999999999991,0.0));
#8902=DIRECTION('',(0.0,-1.0,0.0));
#8903=VECTOR('',#8902,2.00030465608782);
#8904=LINE('',#8901,#8903);
#8905=EDGE_CURVE('',#8900,#8400,#8904,.T.);
#8906=ORIENTED_EDGE('',*,*,#8905,.F.);
#8907=CARTESIAN_POINT('',(81.050000000000011,-122.25562909100492,14.000000000000002));
#8908=DIRECTION('',(0.0,-0.017452406437284,-0.999847695156391));
#8909=VECTOR('',#8908,14.002132592614707);
#8910=LINE('',#8907,#8909);
#8911=EDGE_CURVE('',#8211,#8900,#8910,.T.);
#8912=ORIENTED_EDGE('',*,*,#8911,.F.);
#8913=ORIENTED_EDGE('',*,*,#8216,.F.);
#8914=ORIENTED_EDGE('',*,*,#8249,.F.);
#8915=ORIENTED_EDGE('',*,*,#8282,.F.);
#8916=ORIENTED_EDGE('',*,*,#8315,.F.);
#8917=ORIENTED_EDGE('',*,*,#8348,.F.);
#8918=ORIENTED_EDGE('',*,*,#8381,.F.);
#8919=ORIENTED_EDGE('',*,*,#8414,.F.);
#8920=EDGE_LOOP('',(#8906,#8912,#8913,#8914,#8915,#8916,#8917,#8918,#8919));
#8921=FACE_OUTER_BOUND('',#8920,.T.);
#8922=ORIENTED_EDGE('',*,*,#8889,.T.);
#8923=EDGE_LOOP('',(#8922));
#8924=FACE_BOUND('',#8923,.T.);
#8925=ADVANCED_FACE('',(#8921,#8924),#8898,.T.);
#8926=CARTESIAN_POINT('',(50.04999999999999,-120.74667306647498,14.500000000000002));
#8927=DIRECTION('',(-1.0,-1.774582E-016,0.0));
#8928=DIRECTION('',(0.0,-0.700909264299849,0.713250449154183));
#8929=AXIS2_PLACEMENT_3D('',#8926,#8927,#8928);
#8930=CYLINDRICAL_SURFACE('',#8929,1.5);
#8931=ORIENTED_EDGE('',*,*,#8645,.T.);
#8932=CARTESIAN_POINT('',(-66.820457030605283,-122.24644460920956,14.526178609655929));
#8933=VERTEX_POINT('',#8932);
#8934=CARTESIAN_POINT('',(-68.75,-120.746673066475,16.000000000000004));
#8935=CARTESIAN_POINT('',(-68.544409382708054,-120.92471976382954,16.000000000000004));
#8936=CARTESIAN_POINT('',(-68.32078542294505,-121.11849884786403,15.966721949455682));
#8937=CARTESIAN_POINT('',(-67.888208083812614,-121.48775669095252,15.819212840580528));
#8938=CARTESIAN_POINT('',(-67.679202678966448,-121.66312799768748,15.704865412347155));
#8939=CARTESIAN_POINT('',(-67.353115311334179,-121.92445914729348,15.443534262741174));
#8940=CARTESIAN_POINT('',(-67.205480078750128,-122.03768117935617,15.289331643683122));
#8941=CARTESIAN_POINT('',(-66.968096812321363,-122.19574600867602,14.932151898099102));
#8942=CARTESIAN_POINT('',(-66.876336305204532,-122.24286781878993,14.731092795560105));
#8943=CARTESIAN_POINT('',(-66.820457030605297,-122.24644460920959,14.526178609655931));
#8944=B_SPLINE_CURVE_WITH_KNOTS('',3,(#8934,#8935,#8936,#8937,#8938,#8939,#8940,#8941,#8942,#8943),.UNSPECIFIED.,.F.,.U.,(4,2,2,2,4),(0.0,0.08159124678641,0.16318249357282,0.229452269288726,0.293016851766104),.UNSPECIFIED.);
#8945=EDGE_CURVE('',#8634,#8933,#8944,.T.);
#8946=ORIENTED_EDGE('',*,*,#8945,.T.);
#8947=CARTESIAN_POINT('',(-66.820457030605269,-122.24644460920956,14.526178609655926));
#8948=DIRECTION('',(1.0,0.0,0.0));
#8949=VECTOR('',#8948,133.64091406121059);
#8950=LINE('',#8947,#8949);
#8951=EDGE_CURVE('',#8933,#7882,#8950,.T.);
#8952=ORIENTED_EDGE('',*,*,#8951,.T.);
#8953=ORIENTED_EDGE('',*,*,#7928,.F.);
#8954=EDGE_LOOP('',(#8931,#8946,#8952,#8953));
#8955=FACE_OUTER_BOUND('',#8954,.T.);
#8956=ADVANCED_FACE('',(#8955),#8930,.T.);
#8957=CARTESIAN_POINT('',(50.04999999999999,-120.74667306647498,14.500000000000002));
#8958=DIRECTION('',(-1.0,-1.774582E-016,0.0));
#8959=DIRECTION('',(0.0,-0.700909264299849,0.713250449154183));
#8960=AXIS2_PLACEMENT_3D('',#8957,#8958,#8959);
#8961=CYLINDRICAL_SURFACE('',#8960,1.5);
#8962=CARTESIAN_POINT('',(100.09999999999998,-122.24644460920953,14.526178609655936));
#8963=VERTEX_POINT('',#8962);
#8964=CARTESIAN_POINT('',(80.979542969394714,-122.24644460920955,14.526178609655926));
#8965=DIRECTION('',(1.0,0.0,0.0));
#8966=VECTOR('',#8965,19.120457030605266);
#8967=LINE('',#8964,#8966);
#8968=EDGE_CURVE('',#8179,#8963,#8967,.T.);
#8969=ORIENTED_EDGE('',*,*,#8968,.T.);
#8970=CARTESIAN_POINT('',(100.09999999999999,-120.74667306647497,14.500000000000011));
#8971=DIRECTION('',(1.0,0.0,0.0));
#8972=DIRECTION('',(0.0,0.0,1.0));
#8973=AXIS2_PLACEMENT_3D('',#8970,#8971,#8972);
#8974=CIRCLE('',#8973,1.49999999999999);
#8975=EDGE_CURVE('',#8542,#8963,#8974,.T.);
#8976=ORIENTED_EDGE('',*,*,#8975,.F.);
#8977=ORIENTED_EDGE('',*,*,#8547,.T.);
#8978=ORIENTED_EDGE('',*,*,#8191,.T.);
#8979=EDGE_LOOP('',(#8969,#8976,#8977,#8978));
#8980=FACE_OUTER_BOUND('',#8979,.T.);
#8981=ADVANCED_FACE('',(#8980),#8961,.T.);
#8982=CARTESIAN_POINT('',(100.09999999999998,-122.49999999999997,0.0));
#8983=DIRECTION('',(1.774312E-016,-0.999847695156391,0.017452406437284));
#8984=DIRECTION('',(3.097073E-018,-0.017452406437284,-0.999847695156391));
#8985=AXIS2_PLACEMENT_3D('',#8982,#8983,#8984);
#8986=PLANE('',#8985);
#8987=ORIENTED_EDGE('',*,*,#8155,.T.);
#8988=ORIENTED_EDGE('',*,*,#7890,.F.);
#8989=ORIENTED_EDGE('',*,*,#8951,.F.);
#8990=CARTESIAN_POINT('',(-66.75,-122.25562909100496,14.000000000000002));
#8991=VERTEX_POINT('',#8990);
#8992=CARTESIAN_POINT('',(-68.75,-122.25562909100495,14.000000000000002));
#8993=DIRECTION('',(-1.774312E-016,0.999847695156391,-0.017452406437284));
#8994=DIRECTION('',(-9.712972E-016,0.017452406437284,0.999847695156391));
#8995=AXIS2_PLACEMENT_3D('',#8992,#8993,#8994);
#8996=ELLIPSE('',#8995,2.000304656087815,2.0);
#8997=EDGE_CURVE('',#8933,#8991,#8996,.T.);
#8998=ORIENTED_EDGE('',*,*,#8997,.T.);
#8999=CARTESIAN_POINT('',(-66.75,-122.49999999999994,0.0));
#9000=VERTEX_POINT('',#8999);
#9001=CARTESIAN_POINT('',(-66.75,-122.25562909100495,14.0));
#9002=DIRECTION('',(0.0,-0.017452406437284,-0.999847695156391));
#9003=VECTOR('',#9002,14.002132592614707);
#9004=LINE('',#9001,#9003);
#9005=EDGE_CURVE('',#8991,#9000,#9004,.T.);
#9006=ORIENTED_EDGE('',*,*,#9005,.T.);
#9007=CARTESIAN_POINT('',(-66.750000000000014,-122.5,0.0));
#9008=DIRECTION('',(1.0,0.0,0.0));
#9009=VECTOR('',#9008,133.5);
#9010=LINE('',#9007,#9009);
#9011=EDGE_CURVE('',#9000,#8137,#9010,.T.);
#9012=ORIENTED_EDGE('',*,*,#9011,.T.);
#9013=EDGE_LOOP('',(#8987,#8988,#8989,#8998,#9006,#9012));
#9014=FACE_OUTER_BOUND('',#9013,.T.);
#9015=ADVANCED_FACE('',(#9014),#8986,.T.);
#9016=CARTESIAN_POINT('',(100.09999999999998,-122.49999999999997,0.0));
#9017=DIRECTION('',(1.774312E-016,-0.999847695156391,0.017452406437284));
#9018=DIRECTION('',(3.097073E-018,-0.017452406437284,-0.999847695156391));
#9019=AXIS2_PLACEMENT_3D('',#9016,#9017,#9018);
#9020=PLANE('',#9019);
#9021=ORIENTED_EDGE('',*,*,#8911,.T.);
#9022=CARTESIAN_POINT('',(100.09999999999998,-122.49999999999997,0.0));
#9023=VERTEX_POINT('',#9022);
#9024=CARTESIAN_POINT('',(81.050000000000011,-122.49999999999997,0.0));
#9025=DIRECTION('',(1.0,0.0,0.0));
#9026=VECTOR('',#9025,19.049999999999955);
#9027=LINE('',#9024,#9026);
#9028=EDGE_CURVE('',#8900,#9023,#9027,.T.);
#9029=ORIENTED_EDGE('',*,*,#9028,.T.);
#9030=CARTESIAN_POINT('',(100.09999999999998,-122.49999999999997,-8.453973E-020));
#9031=DIRECTION('',(0.0,0.017452406437283,0.999847695156391));
#9032=VECTOR('',#9031,14.528391354028999);
#9033=LINE('',#9030,#9032);
#9034=EDGE_CURVE('',#9023,#8963,#9033,.T.);
#9035=ORIENTED_EDGE('',*,*,#9034,.T.);
#9036=ORIENTED_EDGE('',*,*,#8968,.F.);
#9037=ORIENTED_EDGE('',*,*,#8223,.T.);
#9038=EDGE_LOOP('',(#9021,#9029,#9035,#9036,#9037));
#9039=FACE_OUTER_BOUND('',#9038,.T.);
#9040=ADVANCED_FACE('',(#9039),#9020,.T.);
#9041=CARTESIAN_POINT('',(99.500000000000014,-22.499999999999986,11.938607915939627));
#9042=DIRECTION('',(-3.194956E-030,-9.854083E-031,-1.0));
#9043=DIRECTION('',(-1.0,0.0,0.0));
#9044=AXIS2_PLACEMENT_3D('',#9041,#9042,#9043);
#9045=CONICAL_SURFACE('',#9044,1.22925,59.000000000000007);
#9046=CARTESIAN_POINT('',(97.041499999999999,-22.499999999999986,11.199999999999999));
#9047=VERTEX_POINT('',#9046);
#9048=CARTESIAN_POINT('',(99.500000000000014,-22.499999999999986,11.199999999999999));
#9049=DIRECTION('',(0.0,0.0,-1.0));
#9050=DIRECTION('',(-1.0,0.0,0.0));
#9051=AXIS2_PLACEMENT_3D('',#9048,#9049,#9050);
#9052=CIRCLE('',#9051,2.4585);
#9053=EDGE_CURVE('',#9047,#9047,#9052,.T.);
#9054=ORIENTED_EDGE('',*,*,#9053,.T.);
#9055=EDGE_LOOP('',(#9054));
#9056=FACE_OUTER_BOUND('',#9055,.T.);
#9057=ADVANCED_FACE('',(#9056),#9045,.F.);
#9058=CARTESIAN_POINT('',(99.500000000000014,-22.499999999999986,6.199999999999999));
#9059=DIRECTION('',(-3.194956E-030,-9.854083E-031,-1.0));
#9060=DIRECTION('',(-1.0,0.0,0.0));
#9061=AXIS2_PLACEMENT_3D('',#9058,#9059,#9060);
#9062=CYLINDRICAL_SURFACE('',#9061,2.4585);
#9063=CARTESIAN_POINT('',(97.041499999999999,-22.499999999999986,1.199999999999999));
#9064=VERTEX_POINT('',#9063);
#9065=CARTESIAN_POINT('',(99.500000000000014,-22.499999999999986,1.199999999999999));
#9066=DIRECTION('',(0.0,0.0,1.0));
#9067=DIRECTION('',(-1.0,0.0,0.0));
#9068=AXIS2_PLACEMENT_3D('',#9065,#9066,#9067);
#9069=CIRCLE('',#9068,2.4585);
#9070=EDGE_CURVE('',#9064,#9064,#9069,.T.);
#9071=ORIENTED_EDGE('',*,*,#9070,.F.);
#9072=EDGE_LOOP('',(#9071));
#9073=FACE_OUTER_BOUND('',#9072,.T.);
#9074=ORIENTED_EDGE('',*,*,#9053,.F.);
#9075=EDGE_LOOP('',(#9074));
#9076=FACE_BOUND('',#9075,.T.);
#9077=ADVANCED_FACE('',(#9073,#9076),#9062,.F.);
#9078=CARTESIAN_POINT('',(93.800000000000011,-29.399999999999995,4.0));
#9079=DIRECTION('',(0.0,-1.0,0.0));
#9080=DIRECTION('',(0.0,0.0,-1.0));
#9081=AXIS2_PLACEMENT_3D('',#9078,#9079,#9080);
#9082=PLANE('',#9081);
#9083=CARTESIAN_POINT('',(108.1156991359186,-29.399999999999984,1.965095187125433));
#9084=VERTEX_POINT('',#9083);
#9085=CARTESIAN_POINT('',(108.28236424824905,-29.399999999999977,1.200000000000001));
#9086=VERTEX_POINT('',#9085);
#9087=CARTESIAN_POINT('',(110.11539452623138,-29.399999999999995,2.0));
#9088=DIRECTION('',(0.0,-1.0,0.0));
#9089=DIRECTION('',(-0.700909264299853,0.0,-0.71325044915418));
#9090=AXIS2_PLACEMENT_3D('',#9087,#9088,#9089);
#9091=CIRCLE('',#9090,2.0);
#9092=EDGE_CURVE('',#9084,#9086,#9091,.T.);
#9093=ORIENTED_EDGE('',*,*,#9092,.F.);
#9094=CARTESIAN_POINT('',(108.11448060436854,-29.399999999999984,2.034904812874567));
#9095=VERTEX_POINT('',#9094);
#9096=CARTESIAN_POINT('',(108.11448060436854,-29.399999999999991,2.034904812874567));
#9097=DIRECTION('',(0.017452406437286,0.0,-0.999847695156391));
#9098=VECTOR('',#9097,0.06982025971287);
#9099=LINE('',#9096,#9098);
#9100=EDGE_CURVE('',#9095,#9084,#9099,.T.);
#9101=ORIENTED_EDGE('',*,*,#9100,.F.);
#9102=CARTESIAN_POINT('',(106.11478521405574,-29.399999999999977,4.0));
#9103=VERTEX_POINT('',#9102);
#9104=CARTESIAN_POINT('',(106.11478521405574,-29.399999999999995,2.0));
#9105=DIRECTION('',(0.0,1.0,0.0));
#9106=DIRECTION('',(0.700909264299853,0.0,0.71325044915418));
#9107=AXIS2_PLACEMENT_3D('',#9104,#9105,#9106);
#9108=CIRCLE('',#9107,2.0);
#9109=EDGE_CURVE('',#9103,#9095,#9108,.T.);
#9110=ORIENTED_EDGE('',*,*,#9109,.F.);
#9111=CARTESIAN_POINT('',(93.800000000000011,-29.399999999999995,4.0));
#9112=VERTEX_POINT('',#9111);
#9113=CARTESIAN_POINT('',(93.800000000000011,-29.399999999999991,4.0));
#9114=DIRECTION('',(1.0,0.0,0.0));
#9115=VECTOR('',#9114,12.314785214055746);
#9116=LINE('',#9113,#9115);
#9117=EDGE_CURVE('',#9112,#9103,#9116,.T.);
#9118=ORIENTED_EDGE('',*,*,#9117,.F.);
#9119=CARTESIAN_POINT('',(93.800000000000011,-29.399999999999995,1.199999999999999));
#9120=VERTEX_POINT('',#9119);
#9121=CARTESIAN_POINT('',(93.800000000000011,-29.399999999999995,4.0));
#9122=DIRECTION('',(0.0,0.0,-1.0));
#9123=VECTOR('',#9122,2.800000000000001);
#9124=LINE('',#9121,#9123);
#9125=EDGE_CURVE('',#9112,#9120,#9124,.T.);
#9126=ORIENTED_EDGE('',*,*,#9125,.T.);
#9127=CARTESIAN_POINT('',(93.800000000000011,-29.399999999999995,1.200000000000001));
#9128=DIRECTION('',(1.0,0.0,0.0));
#9129=VECTOR('',#9128,14.482364248249041);
#9130=LINE('',#9127,#9129);
#9131=EDGE_CURVE('',#9120,#9086,#9130,.T.);
#9132=ORIENTED_EDGE('',*,*,#9131,.T.);
#9133=EDGE_LOOP('',(#9093,#9101,#9110,#9118,#9126,#9132));
#9134=FACE_OUTER_BOUND('',#9133,.T.);
#9135=ADVANCED_FACE('',(#9134),#9082,.T.);
#9136=CARTESIAN_POINT('',(93.800000000000011,-19.000000000000004,4.0));
#9137=DIRECTION('',(0.0,0.0,-1.0));
#9138=DIRECTION('',(1.0,0.0,0.0));
#9139=AXIS2_PLACEMENT_3D('',#9136,#9137,#9138);
#9140=CYLINDRICAL_SURFACE('',#9139,3.39999999999999);
#9141=CARTESIAN_POINT('',(93.800000000000011,-15.600000000000005,1.199999999999999));
#9142=VERTEX_POINT('',#9141);
#9143=CARTESIAN_POINT('',(90.400000000000034,-19.000000000000004,1.199999999999999));
#9144=VERTEX_POINT('',#9143);
#9145=CARTESIAN_POINT('',(93.800000000000011,-19.000000000000004,1.200000000000001));
#9146=DIRECTION('',(0.0,0.0,1.0));
#9147=DIRECTION('',(1.0,0.0,0.0));
#9148=AXIS2_PLACEMENT_3D('',#9145,#9146,#9147);
#9149=CIRCLE('',#9148,3.39999999999999);
#9150=EDGE_CURVE('',#9142,#9144,#9149,.T.);
#9151=ORIENTED_EDGE('',*,*,#9150,.T.);
#9152=CARTESIAN_POINT('',(90.400000000000034,-19.000000000000004,4.0));
#9153=VERTEX_POINT('',#9152);
#9154=CARTESIAN_POINT('',(90.400000000000034,-19.000000000000004,4.0));
#9155=DIRECTION('',(0.0,0.0,-1.0));
#9156=VECTOR('',#9155,2.800000000000001);
#9157=LINE('',#9154,#9156);
#9158=EDGE_CURVE('',#9153,#9144,#9157,.T.);
#9159=ORIENTED_EDGE('',*,*,#9158,.F.);
#9160=CARTESIAN_POINT('',(93.800000000000011,-15.600000000000005,4.0));
#9161=VERTEX_POINT('',#9160);
#9162=CARTESIAN_POINT('',(93.800000000000011,-19.000000000000004,4.0));
#9163=DIRECTION('',(0.0,0.0,1.0));
#9164=DIRECTION('',(1.0,0.0,0.0));
#9165=AXIS2_PLACEMENT_3D('',#9162,#9163,#9164);
#9166=CIRCLE('',#9165,3.39999999999999);
#9167=EDGE_CURVE('',#9161,#9153,#9166,.T.);
#9168=ORIENTED_EDGE('',*,*,#9167,.F.);
#9169=CARTESIAN_POINT('',(93.800000000000011,-15.600000000000005,4.0));
#9170=DIRECTION('',(0.0,0.0,-1.0));
#9171=VECTOR('',#9170,2.800000000000001);
#9172=LINE('',#9169,#9171);
#9173=EDGE_CURVE('',#9161,#9142,#9172,.T.);
#9174=ORIENTED_EDGE('',*,*,#9173,.T.);
#9175=EDGE_LOOP('',(#9151,#9159,#9168,#9174));
#9176=FACE_OUTER_BOUND('',#9175,.T.);
#9177=ADVANCED_FACE('',(#9176),#9140,.T.);
#9178=CARTESIAN_POINT('',(90.400000000000034,-19.000000000000004,4.0));
#9179=DIRECTION('',(-1.0,0.0,0.0));
#9180=DIRECTION('',(0.0,0.0,1.0));
#9181=AXIS2_PLACEMENT_3D('',#9178,#9179,#9180);
#9182=PLANE('',#9181);
#9183=CARTESIAN_POINT('',(90.400000000000006,-25.999999999999996,1.199999999999999));
#9184=VERTEX_POINT('',#9183);
#9185=CARTESIAN_POINT('',(90.400000000000034,-19.000000000000004,1.200000000000001));
#9186=DIRECTION('',(0.0,-1.0,0.0));
#9187=VECTOR('',#9186,6.999999999999993);
#9188=LINE('',#9185,#9187);
#9189=EDGE_CURVE('',#9144,#9184,#9188,.T.);
#9190=ORIENTED_EDGE('',*,*,#9189,.T.);
#9191=CARTESIAN_POINT('',(90.400000000000006,-25.999999999999996,4.0));
#9192=VERTEX_POINT('',#9191);
#9193=CARTESIAN_POINT('',(90.400000000000006,-25.999999999999996,4.0));
#9194=DIRECTION('',(0.0,0.0,-1.0));
#9195=VECTOR('',#9194,2.800000000000001);
#9196=LINE('',#9193,#9195);
#9197=EDGE_CURVE('',#9192,#9184,#9196,.T.);
#9198=ORIENTED_EDGE('',*,*,#9197,.F.);
#9199=CARTESIAN_POINT('',(90.400000000000034,-19.000000000000004,4.0));
#9200=DIRECTION('',(0.0,-1.0,0.0));
#9201=VECTOR('',#9200,6.999999999999996);
#9202=LINE('',#9199,#9201);
#9203=EDGE_CURVE('',#9153,#9192,#9202,.T.);
#9204=ORIENTED_EDGE('',*,*,#9203,.F.);
#9205=ORIENTED_EDGE('',*,*,#9158,.T.);
#9206=EDGE_LOOP('',(#9190,#9198,#9204,#9205));
#9207=FACE_OUTER_BOUND('',#9206,.T.);
#9208=ADVANCED_FACE('',(#9207),#9182,.T.);
#9209=CARTESIAN_POINT('',(93.800000000000011,-25.999999999999996,4.0));
#9210=DIRECTION('',(0.0,0.0,-1.0));
#9211=DIRECTION('',(0.0,1.0,0.0));
#9212=AXIS2_PLACEMENT_3D('',#9209,#9210,#9211);
#9213=CYLINDRICAL_SURFACE('',#9212,3.399999999999994);
#9214=CARTESIAN_POINT('',(93.800000000000011,-25.999999999999996,1.200000000000001));
#9215=DIRECTION('',(0.0,0.0,1.0));
#9216=DIRECTION('',(0.0,1.0,0.0));
#9217=AXIS2_PLACEMENT_3D('',#9214,#9215,#9216);
#9218=CIRCLE('',#9217,3.399999999999994);
#9219=EDGE_CURVE('',#9184,#9120,#9218,.T.);
#9220=ORIENTED_EDGE('',*,*,#9219,.T.);
#9221=ORIENTED_EDGE('',*,*,#9125,.F.);
#9222=CARTESIAN_POINT('',(93.800000000000011,-25.999999999999996,4.0));
#9223=DIRECTION('',(0.0,0.0,1.0));
#9224=DIRECTION('',(0.0,1.0,0.0));
#9225=AXIS2_PLACEMENT_3D('',#9222,#9223,#9224);
#9226=CIRCLE('',#9225,3.399999999999994);
#9227=EDGE_CURVE('',#9192,#9112,#9226,.T.);
#9228=ORIENTED_EDGE('',*,*,#9227,.F.);
#9229=ORIENTED_EDGE('',*,*,#9197,.T.);
#9230=EDGE_LOOP('',(#9220,#9221,#9228,#9229));
#9231=FACE_OUTER_BOUND('',#9230,.T.);
#9232=ADVANCED_FACE('',(#9231),#9213,.T.);
#9233=CARTESIAN_POINT('',(109.39999999999998,-15.600000000000005,4.0));
#9234=DIRECTION('',(0.0,1.0,0.0));
#9235=DIRECTION('',(0.0,0.0,1.0));
#9236=AXIS2_PLACEMENT_3D('',#9233,#9234,#9235);
#9237=PLANE('',#9236);
#9238=CARTESIAN_POINT('',(108.28236424824905,-15.600000000000005,1.200000000000001));
#9239=VERTEX_POINT('',#9238);
#9240=CARTESIAN_POINT('',(108.1156991359186,-15.600000000000005,1.965095187125433));
#9241=VERTEX_POINT('',#9240);
#9242=CARTESIAN_POINT('',(110.11539452623138,-15.600000000000005,2.0));
#9243=DIRECTION('',(0.0,1.0,0.0));
#9244=DIRECTION('',(-0.700909264299853,0.0,-0.71325044915418));
#9245=AXIS2_PLACEMENT_3D('',#9242,#9243,#9244);
#9246=CIRCLE('',#9245,2.0);
#9247=EDGE_CURVE('',#9239,#9241,#9246,.T.);
#9248=ORIENTED_EDGE('',*,*,#9247,.F.);
#9249=CARTESIAN_POINT('',(108.28236424824905,-15.600000000000005,1.200000000000001));
#9250=DIRECTION('',(-1.0,0.0,0.0));
#9251=VECTOR('',#9250,14.482364248249041);
#9252=LINE('',#9249,#9251);
#9253=EDGE_CURVE('',#9239,#9142,#9252,.T.);
#9254=ORIENTED_EDGE('',*,*,#9253,.T.);
#9255=ORIENTED_EDGE('',*,*,#9173,.F.);
#9256=CARTESIAN_POINT('',(106.11478521405574,-15.600000000000005,4.0));
#9257=VERTEX_POINT('',#9256);
#9258=CARTESIAN_POINT('',(106.11478521405574,-15.600000000000005,4.0));
#9259=DIRECTION('',(-1.0,0.0,0.0));
#9260=VECTOR('',#9259,12.314785214055732);
#9261=LINE('',#9258,#9260);
#9262=EDGE_CURVE('',#9257,#9161,#9261,.T.);
#9263=ORIENTED_EDGE('',*,*,#9262,.F.);
#9264=CARTESIAN_POINT('',(108.11448060436854,-15.600000000000005,2.034904812874567));
#9265=VERTEX_POINT('',#9264);
#9266=CARTESIAN_POINT('',(106.11478521405574,-15.600000000000005,2.0));
#9267=DIRECTION('',(0.0,-1.0,0.0));
#9268=DIRECTION('',(0.700909264299853,0.0,0.71325044915418));
#9269=AXIS2_PLACEMENT_3D('',#9266,#9267,#9268);
#9270=CIRCLE('',#9269,2.0);
#9271=EDGE_CURVE('',#9265,#9257,#9270,.T.);
#9272=ORIENTED_EDGE('',*,*,#9271,.F.);
#9273=CARTESIAN_POINT('',(108.1156991359186,-15.600000000000005,1.965095187125433));
#9274=DIRECTION('',(-0.017452406437286,0.0,0.999847695156391));
#9275=VECTOR('',#9274,0.06982025971287);
#9276=LINE('',#9273,#9275);
#9277=EDGE_CURVE('',#9241,#9265,#9276,.T.);
#9278=ORIENTED_EDGE('',*,*,#9277,.F.);
#9279=EDGE_LOOP('',(#9248,#9254,#9255,#9263,#9272,#9278));
#9280=FACE_OUTER_BOUND('',#9279,.T.);
#9281=ADVANCED_FACE('',(#9280),#9237,.T.);
#9282=CARTESIAN_POINT('',(100.37633987016405,-22.499999999999996,1.199999999999999));
#9283=DIRECTION('',(0.0,0.0,1.0));
#9284=DIRECTION('',(1.0,0.0,0.0));
#9285=AXIS2_PLACEMENT_3D('',#9282,#9283,#9284);
#9286=PLANE('',#9285);
#9287=CARTESIAN_POINT('',(108.28236424824905,-29.399999999999977,1.199999999999999));
#9288=DIRECTION('',(0.0,1.0,0.0));
#9289=VECTOR('',#9288,13.799999999999969);
#9290=LINE('',#9287,#9289);
#9291=EDGE_CURVE('',#9086,#9239,#9290,.T.);
#9292=ORIENTED_EDGE('',*,*,#9291,.F.);
#9293=ORIENTED_EDGE('',*,*,#9131,.F.);
#9294=ORIENTED_EDGE('',*,*,#9219,.F.);
#9295=ORIENTED_EDGE('',*,*,#9189,.F.);
#9296=ORIENTED_EDGE('',*,*,#9150,.F.);
#9297=ORIENTED_EDGE('',*,*,#9253,.F.);
#9298=EDGE_LOOP('',(#9292,#9293,#9294,#9295,#9296,#9297));
#9299=FACE_OUTER_BOUND('',#9298,.T.);
#9300=ORIENTED_EDGE('',*,*,#9070,.T.);
#9301=EDGE_LOOP('',(#9300));
#9302=FACE_BOUND('',#9301,.T.);
#9303=ADVANCED_FACE('',(#9299,#9302),#9286,.F.);
#9304=CARTESIAN_POINT('',(110.1153945262314,42.499999999999972,2.0));
#9305=DIRECTION('',(2.089832E-016,1.0,0.0));
#9306=DIRECTION('',(-0.700909264299853,0.0,-0.71325044915418));
#9307=AXIS2_PLACEMENT_3D('',#9304,#9305,#9306);
#9308=CYLINDRICAL_SURFACE('',#9307,2.0);
#9309=ORIENTED_EDGE('',*,*,#9092,.T.);
#9310=ORIENTED_EDGE('',*,*,#9291,.T.);
#9311=ORIENTED_EDGE('',*,*,#9247,.T.);
#9312=CARTESIAN_POINT('',(108.11569913591862,84.999999999999972,1.965095187125433));
#9313=VERTEX_POINT('',#9312);
#9314=CARTESIAN_POINT('',(108.1156991359186,-15.600000000000009,1.965095187125433));
#9315=DIRECTION('',(0.0,1.0,0.0));
#9316=VECTOR('',#9315,100.59999999999998);
#9317=LINE('',#9314,#9316);
#9318=EDGE_CURVE('',#9241,#9313,#9317,.T.);
#9319=ORIENTED_EDGE('',*,*,#9318,.T.);
#9320=CARTESIAN_POINT('',(110.1153945262314,84.999999999999972,0.0));
#9321=VERTEX_POINT('',#9320);
#9322=CARTESIAN_POINT('',(110.1153945262314,84.999999999999972,2.0));
#9323=DIRECTION('',(0.0,-1.0,0.0));
#9324=DIRECTION('',(-0.999847695156391,0.0,-0.017452406437283));
#9325=AXIS2_PLACEMENT_3D('',#9322,#9323,#9324);
#9326=CIRCLE('',#9325,1.999999999999994);
#9327=EDGE_CURVE('',#9313,#9321,#9326,.T.);
#9328=ORIENTED_EDGE('',*,*,#9327,.T.);
#9329=CARTESIAN_POINT('',(110.11539452623138,-85.000000000000028,0.0));
#9330=VERTEX_POINT('',#9329);
#9331=CARTESIAN_POINT('',(110.11539452623141,84.999999999999972,0.0));
#9332=DIRECTION('',(0.0,-1.0,0.0));
#9333=VECTOR('',#9332,170.0);
#9334=LINE('',#9331,#9333);
#9335=EDGE_CURVE('',#9321,#9330,#9334,.T.);
#9336=ORIENTED_EDGE('',*,*,#9335,.T.);
#9337=CARTESIAN_POINT('',(108.11569913591859,-85.000000000000028,1.965095187125433));
#9338=VERTEX_POINT('',#9337);
#9339=CARTESIAN_POINT('',(110.11539452623138,-85.000000000000028,2.0));
#9340=DIRECTION('',(0.0,-1.0,0.0));
#9341=DIRECTION('',(-0.999847695156391,0.0,-0.017452406437283));
#9342=AXIS2_PLACEMENT_3D('',#9339,#9340,#9341);
#9343=CIRCLE('',#9342,2.000000000000012);
#9344=EDGE_CURVE('',#9338,#9330,#9343,.T.);
#9345=ORIENTED_EDGE('',*,*,#9344,.F.);
#9346=CARTESIAN_POINT('',(108.11569913591859,-85.000000000000028,1.965095187125433));
#9347=DIRECTION('',(0.0,1.0,0.0));
#9348=VECTOR('',#9347,55.600000000000037);
#9349=LINE('',#9346,#9348);
#9350=EDGE_CURVE('',#9338,#9084,#9349,.T.);
#9351=ORIENTED_EDGE('',*,*,#9350,.T.);
#9352=EDGE_LOOP('',(#9309,#9310,#9311,#9319,#9328,#9336,#9345,#9351));
#9353=FACE_OUTER_BOUND('',#9352,.T.);
#9354=ADVANCED_FACE('',(#9353),#9308,.T.);
#9355=CARTESIAN_POINT('',(108.15000000000003,84.999999999999972,2.775558E-016));
#9356=DIRECTION('',(0.999847695156391,-2.089513E-016,0.017452406437284));
#9357=DIRECTION('',(0.017452406437284,-3.647259E-018,-0.999847695156391));
#9358=AXIS2_PLACEMENT_3D('',#9355,#9356,#9357);
#9359=PLANE('',#9358);
#9360=ORIENTED_EDGE('',*,*,#9277,.T.);
#9361=CARTESIAN_POINT('',(108.11448060436857,84.999999999999972,2.03490481287456));
#9362=VERTEX_POINT('',#9361);
#9363=CARTESIAN_POINT('',(108.11448060436858,84.999999999999972,2.034904812874567));
#9364=DIRECTION('',(0.0,-1.0,0.0));
#9365=VECTOR('',#9364,100.59999999999998);
#9366=LINE('',#9363,#9365);
#9367=EDGE_CURVE('',#9362,#9265,#9366,.T.);
#9368=ORIENTED_EDGE('',*,*,#9367,.F.);
#9369=CARTESIAN_POINT('',(108.11569913591863,84.999999999999972,1.965095187125434));
#9370=DIRECTION('',(-0.017452406437288,0.0,0.999847695156391));
#9371=VECTOR('',#9370,0.069820259712863);
#9372=LINE('',#9369,#9371);
#9373=EDGE_CURVE('',#9313,#9362,#9372,.T.);
#9374=ORIENTED_EDGE('',*,*,#9373,.F.);
#9375=ORIENTED_EDGE('',*,*,#9318,.F.);
#9376=EDGE_LOOP('',(#9360,#9368,#9374,#9375));
#9377=FACE_OUTER_BOUND('',#9376,.T.);
#9378=ADVANCED_FACE('',(#9377),#9359,.F.);
#9379=CARTESIAN_POINT('',(106.11478521405576,42.499999999999972,2.0));
#9380=DIRECTION('',(-2.089832E-016,-1.0,0.0));
#9381=DIRECTION('',(0.700909264299853,0.0,0.71325044915418));
#9382=AXIS2_PLACEMENT_3D('',#9379,#9380,#9381);
#9383=CYLINDRICAL_SURFACE('',#9382,2.0);
#9384=ORIENTED_EDGE('',*,*,#9271,.T.);
#9385=CARTESIAN_POINT('',(106.11478521405579,84.999999999999972,4.0));
#9386=VERTEX_POINT('',#9385);
#9387=CARTESIAN_POINT('',(106.11478521405574,-15.600000000000009,4.0));
#9388=DIRECTION('',(0.0,1.0,0.0));
#9389=VECTOR('',#9388,100.59999999999998);
#9390=LINE('',#9387,#9389);
#9391=EDGE_CURVE('',#9257,#9386,#9390,.T.);
#9392=ORIENTED_EDGE('',*,*,#9391,.T.);
#9393=CARTESIAN_POINT('',(106.11478521405579,84.999999999999972,1.999999999999993));
#9394=DIRECTION('',(0.0,-1.0,0.0));
#9395=DIRECTION('',(0.999847695156391,0.0,0.017452406437284));
#9396=AXIS2_PLACEMENT_3D('',#9393,#9394,#9395);
#9397=CIRCLE('',#9396,1.999999999999994);
#9398=EDGE_CURVE('',#9362,#9386,#9397,.T.);
#9399=ORIENTED_EDGE('',*,*,#9398,.F.);
#9400=ORIENTED_EDGE('',*,*,#9367,.T.);
#9401=EDGE_LOOP('',(#9384,#9392,#9399,#9400));
#9402=FACE_OUTER_BOUND('',#9401,.T.);
#9403=ADVANCED_FACE('',(#9402),#9383,.F.);
#9404=CARTESIAN_POINT('',(-79.049999999999983,-58.932264237709482,14.000000000000002));
#9405=DIRECTION('',(1.245393E-030,-1.0,0.0));
#9406=DIRECTION('',(-0.70710678118655,0.0,0.707106781186545));
#9407=AXIS2_PLACEMENT_3D('',#9404,#9405,#9406);
#9408=CYLINDRICAL_SURFACE('',#9407,2.0);
#9409=CARTESIAN_POINT('',(-80.9795429693947,-122.24644460920958,14.526178609655926));
#9410=VERTEX_POINT('',#9409);
#9411=CARTESIAN_POINT('',(-81.049999999999969,-122.25562909100496,14.0));
#9412=VERTEX_POINT('',#9411);
#9413=CARTESIAN_POINT('',(-79.049999999999983,-122.25562909100496,14.000000000000002));
#9414=DIRECTION('',(-1.774312E-016,0.999847695156391,-0.017452406437284));
#9415=DIRECTION('',(-3.330162E-015,0.017452406437284,0.999847695156391));
#9416=AXIS2_PLACEMENT_3D('',#9413,#9414,#9415);
#9417=ELLIPSE('',#9416,2.000304656087815,2.0);
#9418=EDGE_CURVE('',#9410,#9412,#9417,.F.);
#9419=ORIENTED_EDGE('',*,*,#9418,.T.);
#9420=CARTESIAN_POINT('',(-81.049999999999983,-129.5,14.000000000000002));
#9421=VERTEX_POINT('',#9420);
#9422=CARTESIAN_POINT('',(-81.049999999999983,-122.25562909100496,14.000000000000002));
#9423=DIRECTION('',(0.0,-1.0,0.0));
#9424=VECTOR('',#9423,7.244370908995037);
#9425=LINE('',#9422,#9424);
#9426=EDGE_CURVE('',#9412,#9421,#9425,.T.);
#9427=ORIENTED_EDGE('',*,*,#9426,.T.);
#9428=CARTESIAN_POINT('',(-79.049999999999983,-129.5,14.000000000000002));
#9429=DIRECTION('',(0.0,1.0,0.0));
#9430=DIRECTION('',(-1.0,0.0,0.0));
#9431=AXIS2_PLACEMENT_3D('',#9428,#9429,#9430);
#9432=CIRCLE('',#9431,2.000000000000002);
#9433=EDGE_CURVE('',#9421,#8618,#9432,.T.);
#9434=ORIENTED_EDGE('',*,*,#9433,.T.);
#9435=ORIENTED_EDGE('',*,*,#8623,.T.);
#9436=CARTESIAN_POINT('',(-80.9795429693947,-122.24644460920959,14.526178609655922));
#9437=CARTESIAN_POINT('',(-80.929401317127486,-122.24323507968828,14.710052432784773));
#9438=CARTESIAN_POINT('',(-80.849539206620889,-122.20466851320049,14.89338753709024));
#9439=CARTESIAN_POINT('',(-80.643127083318063,-122.07220897421456,15.225550311827281));
#9440=CARTESIAN_POINT('',(-80.514660230029079,-121.97617619073363,15.372678488771129));
#9441=CARTESIAN_POINT('',(-80.198391068055415,-121.72757332308154,15.65695305535565));
#9442=CARTESIAN_POINT('',(-79.976224884847525,-121.54219769520779,15.789718151949032));
#9443=CARTESIAN_POINT('',(-79.513076252949475,-121.14785865980156,15.961260700099691));
#9444=CARTESIAN_POINT('',(-79.272028486922878,-120.93895537651406,16.000000000000007));
#9445=CARTESIAN_POINT('',(-79.049999999999983,-120.746673066475,16.000000000000004));
#9446=B_SPLINE_CURVE_WITH_KNOTS('',3,(#9436,#9437,#9438,#9439,#9440,#9441,#9442,#9443,#9444,#9445),.UNSPECIFIED.,.F.,.U.,(4,2,2,2,4),(0.75843893168563,0.815396829980293,0.875057997900652,0.963172821956145,1.051287646011638),.UNSPECIFIED.);
#9447=EDGE_CURVE('',#8610,#9410,#9446,.F.);
#9448=ORIENTED_EDGE('',*,*,#9447,.T.);
#9449=EDGE_LOOP('',(#9419,#9427,#9434,#9435,#9448));
#9450=FACE_OUTER_BOUND('',#9449,.T.);
#9451=ADVANCED_FACE('',(#9450),#9408,.T.);
#9452=CARTESIAN_POINT('',(-79.049999999999983,-129.5,0.999999999999998));
#9453=DIRECTION('',(1.0,1.245393E-030,-2.101374E-030));
#9454=DIRECTION('',(0.0,0.0,-1.0));
#9455=AXIS2_PLACEMENT_3D('',#9452,#9453,#9454);
#9456=TOROIDAL_SURFACE('',#9455,12.99999999999998,2.0);
#9457=CARTESIAN_POINT('',(-81.049999999999983,-142.5,0.999999999999995));
#9458=VERTEX_POINT('',#9457);
#9459=CARTESIAN_POINT('',(-79.049999999999983,-144.5,0.999999999999996));
#9460=VERTEX_POINT('',#9459);
#9461=CARTESIAN_POINT('',(-79.049999999999983,-142.5,0.999999999999995));
#9462=DIRECTION('',(0.0,0.0,1.0));
#9463=DIRECTION('',(-1.0,0.0,0.0));
#9464=AXIS2_PLACEMENT_3D('',#9461,#9462,#9463);
#9465=CIRCLE('',#9464,2.000000000000002);
#9466=EDGE_CURVE('',#9458,#9460,#9465,.T.);
#9467=ORIENTED_EDGE('',*,*,#9466,.T.);
#9468=CARTESIAN_POINT('',(-79.049999999999983,-129.5,0.999999999999998));
#9469=DIRECTION('',(-1.0,0.0,0.0));
#9470=DIRECTION('',(0.0,-0.707106781186548,0.707106781186547));
#9471=AXIS2_PLACEMENT_3D('',#9468,#9469,#9470);
#9472=CIRCLE('',#9471,14.999999999999982);
#9473=EDGE_CURVE('',#9460,#8618,#9472,.T.);
#9474=ORIENTED_EDGE('',*,*,#9473,.T.);
#9475=ORIENTED_EDGE('',*,*,#9433,.F.);
#9476=CARTESIAN_POINT('',(-81.049999999999983,-129.5,0.999999999999998));
#9477=DIRECTION('',(1.0,1.673383E-030,-1.673383E-030));
#9478=DIRECTION('',(2.366521E-030,-0.707106781186548,0.707106781186547));
#9479=AXIS2_PLACEMENT_3D('',#9476,#9477,#9478);
#9480=CIRCLE('',#9479,12.999999999999982);
#9481=EDGE_CURVE('',#9421,#9458,#9480,.T.);
#9482=ORIENTED_EDGE('',*,*,#9481,.T.);
#9483=EDGE_LOOP('',(#9467,#9474,#9475,#9482));
#9484=FACE_OUTER_BOUND('',#9483,.T.);
#9485=ADVANCED_FACE('',(#9484),#9456,.T.);
#9486=CARTESIAN_POINT('',(-79.049999999999983,-142.49999999999997,3.996999941720748));
#9487=DIRECTION('',(-2.101374E-030,-2.159179E-015,-1.0));
#9488=DIRECTION('',(-0.707106781186551,-0.707106781186544,1.570092E-015));
#9489=AXIS2_PLACEMENT_3D('',#9486,#9487,#9488);
#9490=CYLINDRICAL_SURFACE('',#9489,2.0);
#9491=CARTESIAN_POINT('',(-81.049999999999983,-142.5,-7.227000000000009));
#9492=VERTEX_POINT('',#9491);
#9493=CARTESIAN_POINT('',(-79.049999999999983,-144.5,-7.227000000000005));
#9494=VERTEX_POINT('',#9493);
#9495=CARTESIAN_POINT('',(-79.049999999999983,-142.5,-7.227000000000009));
#9496=DIRECTION('',(0.0,0.0,1.0));
#9497=DIRECTION('',(-1.0,0.0,0.0));
#9498=AXIS2_PLACEMENT_3D('',#9495,#9496,#9497);
#9499=CIRCLE('',#9498,2.000000000000002);
#9500=EDGE_CURVE('',#9492,#9494,#9499,.T.);
#9501=ORIENTED_EDGE('',*,*,#9500,.T.);
#9502=CARTESIAN_POINT('',(-79.049999999999983,-144.50000000000003,-7.227000000000005));
#9503=DIRECTION('',(0.0,0.0,1.0));
#9504=VECTOR('',#9503,8.227);
#9505=LINE('',#9502,#9504);
#9506=EDGE_CURVE('',#9494,#9460,#9505,.T.);
#9507=ORIENTED_EDGE('',*,*,#9506,.T.);
#9508=ORIENTED_EDGE('',*,*,#9466,.F.);
#9509=CARTESIAN_POINT('',(-81.049999999999983,-142.49999999999997,0.999999999999996));
#9510=DIRECTION('',(0.0,0.0,-1.0));
#9511=VECTOR('',#9510,8.227000000000004);
#9512=LINE('',#9509,#9511);
#9513=EDGE_CURVE('',#9458,#9492,#9512,.T.);
#9514=ORIENTED_EDGE('',*,*,#9513,.T.);
#9515=EDGE_LOOP('',(#9501,#9507,#9508,#9514));
#9516=FACE_OUTER_BOUND('',#9515,.T.);
#9517=ADVANCED_FACE('',(#9516),#9490,.T.);
#9518=CARTESIAN_POINT('',(-79.049999999999983,-133.72700000000003,-7.227000000000004));
#9519=DIRECTION('',(1.0,1.245393E-030,-2.101374E-030));
#9520=DIRECTION('',(0.0,0.0,-1.0));
#9521=AXIS2_PLACEMENT_3D('',#9518,#9519,#9520);
#9522=TOROIDAL_SURFACE('',#9521,8.772999999999973,2.0);
#9523=CARTESIAN_POINT('',(-81.049999999999983,-133.72700000000003,-15.999999999999979));
#9524=VERTEX_POINT('',#9523);
#9525=CARTESIAN_POINT('',(-79.049999999999983,-133.72700000000003,-18.0));
#9526=VERTEX_POINT('',#9525);
#9527=CARTESIAN_POINT('',(-79.049999999999983,-133.72700000000003,-15.999999999999979));
#9528=DIRECTION('',(0.0,-1.0,0.0));
#9529=DIRECTION('',(-1.0,0.0,0.0));
#9530=AXIS2_PLACEMENT_3D('',#9527,#9528,#9529);
#9531=CIRCLE('',#9530,2.000000000000002);
#9532=EDGE_CURVE('',#9524,#9526,#9531,.T.);
#9533=ORIENTED_EDGE('',*,*,#9532,.T.);
#9534=CARTESIAN_POINT('',(-79.049999999999983,-133.72700000000003,-7.227000000000004));
#9535=DIRECTION('',(-1.0,0.0,0.0));
#9536=DIRECTION('',(0.0,-0.707106781186548,-0.707106781186547));
#9537=AXIS2_PLACEMENT_3D('',#9534,#9535,#9536);
#9538=CIRCLE('',#9537,10.772999999999975);
#9539=EDGE_CURVE('',#9526,#9494,#9538,.T.);
#9540=ORIENTED_EDGE('',*,*,#9539,.T.);
#9541=ORIENTED_EDGE('',*,*,#9500,.F.);
#9542=CARTESIAN_POINT('',(-81.049999999999983,-133.72700000000003,-7.227000000000004));
#9543=DIRECTION('',(1.0,-4.279905E-031,-4.279905E-031));
#9544=DIRECTION('',(-6.052700E-031,-0.707106781186547,-0.707106781186547));
#9545=AXIS2_PLACEMENT_3D('',#9542,#9543,#9544);
#9546=CIRCLE('',#9545,8.772999999999973);
#9547=EDGE_CURVE('',#9492,#9524,#9546,.T.);
#9548=ORIENTED_EDGE('',*,*,#9547,.T.);
#9549=EDGE_LOOP('',(#9533,#9540,#9541,#9548));
#9550=FACE_OUTER_BOUND('',#9549,.T.);
#9551=ADVANCED_FACE('',(#9550),#9522,.T.);
#9552=CARTESIAN_POINT('',(-79.049999999999983,-125.79576423770965,-16.000000000000107));
#9553=DIRECTION('',(-1.245393E-030,1.0,-1.361355E-014));
#9554=DIRECTION('',(-0.707106781186549,-1.256074E-014,-0.707106781186546));
#9555=AXIS2_PLACEMENT_3D('',#9552,#9553,#9554);
#9556=CYLINDRICAL_SURFACE('',#9555,2.0);
#9557=CARTESIAN_POINT('',(-81.049999999999983,-133.40078878425317,-16.000000000000004));
#9558=VERTEX_POINT('',#9557);
#9559=CARTESIAN_POINT('',(-79.049999999999983,-133.40078878425319,-18.000000000000004));
#9560=VERTEX_POINT('',#9559);
#9561=CARTESIAN_POINT('',(-79.049999999999983,-133.40078878425317,-16.000000000000004));
#9562=DIRECTION('',(0.0,-1.0,0.0));
#9563=DIRECTION('',(-1.0,0.0,0.0));
#9564=AXIS2_PLACEMENT_3D('',#9561,#9562,#9563);
#9565=CIRCLE('',#9564,2.000000000000002);
#9566=EDGE_CURVE('',#9558,#9560,#9565,.T.);
#9567=ORIENTED_EDGE('',*,*,#9566,.T.);
#9568=CARTESIAN_POINT('',(-79.049999999999983,-133.40078878425319,-18.000000000000004));
#9569=DIRECTION('',(0.0,-1.0,0.0));
#9570=VECTOR('',#9569,0.32621121574681);
#9571=LINE('',#9568,#9570);
#9572=EDGE_CURVE('',#9560,#9526,#9571,.T.);
#9573=ORIENTED_EDGE('',*,*,#9572,.T.);
#9574=ORIENTED_EDGE('',*,*,#9532,.F.);
#9575=CARTESIAN_POINT('',(-81.049999999999983,-133.72700000000003,-15.999999999999998));
#9576=DIRECTION('',(0.0,1.0,0.0));
#9577=VECTOR('',#9576,0.326211215746866);
#9578=LINE('',#9575,#9577);
#9579=EDGE_CURVE('',#9524,#9558,#9578,.T.);
#9580=ORIENTED_EDGE('',*,*,#9579,.T.);
#9581=EDGE_LOOP('',(#9567,#9573,#9574,#9580));
#9582=FACE_OUTER_BOUND('',#9581,.T.);
#9583=ADVANCED_FACE('',(#9582),#9556,.T.);
#9584=CARTESIAN_POINT('',(-79.049999999999983,-133.40078878425319,-7.227000000000001));
#9585=DIRECTION('',(1.0,1.245393E-030,-2.101374E-030));
#9586=DIRECTION('',(0.0,0.0,-1.0));
#9587=AXIS2_PLACEMENT_3D('',#9584,#9585,#9586);
#9588=TOROIDAL_SURFACE('',#9587,8.772999999999994,2.0);
#9589=CARTESIAN_POINT('',(-81.049999999999983,-124.62912495464619,-7.380109961674295));
#9590=VERTEX_POINT('',#9589);
#9591=CARTESIAN_POINT('',(-79.049999999999983,-122.62942956433338,-7.415014774548864));
#9592=VERTEX_POINT('',#9591);
#9593=CARTESIAN_POINT('',(-79.049999999999983,-124.62912495464619,-7.380109961674295));
#9594=DIRECTION('',(0.0,-0.017452406437284,-0.999847695156391));
#9595=DIRECTION('',(-1.0,0.0,0.0));
#9596=AXIS2_PLACEMENT_3D('',#9593,#9594,#9595);
#9597=CIRCLE('',#9596,2.000000000000002);
#9598=EDGE_CURVE('',#9590,#9592,#9597,.T.);
#9599=ORIENTED_EDGE('',*,*,#9598,.T.);
#9600=CARTESIAN_POINT('',(-79.049999999999983,-133.40078878425319,-7.227000000000001));
#9601=DIRECTION('',(-1.0,0.0,0.0));
#9602=DIRECTION('',(0.0,0.700909264299851,-0.713250449154181));
#9603=AXIS2_PLACEMENT_3D('',#9600,#9601,#9602);
#9604=CIRCLE('',#9603,10.772999999999994);
#9605=EDGE_CURVE('',#9592,#9560,#9604,.T.);
#9606=ORIENTED_EDGE('',*,*,#9605,.T.);
#9607=ORIENTED_EDGE('',*,*,#9566,.F.);
#9608=CARTESIAN_POINT('',(-81.049999999999983,-133.40078878425319,-7.227000000000001));
#9609=DIRECTION('',(1.0,1.662356E-030,-1.691625E-030));
#9610=DIRECTION('',(-2.371713E-030,0.700909264299851,-0.713250449154182));
#9611=AXIS2_PLACEMENT_3D('',#9608,#9609,#9610);
#9612=CIRCLE('',#9611,8.772999999999994);
#9613=EDGE_CURVE('',#9558,#9590,#9612,.T.);
#9614=ORIENTED_EDGE('',*,*,#9613,.T.);
#9615=EDGE_LOOP('',(#9599,#9606,#9607,#9614));
#9616=FACE_OUTER_BOUND('',#9615,.T.);
#9617=ADVANCED_FACE('',(#9616),#9588,.T.);
#9618=CARTESIAN_POINT('',(-79.049999999999983,-124.50268245251046,-0.136223865821839));
#9619=DIRECTION('',(2.079319E-030,0.017452406437283,0.999847695156391));
#9620=DIRECTION('',(-0.707106781186547,0.706999085398825,-0.012340714939826));
#9621=AXIS2_PLACEMENT_3D('',#9618,#9619,#9620);
#9622=CYLINDRICAL_SURFACE('',#9621,2.0);
#9623=CARTESIAN_POINT('',(-81.049999999999983,-124.50030465608776,3.469447E-017));
#9624=VERTEX_POINT('',#9623);
#9625=CARTESIAN_POINT('',(-79.049999999999983,-122.5,0.0));
#9626=VERTEX_POINT('',#9625);
#9627=CARTESIAN_POINT('',(-79.049999999999983,-124.50030465608776,0.0));
#9628=DIRECTION('',(0.0,0.0,1.0));
#9629=DIRECTION('',(5.696658E-013,1.0,0.0));
#9630=AXIS2_PLACEMENT_3D('',#9627,#9628,#9629);
#9631=ELLIPSE('',#9630,2.000304656087816,2.0);
#9632=EDGE_CURVE('',#9624,#9626,#9631,.F.);
#9633=ORIENTED_EDGE('',*,*,#9632,.T.);
#9634=CARTESIAN_POINT('',(-79.049999999999983,-122.49999999999994,-7.494005E-016));
#9635=DIRECTION('',(0.0,-0.017452406437284,-0.999847695156391));
#9636=VECTOR('',#9635,7.416144289245019);
#9637=LINE('',#9634,#9636);
#9638=EDGE_CURVE('',#9626,#9592,#9637,.T.);
#9639=ORIENTED_EDGE('',*,*,#9638,.T.);
#9640=ORIENTED_EDGE('',*,*,#9598,.F.);
#9641=CARTESIAN_POINT('',(-81.049999999999983,-124.62912495464617,-7.380109961674297));
#9642=DIRECTION('',(0.0,0.017452406437283,0.999847695156391));
#9643=VECTOR('',#9642,7.381234159388582);
#9644=LINE('',#9641,#9643);
#9645=EDGE_CURVE('',#9590,#9624,#9644,.T.);
#9646=ORIENTED_EDGE('',*,*,#9645,.T.);
#9647=EDGE_LOOP('',(#9633,#9639,#9640,#9646));
#9648=FACE_OUTER_BOUND('',#9647,.T.);
#9649=ADVANCED_FACE('',(#9648),#9622,.T.);
#9650=CARTESIAN_POINT('',(-81.049999999999983,-117.86452847541896,6.99399988344145));
#9651=DIRECTION('',(1.0,0.0,0.0));
#9652=DIRECTION('',(0.0,0.0,-1.0));
#9653=AXIS2_PLACEMENT_3D('',#9650,#9651,#9652);
#9654=PLANE('',#9653);
#9655=CARTESIAN_POINT('',(-81.050000000000011,-122.49999999999994,0.0));
#9656=VERTEX_POINT('',#9655);
#9657=CARTESIAN_POINT('',(-81.049999999999983,-124.50030465608776,0.0));
#9658=DIRECTION('',(0.0,1.0,0.0));
#9659=VECTOR('',#9658,2.00030465608782);
#9660=LINE('',#9657,#9659);
#9661=EDGE_CURVE('',#9624,#9656,#9660,.T.);
#9662=ORIENTED_EDGE('',*,*,#9661,.F.);
#9663=ORIENTED_EDGE('',*,*,#9645,.F.);
#9664=ORIENTED_EDGE('',*,*,#9613,.F.);
#9665=ORIENTED_EDGE('',*,*,#9579,.F.);
#9666=ORIENTED_EDGE('',*,*,#9547,.F.);
#9667=ORIENTED_EDGE('',*,*,#9513,.F.);
#9668=ORIENTED_EDGE('',*,*,#9481,.F.);
#9669=ORIENTED_EDGE('',*,*,#9426,.F.);
#9670=CARTESIAN_POINT('',(-81.049999999999969,-122.5,4.440892E-016));
#9671=DIRECTION('',(0.0,0.017452406437284,0.999847695156391));
#9672=VECTOR('',#9671,14.002132592614707);
#9673=LINE('',#9670,#9672);
#9674=EDGE_CURVE('',#9656,#9412,#9673,.T.);
#9675=ORIENTED_EDGE('',*,*,#9674,.F.);
#9676=EDGE_LOOP('',(#9662,#9663,#9664,#9665,#9666,#9667,#9668,#9669,#9675));
#9677=FACE_OUTER_BOUND('',#9676,.T.);
#9678=CARTESIAN_POINT('',(-81.050000000000011,-129.5,-9.000000000000004));
#9679=VERTEX_POINT('',#9678);
#9680=CARTESIAN_POINT('',(-81.049999999999983,-134.0,-9.000000000000004));
#9681=DIRECTION('',(1.0,0.0,0.0));
#9682=DIRECTION('',(0.0,-1.0,0.0));
#9683=AXIS2_PLACEMENT_3D('',#9680,#9681,#9682);
#9684=CIRCLE('',#9683,4.5);
#9685=EDGE_CURVE('',#9679,#9679,#9684,.T.);
#9686=ORIENTED_EDGE('',*,*,#9685,.T.);
#9687=EDGE_LOOP('',(#9686));
#9688=FACE_BOUND('',#9687,.T.);
#9689=ADVANCED_FACE('',(#9677,#9688),#9654,.F.);
#9690=CARTESIAN_POINT('',(-68.75,-58.932264237709482,14.000000000000002));
#9691=DIRECTION('',(1.510641E-029,-1.0,0.0));
#9692=DIRECTION('',(0.707106781186547,0.0,0.707106781186548));
#9693=AXIS2_PLACEMENT_3D('',#9690,#9691,#9692);
#9694=CYLINDRICAL_SURFACE('',#9693,2.0);
#9695=ORIENTED_EDGE('',*,*,#8945,.F.);
#9696=ORIENTED_EDGE('',*,*,#8639,.T.);
#9697=CARTESIAN_POINT('',(-66.75,-129.5,14.000000000000002));
#9698=VERTEX_POINT('',#9697);
#9699=CARTESIAN_POINT('',(-68.75,-129.5,14.000000000000002));
#9700=DIRECTION('',(0.0,1.0,0.0));
#9701=DIRECTION('',(0.0,0.0,1.0));
#9702=AXIS2_PLACEMENT_3D('',#9699,#9700,#9701);
#9703=CIRCLE('',#9702,1.999999999999995);
#9704=EDGE_CURVE('',#8626,#9698,#9703,.T.);
#9705=ORIENTED_EDGE('',*,*,#9704,.T.);
#9706=CARTESIAN_POINT('',(-66.75,-129.5,14.000000000000002));
#9707=DIRECTION('',(0.0,1.0,0.0));
#9708=VECTOR('',#9707,7.244370908995037);
#9709=LINE('',#9706,#9708);
#9710=EDGE_CURVE('',#9698,#8991,#9709,.T.);
#9711=ORIENTED_EDGE('',*,*,#9710,.T.);
#9712=ORIENTED_EDGE('',*,*,#8997,.F.);
#9713=EDGE_LOOP('',(#9695,#9696,#9705,#9711,#9712));
#9714=FACE_OUTER_BOUND('',#9713,.T.);
#9715=ADVANCED_FACE('',(#9714),#9694,.T.);
#9716=CARTESIAN_POINT('',(-68.75,-129.5,0.999999999999998));
#9717=DIRECTION('',(1.0,1.510641E-029,-1.075337E-029));
#9718=DIRECTION('',(0.0,0.0,-1.0));
#9719=AXIS2_PLACEMENT_3D('',#9716,#9717,#9718);
#9720=TOROIDAL_SURFACE('',#9719,12.99999999999998,2.0);
#9721=CARTESIAN_POINT('',(-68.75,-144.5,0.999999999999996));
#9722=VERTEX_POINT('',#9721);
#9723=CARTESIAN_POINT('',(-66.75,-142.5,0.999999999999995));
#9724=VERTEX_POINT('',#9723);
#9725=CARTESIAN_POINT('',(-68.75,-142.5,0.999999999999995));
#9726=DIRECTION('',(0.0,0.0,1.0));
#9727=DIRECTION('',(0.0,-1.0,0.0));
#9728=AXIS2_PLACEMENT_3D('',#9725,#9726,#9727);
#9729=CIRCLE('',#9728,1.999999999999993);
#9730=EDGE_CURVE('',#9722,#9724,#9729,.T.);
#9731=ORIENTED_EDGE('',*,*,#9730,.T.);
#9732=CARTESIAN_POINT('',(-66.75,-129.5,0.999999999999998));
#9733=DIRECTION('',(-1.0,-1.292989E-029,1.292989E-029));
#9734=DIRECTION('',(1.828563E-029,-0.707106781186548,0.707106781186547));
#9735=AXIS2_PLACEMENT_3D('',#9732,#9733,#9734);
#9736=CIRCLE('',#9735,12.999999999999982);
#9737=EDGE_CURVE('',#9724,#9698,#9736,.T.);
#9738=ORIENTED_EDGE('',*,*,#9737,.T.);
#9739=ORIENTED_EDGE('',*,*,#9704,.F.);
#9740=CARTESIAN_POINT('',(-68.75,-129.5,0.999999999999998));
#9741=DIRECTION('',(1.0,0.0,0.0));
#9742=DIRECTION('',(0.0,-0.707106781186548,0.707106781186547));
#9743=AXIS2_PLACEMENT_3D('',#9740,#9741,#9742);
#9744=CIRCLE('',#9743,14.999999999999982);
#9745=EDGE_CURVE('',#8626,#9722,#9744,.T.);
#9746=ORIENTED_EDGE('',*,*,#9745,.T.);
#9747=EDGE_LOOP('',(#9731,#9738,#9739,#9746));
#9748=FACE_OUTER_BOUND('',#9747,.T.);
#9749=ADVANCED_FACE('',(#9748),#9720,.T.);
#9750=CARTESIAN_POINT('',(-68.75,-142.5,3.996999941720749));
#9751=DIRECTION('',(-1.075337E-029,-2.159179E-015,-1.0));
#9752=DIRECTION('',(0.707106781186548,-0.707106781186548,1.570092E-015));
#9753=AXIS2_PLACEMENT_3D('',#9750,#9751,#9752);
#9754=CYLINDRICAL_SURFACE('',#9753,2.0);
#9755=CARTESIAN_POINT('',(-68.75,-144.5,-7.227000000000005));
#9756=VERTEX_POINT('',#9755);
#9757=CARTESIAN_POINT('',(-66.75,-142.50000000000003,-7.22700000000001));
#9758=VERTEX_POINT('',#9757);
#9759=CARTESIAN_POINT('',(-68.75,-142.50000000000003,-7.22700000000001));
#9760=DIRECTION('',(0.0,0.0,1.0));
#9761=DIRECTION('',(0.0,-1.0,0.0));
#9762=AXIS2_PLACEMENT_3D('',#9759,#9760,#9761);
#9763=CIRCLE('',#9762,1.999999999999993);
#9764=EDGE_CURVE('',#9756,#9758,#9763,.T.);
#9765=ORIENTED_EDGE('',*,*,#9764,.T.);
#9766=CARTESIAN_POINT('',(-66.75,-142.50000000000003,-7.22700000000001));
#9767=DIRECTION('',(0.0,0.0,1.0));
#9768=VECTOR('',#9767,8.227000000000006);
#9769=LINE('',#9766,#9768);
#9770=EDGE_CURVE('',#9758,#9724,#9769,.T.);
#9771=ORIENTED_EDGE('',*,*,#9770,.T.);
#9772=ORIENTED_EDGE('',*,*,#9730,.F.);
#9773=CARTESIAN_POINT('',(-68.75,-144.5,0.999999999999996));
#9774=DIRECTION('',(0.0,0.0,-1.0));
#9775=VECTOR('',#9774,8.227000000000002);
#9776=LINE('',#9773,#9775);
#9777=EDGE_CURVE('',#9722,#9756,#9776,.T.);
#9778=ORIENTED_EDGE('',*,*,#9777,.T.);
#9779=EDGE_LOOP('',(#9765,#9771,#9772,#9778));
#9780=FACE_OUTER_BOUND('',#9779,.T.);
#9781=ADVANCED_FACE('',(#9780),#9754,.T.);
#9782=CARTESIAN_POINT('',(-68.75,-133.72700000000003,-7.227000000000004));
#9783=DIRECTION('',(1.0,1.510641E-029,-1.075337E-029));
#9784=DIRECTION('',(0.0,0.0,-1.0));
#9785=AXIS2_PLACEMENT_3D('',#9782,#9783,#9784);
#9786=TOROIDAL_SURFACE('',#9785,8.772999999999973,2.0);
#9787=CARTESIAN_POINT('',(-68.75,-133.72700000000003,-18.0));
#9788=VERTEX_POINT('',#9787);
#9789=CARTESIAN_POINT('',(-66.75,-133.72700000000003,-15.999999999999979));
#9790=VERTEX_POINT('',#9789);
#9791=CARTESIAN_POINT('',(-68.75,-133.72700000000003,-15.999999999999979));
#9792=DIRECTION('',(0.0,-1.0,0.0));
#9793=DIRECTION('',(0.0,0.0,-1.0));
#9794=AXIS2_PLACEMENT_3D('',#9791,#9792,#9793);
#9795=CIRCLE('',#9794,2.00000000000002);
#9796=EDGE_CURVE('',#9788,#9790,#9795,.T.);
#9797=ORIENTED_EDGE('',*,*,#9796,.T.);
#9798=CARTESIAN_POINT('',(-66.75,-133.72700000000003,-7.227000000000004));
#9799=DIRECTION('',(-1.0,-2.176518E-030,-2.176518E-030));
#9800=DIRECTION('',(3.078062E-030,-0.707106781186547,-0.707106781186547));
#9801=AXIS2_PLACEMENT_3D('',#9798,#9799,#9800);
#9802=CIRCLE('',#9801,8.772999999999973);
#9803=EDGE_CURVE('',#9790,#9758,#9802,.T.);
#9804=ORIENTED_EDGE('',*,*,#9803,.T.);
#9805=ORIENTED_EDGE('',*,*,#9764,.F.);
#9806=CARTESIAN_POINT('',(-68.75,-133.72700000000003,-7.227000000000004));
#9807=DIRECTION('',(1.0,0.0,0.0));
#9808=DIRECTION('',(0.0,-0.707106781186548,-0.707106781186547));
#9809=AXIS2_PLACEMENT_3D('',#9806,#9807,#9808);
#9810=CIRCLE('',#9809,10.772999999999975);
#9811=EDGE_CURVE('',#9756,#9788,#9810,.T.);
#9812=ORIENTED_EDGE('',*,*,#9811,.T.);
#9813=EDGE_LOOP('',(#9797,#9804,#9805,#9812));
#9814=FACE_OUTER_BOUND('',#9813,.T.);
#9815=ADVANCED_FACE('',(#9814),#9786,.T.);
#9816=CARTESIAN_POINT('',(-68.75,-125.79576423770965,-16.000000000000107));
#9817=DIRECTION('',(-1.510641E-029,1.0,-1.361355E-014));
#9818=DIRECTION('',(0.707106781186546,-1.256074E-014,-0.707106781186549));
#9819=AXIS2_PLACEMENT_3D('',#9816,#9817,#9818);
#9820=CYLINDRICAL_SURFACE('',#9819,2.0);
#9821=CARTESIAN_POINT('',(-68.75,-133.40078878425319,-18.000000000000004));
#9822=VERTEX_POINT('',#9821);
#9823=CARTESIAN_POINT('',(-66.75,-133.40078878425317,-16.000000000000004));
#9824=VERTEX_POINT('',#9823);
#9825=CARTESIAN_POINT('',(-68.75,-133.40078878425317,-16.000000000000004));
#9826=DIRECTION('',(0.0,-1.0,0.0));
#9827=DIRECTION('',(0.0,0.0,-1.0));
#9828=AXIS2_PLACEMENT_3D('',#9825,#9826,#9827);
#9829=CIRCLE('',#9828,2.0);
#9830=EDGE_CURVE('',#9822,#9824,#9829,.T.);
#9831=ORIENTED_EDGE('',*,*,#9830,.T.);
#9832=CARTESIAN_POINT('',(-66.75,-133.40078878425317,-16.000000000000004));
#9833=DIRECTION('',(0.0,-1.0,0.0));
#9834=VECTOR('',#9833,0.326211215746866);
#9835=LINE('',#9832,#9834);
#9836=EDGE_CURVE('',#9824,#9790,#9835,.T.);
#9837=ORIENTED_EDGE('',*,*,#9836,.T.);
#9838=ORIENTED_EDGE('',*,*,#9796,.F.);
#9839=CARTESIAN_POINT('',(-68.75,-133.727,-18.0));
#9840=DIRECTION('',(0.0,1.0,0.0));
#9841=VECTOR('',#9840,0.32621121574681);
#9842=LINE('',#9839,#9841);
#9843=EDGE_CURVE('',#9788,#9822,#9842,.T.);
#9844=ORIENTED_EDGE('',*,*,#9843,.T.);
#9845=EDGE_LOOP('',(#9831,#9837,#9838,#9844));
#9846=FACE_OUTER_BOUND('',#9845,.T.);
#9847=ADVANCED_FACE('',(#9846),#9820,.T.);
#9848=CARTESIAN_POINT('',(-68.75,-133.40078878425319,-7.227000000000001));
#9849=DIRECTION('',(1.0,1.510641E-029,-1.075337E-029));
#9850=DIRECTION('',(0.0,0.0,-1.0));
#9851=AXIS2_PLACEMENT_3D('',#9848,#9849,#9850);
#9852=TOROIDAL_SURFACE('',#9851,8.772999999999994,2.0);
#9853=CARTESIAN_POINT('',(-68.75,-122.62942956433338,-7.415014774548864));
#9854=VERTEX_POINT('',#9853);
#9855=CARTESIAN_POINT('',(-66.75,-124.62912495464619,-7.380109961674295));
#9856=VERTEX_POINT('',#9855);
#9857=CARTESIAN_POINT('',(-68.75,-124.62912495464619,-7.380109961674295));
#9858=DIRECTION('',(0.0,-0.017452406437284,-0.999847695156391));
#9859=DIRECTION('',(0.0,0.999847695156391,-0.017452406437284));
#9860=AXIS2_PLACEMENT_3D('',#9857,#9858,#9859);
#9861=CIRCLE('',#9860,2.000000000000012);
#9862=EDGE_CURVE('',#9854,#9856,#9861,.T.);
#9863=ORIENTED_EDGE('',*,*,#9862,.T.);
#9864=CARTESIAN_POINT('',(-66.75,-133.40078878425319,-7.227000000000001));
#9865=DIRECTION('',(-1.0,-1.279725E-029,1.302258E-029));
#9866=DIRECTION('',(-1.825807E-029,0.700909264299851,-0.713250449154182));
#9867=AXIS2_PLACEMENT_3D('',#9864,#9865,#9866);
#9868=CIRCLE('',#9867,8.772999999999994);
#9869=EDGE_CURVE('',#9856,#9824,#9868,.T.);
#9870=ORIENTED_EDGE('',*,*,#9869,.T.);
#9871=ORIENTED_EDGE('',*,*,#9830,.F.);
#9872=CARTESIAN_POINT('',(-68.75,-133.40078878425319,-7.227000000000001));
#9873=DIRECTION('',(1.0,0.0,0.0));
#9874=DIRECTION('',(0.0,0.700909264299851,-0.713250449154181));
#9875=AXIS2_PLACEMENT_3D('',#9872,#9873,#9874);
#9876=CIRCLE('',#9875,10.772999999999994);
#9877=EDGE_CURVE('',#9822,#9854,#9876,.T.);
#9878=ORIENTED_EDGE('',*,*,#9877,.T.);
#9879=EDGE_LOOP('',(#9863,#9870,#9871,#9878));
#9880=FACE_OUTER_BOUND('',#9879,.T.);
#9881=ADVANCED_FACE('',(#9880),#9852,.T.);
#9882=CARTESIAN_POINT('',(-68.75,-124.50268245251046,-0.136223865821838));
#9883=DIRECTION('',(1.048809E-029,0.017452406437283,0.999847695156391));
#9884=DIRECTION('',(0.707106781186544,0.706999085398828,-0.012340714939826));
#9885=AXIS2_PLACEMENT_3D('',#9882,#9883,#9884);
#9886=CYLINDRICAL_SURFACE('',#9885,2.0);
#9887=CARTESIAN_POINT('',(-66.75,-124.50030465608776,3.469447E-017));
#9888=VERTEX_POINT('',#9887);
#9889=CARTESIAN_POINT('',(-68.75,-122.5,0.0));
#9890=VERTEX_POINT('',#9889);
#9891=CARTESIAN_POINT('',(-68.75,-124.50030465608776,0.0));
#9892=DIRECTION('',(0.0,0.0,1.0));
#9893=DIRECTION('',(-2.892384E-013,1.0,0.0));
#9894=AXIS2_PLACEMENT_3D('',#9891,#9892,#9893);
#9895=ELLIPSE('',#9894,2.000304656087816,2.0);
#9896=EDGE_CURVE('',#9888,#9890,#9895,.T.);
#9897=ORIENTED_EDGE('',*,*,#9896,.F.);
#9898=CARTESIAN_POINT('',(-66.75,-124.50030465608776,8.326673E-017));
#9899=DIRECTION('',(0.0,-0.017452406437283,-0.999847695156391));
#9900=VECTOR('',#9899,7.381234159388582);
#9901=LINE('',#9898,#9900);
#9902=EDGE_CURVE('',#9888,#9856,#9901,.T.);
#9903=ORIENTED_EDGE('',*,*,#9902,.T.);
#9904=ORIENTED_EDGE('',*,*,#9862,.F.);
#9905=CARTESIAN_POINT('',(-68.75,-122.62942956433339,-7.415014774548866));
#9906=DIRECTION('',(0.0,0.017452406437284,0.999847695156391));
#9907=VECTOR('',#9906,7.416144289245019);
#9908=LINE('',#9905,#9907);
#9909=EDGE_CURVE('',#9854,#9890,#9908,.T.);
#9910=ORIENTED_EDGE('',*,*,#9909,.T.);
#9911=EDGE_LOOP('',(#9897,#9903,#9904,#9910));
#9912=FACE_OUTER_BOUND('',#9911,.T.);
#9913=ADVANCED_FACE('',(#9912),#9886,.T.);
#9914=CARTESIAN_POINT('',(-66.75,-122.62942956433338,-7.415014774548864));
#9915=DIRECTION('',(0.0,0.999847695156391,-0.017452406437283));
#9916=DIRECTION('',(0.0,0.017452406437283,0.999847695156391));
#9917=AXIS2_PLACEMENT_3D('',#9914,#9915,#9916);
#9918=PLANE('',#9917);
#9919=ORIENTED_EDGE('',*,*,#9638,.F.);
#9920=CARTESIAN_POINT('',(-79.049999999999983,-122.5,0.0));
#9921=DIRECTION('',(1.0,0.0,0.0));
#9922=VECTOR('',#9921,10.299999999999983);
#9923=LINE('',#9920,#9922);
#9924=EDGE_CURVE('',#9626,#9890,#9923,.T.);
#9925=ORIENTED_EDGE('',*,*,#9924,.T.);
#9926=ORIENTED_EDGE('',*,*,#9909,.F.);
#9927=CARTESIAN_POINT('',(-68.75,-122.62942956433338,-7.415014774548864));
#9928=DIRECTION('',(-1.0,0.0,0.0));
#9929=VECTOR('',#9928,10.299999999999983);
#9930=LINE('',#9927,#9929);
#9931=EDGE_CURVE('',#9854,#9592,#9930,.T.);
#9932=ORIENTED_EDGE('',*,*,#9931,.T.);
#9933=EDGE_LOOP('',(#9919,#9925,#9926,#9932));
#9934=FACE_OUTER_BOUND('',#9933,.T.);
#9935=ADVANCED_FACE('',(#9934),#9918,.T.);
#9936=CARTESIAN_POINT('',(-66.75,-133.40078878425319,-7.227000000000001));
#9937=DIRECTION('',(-1.0,0.0,0.0));
#9938=DIRECTION('',(0.0,0.0,-1.0));
#9939=AXIS2_PLACEMENT_3D('',#9936,#9937,#9938);
#9940=CYLINDRICAL_SURFACE('',#9939,10.772999999999994);
#9941=ORIENTED_EDGE('',*,*,#9605,.F.);
#9942=ORIENTED_EDGE('',*,*,#9931,.F.);
#9943=ORIENTED_EDGE('',*,*,#9877,.F.);
#9944=CARTESIAN_POINT('',(-68.75,-133.40078878425319,-18.000000000000004));
#9945=DIRECTION('',(-1.0,0.0,0.0));
#9946=VECTOR('',#9945,10.299999999999983);
#9947=LINE('',#9944,#9946);
#9948=EDGE_CURVE('',#9822,#9560,#9947,.T.);
#9949=ORIENTED_EDGE('',*,*,#9948,.T.);
#9950=EDGE_LOOP('',(#9941,#9942,#9943,#9949));
#9951=FACE_OUTER_BOUND('',#9950,.T.);
#9952=ADVANCED_FACE('',(#9951),#9940,.T.);
#9953=CARTESIAN_POINT('',(-66.75,-133.72700000000003,-18.0));
#9954=DIRECTION('',(0.0,0.0,-1.0));
#9955=DIRECTION('',(-1.0,0.0,0.0));
#9956=AXIS2_PLACEMENT_3D('',#9953,#9954,#9955);
#9957=PLANE('',#9956);
#9958=ORIENTED_EDGE('',*,*,#9572,.F.);
#9959=ORIENTED_EDGE('',*,*,#9948,.F.);
#9960=ORIENTED_EDGE('',*,*,#9843,.F.);
#9961=CARTESIAN_POINT('',(-68.75,-133.72700000000003,-18.0));
#9962=DIRECTION('',(-1.0,0.0,0.0));
#9963=VECTOR('',#9962,10.299999999999983);
#9964=LINE('',#9961,#9963);
#9965=EDGE_CURVE('',#9788,#9526,#9964,.T.);
#9966=ORIENTED_EDGE('',*,*,#9965,.T.);
#9967=EDGE_LOOP('',(#9958,#9959,#9960,#9966));
#9968=FACE_OUTER_BOUND('',#9967,.T.);
#9969=ADVANCED_FACE('',(#9968),#9957,.T.);
#9970=CARTESIAN_POINT('',(-66.75,-133.72700000000003,-7.227000000000004));
#9971=DIRECTION('',(-1.0,0.0,0.0));
#9972=DIRECTION('',(0.0,-1.0,0.0));
#9973=AXIS2_PLACEMENT_3D('',#9970,#9971,#9972);
#9974=CYLINDRICAL_SURFACE('',#9973,10.772999999999975);
#9975=ORIENTED_EDGE('',*,*,#9539,.F.);
#9976=ORIENTED_EDGE('',*,*,#9965,.F.);
#9977=ORIENTED_EDGE('',*,*,#9811,.F.);
#9978=CARTESIAN_POINT('',(-68.75,-144.5,-7.227000000000005));
#9979=DIRECTION('',(-1.0,0.0,0.0));
#9980=VECTOR('',#9979,10.299999999999983);
#9981=LINE('',#9978,#9980);
#9982=EDGE_CURVE('',#9756,#9494,#9981,.T.);
#9983=ORIENTED_EDGE('',*,*,#9982,.T.);
#9984=EDGE_LOOP('',(#9975,#9976,#9977,#9983));
#9985=FACE_OUTER_BOUND('',#9984,.T.);
#9986=ADVANCED_FACE('',(#9985),#9974,.T.);
#9987=CARTESIAN_POINT('',(-66.75,-144.5,0.999999999999996));
#9988=DIRECTION('',(0.0,-1.0,0.0));
#9989=DIRECTION('',(0.0,0.0,-1.0));
#9990=AXIS2_PLACEMENT_3D('',#9987,#9988,#9989);
#9991=PLANE('',#9990);
#9992=ORIENTED_EDGE('',*,*,#9506,.F.);
#9993=ORIENTED_EDGE('',*,*,#9982,.F.);
#9994=ORIENTED_EDGE('',*,*,#9777,.F.);
#9995=CARTESIAN_POINT('',(-68.75,-144.5,0.999999999999996));
#9996=DIRECTION('',(-1.0,0.0,0.0));
#9997=VECTOR('',#9996,10.299999999999983);
#9998=LINE('',#9995,#9997);
#9999=EDGE_CURVE('',#9722,#9460,#9998,.T.);
#10000=ORIENTED_EDGE('',*,*,#9999,.T.);
#10001=EDGE_LOOP('',(#9992,#9993,#9994,#10000));
#10002=FACE_OUTER_BOUND('',#10001,.T.);
#10003=ADVANCED_FACE('',(#10002),#9991,.T.);
#10004=CARTESIAN_POINT('',(-66.75,-129.5,0.999999999999998));
#10005=DIRECTION('',(-1.0,0.0,0.0));
#10006=DIRECTION('',(0.0,0.0,1.0));
#10007=AXIS2_PLACEMENT_3D('',#10004,#10005,#10006);
#10008=CYLINDRICAL_SURFACE('',#10007,14.999999999999982);
#10009=ORIENTED_EDGE('',*,*,#9473,.F.);
#10010=ORIENTED_EDGE('',*,*,#9999,.F.);
#10011=ORIENTED_EDGE('',*,*,#9745,.F.);
#10012=ORIENTED_EDGE('',*,*,#8631,.T.);
#10013=EDGE_LOOP('',(#10009,#10010,#10011,#10012));
#10014=FACE_OUTER_BOUND('',#10013,.T.);
#10015=ADVANCED_FACE('',(#10014),#10008,.T.);
#10016=CARTESIAN_POINT('',(-66.75,-134.0,-9.000000000000004));
#10017=DIRECTION('',(-1.0,0.0,0.0));
#10018=DIRECTION('',(0.0,-1.0,0.0));
#10019=AXIS2_PLACEMENT_3D('',#10016,#10017,#10018);
#10020=CYLINDRICAL_SURFACE('',#10019,4.5);
#10021=ORIENTED_EDGE('',*,*,#9685,.F.);
#10022=EDGE_LOOP('',(#10021));
#10023=FACE_OUTER_BOUND('',#10022,.T.);
#10024=CARTESIAN_POINT('',(-66.75,-129.5,-9.000000000000004));
#10025=VERTEX_POINT('',#10024);
#10026=CARTESIAN_POINT('',(-66.75,-134.0,-9.000000000000004));
#10027=DIRECTION('',(-1.0,0.0,0.0));
#10028=DIRECTION('',(0.0,-1.0,0.0));
#10029=AXIS2_PLACEMENT_3D('',#10026,#10027,#10028);
#10030=CIRCLE('',#10029,4.5);
#10031=EDGE_CURVE('',#10025,#10025,#10030,.T.);
#10032=ORIENTED_EDGE('',*,*,#10031,.F.);
#10033=EDGE_LOOP('',(#10032));
#10034=FACE_BOUND('',#10033,.T.);
#10035=ADVANCED_FACE('',(#10023,#10034),#10020,.F.);
#10036=CARTESIAN_POINT('',(-66.75,-117.86452847541896,6.993999883441453));
#10037=DIRECTION('',(1.0,0.0,0.0));
#10038=DIRECTION('',(0.0,0.0,-1.0));
#10039=AXIS2_PLACEMENT_3D('',#10036,#10037,#10038);
#10040=PLANE('',#10039);
#10041=CARTESIAN_POINT('',(-66.75,-122.49999999999994,0.0));
#10042=DIRECTION('',(0.0,-1.0,0.0));
#10043=VECTOR('',#10042,2.00030465608782);
#10044=LINE('',#10041,#10043);
#10045=EDGE_CURVE('',#9000,#9888,#10044,.T.);
#10046=ORIENTED_EDGE('',*,*,#10045,.F.);
#10047=ORIENTED_EDGE('',*,*,#9005,.F.);
#10048=ORIENTED_EDGE('',*,*,#9710,.F.);
#10049=ORIENTED_EDGE('',*,*,#9737,.F.);
#10050=ORIENTED_EDGE('',*,*,#9770,.F.);
#10051=ORIENTED_EDGE('',*,*,#9803,.F.);
#10052=ORIENTED_EDGE('',*,*,#9836,.F.);
#10053=ORIENTED_EDGE('',*,*,#9869,.F.);
#10054=ORIENTED_EDGE('',*,*,#9902,.F.);
#10055=EDGE_LOOP('',(#10046,#10047,#10048,#10049,#10050,#10051,#10052,#10053,#10054));
#10056=FACE_OUTER_BOUND('',#10055,.T.);
#10057=ORIENTED_EDGE('',*,*,#10031,.T.);
#10058=EDGE_LOOP('',(#10057));
#10059=FACE_BOUND('',#10058,.T.);
#10060=ADVANCED_FACE('',(#10056,#10059),#10040,.T.);
#10061=CARTESIAN_POINT('',(100.09999999999998,-122.49999999999997,0.0));
#10062=DIRECTION('',(1.774312E-016,-0.999847695156391,0.017452406437284));
#10063=DIRECTION('',(3.097073E-018,-0.017452406437284,-0.999847695156391));
#10064=AXIS2_PLACEMENT_3D('',#10061,#10062,#10063);
#10065=PLANE('',#10064);
#10066=ORIENTED_EDGE('',*,*,#9674,.T.);
#10067=ORIENTED_EDGE('',*,*,#9418,.F.);
#10068=CARTESIAN_POINT('',(-100.10000000000002,-122.24644460920958,14.526178609655926));
#10069=VERTEX_POINT('',#10068);
#10070=CARTESIAN_POINT('',(-100.10000000000002,-122.24644460920958,14.526178609655926));
#10071=DIRECTION('',(1.0,0.0,0.0));
#10072=VECTOR('',#10071,19.120457030605309);
#10073=LINE('',#10070,#10072);
#10074=EDGE_CURVE('',#10069,#9410,#10073,.T.);
#10075=ORIENTED_EDGE('',*,*,#10074,.F.);
#10076=CARTESIAN_POINT('',(-100.10000000000002,-122.5,0.0));
#10077=VERTEX_POINT('',#10076);
#10078=CARTESIAN_POINT('',(-100.10000000000002,-122.5,0.0));
#10079=DIRECTION('',(0.0,0.017452406437283,0.999847695156391));
#10080=VECTOR('',#10079,14.52839135402899);
#10081=LINE('',#10078,#10080);
#10082=EDGE_CURVE('',#10077,#10069,#10081,.T.);
#10083=ORIENTED_EDGE('',*,*,#10082,.F.);
#10084=CARTESIAN_POINT('',(-100.10000000000002,-122.5,0.0));
#10085=DIRECTION('',(1.0,0.0,0.0));
#10086=VECTOR('',#10085,19.050000000000011);
#10087=LINE('',#10084,#10086);
#10088=EDGE_CURVE('',#10077,#9656,#10087,.T.);
#10089=ORIENTED_EDGE('',*,*,#10088,.T.);
#10090=EDGE_LOOP('',(#10066,#10067,#10075,#10083,#10089));
#10091=FACE_OUTER_BOUND('',#10090,.T.);
#10092=ADVANCED_FACE('',(#10091),#10065,.T.);
#10093=CARTESIAN_POINT('',(-51.574999999999996,91.965394526231407,2.0));
#10094=DIRECTION('',(-1.0,4.305276E-016,0.0));
#10095=DIRECTION('',(0.0,-0.700909264299847,-0.713250449154186));
#10096=AXIS2_PLACEMENT_3D('',#10093,#10094,#10095);
#10097=CYLINDRICAL_SURFACE('',#10096,2.0);
#10098=CARTESIAN_POINT('',(103.15000000000005,91.965394526231336,0.0));
#10099=VERTEX_POINT('',#10098);
#10100=CARTESIAN_POINT('',(103.15000000000003,89.965699135918555,1.965095187125434));
#10101=VERTEX_POINT('',#10100);
#10102=CARTESIAN_POINT('',(103.15000000000005,91.965394526231336,2.0));
#10103=DIRECTION('',(-1.0,0.0,0.0));
#10104=DIRECTION('',(0.0,0.0,-1.0));
#10105=AXIS2_PLACEMENT_3D('',#10102,#10103,#10104);
#10106=CIRCLE('',#10105,2.0);
#10107=EDGE_CURVE('',#10099,#10101,#10106,.T.);
#10108=ORIENTED_EDGE('',*,*,#10107,.T.);
#10109=CARTESIAN_POINT('',(-103.14999999999999,89.965699135918641,1.965095187125434));
#10110=VERTEX_POINT('',#10109);
#10111=CARTESIAN_POINT('',(103.15000000000003,89.965699135918555,1.965095187125433));
#10112=DIRECTION('',(-1.0,0.0,0.0));
#10113=VECTOR('',#10112,206.30000000000001);
#10114=LINE('',#10111,#10113);
#10115=EDGE_CURVE('',#10101,#10110,#10114,.T.);
#10116=ORIENTED_EDGE('',*,*,#10115,.T.);
#10117=CARTESIAN_POINT('',(-103.14999999999999,91.965394526231421,0.0));
#10118=VERTEX_POINT('',#10117);
#10119=CARTESIAN_POINT('',(-103.14999999999999,91.965394526231421,2.0));
#10120=DIRECTION('',(1.0,0.0,0.0));
#10121=DIRECTION('',(0.0,-0.999847695156391,-0.017452406437283));
#10122=AXIS2_PLACEMENT_3D('',#10119,#10120,#10121);
#10123=CIRCLE('',#10122,1.999999999999994);
#10124=EDGE_CURVE('',#10110,#10118,#10123,.T.);
#10125=ORIENTED_EDGE('',*,*,#10124,.T.);
#10126=CARTESIAN_POINT('',(-103.14999999999999,91.965394526231435,0.0));
#10127=DIRECTION('',(1.0,0.0,0.0));
#10128=VECTOR('',#10127,206.30000000000001);
#10129=LINE('',#10126,#10128);
#10130=EDGE_CURVE('',#10118,#10099,#10129,.T.);
#10131=ORIENTED_EDGE('',*,*,#10130,.T.);
#10132=EDGE_LOOP('',(#10108,#10116,#10125,#10131));
#10133=FACE_OUTER_BOUND('',#10132,.T.);
#10134=ADVANCED_FACE('',(#10133),#10097,.T.);
#10135=CARTESIAN_POINT('',(-103.14999999999995,85.0,2.0));
#10136=DIRECTION('',(0.0,0.0,1.0));
#10137=DIRECTION('',(1.0,0.0,0.0));
#10138=AXIS2_PLACEMENT_3D('',#10135,#10136,#10137);
#10139=TOROIDAL_SURFACE('',#10138,6.965394526231435,2.0);
#10140=CARTESIAN_POINT('',(-108.11569913591859,85.0,1.965095187125433));
#10141=VERTEX_POINT('',#10140);
#10142=CARTESIAN_POINT('',(-110.11539452623137,85.0,0.0));
#10143=VERTEX_POINT('',#10142);
#10144=CARTESIAN_POINT('',(-110.11539452623137,85.0,2.0));
#10145=DIRECTION('',(0.0,1.0,0.0));
#10146=DIRECTION('',(0.999847695156391,0.0,-0.017452406437283));
#10147=AXIS2_PLACEMENT_3D('',#10144,#10145,#10146);
#10148=CIRCLE('',#10147,1.999999999999994);
#10149=EDGE_CURVE('',#10141,#10143,#10148,.T.);
#10150=ORIENTED_EDGE('',*,*,#10149,.T.);
#10151=CARTESIAN_POINT('',(-103.14999999999995,85.0,0.0));
#10152=DIRECTION('',(0.0,0.0,-1.0));
#10153=DIRECTION('',(-0.707106781186553,0.707106781186542,0.0));
#10154=AXIS2_PLACEMENT_3D('',#10151,#10152,#10153);
#10155=CIRCLE('',#10154,6.965394526231436);
#10156=EDGE_CURVE('',#10143,#10118,#10155,.T.);
#10157=ORIENTED_EDGE('',*,*,#10156,.T.);
#10158=ORIENTED_EDGE('',*,*,#10124,.F.);
#10159=CARTESIAN_POINT('',(-103.14999999999995,85.0,1.965095187125433));
#10160=DIRECTION('',(0.0,0.0,1.0));
#10161=DIRECTION('',(-0.707106781186553,0.707106781186542,0.0));
#10162=AXIS2_PLACEMENT_3D('',#10159,#10160,#10161);
#10163=CIRCLE('',#10162,4.965699135918653);
#10164=EDGE_CURVE('',#10110,#10141,#10163,.T.);
#10165=ORIENTED_EDGE('',*,*,#10164,.T.);
#10166=EDGE_LOOP('',(#10150,#10157,#10158,#10165));
#10167=FACE_OUTER_BOUND('',#10166,.T.);
#10168=ADVANCED_FACE('',(#10167),#10139,.T.);
#10169=CARTESIAN_POINT('',(-110.11539452623137,-42.500000000000014,2.0));
#10170=DIRECTION('',(0.0,-1.0,0.0));
#10171=DIRECTION('',(0.700909264299853,0.0,-0.71325044915418));
#10172=AXIS2_PLACEMENT_3D('',#10169,#10170,#10171);
#10173=CYLINDRICAL_SURFACE('',#10172,2.0);
#10174=CARTESIAN_POINT('',(-108.11569913591859,-85.000000000000028,1.965095187125434));
#10175=VERTEX_POINT('',#10174);
#10176=CARTESIAN_POINT('',(-110.11539452623137,-85.000000000000028,0.0));
#10177=VERTEX_POINT('',#10176);
#10178=CARTESIAN_POINT('',(-110.11539452623137,-85.000000000000028,2.0));
#10179=DIRECTION('',(0.0,1.0,0.0));
#10180=DIRECTION('',(0.999847695156391,0.0,-0.017452406437283));
#10181=AXIS2_PLACEMENT_3D('',#10178,#10179,#10180);
#10182=CIRCLE('',#10181,1.999999999999994);
#10183=EDGE_CURVE('',#10175,#10177,#10182,.T.);
#10184=ORIENTED_EDGE('',*,*,#10183,.T.);
#10185=CARTESIAN_POINT('',(-110.11539452623137,-85.000000000000028,0.0));
#10186=DIRECTION('',(0.0,1.0,0.0));
#10187=VECTOR('',#10186,170.00000000000003);
#10188=LINE('',#10185,#10187);
#10189=EDGE_CURVE('',#10177,#10143,#10188,.T.);
#10190=ORIENTED_EDGE('',*,*,#10189,.T.);
#10191=ORIENTED_EDGE('',*,*,#10149,.F.);
#10192=CARTESIAN_POINT('',(-108.11569913591859,85.0,1.965095187125433));
#10193=DIRECTION('',(0.0,-1.0,0.0));
#10194=VECTOR('',#10193,170.00000000000003);
#10195=LINE('',#10192,#10194);
#10196=EDGE_CURVE('',#10141,#10175,#10195,.T.);
#10197=ORIENTED_EDGE('',*,*,#10196,.T.);
#10198=EDGE_LOOP('',(#10184,#10190,#10191,#10197));
#10199=FACE_OUTER_BOUND('',#10198,.T.);
#10200=ADVANCED_FACE('',(#10199),#10173,.T.);
#10201=CARTESIAN_POINT('',(-103.14999999999998,-85.000000000000014,2.0));
#10202=DIRECTION('',(0.0,0.0,1.0));
#10203=DIRECTION('',(1.0,0.0,0.0));
#10204=AXIS2_PLACEMENT_3D('',#10201,#10202,#10203);
#10205=TOROIDAL_SURFACE('',#10204,6.9653945262314,2.0);
#10206=CARTESIAN_POINT('',(-103.14999999999999,-89.965699135918626,1.965095187125433));
#10207=VERTEX_POINT('',#10206);
#10208=CARTESIAN_POINT('',(-103.14999999999999,-91.965394526231421,0.0));
#10209=VERTEX_POINT('',#10208);
#10210=CARTESIAN_POINT('',(-103.14999999999999,-91.965394526231421,2.0));
#10211=DIRECTION('',(-1.0,0.0,0.0));
#10212=DIRECTION('',(0.0,0.999847695156391,-0.017452406437283));
#10213=AXIS2_PLACEMENT_3D('',#10210,#10211,#10212);
#10214=CIRCLE('',#10213,2.000000000000012);
#10215=EDGE_CURVE('',#10207,#10209,#10214,.T.);
#10216=ORIENTED_EDGE('',*,*,#10215,.T.);
#10217=CARTESIAN_POINT('',(-103.14999999999998,-85.000000000000014,0.0));
#10218=DIRECTION('',(0.0,0.0,-1.0));
#10219=DIRECTION('',(-0.707106781186547,-0.707106781186547,0.0));
#10220=AXIS2_PLACEMENT_3D('',#10217,#10218,#10219);
#10221=CIRCLE('',#10220,6.9653945262314);
#10222=EDGE_CURVE('',#10209,#10177,#10221,.T.);
#10223=ORIENTED_EDGE('',*,*,#10222,.T.);
#10224=ORIENTED_EDGE('',*,*,#10183,.F.);
#10225=CARTESIAN_POINT('',(-103.14999999999998,-85.000000000000014,1.965095187125433));
#10226=DIRECTION('',(0.0,0.0,1.0));
#10227=DIRECTION('',(-0.707106781186548,-0.707106781186548,0.0));
#10228=AXIS2_PLACEMENT_3D('',#10225,#10226,#10227);
#10229=CIRCLE('',#10228,4.965699135918615);
#10230=EDGE_CURVE('',#10175,#10207,#10229,.T.);
#10231=ORIENTED_EDGE('',*,*,#10230,.T.);
#10232=EDGE_LOOP('',(#10216,#10223,#10224,#10231));
#10233=FACE_OUTER_BOUND('',#10232,.T.);
#10234=ADVANCED_FACE('',(#10233),#10205,.T.);
#10235=CARTESIAN_POINT('',(51.574999999999982,-91.965394526231407,2.0));
#10236=DIRECTION('',(1.0,0.0,0.0));
#10237=DIRECTION('',(0.0,0.700909264299847,-0.713250449154186));
#10238=AXIS2_PLACEMENT_3D('',#10235,#10236,#10237);
#10239=CYLINDRICAL_SURFACE('',#10238,2.0);
#10240=CARTESIAN_POINT('',(103.14999999999999,-89.965699135918626,1.965095187125434));
#10241=VERTEX_POINT('',#10240);
#10242=CARTESIAN_POINT('',(103.14999999999999,-91.965394526231407,0.0));
#10243=VERTEX_POINT('',#10242);
#10244=CARTESIAN_POINT('',(103.14999999999999,-91.965394526231407,2.0));
#10245=DIRECTION('',(-1.0,0.0,0.0));
#10246=DIRECTION('',(0.0,0.999847695156391,-0.017452406437283));
#10247=AXIS2_PLACEMENT_3D('',#10244,#10245,#10246);
#10248=CIRCLE('',#10247,1.999999999999994);
#10249=EDGE_CURVE('',#10241,#10243,#10248,.T.);
#10250=ORIENTED_EDGE('',*,*,#10249,.T.);
#10251=CARTESIAN_POINT('',(103.15000000000001,-91.965394526231407,0.0));
#10252=DIRECTION('',(-1.0,0.0,0.0));
#10253=VECTOR('',#10252,206.29999999999998);
#10254=LINE('',#10251,#10253);
#10255=EDGE_CURVE('',#10243,#10209,#10254,.T.);
#10256=ORIENTED_EDGE('',*,*,#10255,.T.);
#10257=ORIENTED_EDGE('',*,*,#10215,.F.);
#10258=CARTESIAN_POINT('',(-103.14999999999998,-89.965699135918626,1.965095187125433));
#10259=DIRECTION('',(1.0,0.0,0.0));
#10260=VECTOR('',#10259,206.29999999999998);
#10261=LINE('',#10258,#10260);
#10262=EDGE_CURVE('',#10207,#10241,#10261,.T.);
#10263=ORIENTED_EDGE('',*,*,#10262,.T.);
#10264=EDGE_LOOP('',(#10250,#10256,#10257,#10263));
#10265=FACE_OUTER_BOUND('',#10264,.T.);
#10266=ADVANCED_FACE('',(#10265),#10239,.T.);
#10267=CARTESIAN_POINT('',(103.14999999999998,-85.000000000000014,2.0));
#10268=DIRECTION('',(0.0,0.0,1.0));
#10269=DIRECTION('',(1.0,0.0,0.0));
#10270=AXIS2_PLACEMENT_3D('',#10267,#10268,#10269);
#10271=TOROIDAL_SURFACE('',#10270,6.9653945262314,2.0);
#10272=ORIENTED_EDGE('',*,*,#9344,.T.);
#10273=CARTESIAN_POINT('',(103.14999999999998,-85.000000000000014,0.0));
#10274=DIRECTION('',(0.0,0.0,-1.0));
#10275=DIRECTION('',(0.707106781186547,-0.707106781186547,0.0));
#10276=AXIS2_PLACEMENT_3D('',#10273,#10274,#10275);
#10277=CIRCLE('',#10276,6.9653945262314);
#10278=EDGE_CURVE('',#9330,#10243,#10277,.T.);
#10279=ORIENTED_EDGE('',*,*,#10278,.T.);
#10280=ORIENTED_EDGE('',*,*,#10249,.F.);
#10281=CARTESIAN_POINT('',(103.14999999999998,-85.000000000000014,1.965095187125433));
#10282=DIRECTION('',(0.0,0.0,1.0));
#10283=DIRECTION('',(0.707106781186548,-0.707106781186548,0.0));
#10284=AXIS2_PLACEMENT_3D('',#10281,#10282,#10283);
#10285=CIRCLE('',#10284,4.965699135918615);
#10286=EDGE_CURVE('',#10241,#9338,#10285,.T.);
#10287=ORIENTED_EDGE('',*,*,#10286,.T.);
#10288=EDGE_LOOP('',(#10272,#10279,#10280,#10287));
#10289=FACE_OUTER_BOUND('',#10288,.T.);
#10290=ADVANCED_FACE('',(#10289),#10271,.T.);
#10291=CARTESIAN_POINT('',(103.15000000000001,84.999999999999943,2.0));
#10292=DIRECTION('',(0.0,0.0,1.0));
#10293=DIRECTION('',(1.0,0.0,0.0));
#10294=AXIS2_PLACEMENT_3D('',#10291,#10292,#10293);
#10295=TOROIDAL_SURFACE('',#10294,6.9653945262314,2.0);
#10296=ORIENTED_EDGE('',*,*,#10107,.F.);
#10297=CARTESIAN_POINT('',(103.15000000000001,84.999999999999943,0.0));
#10298=DIRECTION('',(0.0,0.0,-1.0));
#10299=DIRECTION('',(0.707106781186547,0.707106781186547,0.0));
#10300=AXIS2_PLACEMENT_3D('',#10297,#10298,#10299);
#10301=CIRCLE('',#10300,6.9653945262314);
#10302=EDGE_CURVE('',#10099,#9321,#10301,.T.);
#10303=ORIENTED_EDGE('',*,*,#10302,.T.);
#10304=ORIENTED_EDGE('',*,*,#9327,.F.);
#10305=CARTESIAN_POINT('',(103.15000000000001,84.999999999999943,1.965095187125433));
#10306=DIRECTION('',(0.0,0.0,1.0));
#10307=DIRECTION('',(0.707106781186548,0.707106781186548,0.0));
#10308=AXIS2_PLACEMENT_3D('',#10305,#10306,#10307);
#10309=CIRCLE('',#10308,4.965699135918615);
#10310=EDGE_CURVE('',#9313,#10101,#10309,.T.);
#10311=ORIENTED_EDGE('',*,*,#10310,.T.);
#10312=EDGE_LOOP('',(#10296,#10303,#10304,#10311));
#10313=FACE_OUTER_BOUND('',#10312,.T.);
#10314=ADVANCED_FACE('',(#10313),#10295,.T.);
#10315=CARTESIAN_POINT('',(-103.14999999999998,-85.000000000000014,0.0));
#10316=DIRECTION('',(0.0,0.0,-1.0));
#10317=DIRECTION('',(0.0,-1.0,0.0));
#10318=AXIS2_PLACEMENT_3D('',#10315,#10316,#10317);
#10319=CONICAL_SURFACE('',#10318,5.000000000000018,1.0);
#10320=ORIENTED_EDGE('',*,*,#10230,.F.);
#10321=CARTESIAN_POINT('',(-108.11448060436852,-85.000000000000028,2.03490481287456));
#10322=VERTEX_POINT('',#10321);
#10323=CARTESIAN_POINT('',(-108.11569913591859,-85.000000000000028,1.965095187125434));
#10324=DIRECTION('',(0.017452406437288,0.0,0.999847695156391));
#10325=VECTOR('',#10324,0.069820259712863);
#10326=LINE('',#10323,#10325);
#10327=EDGE_CURVE('',#10175,#10322,#10326,.T.);
#10328=ORIENTED_EDGE('',*,*,#10327,.T.);
#10329=CARTESIAN_POINT('',(-103.14999999999999,-89.964480604368561,2.034904812874567));
#10330=VERTEX_POINT('',#10329);
#10331=CARTESIAN_POINT('',(-103.14999999999998,-85.000000000000014,2.03490481287456));
#10332=DIRECTION('',(0.0,0.0,-1.0));
#10333=DIRECTION('',(-0.707106781186548,-0.707106781186548,0.0));
#10334=AXIS2_PLACEMENT_3D('',#10331,#10332,#10333);
#10335=CIRCLE('',#10334,4.964480604368538);
#10336=EDGE_CURVE('',#10330,#10322,#10335,.T.);
#10337=ORIENTED_EDGE('',*,*,#10336,.F.);
#10338=CARTESIAN_POINT('',(-103.14999999999999,-89.965699135918626,1.965095187125433));
#10339=DIRECTION('',(0.0,0.017452406437286,0.999847695156391));
#10340=VECTOR('',#10339,0.06982025971287);
#10341=LINE('',#10338,#10340);
#10342=EDGE_CURVE('',#10207,#10330,#10341,.T.);
#10343=ORIENTED_EDGE('',*,*,#10342,.F.);
#10344=EDGE_LOOP('',(#10320,#10328,#10337,#10343));
#10345=FACE_OUTER_BOUND('',#10344,.T.);
#10346=ADVANCED_FACE('',(#10345),#10319,.F.);
#10347=CARTESIAN_POINT('',(-108.14999999999999,-85.000000000000028,0.0));
#10348=DIRECTION('',(-0.999847695156391,0.0,0.017452406437284));
#10349=DIRECTION('',(0.017452406437284,0.0,0.999847695156391));
#10350=AXIS2_PLACEMENT_3D('',#10347,#10348,#10349);
#10351=PLANE('',#10350);
#10352=ORIENTED_EDGE('',*,*,#10196,.F.);
#10353=CARTESIAN_POINT('',(-108.11448060436852,85.0,2.034904812874568));
#10354=VERTEX_POINT('',#10353);
#10355=CARTESIAN_POINT('',(-108.11569913591859,85.0,1.965095187125434));
#10356=DIRECTION('',(0.017452406437286,0.0,0.999847695156391));
#10357=VECTOR('',#10356,0.069820259712871);
#10358=LINE('',#10355,#10357);
#10359=EDGE_CURVE('',#10141,#10354,#10358,.T.);
#10360=ORIENTED_EDGE('',*,*,#10359,.T.);
#10361=CARTESIAN_POINT('',(-108.11448060436852,-85.000000000000028,2.034904812874568));
#10362=DIRECTION('',(0.0,1.0,0.0));
#10363=VECTOR('',#10362,170.00000000000003);
#10364=LINE('',#10361,#10363);
#10365=EDGE_CURVE('',#10322,#10354,#10364,.T.);
#10366=ORIENTED_EDGE('',*,*,#10365,.F.);
#10367=ORIENTED_EDGE('',*,*,#10327,.F.);
#10368=EDGE_LOOP('',(#10352,#10360,#10366,#10367));
#10369=FACE_OUTER_BOUND('',#10368,.T.);
#10370=ADVANCED_FACE('',(#10369),#10351,.F.);
#10371=CARTESIAN_POINT('',(-103.14999999999995,85.0,0.0));
#10372=DIRECTION('',(0.0,0.0,-1.0));
#10373=DIRECTION('',(-1.0,0.0,0.0));
#10374=AXIS2_PLACEMENT_3D('',#10371,#10372,#10373);
#10375=CONICAL_SURFACE('',#10374,5.000000000000053,1.0);
#10376=ORIENTED_EDGE('',*,*,#10164,.F.);
#10377=CARTESIAN_POINT('',(-103.14999999999999,89.964480604368589,2.034904812874567));
#10378=VERTEX_POINT('',#10377);
#10379=CARTESIAN_POINT('',(-103.14999999999999,89.965699135918655,1.965095187125434));
#10380=DIRECTION('',(0.0,-0.017452406437287,0.999847695156391));
#10381=VECTOR('',#10380,0.06982025971287);
#10382=LINE('',#10379,#10381);
#10383=EDGE_CURVE('',#10110,#10378,#10382,.T.);
#10384=ORIENTED_EDGE('',*,*,#10383,.T.);
#10385=CARTESIAN_POINT('',(-103.14999999999995,85.0,2.03490481287456));
#10386=DIRECTION('',(0.0,0.0,-1.0));
#10387=DIRECTION('',(-0.707106781186549,0.707106781186546,0.0));
#10388=AXIS2_PLACEMENT_3D('',#10385,#10386,#10387);
#10389=CIRCLE('',#10388,4.964480604368577);
#10390=EDGE_CURVE('',#10354,#10378,#10389,.T.);
#10391=ORIENTED_EDGE('',*,*,#10390,.F.);
#10392=ORIENTED_EDGE('',*,*,#10359,.F.);
#10393=EDGE_LOOP('',(#10376,#10384,#10391,#10392));
#10394=FACE_OUTER_BOUND('',#10393,.T.);
#10395=ADVANCED_FACE('',(#10394),#10375,.F.);
#10396=CARTESIAN_POINT('',(-103.14999999999999,90.000000000000057,-2.775558E-016));
#10397=DIRECTION('',(4.304620E-016,0.999847695156391,0.017452406437284));
#10398=DIRECTION('',(-7.513742E-018,-0.017452406437284,0.999847695156391));
#10399=AXIS2_PLACEMENT_3D('',#10396,#10397,#10398);
#10400=PLANE('',#10399);
#10401=ORIENTED_EDGE('',*,*,#10115,.F.);
#10402=CARTESIAN_POINT('',(103.15000000000003,89.964480604368489,2.034904812874567));
#10403=VERTEX_POINT('',#10402);
#10404=CARTESIAN_POINT('',(103.15000000000003,89.96569913591857,1.965095187125434));
#10405=DIRECTION('',(0.0,-0.017452406437287,0.999847695156391));
#10406=VECTOR('',#10405,0.06982025971287);
#10407=LINE('',#10404,#10406);
#10408=EDGE_CURVE('',#10101,#10403,#10407,.T.);
#10409=ORIENTED_EDGE('',*,*,#10408,.T.);
#10410=CARTESIAN_POINT('',(-103.15000000000001,89.964480604368589,2.034904812874567));
#10411=DIRECTION('',(1.0,0.0,0.0));
#10412=VECTOR('',#10411,206.30000000000001);
#10413=LINE('',#10410,#10412);
#10414=EDGE_CURVE('',#10378,#10403,#10413,.T.);
#10415=ORIENTED_EDGE('',*,*,#10414,.F.);
#10416=ORIENTED_EDGE('',*,*,#10383,.F.);
#10417=EDGE_LOOP('',(#10401,#10409,#10415,#10416));
#10418=FACE_OUTER_BOUND('',#10417,.T.);
#10419=ADVANCED_FACE('',(#10418),#10400,.F.);
#10420=CARTESIAN_POINT('',(-2.775558E-014,3.330669E-015,0.0));
#10421=DIRECTION('',(0.0,0.0,1.0));
#10422=DIRECTION('',(1.0,0.0,0.0));
#10423=AXIS2_PLACEMENT_3D('',#10420,#10421,#10422);
#10424=PLANE('',#10423);
#10425=CARTESIAN_POINT('',(-142.50000000000003,80.100000000000023,0.0));
#10426=VERTEX_POINT('',#10425);
#10427=CARTESIAN_POINT('',(-142.49999999999997,-80.100000000000023,0.0));
#10428=VERTEX_POINT('',#10427);
#10429=CARTESIAN_POINT('',(-142.50000000000003,80.100000000000023,0.0));
#10430=DIRECTION('',(0.0,-1.0,0.0));
#10431=VECTOR('',#10430,160.20000000000005);
#10432=LINE('',#10429,#10431);
#10433=EDGE_CURVE('',#10426,#10428,#10432,.T.);
#10434=ORIENTED_EDGE('',*,*,#10433,.F.);
#10435=CARTESIAN_POINT('',(-100.10000000000005,122.5,0.0));
#10436=VERTEX_POINT('',#10435);
#10437=CARTESIAN_POINT('',(-100.10000000000005,80.100000000000023,0.0));
#10438=DIRECTION('',(0.0,0.0,1.0));
#10439=DIRECTION('',(0.0,1.0,0.0));
#10440=AXIS2_PLACEMENT_3D('',#10437,#10438,#10439);
#10441=CIRCLE('',#10440,42.400000000000006);
#10442=EDGE_CURVE('',#10436,#10426,#10441,.T.);
#10443=ORIENTED_EDGE('',*,*,#10442,.F.);
#10444=CARTESIAN_POINT('',(100.09999999999994,122.5,0.0));
#10445=VERTEX_POINT('',#10444);
#10446=CARTESIAN_POINT('',(100.09999999999994,122.5,0.0));
#10447=DIRECTION('',(-1.0,0.0,0.0));
#10448=VECTOR('',#10447,200.19999999999999);
#10449=LINE('',#10446,#10448);
#10450=EDGE_CURVE('',#10445,#10436,#10449,.T.);
#10451=ORIENTED_EDGE('',*,*,#10450,.F.);
#10452=CARTESIAN_POINT('',(142.49999999999997,80.100000000000023,0.0));
#10453=VERTEX_POINT('',#10452);
#10454=CARTESIAN_POINT('',(100.09999999999994,80.100000000000023,0.0));
#10455=DIRECTION('',(0.0,0.0,1.0));
#10456=DIRECTION('',(1.0,0.0,0.0));
#10457=AXIS2_PLACEMENT_3D('',#10454,#10455,#10456);
#10458=CIRCLE('',#10457,42.400000000000006);
#10459=EDGE_CURVE('',#10453,#10445,#10458,.T.);
#10460=ORIENTED_EDGE('',*,*,#10459,.F.);
#10461=CARTESIAN_POINT('',(142.5,-80.09999999999998,0.0));
#10462=VERTEX_POINT('',#10461);
#10463=CARTESIAN_POINT('',(142.5,-80.09999999999998,0.0));
#10464=DIRECTION('',(0.0,1.0,0.0));
#10465=VECTOR('',#10464,160.19999999999999);
#10466=LINE('',#10463,#10465);
#10467=EDGE_CURVE('',#10462,#10453,#10466,.T.);
#10468=ORIENTED_EDGE('',*,*,#10467,.F.);
#10469=CARTESIAN_POINT('',(100.09999999999998,-80.09999999999998,0.0));
#10470=DIRECTION('',(0.0,0.0,1.0));
#10471=DIRECTION('',(0.0,-1.0,0.0));
#10472=AXIS2_PLACEMENT_3D('',#10469,#10470,#10471);
#10473=CIRCLE('',#10472,42.400000000000006);
#10474=EDGE_CURVE('',#9023,#10462,#10473,.T.);
#10475=ORIENTED_EDGE('',*,*,#10474,.F.);
#10476=ORIENTED_EDGE('',*,*,#9028,.F.);
#10477=ORIENTED_EDGE('',*,*,#8905,.T.);
#10478=ORIENTED_EDGE('',*,*,#8408,.T.);
#10479=ORIENTED_EDGE('',*,*,#8436,.F.);
#10480=ORIENTED_EDGE('',*,*,#8113,.F.);
#10481=ORIENTED_EDGE('',*,*,#8142,.T.);
#10482=ORIENTED_EDGE('',*,*,#9011,.F.);
#10483=ORIENTED_EDGE('',*,*,#10045,.T.);
#10484=ORIENTED_EDGE('',*,*,#9896,.T.);
#10485=ORIENTED_EDGE('',*,*,#9924,.F.);
#10486=ORIENTED_EDGE('',*,*,#9632,.F.);
#10487=ORIENTED_EDGE('',*,*,#9661,.T.);
#10488=ORIENTED_EDGE('',*,*,#10088,.F.);
#10489=CARTESIAN_POINT('',(-100.10000000000002,-80.100000000000023,0.0));
#10490=DIRECTION('',(0.0,0.0,1.0));
#10491=DIRECTION('',(-1.0,0.0,0.0));
#10492=AXIS2_PLACEMENT_3D('',#10489,#10490,#10491);
#10493=CIRCLE('',#10492,42.400000000000006);
#10494=EDGE_CURVE('',#10428,#10077,#10493,.T.);
#10495=ORIENTED_EDGE('',*,*,#10494,.F.);
#10496=EDGE_LOOP('',(#10434,#10443,#10451,#10460,#10468,#10475,#10476,#10477,#10478,#10479,#10480,#10481,#10482,#10483,#10484,#10485,#10486,#10487,#10488,#10495));
#10497=FACE_OUTER_BOUND('',#10496,.T.);
#10498=CARTESIAN_POINT('',(-64.25,107.2,0.0));
#10499=VERTEX_POINT('',#10498);
#10500=CARTESIAN_POINT('',(-60.0,107.2,0.0));
#10501=DIRECTION('',(0.0,0.0,1.0));
#10502=DIRECTION('',(1.0,0.0,0.0));
#10503=AXIS2_PLACEMENT_3D('',#10500,#10501,#10502);
#10504=CIRCLE('',#10503,4.25);
#10505=EDGE_CURVE('',#10499,#10499,#10504,.T.);
#10506=ORIENTED_EDGE('',*,*,#10505,.T.);
#10507=EDGE_LOOP('',(#10506));
#10508=FACE_BOUND('',#10507,.T.);
#10509=CARTESIAN_POINT('',(-4.25,107.2,0.0));
#10510=VERTEX_POINT('',#10509);
#10511=CARTESIAN_POINT('',(0.0,107.2,0.0));
#10512=DIRECTION('',(0.0,0.0,1.0));
#10513=DIRECTION('',(1.0,0.0,0.0));
#10514=AXIS2_PLACEMENT_3D('',#10511,#10512,#10513);
#10515=CIRCLE('',#10514,4.25);
#10516=EDGE_CURVE('',#10510,#10510,#10515,.T.);
#10517=ORIENTED_EDGE('',*,*,#10516,.T.);
#10518=EDGE_LOOP('',(#10517));
#10519=FACE_BOUND('',#10518,.T.);
#10520=CARTESIAN_POINT('',(55.75,107.2,0.0));
#10521=VERTEX_POINT('',#10520);
#10522=CARTESIAN_POINT('',(60.0,107.2,0.0));
#10523=DIRECTION('',(0.0,0.0,1.0));
#10524=DIRECTION('',(1.0,0.0,0.0));
#10525=AXIS2_PLACEMENT_3D('',#10522,#10523,#10524);
#10526=CIRCLE('',#10525,4.25);
#10527=EDGE_CURVE('',#10521,#10521,#10526,.T.);
#10528=ORIENTED_EDGE('',*,*,#10527,.T.);
#10529=EDGE_LOOP('',(#10528));
#10530=FACE_BOUND('',#10529,.T.);
#10531=CARTESIAN_POINT('',(55.75,-107.2,0.0));
#10532=VERTEX_POINT('',#10531);
#10533=CARTESIAN_POINT('',(60.0,-107.2,0.0));
#10534=DIRECTION('',(0.0,0.0,1.0));
#10535=DIRECTION('',(1.0,0.0,0.0));
#10536=AXIS2_PLACEMENT_3D('',#10533,#10534,#10535);
#10537=CIRCLE('',#10536,4.25);
#10538=EDGE_CURVE('',#10532,#10532,#10537,.T.);
#10539=ORIENTED_EDGE('',*,*,#10538,.T.);
#10540=EDGE_LOOP('',(#10539));
#10541=FACE_BOUND('',#10540,.T.);
#10542=CARTESIAN_POINT('',(-4.25,-107.2,0.0));
#10543=VERTEX_POINT('',#10542);
#10544=CARTESIAN_POINT('',(0.0,-107.2,0.0));
#10545=DIRECTION('',(0.0,0.0,1.0));
#10546=DIRECTION('',(1.0,0.0,0.0));
#10547=AXIS2_PLACEMENT_3D('',#10544,#10545,#10546);
#10548=CIRCLE('',#10547,4.25);
#10549=EDGE_CURVE('',#10543,#10543,#10548,.T.);
#10550=ORIENTED_EDGE('',*,*,#10549,.T.);
#10551=EDGE_LOOP('',(#10550));
#10552=FACE_BOUND('',#10551,.T.);
#10553=CARTESIAN_POINT('',(114.95000000000002,-99.199999999999989,0.0));
#10554=VERTEX_POINT('',#10553);
#10555=CARTESIAN_POINT('',(119.20000000000002,-99.199999999999989,0.0));
#10556=DIRECTION('',(0.0,0.0,1.0));
#10557=DIRECTION('',(1.0,0.0,0.0));
#10558=AXIS2_PLACEMENT_3D('',#10555,#10556,#10557);
#10559=CIRCLE('',#10558,4.25);
#10560=EDGE_CURVE('',#10554,#10554,#10559,.T.);
#10561=ORIENTED_EDGE('',*,*,#10560,.T.);
#10562=EDGE_LOOP('',(#10561));
#10563=FACE_BOUND('',#10562,.T.);
#10564=CARTESIAN_POINT('',(-123.45000000000002,-99.199999999999989,0.0));
#10565=VERTEX_POINT('',#10564);
#10566=CARTESIAN_POINT('',(-119.20000000000002,-99.199999999999989,0.0));
#10567=DIRECTION('',(0.0,0.0,1.0));
#10568=DIRECTION('',(1.0,0.0,0.0));
#10569=AXIS2_PLACEMENT_3D('',#10566,#10567,#10568);
#10570=CIRCLE('',#10569,4.25);
#10571=EDGE_CURVE('',#10565,#10565,#10570,.T.);
#10572=ORIENTED_EDGE('',*,*,#10571,.T.);
#10573=EDGE_LOOP('',(#10572));
#10574=FACE_BOUND('',#10573,.T.);
#10575=CARTESIAN_POINT('',(123.0,35.0,0.0));
#10576=VERTEX_POINT('',#10575);
#10577=CARTESIAN_POINT('',(127.25000000000001,35.0,0.0));
#10578=DIRECTION('',(0.0,0.0,1.0));
#10579=DIRECTION('',(1.0,0.0,0.0));
#10580=AXIS2_PLACEMENT_3D('',#10577,#10578,#10579);
#10581=CIRCLE('',#10580,4.25);
#10582=EDGE_CURVE('',#10576,#10576,#10581,.T.);
#10583=ORIENTED_EDGE('',*,*,#10582,.T.);
#10584=EDGE_LOOP('',(#10583));
#10585=FACE_BOUND('',#10584,.T.);
#10586=CARTESIAN_POINT('',(123.0,-35.0,0.0));
#10587=VERTEX_POINT('',#10586);
#10588=CARTESIAN_POINT('',(127.25000000000001,-35.0,0.0));
#10589=DIRECTION('',(0.0,0.0,1.0));
#10590=DIRECTION('',(1.0,0.0,0.0));
#10591=AXIS2_PLACEMENT_3D('',#10588,#10589,#10590);
#10592=CIRCLE('',#10591,4.25);
#10593=EDGE_CURVE('',#10587,#10587,#10592,.T.);
#10594=ORIENTED_EDGE('',*,*,#10593,.T.);
#10595=EDGE_LOOP('',(#10594));
#10596=FACE_BOUND('',#10595,.T.);
#10597=CARTESIAN_POINT('',(-131.50000000000003,-35.0,0.0));
#10598=VERTEX_POINT('',#10597);
#10599=CARTESIAN_POINT('',(-127.25000000000001,-35.0,0.0));
#10600=DIRECTION('',(0.0,0.0,1.0));
#10601=DIRECTION('',(1.0,0.0,0.0));
#10602=AXIS2_PLACEMENT_3D('',#10599,#10600,#10601);
#10603=CIRCLE('',#10602,4.25);
#10604=EDGE_CURVE('',#10598,#10598,#10603,.T.);
#10605=ORIENTED_EDGE('',*,*,#10604,.T.);
#10606=EDGE_LOOP('',(#10605));
#10607=FACE_BOUND('',#10606,.T.);
#10608=CARTESIAN_POINT('',(-131.50000000000003,35.0,0.0));
#10609=VERTEX_POINT('',#10608);
#10610=CARTESIAN_POINT('',(-127.25000000000001,35.0,0.0));
#10611=DIRECTION('',(0.0,0.0,1.0));
#10612=DIRECTION('',(1.0,0.0,0.0));
#10613=AXIS2_PLACEMENT_3D('',#10610,#10611,#10612);
#10614=CIRCLE('',#10613,4.25);
#10615=EDGE_CURVE('',#10609,#10609,#10614,.T.);
#10616=ORIENTED_EDGE('',*,*,#10615,.T.);
#10617=EDGE_LOOP('',(#10616));
#10618=FACE_BOUND('',#10617,.T.);
#10619=CARTESIAN_POINT('',(-64.25,-107.2,0.0));
#10620=VERTEX_POINT('',#10619);
#10621=CARTESIAN_POINT('',(-60.0,-107.2,0.0));
#10622=DIRECTION('',(0.0,0.0,1.0));
#10623=DIRECTION('',(1.0,0.0,0.0));
#10624=AXIS2_PLACEMENT_3D('',#10621,#10622,#10623);
#10625=CIRCLE('',#10624,4.25);
#10626=EDGE_CURVE('',#10620,#10620,#10625,.T.);
#10627=ORIENTED_EDGE('',*,*,#10626,.T.);
#10628=EDGE_LOOP('',(#10627));
#10629=FACE_BOUND('',#10628,.T.);
#10630=CARTESIAN_POINT('',(-123.45000000000002,99.199999999999989,0.0));
#10631=VERTEX_POINT('',#10630);
#10632=CARTESIAN_POINT('',(-119.20000000000002,99.199999999999989,0.0));
#10633=DIRECTION('',(0.0,0.0,1.0));
#10634=DIRECTION('',(1.0,0.0,0.0));
#10635=AXIS2_PLACEMENT_3D('',#10632,#10633,#10634);
#10636=CIRCLE('',#10635,4.25);
#10637=EDGE_CURVE('',#10631,#10631,#10636,.T.);
#10638=ORIENTED_EDGE('',*,*,#10637,.T.);
#10639=EDGE_LOOP('',(#10638));
#10640=FACE_BOUND('',#10639,.T.);
#10641=CARTESIAN_POINT('',(114.95000000000002,99.199999999999989,0.0));
#10642=VERTEX_POINT('',#10641);
#10643=CARTESIAN_POINT('',(119.20000000000002,99.199999999999989,0.0));
#10644=DIRECTION('',(0.0,0.0,1.0));
#10645=DIRECTION('',(1.0,0.0,0.0));
#10646=AXIS2_PLACEMENT_3D('',#10643,#10644,#10645);
#10647=CIRCLE('',#10646,4.25);
#10648=EDGE_CURVE('',#10642,#10642,#10647,.T.);
#10649=ORIENTED_EDGE('',*,*,#10648,.T.);
#10650=EDGE_LOOP('',(#10649));
#10651=FACE_BOUND('',#10650,.T.);
#10652=ORIENTED_EDGE('',*,*,#10130,.F.);
#10653=ORIENTED_EDGE('',*,*,#10156,.F.);
#10654=ORIENTED_EDGE('',*,*,#10189,.F.);
#10655=ORIENTED_EDGE('',*,*,#10222,.F.);
#10656=ORIENTED_EDGE('',*,*,#10255,.F.);
#10657=ORIENTED_EDGE('',*,*,#10278,.F.);
#10658=ORIENTED_EDGE('',*,*,#9335,.F.);
#10659=ORIENTED_EDGE('',*,*,#10302,.F.);
#10660=EDGE_LOOP('',(#10652,#10653,#10654,#10655,#10656,#10657,#10658,#10659));
#10661=FACE_BOUND('',#10660,.T.);
#10662=ADVANCED_FACE('',(#10497,#10508,#10519,#10530,#10541,#10552,#10563,#10574,#10585,#10596,#10607,#10618,#10629,#10640,#10651,#10661),#10424,.F.);
#10663=CARTESIAN_POINT('',(-51.574999999999982,87.96478521405578,2.0));
#10664=DIRECTION('',(1.0,-4.305276E-016,0.0));
#10665=DIRECTION('',(0.0,0.700909264299853,0.71325044915418));
#10666=AXIS2_PLACEMENT_3D('',#10663,#10664,#10665);
#10667=CYLINDRICAL_SURFACE('',#10666,2.0);
#10668=CARTESIAN_POINT('',(-103.14999999999999,87.964785214055809,4.0));
#10669=VERTEX_POINT('',#10668);
#10670=CARTESIAN_POINT('',(-103.14999999999999,87.964785214055809,2.0));
#10671=DIRECTION('',(-1.0,0.0,0.0));
#10672=DIRECTION('',(0.0,0.0,1.0));
#10673=AXIS2_PLACEMENT_3D('',#10670,#10671,#10672);
#10674=CIRCLE('',#10673,2.0);
#10675=EDGE_CURVE('',#10669,#10378,#10674,.T.);
#10676=ORIENTED_EDGE('',*,*,#10675,.T.);
#10677=ORIENTED_EDGE('',*,*,#10414,.T.);
#10678=CARTESIAN_POINT('',(103.15000000000001,87.964785214055723,4.0));
#10679=VERTEX_POINT('',#10678);
#10680=CARTESIAN_POINT('',(103.15000000000001,87.964785214055723,2.0));
#10681=DIRECTION('',(1.0,-8.880431E-015,-1.550085E-016));
#10682=DIRECTION('',(8.881784E-015,0.999847695156391,0.017452406437284));
#10683=AXIS2_PLACEMENT_3D('',#10680,#10681,#10682);
#10684=CIRCLE('',#10683,1.999999999999994);
#10685=EDGE_CURVE('',#10403,#10679,#10684,.T.);
#10686=ORIENTED_EDGE('',*,*,#10685,.T.);
#10687=CARTESIAN_POINT('',(103.15000000000001,87.964785214055709,4.0));
#10688=DIRECTION('',(-1.0,0.0,0.0));
#10689=VECTOR('',#10688,206.30000000000001);
#10690=LINE('',#10687,#10689);
#10691=EDGE_CURVE('',#10679,#10669,#10690,.T.);
#10692=ORIENTED_EDGE('',*,*,#10691,.T.);
#10693=EDGE_LOOP('',(#10676,#10677,#10686,#10692));
#10694=FACE_OUTER_BOUND('',#10693,.T.);
#10695=ADVANCED_FACE('',(#10694),#10667,.F.);
#10696=CARTESIAN_POINT('',(103.15000000000001,84.999999999999943,1.999999999999993));
#10697=DIRECTION('',(0.0,0.0,-1.0));
#10698=DIRECTION('',(-1.0,0.0,0.0));
#10699=AXIS2_PLACEMENT_3D('',#10696,#10697,#10698);
#10700=TOROIDAL_SURFACE('',#10699,2.964785214055768,2.0);
#10701=ORIENTED_EDGE('',*,*,#9398,.T.);
#10702=CARTESIAN_POINT('',(103.15000000000001,84.999999999999943,4.0));
#10703=DIRECTION('',(0.0,0.0,1.0));
#10704=DIRECTION('',(0.707106781186549,0.707106781186546,0.0));
#10705=AXIS2_PLACEMENT_3D('',#10702,#10703,#10704);
#10706=CIRCLE('',#10705,2.964785214055768);
#10707=EDGE_CURVE('',#9386,#10679,#10706,.T.);
#10708=ORIENTED_EDGE('',*,*,#10707,.T.);
#10709=ORIENTED_EDGE('',*,*,#10685,.F.);
#10710=CARTESIAN_POINT('',(103.15000000000001,84.999999999999943,2.03490481287456));
#10711=DIRECTION('',(0.0,0.0,-1.0));
#10712=DIRECTION('',(0.707106781186548,0.707106781186548,0.0));
#10713=AXIS2_PLACEMENT_3D('',#10710,#10711,#10712);
#10714=CIRCLE('',#10713,4.964480604368538);
#10715=EDGE_CURVE('',#10403,#9362,#10714,.T.);
#10716=ORIENTED_EDGE('',*,*,#10715,.T.);
#10717=EDGE_LOOP('',(#10701,#10708,#10709,#10716));
#10718=FACE_OUTER_BOUND('',#10717,.T.);
#10719=ADVANCED_FACE('',(#10718),#10700,.F.);
#10720=CARTESIAN_POINT('',(106.11478521405576,42.499999999999972,2.0));
#10721=DIRECTION('',(-2.089832E-016,-1.0,0.0));
#10722=DIRECTION('',(0.700909264299853,0.0,0.71325044915418));
#10723=AXIS2_PLACEMENT_3D('',#10720,#10721,#10722);
#10724=CYLINDRICAL_SURFACE('',#10723,2.0);
#10725=ORIENTED_EDGE('',*,*,#9109,.T.);
#10726=CARTESIAN_POINT('',(108.11448060436852,-85.000000000000028,2.034904812874567));
#10727=VERTEX_POINT('',#10726);
#10728=CARTESIAN_POINT('',(108.11448060436855,-29.399999999999991,2.034904812874567));
#10729=DIRECTION('',(0.0,-1.0,0.0));
#10730=VECTOR('',#10729,55.600000000000037);
#10731=LINE('',#10728,#10730);
#10732=EDGE_CURVE('',#9095,#10727,#10731,.T.);
#10733=ORIENTED_EDGE('',*,*,#10732,.T.);
#10734=CARTESIAN_POINT('',(106.11478521405573,-85.000000000000028,4.0));
#10735=VERTEX_POINT('',#10734);
#10736=CARTESIAN_POINT('',(106.11478521405573,-85.000000000000028,2.0));
#10737=DIRECTION('',(0.0,-1.0,0.0));
#10738=DIRECTION('',(0.999847695156391,0.0,0.017452406437283));
#10739=AXIS2_PLACEMENT_3D('',#10736,#10737,#10738);
#10740=CIRCLE('',#10739,2.000000000000012);
#10741=EDGE_CURVE('',#10727,#10735,#10740,.T.);
#10742=ORIENTED_EDGE('',*,*,#10741,.T.);
#10743=CARTESIAN_POINT('',(106.11478521405573,-85.000000000000028,4.0));
#10744=DIRECTION('',(0.0,1.0,0.0));
#10745=VECTOR('',#10744,55.600000000000037);
#10746=LINE('',#10743,#10745);
#10747=EDGE_CURVE('',#10735,#9103,#10746,.T.);
#10748=ORIENTED_EDGE('',*,*,#10747,.T.);
#10749=EDGE_LOOP('',(#10725,#10733,#10742,#10748));
#10750=FACE_OUTER_BOUND('',#10749,.T.);
#10751=ADVANCED_FACE('',(#10750),#10724,.F.);
#10752=CARTESIAN_POINT('',(103.14999999999998,-85.000000000000014,1.999999999999993));
#10753=DIRECTION('',(0.0,0.0,-1.0));
#10754=DIRECTION('',(-1.0,0.0,0.0));
#10755=AXIS2_PLACEMENT_3D('',#10752,#10753,#10754);
#10756=TOROIDAL_SURFACE('',#10755,2.964785214055768,2.0);
#10757=CARTESIAN_POINT('',(103.14999999999999,-89.964480604368561,2.03490481287456));
#10758=VERTEX_POINT('',#10757);
#10759=CARTESIAN_POINT('',(103.14999999999999,-87.96478521405578,4.0));
#10760=VERTEX_POINT('',#10759);
#10761=CARTESIAN_POINT('',(103.14999999999999,-87.96478521405578,1.999999999999993));
#10762=DIRECTION('',(-1.0,0.0,0.0));
#10763=DIRECTION('',(0.0,-0.999847695156391,0.017452406437283));
#10764=AXIS2_PLACEMENT_3D('',#10761,#10762,#10763);
#10765=CIRCLE('',#10764,1.999999999999994);
#10766=EDGE_CURVE('',#10758,#10760,#10765,.T.);
#10767=ORIENTED_EDGE('',*,*,#10766,.T.);
#10768=CARTESIAN_POINT('',(103.14999999999998,-85.000000000000014,4.0));
#10769=DIRECTION('',(0.0,0.0,1.0));
#10770=DIRECTION('',(0.707106781186546,-0.707106781186549,0.0));
#10771=AXIS2_PLACEMENT_3D('',#10768,#10769,#10770);
#10772=CIRCLE('',#10771,2.964785214055768);
#10773=EDGE_CURVE('',#10760,#10735,#10772,.T.);
#10774=ORIENTED_EDGE('',*,*,#10773,.T.);
#10775=ORIENTED_EDGE('',*,*,#10741,.F.);
#10776=CARTESIAN_POINT('',(103.14999999999998,-85.000000000000014,2.03490481287456));
#10777=DIRECTION('',(0.0,0.0,-1.0));
#10778=DIRECTION('',(0.707106781186544,-0.707106781186551,0.0));
#10779=AXIS2_PLACEMENT_3D('',#10776,#10777,#10778);
#10780=CIRCLE('',#10779,4.964480604368538);
#10781=EDGE_CURVE('',#10727,#10758,#10780,.T.);
#10782=ORIENTED_EDGE('',*,*,#10781,.T.);
#10783=EDGE_LOOP('',(#10767,#10774,#10775,#10782));
#10784=FACE_OUTER_BOUND('',#10783,.T.);
#10785=ADVANCED_FACE('',(#10784),#10756,.F.);
#10786=CARTESIAN_POINT('',(51.574999999999996,-87.96478521405578,2.0));
#10787=DIRECTION('',(-1.0,0.0,0.0));
#10788=DIRECTION('',(0.0,-0.700909264299853,0.71325044915418));
#10789=AXIS2_PLACEMENT_3D('',#10786,#10787,#10788);
#10790=CYLINDRICAL_SURFACE('',#10789,2.0);
#10791=CARTESIAN_POINT('',(-103.15000000000001,-87.96478521405578,4.0));
#10792=VERTEX_POINT('',#10791);
#10793=CARTESIAN_POINT('',(-103.15000000000001,-87.96478521405578,2.0));
#10794=DIRECTION('',(-1.0,-8.880431E-015,1.550085E-016));
#10795=DIRECTION('',(8.881784E-015,-0.999847695156391,0.017452406437284));
#10796=AXIS2_PLACEMENT_3D('',#10793,#10794,#10795);
#10797=CIRCLE('',#10796,1.999999999999994);
#10798=EDGE_CURVE('',#10330,#10792,#10797,.T.);
#10799=ORIENTED_EDGE('',*,*,#10798,.T.);
#10800=CARTESIAN_POINT('',(-103.15000000000001,-87.96478521405578,4.0));
#10801=DIRECTION('',(1.0,0.0,0.0));
#10802=VECTOR('',#10801,206.30000000000001);
#10803=LINE('',#10800,#10802);
#10804=EDGE_CURVE('',#10792,#10760,#10803,.T.);
#10805=ORIENTED_EDGE('',*,*,#10804,.T.);
#10806=ORIENTED_EDGE('',*,*,#10766,.F.);
#10807=CARTESIAN_POINT('',(103.14999999999999,-89.964480604368561,2.034904812874567));
#10808=DIRECTION('',(-1.0,0.0,0.0));
#10809=VECTOR('',#10808,206.30000000000001);
#10810=LINE('',#10807,#10809);
#10811=EDGE_CURVE('',#10758,#10330,#10810,.T.);
#10812=ORIENTED_EDGE('',*,*,#10811,.T.);
#10813=EDGE_LOOP('',(#10799,#10805,#10806,#10812));
#10814=FACE_OUTER_BOUND('',#10813,.T.);
#10815=ADVANCED_FACE('',(#10814),#10790,.F.);
#10816=CARTESIAN_POINT('',(-103.14999999999998,-85.000000000000014,1.999999999999993));
#10817=DIRECTION('',(0.0,0.0,-1.0));
#10818=DIRECTION('',(-1.0,0.0,0.0));
#10819=AXIS2_PLACEMENT_3D('',#10816,#10817,#10818);
#10820=TOROIDAL_SURFACE('',#10819,2.964785214055768,2.0);
#10821=CARTESIAN_POINT('',(-106.11478521405574,-85.000000000000028,4.0));
#10822=VERTEX_POINT('',#10821);
#10823=CARTESIAN_POINT('',(-106.11478521405574,-85.000000000000028,1.999999999999993));
#10824=DIRECTION('',(0.0,1.0,0.0));
#10825=DIRECTION('',(-0.999847695156391,0.0,0.017452406437284));
#10826=AXIS2_PLACEMENT_3D('',#10823,#10824,#10825);
#10827=CIRCLE('',#10826,1.999999999999994);
#10828=EDGE_CURVE('',#10322,#10822,#10827,.T.);
#10829=ORIENTED_EDGE('',*,*,#10828,.T.);
#10830=CARTESIAN_POINT('',(-103.14999999999998,-85.000000000000014,4.0));
#10831=DIRECTION('',(0.0,0.0,1.0));
#10832=DIRECTION('',(-0.707106781186549,-0.707106781186546,0.0));
#10833=AXIS2_PLACEMENT_3D('',#10830,#10831,#10832);
#10834=CIRCLE('',#10833,2.964785214055768);
#10835=EDGE_CURVE('',#10822,#10792,#10834,.T.);
#10836=ORIENTED_EDGE('',*,*,#10835,.T.);
#10837=ORIENTED_EDGE('',*,*,#10798,.F.);
#10838=ORIENTED_EDGE('',*,*,#10336,.T.);
#10839=EDGE_LOOP('',(#10829,#10836,#10837,#10838));
#10840=FACE_OUTER_BOUND('',#10839,.T.);
#10841=ADVANCED_FACE('',(#10840),#10820,.F.);
#10842=CARTESIAN_POINT('',(-106.11478521405573,-42.500000000000014,2.0));
#10843=DIRECTION('',(0.0,1.0,0.0));
#10844=DIRECTION('',(-0.700909264299853,0.0,0.71325044915418));
#10845=AXIS2_PLACEMENT_3D('',#10842,#10843,#10844);
#10846=CYLINDRICAL_SURFACE('',#10845,2.0);
#10847=CARTESIAN_POINT('',(-106.11478521405573,85.0,4.0));
#10848=VERTEX_POINT('',#10847);
#10849=CARTESIAN_POINT('',(-106.11478521405573,85.0,2.0));
#10850=DIRECTION('',(0.0,1.0,0.0));
#10851=DIRECTION('',(-0.999847695156391,0.0,0.017452406437284));
#10852=AXIS2_PLACEMENT_3D('',#10849,#10850,#10851);
#10853=CIRCLE('',#10852,2.000000000000012);
#10854=EDGE_CURVE('',#10354,#10848,#10853,.T.);
#10855=ORIENTED_EDGE('',*,*,#10854,.T.);
#10856=CARTESIAN_POINT('',(-106.11478521405573,85.0,4.0));
#10857=DIRECTION('',(0.0,-1.0,0.0));
#10858=VECTOR('',#10857,170.00000000000003);
#10859=LINE('',#10856,#10858);
#10860=EDGE_CURVE('',#10848,#10822,#10859,.T.);
#10861=ORIENTED_EDGE('',*,*,#10860,.T.);
#10862=ORIENTED_EDGE('',*,*,#10828,.F.);
#10863=ORIENTED_EDGE('',*,*,#10365,.T.);
#10864=EDGE_LOOP('',(#10855,#10861,#10862,#10863));
#10865=FACE_OUTER_BOUND('',#10864,.T.);
#10866=ADVANCED_FACE('',(#10865),#10846,.F.);
#10867=CARTESIAN_POINT('',(-103.14999999999995,85.0,1.999999999999993));
#10868=DIRECTION('',(0.0,0.0,-1.0));
#10869=DIRECTION('',(-1.0,0.0,0.0));
#10870=AXIS2_PLACEMENT_3D('',#10867,#10868,#10869);
#10871=TOROIDAL_SURFACE('',#10870,2.964785214055803,2.0);
#10872=ORIENTED_EDGE('',*,*,#10675,.F.);
#10873=CARTESIAN_POINT('',(-103.14999999999995,85.0,4.0));
#10874=DIRECTION('',(0.0,0.0,1.0));
#10875=DIRECTION('',(-0.707106781186548,0.707106781186548,0.0));
#10876=AXIS2_PLACEMENT_3D('',#10873,#10874,#10875);
#10877=CIRCLE('',#10876,2.964785214055803);
#10878=EDGE_CURVE('',#10669,#10848,#10877,.T.);
#10879=ORIENTED_EDGE('',*,*,#10878,.T.);
#10880=ORIENTED_EDGE('',*,*,#10854,.F.);
#10881=ORIENTED_EDGE('',*,*,#10390,.T.);
#10882=EDGE_LOOP('',(#10872,#10879,#10880,#10881));
#10883=FACE_OUTER_BOUND('',#10882,.T.);
#10884=ADVANCED_FACE('',(#10883),#10871,.F.);
#10885=CARTESIAN_POINT('',(103.14999999999998,-85.000000000000014,0.0));
#10886=DIRECTION('',(0.0,0.0,-1.0));
#10887=DIRECTION('',(1.0,0.0,0.0));
#10888=AXIS2_PLACEMENT_3D('',#10885,#10886,#10887);
#10889=CONICAL_SURFACE('',#10888,5.000000000000018,1.0);
#10890=ORIENTED_EDGE('',*,*,#10286,.F.);
#10891=CARTESIAN_POINT('',(103.14999999999999,-89.965699135918626,1.965095187125434));
#10892=DIRECTION('',(0.0,0.017452406437288,0.999847695156391));
#10893=VECTOR('',#10892,0.069820259712862);
#10894=LINE('',#10891,#10893);
#10895=EDGE_CURVE('',#10241,#10758,#10894,.T.);
#10896=ORIENTED_EDGE('',*,*,#10895,.T.);
#10897=ORIENTED_EDGE('',*,*,#10781,.F.);
#10898=CARTESIAN_POINT('',(108.11569913591859,-85.000000000000028,1.965095187125433));
#10899=DIRECTION('',(-0.017452406437286,0.0,0.999847695156391));
#10900=VECTOR('',#10899,0.06982025971287);
#10901=LINE('',#10898,#10900);
#10902=EDGE_CURVE('',#9338,#10727,#10901,.T.);
#10903=ORIENTED_EDGE('',*,*,#10902,.F.);
#10904=EDGE_LOOP('',(#10890,#10896,#10897,#10903));
#10905=FACE_OUTER_BOUND('',#10904,.T.);
#10906=ADVANCED_FACE('',(#10905),#10889,.F.);
#10907=CARTESIAN_POINT('',(108.15000000000003,84.999999999999972,2.775558E-016));
#10908=DIRECTION('',(0.999847695156391,-2.089513E-016,0.017452406437284));
#10909=DIRECTION('',(0.017452406437284,-3.647259E-018,-0.999847695156391));
#10910=AXIS2_PLACEMENT_3D('',#10907,#10908,#10909);
#10911=PLANE('',#10910);
#10912=ORIENTED_EDGE('',*,*,#9100,.T.);
#10913=ORIENTED_EDGE('',*,*,#9350,.F.);
#10914=ORIENTED_EDGE('',*,*,#10902,.T.);
#10915=ORIENTED_EDGE('',*,*,#10732,.F.);
#10916=EDGE_LOOP('',(#10912,#10913,#10914,#10915));
#10917=FACE_OUTER_BOUND('',#10916,.T.);
#10918=ADVANCED_FACE('',(#10917),#10911,.F.);
#10919=CARTESIAN_POINT('',(103.15000000000001,84.999999999999943,0.0));
#10920=DIRECTION('',(0.0,0.0,-1.0));
#10921=DIRECTION('',(0.0,1.0,0.0));
#10922=AXIS2_PLACEMENT_3D('',#10919,#10920,#10921);
#10923=CONICAL_SURFACE('',#10922,5.000000000000018,1.0);
#10924=ORIENTED_EDGE('',*,*,#10310,.F.);
#10925=ORIENTED_EDGE('',*,*,#9373,.T.);
#10926=ORIENTED_EDGE('',*,*,#10715,.F.);
#10927=ORIENTED_EDGE('',*,*,#10408,.F.);
#10928=EDGE_LOOP('',(#10924,#10925,#10926,#10927));
#10929=FACE_OUTER_BOUND('',#10928,.T.);
#10930=ADVANCED_FACE('',(#10929),#10923,.F.);
#10931=CARTESIAN_POINT('',(-3.469447E-015,-4.579670E-015,4.0));
#10932=DIRECTION('',(0.0,0.0,1.0));
#10933=DIRECTION('',(1.0,0.0,0.0));
#10934=AXIS2_PLACEMENT_3D('',#10931,#10932,#10933);
#10935=PLANE('',#10934);
#10936=ORIENTED_EDGE('',*,*,#9117,.T.);
#10937=ORIENTED_EDGE('',*,*,#10747,.F.);
#10938=ORIENTED_EDGE('',*,*,#10773,.F.);
#10939=ORIENTED_EDGE('',*,*,#10804,.F.);
#10940=ORIENTED_EDGE('',*,*,#10835,.F.);
#10941=ORIENTED_EDGE('',*,*,#10860,.F.);
#10942=ORIENTED_EDGE('',*,*,#10878,.F.);
#10943=ORIENTED_EDGE('',*,*,#10691,.F.);
#10944=ORIENTED_EDGE('',*,*,#10707,.F.);
#10945=ORIENTED_EDGE('',*,*,#9391,.F.);
#10946=ORIENTED_EDGE('',*,*,#9262,.T.);
#10947=ORIENTED_EDGE('',*,*,#9167,.T.);
#10948=ORIENTED_EDGE('',*,*,#9203,.T.);
#10949=ORIENTED_EDGE('',*,*,#9227,.T.);
#10950=EDGE_LOOP('',(#10936,#10937,#10938,#10939,#10940,#10941,#10942,#10943,#10944,#10945,#10946,#10947,#10948,#10949));
#10951=FACE_OUTER_BOUND('',#10950,.T.);
#10952=ADVANCED_FACE('',(#10951),#10935,.F.);
#10953=CARTESIAN_POINT('',(103.14999999999999,-90.000000000000028,0.0));
#10954=DIRECTION('',(0.0,-0.999847695156391,0.017452406437284));
#10955=DIRECTION('',(0.0,-0.017452406437284,-0.999847695156391));
#10956=AXIS2_PLACEMENT_3D('',#10953,#10954,#10955);
#10957=PLANE('',#10956);
#10958=ORIENTED_EDGE('',*,*,#10262,.F.);
#10959=ORIENTED_EDGE('',*,*,#10342,.T.);
#10960=ORIENTED_EDGE('',*,*,#10811,.F.);
#10961=ORIENTED_EDGE('',*,*,#10895,.F.);
#10962=EDGE_LOOP('',(#10958,#10959,#10960,#10961));
#10963=FACE_OUTER_BOUND('',#10962,.T.);
#10964=ADVANCED_FACE('',(#10963),#10957,.F.);
#10965=CARTESIAN_POINT('',(105.6520410288673,39.275000000000006,14.0));
#10966=DIRECTION('',(-1.319573E-063,-1.0,-4.465058E-032));
#10967=DIRECTION('',(0.979795897113271,0.0,0.2));
#10968=AXIS2_PLACEMENT_3D('',#10965,#10966,#10967);
#10969=CYLINDRICAL_SURFACE('',#10968,10.000000000000007);
#10970=CARTESIAN_POINT('',(105.6520410288673,78.550000000000011,24.0));
#10971=VERTEX_POINT('',#10970);
#10972=CARTESIAN_POINT('',(105.6520410288673,78.550000000000026,14.0));
#10973=DIRECTION('',(-2.610701E-015,-1.0,-5.329071E-016));
#10974=DIRECTION('',(0.979795897113271,-2.664535E-015,0.2));
#10975=AXIS2_PLACEMENT_3D('',#10972,#10973,#10974);
#10976=CIRCLE('',#10975,10.000000000000007);
#10977=EDGE_CURVE('',#8694,#10971,#10976,.T.);
#10978=ORIENTED_EDGE('',*,*,#10977,.T.);
#10979=CARTESIAN_POINT('',(105.6520410288673,-78.550000000000026,24.0));
#10980=VERTEX_POINT('',#10979);
#10981=CARTESIAN_POINT('',(105.6520410288673,78.550000000000011,24.0));
#10982=DIRECTION('',(0.0,-1.0,0.0));
#10983=VECTOR('',#10982,157.10000000000002);
#10984=LINE('',#10981,#10983);
#10985=EDGE_CURVE('',#10971,#10980,#10984,.T.);
#10986=ORIENTED_EDGE('',*,*,#10985,.T.);
#10987=CARTESIAN_POINT('',(105.6520410288673,-78.550000000000097,14.0));
#10988=DIRECTION('',(0.0,1.0,0.0));
#10989=DIRECTION('',(0.0,0.0,1.0));
#10990=AXIS2_PLACEMENT_3D('',#10987,#10988,#10989);
#10991=CIRCLE('',#10990,10.0);
#10992=EDGE_CURVE('',#10980,#8703,#10991,.T.);
#10993=ORIENTED_EDGE('',*,*,#10992,.T.);
#10994=ORIENTED_EDGE('',*,*,#8708,.F.);
#10995=EDGE_LOOP('',(#10978,#10986,#10993,#10994));
#10996=FACE_OUTER_BOUND('',#10995,.T.);
#10997=ADVANCED_FACE('',(#10996),#10969,.T.);
#10998=CARTESIAN_POINT('',(115.45000000000002,78.550000000000011,16.0));
#10999=CARTESIAN_POINT('',(113.81700683814456,78.550000000000011,24.000000000000004));
#11000=CARTESIAN_POINT('',(105.6520410288673,78.550000000000026,24.0));
#11001=CARTESIAN_POINT('',(115.44999999999999,61.650000000000034,16.0));
#11002=CARTESIAN_POINT('',(113.81700683814454,63.282993161855487,24.000000000000004));
#11003=CARTESIAN_POINT('',(105.65204102886729,71.447958971132763,24.0));
#11004=CARTESIAN_POINT('',(98.550000000000011,61.650000000000063,16.0));
#11005=CARTESIAN_POINT('',(98.550000000000011,63.282993161855515,24.000000000000004));
#11006=CARTESIAN_POINT('',(98.550000000000026,71.447958971132778,24.0));
#11007=CARTESIAN_POINT('',(81.650000000000034,61.650000000000091,16.0));
#11008=CARTESIAN_POINT('',(83.282993161855487,63.282993161855543,24.000000000000004));
#11009=CARTESIAN_POINT('',(91.447958971132763,71.447958971132792,24.0));
#11010=CARTESIAN_POINT('',(81.650000000000063,78.550000000000068,16.0));
#11011=CARTESIAN_POINT('',(83.282993161855515,78.550000000000068,24.000000000000004));
#11012=CARTESIAN_POINT('',(91.447958971132778,78.550000000000054,24.0));
#11013=CARTESIAN_POINT('',(81.650000000000091,95.450000000000045,16.0));
#11014=CARTESIAN_POINT('',(83.282993161855543,93.817006838144593,24.000000000000004));
#11015=CARTESIAN_POINT('',(91.447958971132792,85.652041028867316,24.0));
#11016=CARTESIAN_POINT('',(98.550000000000068,95.450000000000017,16.0));
#11017=CARTESIAN_POINT('',(98.550000000000068,93.817006838144565,24.000000000000004));
#11018=CARTESIAN_POINT('',(98.550000000000054,85.652041028867302,24.0));
#11019=CARTESIAN_POINT('',(115.45000000000005,95.449999999999989,16.0));
#11020=CARTESIAN_POINT('',(113.81700683814459,93.817006838144536,24.000000000000004));
#11021=CARTESIAN_POINT('',(105.65204102886732,85.652041028867288,24.0));
#11022=CARTESIAN_POINT('',(115.45000000000002,78.550000000000011,16.0));
#11023=CARTESIAN_POINT('',(113.81700683814456,78.550000000000011,24.000000000000004));
#11024=CARTESIAN_POINT('',(105.6520410288673,78.550000000000026,24.0));
#11032=(BOUNDED_SURFACE()B_SPLINE_SURFACE(2,2,((#10998,#11001,#11004,#11007,#11010,#11013,#11016,#11019,#11022),(#10999,#11002,#11005,#11008,#11011,#11014,#11017,#11020,#11023),(#11000,#11003,#11006,#11009,#11012,#11015,#11018,#11021,#11024)),.UNSPECIFIED.,.F.,.T.,.U.)B_SPLINE_SURFACE_WITH_KNOTS((3,3),(3,2,2,2,3),(0.201357920790331,1.570796326794897),(0.0,1.570796326794897,3.141592653589793,4.71238898038469,6.283185307179586),.UNSPECIFIED.)GEOMETRIC_REPRESENTATION_ITEM()RATIONAL_B_SPLINE_SURFACE(((1.0,0.707106781186548,1.0,0.707106781186548,1.0,0.707106781186548,1.0,0.707106781186548,1.0),(0.774596669241482,0.547722557505165,0.774596669241482,0.547722557505165,0.774596669241482,0.547722557505165,0.774596669241482,0.547722557505165,0.774596669241482),(1.0,0.707106781186548,1.0,0.707106781186548,1.0,0.707106781186548,1.0,0.707106781186548,1.0)))REPRESENTATION_ITEM('')SURFACE());
#11033=CARTESIAN_POINT('',(98.55000000000004,85.652041028867302,24.0));
#11034=VERTEX_POINT('',#11033);
#11035=CARTESIAN_POINT('',(98.55000000000004,85.652041028867302,14.0));
#11036=DIRECTION('',(1.0,1.740467E-015,3.552714E-016));
#11037=DIRECTION('',(-1.776357E-015,0.979795897113271,0.2));
#11038=AXIS2_PLACEMENT_3D('',#11035,#11036,#11037);
#11039=CIRCLE('',#11038,10.000000000000007);
#11040=EDGE_CURVE('',#8686,#11034,#11039,.T.);
#11041=ORIENTED_EDGE('',*,*,#11040,.T.);
#11042=CARTESIAN_POINT('',(98.55000000000004,78.55000000000004,24.0));
#11043=DIRECTION('',(0.0,0.0,-1.0));
#11044=DIRECTION('',(-1.0,0.0,0.0));
#11045=AXIS2_PLACEMENT_3D('',#11042,#11043,#11044);
#11046=CIRCLE('',#11045,7.102041028867259);
#11047=EDGE_CURVE('',#11034,#10971,#11046,.T.);
#11048=ORIENTED_EDGE('',*,*,#11047,.T.);
#11049=ORIENTED_EDGE('',*,*,#10977,.F.);
#11050=ORIENTED_EDGE('',*,*,#8700,.F.);
#11051=EDGE_LOOP('',(#11041,#11048,#11049,#11050));
#11052=FACE_OUTER_BOUND('',#11051,.T.);
#11053=ADVANCED_FACE('',(#11052),#11032,.T.);
#11054=CARTESIAN_POINT('',(115.45000000000002,-78.550000000000168,16.0));
#11055=CARTESIAN_POINT('',(113.81700683814456,-78.550000000000153,24.000000000000004));
#11056=CARTESIAN_POINT('',(105.6520410288673,-78.550000000000097,24.0));
#11057=CARTESIAN_POINT('',(115.44999999999989,-95.450000000000145,16.0));
#11058=CARTESIAN_POINT('',(113.81700683814445,-93.817006838144678,24.000000000000004));
#11059=CARTESIAN_POINT('',(105.65204102886725,-85.652041028867359,24.0));
#11060=CARTESIAN_POINT('',(98.549999999999912,-95.450000000000017,16.0));
#11061=CARTESIAN_POINT('',(98.54999999999994,-93.817006838144565,24.000000000000004));
#11062=CARTESIAN_POINT('',(98.549999999999983,-85.652041028867302,24.0));
#11063=CARTESIAN_POINT('',(81.649999999999935,-95.449999999999889,16.0));
#11064=CARTESIAN_POINT('',(83.282993161855401,-93.817006838144451,24.000000000000004));
#11065=CARTESIAN_POINT('',(91.447958971132721,-85.652041028867245,24.0));
#11066=CARTESIAN_POINT('',(81.650000000000063,-78.549999999999912,16.0));
#11067=CARTESIAN_POINT('',(83.282993161855515,-78.549999999999926,24.000000000000004));
#11068=CARTESIAN_POINT('',(91.447958971132778,-78.549999999999983,24.0));
#11069=CARTESIAN_POINT('',(81.65000000000019,-61.649999999999935,16.0));
#11070=CARTESIAN_POINT('',(83.282993161855629,-63.282993161855401,24.000000000000004));
#11071=CARTESIAN_POINT('',(91.44795897113282,-71.447958971132721,24.0));
#11072=CARTESIAN_POINT('',(98.550000000000168,-61.650000000000063,16.0));
#11073=CARTESIAN_POINT('',(98.550000000000153,-63.282993161855515,24.000000000000004));
#11074=CARTESIAN_POINT('',(98.550000000000097,-71.447958971132778,24.0));
#11075=CARTESIAN_POINT('',(115.45000000000014,-61.65000000000019,16.0));
#11076=CARTESIAN_POINT('',(113.81700683814468,-63.282993161855636,24.000000000000004));
#11077=CARTESIAN_POINT('',(105.65204102886734,-71.447958971132834,24.0));
#11078=CARTESIAN_POINT('',(115.45000000000002,-78.550000000000168,16.0));
#11079=CARTESIAN_POINT('',(113.81700683814456,-78.550000000000153,24.000000000000004));
#11080=CARTESIAN_POINT('',(105.6520410288673,-78.550000000000097,24.0));
#11088=(BOUNDED_SURFACE()B_SPLINE_SURFACE(2,2,((#11054,#11057,#11060,#11063,#11066,#11069,#11072,#11075,#11078),(#11055,#11058,#11061,#11064,#11067,#11070,#11073,#11076,#11079),(#11056,#11059,#11062,#11065,#11068,#11071,#11074,#11077,#11080)),.UNSPECIFIED.,.F.,.T.,.U.)B_SPLINE_SURFACE_WITH_KNOTS((3,3),(3,2,2,2,3),(0.201357920790331,1.570796326794897),(0.0,1.570796326794897,3.141592653589793,4.71238898038469,6.283185307179586),.UNSPECIFIED.)GEOMETRIC_REPRESENTATION_ITEM()RATIONAL_B_SPLINE_SURFACE(((1.0,0.707106781186548,1.0,0.707106781186548,1.0,0.707106781186548,1.0,0.707106781186548,1.0),(0.774596669241482,0.547722557505165,0.774596669241482,0.547722557505165,0.774596669241482,0.547722557505165,0.774596669241482,0.547722557505165,0.774596669241482),(1.0,0.707106781186548,1.0,0.707106781186548,1.0,0.707106781186548,1.0,0.707106781186548,1.0)))REPRESENTATION_ITEM('')SURFACE());
#11089=CARTESIAN_POINT('',(98.550000000000026,-85.652041028867302,24.0));
#11090=VERTEX_POINT('',#11089);
#11091=CARTESIAN_POINT('',(98.550000000000026,-85.652041028867302,14.0));
#11092=DIRECTION('',(1.0,0.0,0.0));
#11093=DIRECTION('',(0.0,0.0,1.0));
#11094=AXIS2_PLACEMENT_3D('',#11091,#11092,#11093);
#11095=CIRCLE('',#11094,10.0);
#11096=EDGE_CURVE('',#11090,#8650,#11095,.T.);
#11097=ORIENTED_EDGE('',*,*,#11096,.T.);
#11098=ORIENTED_EDGE('',*,*,#8715,.F.);
#11099=ORIENTED_EDGE('',*,*,#10992,.F.);
#11100=CARTESIAN_POINT('',(98.55000000000004,-78.55000000000004,24.0));
#11101=DIRECTION('',(0.0,0.0,-1.0));
#11102=DIRECTION('',(-1.0,0.0,0.0));
#11103=AXIS2_PLACEMENT_3D('',#11100,#11101,#11102);
#11104=CIRCLE('',#11103,7.102041028867259);
#11105=EDGE_CURVE('',#10980,#11090,#11104,.T.);
#11106=ORIENTED_EDGE('',*,*,#11105,.T.);
#11107=EDGE_LOOP('',(#11097,#11098,#11099,#11106));
#11108=FACE_OUTER_BOUND('',#11107,.T.);
#11109=ADVANCED_FACE('',(#11108),#11088,.T.);
#11110=CARTESIAN_POINT('',(-49.275000000000006,85.652041028867259,14.0));
#11111=DIRECTION('',(1.0,1.802493E-016,-2.955332E-032));
#11112=DIRECTION('',(0.0,0.979795897113271,0.2));
#11113=AXIS2_PLACEMENT_3D('',#11110,#11111,#11112);
#11114=CYLINDRICAL_SURFACE('',#11113,10.000000000000007);
#11115=CARTESIAN_POINT('',(-98.549999999999969,85.652041028867259,24.0));
#11116=VERTEX_POINT('',#11115);
#11117=CARTESIAN_POINT('',(-98.550000000000011,85.652041028867245,14.0));
#11118=DIRECTION('',(1.0,-3.480934E-015,-7.105427E-016));
#11119=DIRECTION('',(3.552714E-015,0.979795897113271,0.2));
#11120=AXIS2_PLACEMENT_3D('',#11117,#11118,#11119);
#11121=CIRCLE('',#11120,10.000000000000023);
#11122=EDGE_CURVE('',#8677,#11116,#11121,.T.);
#11123=ORIENTED_EDGE('',*,*,#11122,.T.);
#11124=CARTESIAN_POINT('',(-98.549999999999969,85.652041028867245,24.0));
#11125=DIRECTION('',(1.0,0.0,0.0));
#11126=VECTOR('',#11125,197.10000000000002);
#11127=LINE('',#11124,#11126);
#11128=EDGE_CURVE('',#11116,#11034,#11127,.T.);
#11129=ORIENTED_EDGE('',*,*,#11128,.T.);
#11130=ORIENTED_EDGE('',*,*,#11040,.F.);
#11131=ORIENTED_EDGE('',*,*,#8691,.F.);
#11132=EDGE_LOOP('',(#11123,#11129,#11130,#11131));
#11133=FACE_OUTER_BOUND('',#11132,.T.);
#11134=ADVANCED_FACE('',(#11133),#11114,.T.);
#11135=CARTESIAN_POINT('',(49.274999999999991,-85.652041028867302,14.0));
#11136=DIRECTION('',(-1.0,-1.319573E-063,2.955332E-032));
#11137=DIRECTION('',(0.0,-0.979795897113271,0.2));
#11138=AXIS2_PLACEMENT_3D('',#11135,#11136,#11137);
#11139=CYLINDRICAL_SURFACE('',#11138,10.000000000000007);
#11140=CARTESIAN_POINT('',(-98.55000000000004,-85.652041028867302,24.0));
#11141=VERTEX_POINT('',#11140);
#11142=CARTESIAN_POINT('',(-98.550000000000153,-85.652041028867302,14.0));
#11143=DIRECTION('',(1.0,0.0,0.0));
#11144=DIRECTION('',(0.0,0.0,1.0));
#11145=AXIS2_PLACEMENT_3D('',#11142,#11143,#11144);
#11146=CIRCLE('',#11145,10.0);
#11147=EDGE_CURVE('',#11141,#8652,#11146,.T.);
#11148=ORIENTED_EDGE('',*,*,#11147,.T.);
#11149=ORIENTED_EDGE('',*,*,#8657,.F.);
#11150=ORIENTED_EDGE('',*,*,#11096,.F.);
#11151=CARTESIAN_POINT('',(98.550000000000011,-85.652041028867302,24.0));
#11152=DIRECTION('',(-1.0,0.0,0.0));
#11153=VECTOR('',#11152,197.10000000000002);
#11154=LINE('',#11151,#11153);
#11155=EDGE_CURVE('',#11090,#11141,#11154,.T.);
#11156=ORIENTED_EDGE('',*,*,#11155,.T.);
#11157=EDGE_LOOP('',(#11148,#11149,#11150,#11156));
#11158=FACE_OUTER_BOUND('',#11157,.T.);
#11159=ADVANCED_FACE('',(#11158),#11139,.T.);
#11160=CARTESIAN_POINT('',(-98.550000000000054,95.449999999999989,16.0));
#11161=CARTESIAN_POINT('',(-98.55000000000004,93.817006838144536,23.999999999999996));
#11162=CARTESIAN_POINT('',(-98.549999999999997,85.652041028867274,24.0));
#11163=CARTESIAN_POINT('',(-81.650000000000034,95.450000000000074,16.0));
#11164=CARTESIAN_POINT('',(-83.282993161855472,93.817006838144607,23.999999999999996));
#11165=CARTESIAN_POINT('',(-91.447958971132678,85.652041028867302,24.0));
#11166=CARTESIAN_POINT('',(-81.649999999999949,78.550000000000054,16.0));
#11167=CARTESIAN_POINT('',(-83.282993161855401,78.55000000000004,23.999999999999996));
#11168=CARTESIAN_POINT('',(-91.447958971132664,78.549999999999997,24.0));
#11169=CARTESIAN_POINT('',(-81.649999999999864,61.650000000000034,16.0));
#11170=CARTESIAN_POINT('',(-83.28299316185533,63.28299316185548,23.999999999999996));
#11171=CARTESIAN_POINT('',(-91.44795897113265,71.447958971132692,24.0));
#11172=CARTESIAN_POINT('',(-98.549999999999883,61.649999999999949,16.0));
#11173=CARTESIAN_POINT('',(-98.549999999999912,63.282993161855401,23.999999999999996));
#11174=CARTESIAN_POINT('',(-98.54999999999994,71.447958971132664,24.0));
#11175=CARTESIAN_POINT('',(-115.4499999999999,61.649999999999864,16.0));
#11176=CARTESIAN_POINT('',(-113.81700683814447,63.282993161855337,23.999999999999996));
#11177=CARTESIAN_POINT('',(-105.65204102886725,71.447958971132635,24.0));
#11178=CARTESIAN_POINT('',(-115.44999999999999,78.549999999999883,16.0));
#11179=CARTESIAN_POINT('',(-113.81700683814455,78.549999999999898,23.999999999999996));
#11180=CARTESIAN_POINT('',(-105.65204102886727,78.54999999999994,24.0));
#11181=CARTESIAN_POINT('',(-115.45000000000007,95.449999999999903,16.0));
#11182=CARTESIAN_POINT('',(-113.81700683814461,93.817006838144465,23.999999999999996));
#11183=CARTESIAN_POINT('',(-105.65204102886732,85.652041028867245,24.0));
#11184=CARTESIAN_POINT('',(-98.550000000000054,95.449999999999989,16.0));
#11185=CARTESIAN_POINT('',(-98.55000000000004,93.817006838144536,23.999999999999996));
#11186=CARTESIAN_POINT('',(-98.549999999999997,85.652041028867274,24.0));
#11194=(BOUNDED_SURFACE()B_SPLINE_SURFACE(2,2,((#11160,#11163,#11166,#11169,#11172,#11175,#11178,#11181,#11184),(#11161,#11164,#11167,#11170,#11173,#11176,#11179,#11182,#11185),(#11162,#11165,#11168,#11171,#11174,#11177,#11180,#11183,#11186)),.UNSPECIFIED.,.F.,.T.,.U.)B_SPLINE_SURFACE_WITH_KNOTS((3,3),(3,2,2,2,3),(0.201357920790331,1.570796326794896),(0.0,1.570796326794897,3.141592653589793,4.71238898038469,6.283185307179586),.UNSPECIFIED.)GEOMETRIC_REPRESENTATION_ITEM()RATIONAL_B_SPLINE_SURFACE(((1.0,0.707106781186548,1.0,0.707106781186548,1.0,0.707106781186548,1.0,0.707106781186548,1.0),(0.774596669241482,0.547722557505165,0.774596669241482,0.547722557505165,0.774596669241482,0.547722557505165,0.774596669241482,0.547722557505165,0.774596669241482),(1.0,0.707106781186548,1.0,0.707106781186548,1.0,0.707106781186548,1.0,0.707106781186548,1.0)))REPRESENTATION_ITEM('')SURFACE());
#11195=CARTESIAN_POINT('',(-105.65204102886727,78.549999999999983,24.0));
#11196=VERTEX_POINT('',#11195);
#11197=CARTESIAN_POINT('',(-105.65204102886726,78.549999999999983,14.0));
#11198=DIRECTION('',(8.702336E-016,1.0,-1.776357E-016));
#11199=DIRECTION('',(-0.979795897113271,8.881784E-016,0.2));
#11200=AXIS2_PLACEMENT_3D('',#11197,#11198,#11199);
#11201=CIRCLE('',#11200,10.000000000000007);
#11202=EDGE_CURVE('',#8669,#11196,#11201,.T.);
#11203=ORIENTED_EDGE('',*,*,#11202,.T.);
#11204=CARTESIAN_POINT('',(-98.549999999999969,78.549999999999969,24.0));
#11205=DIRECTION('',(0.0,0.0,-1.0));
#11206=DIRECTION('',(0.0,-1.0,0.0));
#11207=AXIS2_PLACEMENT_3D('',#11204,#11205,#11206);
#11208=CIRCLE('',#11207,7.102041028867303);
#11209=EDGE_CURVE('',#11196,#11116,#11208,.T.);
#11210=ORIENTED_EDGE('',*,*,#11209,.T.);
#11211=ORIENTED_EDGE('',*,*,#11122,.F.);
#11212=ORIENTED_EDGE('',*,*,#8683,.F.);
#11213=EDGE_LOOP('',(#11203,#11210,#11211,#11212));
#11214=FACE_OUTER_BOUND('',#11213,.T.);
#11215=ADVANCED_FACE('',(#11214),#11194,.T.);
#11216=CARTESIAN_POINT('',(-98.550000000000352,-95.450000000000017,15.999999999999996));
#11217=CARTESIAN_POINT('',(-98.550000000000324,-93.817006838144565,23.999999999999982));
#11218=CARTESIAN_POINT('',(-98.550000000000153,-85.652041028867316,23.999999999999986));
#11219=CARTESIAN_POINT('',(-115.45000000000039,-95.449999999999662,15.999999999999998));
#11220=CARTESIAN_POINT('',(-113.81700683814491,-93.817006838144252,23.999999999999982));
#11221=CARTESIAN_POINT('',(-105.65204102886749,-85.652041028867174,23.999999999999986));
#11222=CARTESIAN_POINT('',(-115.45000000000005,-78.549999999999642,15.999999999999996));
#11223=CARTESIAN_POINT('',(-113.81700683814459,-78.54999999999967,23.999999999999982));
#11224=CARTESIAN_POINT('',(-105.65204102886734,-78.549999999999841,23.999999999999986));
#11225=CARTESIAN_POINT('',(-115.4499999999997,-61.649999999999608,15.999999999999998));
#11226=CARTESIAN_POINT('',(-113.81700683814428,-63.282993161855089,23.999999999999982));
#11227=CARTESIAN_POINT('',(-105.6520410288672,-71.447958971132508,23.999999999999986));
#11228=CARTESIAN_POINT('',(-98.54999999999967,-61.649999999999949,15.999999999999996));
#11229=CARTESIAN_POINT('',(-98.549999999999699,-63.282993161855401,23.999999999999982));
#11230=CARTESIAN_POINT('',(-98.549999999999869,-71.44795897113265,23.999999999999986));
#11231=CARTESIAN_POINT('',(-81.649999999999636,-61.65000000000029,15.999999999999998));
#11232=CARTESIAN_POINT('',(-83.282993161855117,-63.282993161855714,23.999999999999982));
#11233=CARTESIAN_POINT('',(-91.44795897113255,-71.447958971132792,23.999999999999986));
#11234=CARTESIAN_POINT('',(-81.649999999999977,-78.550000000000324,15.999999999999996));
#11235=CARTESIAN_POINT('',(-83.28299316185543,-78.550000000000296,23.999999999999982));
#11236=CARTESIAN_POINT('',(-91.447958971132678,-78.550000000000125,23.999999999999986));
#11237=CARTESIAN_POINT('',(-81.650000000000318,-95.450000000000344,15.999999999999998));
#11238=CARTESIAN_POINT('',(-83.282993161855742,-93.817006838144877,23.999999999999982));
#11239=CARTESIAN_POINT('',(-91.44795897113282,-85.652041028867458,23.999999999999986));
#11240=CARTESIAN_POINT('',(-98.550000000000352,-95.450000000000017,15.999999999999996));
#11241=CARTESIAN_POINT('',(-98.550000000000324,-93.817006838144565,23.999999999999982));
#11242=CARTESIAN_POINT('',(-98.550000000000153,-85.652041028867316,23.999999999999986));
#11250=(BOUNDED_SURFACE()B_SPLINE_SURFACE(2,2,((#11216,#11219,#11222,#11225,#11228,#11231,#11234,#11237,#11240),(#11217,#11220,#11223,#11226,#11229,#11232,#11235,#11238,#11241),(#11218,#11221,#11224,#11227,#11230,#11233,#11236,#11239,#11242)),.UNSPECIFIED.,.F.,.T.,.U.)B_SPLINE_SURFACE_WITH_KNOTS((3,3),(3,2,2,2,3),(0.201357920790331,1.570796326794896),(0.0,1.570796326794897,3.141592653589793,4.71238898038469,6.283185307179586),.UNSPECIFIED.)GEOMETRIC_REPRESENTATION_ITEM()RATIONAL_B_SPLINE_SURFACE(((1.0,0.707106781186548,1.0,0.707106781186548,1.0,0.707106781186548,1.0,0.707106781186548,1.0),(0.774596669241486,0.547722557505168,0.774596669241486,0.547722557505168,0.774596669241486,0.547722557505168,0.774596669241486,0.547722557505168,0.774596669241486),(1.0,0.707106781186548,1.0,0.707106781186548,1.0,0.707106781186548,1.0,0.707106781186548,1.0)))REPRESENTATION_ITEM('')SURFACE());
#11251=CARTESIAN_POINT('',(-105.65204102886733,-78.550000000000011,24.0));
#11252=VERTEX_POINT('',#11251);
#11253=CARTESIAN_POINT('',(-105.65204102886733,-78.550000000000011,14.0));
#11254=DIRECTION('',(0.0,-1.0,0.0));
#11255=DIRECTION('',(0.0,0.0,1.0));
#11256=AXIS2_PLACEMENT_3D('',#11253,#11254,#11255);
#11257=CIRCLE('',#11256,10.0);
#11258=EDGE_CURVE('',#11252,#8660,#11257,.T.);
#11259=ORIENTED_EDGE('',*,*,#11258,.T.);
#11260=ORIENTED_EDGE('',*,*,#8666,.F.);
#11261=ORIENTED_EDGE('',*,*,#11147,.F.);
#11262=CARTESIAN_POINT('',(-98.550000000000011,-78.549999999999983,24.0));
#11263=DIRECTION('',(0.0,0.0,-1.0));
#11264=DIRECTION('',(0.0,1.0,0.0));
#11265=AXIS2_PLACEMENT_3D('',#11262,#11263,#11264);
#11266=CIRCLE('',#11265,7.10204102886733);
#11267=EDGE_CURVE('',#11141,#11252,#11266,.T.);
#11268=ORIENTED_EDGE('',*,*,#11267,.T.);
#11269=EDGE_LOOP('',(#11259,#11260,#11261,#11268));
#11270=FACE_OUTER_BOUND('',#11269,.T.);
#11271=ADVANCED_FACE('',(#11270),#11250,.T.);
#11272=CARTESIAN_POINT('',(-105.6520410288673,-39.275000000000006,14.0));
#11273=DIRECTION('',(3.392152E-016,1.0,4.465058E-032));
#11274=DIRECTION('',(-0.979795897113271,4.440892E-016,0.2));
#11275=AXIS2_PLACEMENT_3D('',#11272,#11273,#11274);
#11276=CYLINDRICAL_SURFACE('',#11275,10.000000000000007);
#11277=ORIENTED_EDGE('',*,*,#11258,.F.);
#11278=CARTESIAN_POINT('',(-105.65204102886732,-78.550000000000011,24.0));
#11279=DIRECTION('',(0.0,1.0,0.0));
#11280=VECTOR('',#11279,157.09999999999999);
#11281=LINE('',#11278,#11280);
#11282=EDGE_CURVE('',#11252,#11196,#11281,.T.);
#11283=ORIENTED_EDGE('',*,*,#11282,.T.);
#11284=ORIENTED_EDGE('',*,*,#11202,.F.);
#11285=ORIENTED_EDGE('',*,*,#8674,.F.);
#11286=EDGE_LOOP('',(#11277,#11283,#11284,#11285));
#11287=FACE_OUTER_BOUND('',#11286,.T.);
#11288=ADVANCED_FACE('',(#11287),#11276,.T.);
#11289=CARTESIAN_POINT('',(1.054712E-014,-9.992007E-015,24.0));
#11290=DIRECTION('',(0.0,0.0,1.0));
#11291=DIRECTION('',(1.0,0.0,0.0));
#11292=AXIS2_PLACEMENT_3D('',#11289,#11290,#11291);
#11293=PLANE('',#11292);
#11294=ORIENTED_EDGE('',*,*,#10985,.F.);
#11295=ORIENTED_EDGE('',*,*,#11047,.F.);
#11296=ORIENTED_EDGE('',*,*,#11128,.F.);
#11297=ORIENTED_EDGE('',*,*,#11209,.F.);
#11298=ORIENTED_EDGE('',*,*,#11282,.F.);
#11299=ORIENTED_EDGE('',*,*,#11267,.F.);
#11300=ORIENTED_EDGE('',*,*,#11155,.F.);
#11301=ORIENTED_EDGE('',*,*,#11105,.F.);
#11302=EDGE_LOOP('',(#11294,#11295,#11296,#11297,#11298,#11299,#11300,#11301));
#11303=FACE_OUTER_BOUND('',#11302,.T.);
#11304=ADVANCED_FACE('',(#11303),#11293,.T.);
#11305=CARTESIAN_POINT('',(119.20000000000002,99.199999999999989,-360.17283261819961));
#11306=DIRECTION('',(0.0,0.0,1.0));
#11307=DIRECTION('',(1.0,0.0,0.0));
#11308=AXIS2_PLACEMENT_3D('',#11305,#11306,#11307);
#11309=CYLINDRICAL_SURFACE('',#11308,4.25);
#11310=ORIENTED_EDGE('',*,*,#10648,.F.);
#11311=EDGE_LOOP('',(#11310));
#11312=FACE_OUTER_BOUND('',#11311,.T.);
#11313=ORIENTED_EDGE('',*,*,#8869,.F.);
#11314=EDGE_LOOP('',(#11313));
#11315=FACE_BOUND('',#11314,.T.);
#11316=ADVANCED_FACE('',(#11312,#11315),#11309,.F.);
#11317=CARTESIAN_POINT('',(-119.20000000000002,99.199999999999989,-360.17283261819961));
#11318=DIRECTION('',(0.0,0.0,1.0));
#11319=DIRECTION('',(1.0,0.0,0.0));
#11320=AXIS2_PLACEMENT_3D('',#11317,#11318,#11319);
#11321=CYLINDRICAL_SURFACE('',#11320,4.25);
#11322=ORIENTED_EDGE('',*,*,#10637,.F.);
#11323=EDGE_LOOP('',(#11322));
#11324=FACE_OUTER_BOUND('',#11323,.T.);
#11325=ORIENTED_EDGE('',*,*,#8858,.F.);
#11326=EDGE_LOOP('',(#11325));
#11327=FACE_BOUND('',#11326,.T.);
#11328=ADVANCED_FACE('',(#11324,#11327),#11321,.F.);
#11329=CARTESIAN_POINT('',(-60.0,-107.2,-360.17283261819961));
#11330=DIRECTION('',(0.0,0.0,1.0));
#11331=DIRECTION('',(1.0,0.0,0.0));
#11332=AXIS2_PLACEMENT_3D('',#11329,#11330,#11331);
#11333=CYLINDRICAL_SURFACE('',#11332,4.25);
#11334=ORIENTED_EDGE('',*,*,#10626,.F.);
#11335=EDGE_LOOP('',(#11334));
#11336=FACE_OUTER_BOUND('',#11335,.T.);
#11337=ORIENTED_EDGE('',*,*,#8847,.F.);
#11338=EDGE_LOOP('',(#11337));
#11339=FACE_BOUND('',#11338,.T.);
#11340=ADVANCED_FACE('',(#11336,#11339),#11333,.F.);
#11341=CARTESIAN_POINT('',(-127.25000000000001,35.0,-360.17283261819961));
#11342=DIRECTION('',(0.0,0.0,1.0));
#11343=DIRECTION('',(1.0,0.0,0.0));
#11344=AXIS2_PLACEMENT_3D('',#11341,#11342,#11343);
#11345=CYLINDRICAL_SURFACE('',#11344,4.25);
#11346=ORIENTED_EDGE('',*,*,#10615,.F.);
#11347=EDGE_LOOP('',(#11346));
#11348=FACE_OUTER_BOUND('',#11347,.T.);
#11349=ORIENTED_EDGE('',*,*,#8836,.F.);
#11350=EDGE_LOOP('',(#11349));
#11351=FACE_BOUND('',#11350,.T.);
#11352=ADVANCED_FACE('',(#11348,#11351),#11345,.F.);
#11353=CARTESIAN_POINT('',(-127.25000000000001,-35.0,-360.17283261819961));
#11354=DIRECTION('',(0.0,0.0,1.0));
#11355=DIRECTION('',(1.0,0.0,0.0));
#11356=AXIS2_PLACEMENT_3D('',#11353,#11354,#11355);
#11357=CYLINDRICAL_SURFACE('',#11356,4.25);
#11358=ORIENTED_EDGE('',*,*,#10604,.F.);
#11359=EDGE_LOOP('',(#11358));
#11360=FACE_OUTER_BOUND('',#11359,.T.);
#11361=ORIENTED_EDGE('',*,*,#8825,.F.);
#11362=EDGE_LOOP('',(#11361));
#11363=FACE_BOUND('',#11362,.T.);
#11364=ADVANCED_FACE('',(#11360,#11363),#11357,.F.);
#11365=CARTESIAN_POINT('',(127.25000000000001,-35.0,-360.17283261819961));
#11366=DIRECTION('',(0.0,0.0,1.0));
#11367=DIRECTION('',(1.0,0.0,0.0));
#11368=AXIS2_PLACEMENT_3D('',#11365,#11366,#11367);
#11369=CYLINDRICAL_SURFACE('',#11368,4.25);
#11370=ORIENTED_EDGE('',*,*,#10593,.F.);
#11371=EDGE_LOOP('',(#11370));
#11372=FACE_OUTER_BOUND('',#11371,.T.);
#11373=ORIENTED_EDGE('',*,*,#8814,.F.);
#11374=EDGE_LOOP('',(#11373));
#11375=FACE_BOUND('',#11374,.T.);
#11376=ADVANCED_FACE('',(#11372,#11375),#11369,.F.);
#11377=CARTESIAN_POINT('',(127.25000000000001,35.0,-360.17283261819961));
#11378=DIRECTION('',(0.0,0.0,1.0));
#11379=DIRECTION('',(1.0,0.0,0.0));
#11380=AXIS2_PLACEMENT_3D('',#11377,#11378,#11379);
#11381=CYLINDRICAL_SURFACE('',#11380,4.25);
#11382=ORIENTED_EDGE('',*,*,#10582,.F.);
#11383=EDGE_LOOP('',(#11382));
#11384=FACE_OUTER_BOUND('',#11383,.T.);
#11385=ORIENTED_EDGE('',*,*,#8803,.F.);
#11386=EDGE_LOOP('',(#11385));
#11387=FACE_BOUND('',#11386,.T.);
#11388=ADVANCED_FACE('',(#11384,#11387),#11381,.F.);
#11389=CARTESIAN_POINT('',(-119.20000000000002,-99.199999999999989,-360.17283261819961));
#11390=DIRECTION('',(0.0,0.0,1.0));
#11391=DIRECTION('',(1.0,0.0,0.0));
#11392=AXIS2_PLACEMENT_3D('',#11389,#11390,#11391);
#11393=CYLINDRICAL_SURFACE('',#11392,4.25);
#11394=ORIENTED_EDGE('',*,*,#10571,.F.);
#11395=EDGE_LOOP('',(#11394));
#11396=FACE_OUTER_BOUND('',#11395,.T.);
#11397=ORIENTED_EDGE('',*,*,#8792,.F.);
#11398=EDGE_LOOP('',(#11397));
#11399=FACE_BOUND('',#11398,.T.);
#11400=ADVANCED_FACE('',(#11396,#11399),#11393,.F.);
#11401=CARTESIAN_POINT('',(119.20000000000002,-99.199999999999989,-360.17283261819961));
#11402=DIRECTION('',(0.0,0.0,1.0));
#11403=DIRECTION('',(1.0,0.0,0.0));
#11404=AXIS2_PLACEMENT_3D('',#11401,#11402,#11403);
#11405=CYLINDRICAL_SURFACE('',#11404,4.25);
#11406=ORIENTED_EDGE('',*,*,#10560,.F.);
#11407=EDGE_LOOP('',(#11406));
#11408=FACE_OUTER_BOUND('',#11407,.T.);
#11409=ORIENTED_EDGE('',*,*,#8781,.F.);
#11410=EDGE_LOOP('',(#11409));
#11411=FACE_BOUND('',#11410,.T.);
#11412=ADVANCED_FACE('',(#11408,#11411),#11405,.F.);
#11413=CARTESIAN_POINT('',(0.0,-107.2,-360.17283261819961));
#11414=DIRECTION('',(0.0,0.0,1.0));
#11415=DIRECTION('',(1.0,0.0,0.0));
#11416=AXIS2_PLACEMENT_3D('',#11413,#11414,#11415);
#11417=CYLINDRICAL_SURFACE('',#11416,4.25);
#11418=ORIENTED_EDGE('',*,*,#10549,.F.);
#11419=EDGE_LOOP('',(#11418));
#11420=FACE_OUTER_BOUND('',#11419,.T.);
#11421=ORIENTED_EDGE('',*,*,#8770,.F.);
#11422=EDGE_LOOP('',(#11421));
#11423=FACE_BOUND('',#11422,.T.);
#11424=ADVANCED_FACE('',(#11420,#11423),#11417,.F.);
#11425=CARTESIAN_POINT('',(60.0,-107.2,-360.17283261819961));
#11426=DIRECTION('',(0.0,0.0,1.0));
#11427=DIRECTION('',(1.0,0.0,0.0));
#11428=AXIS2_PLACEMENT_3D('',#11425,#11426,#11427);
#11429=CYLINDRICAL_SURFACE('',#11428,4.25);
#11430=ORIENTED_EDGE('',*,*,#10538,.F.);
#11431=EDGE_LOOP('',(#11430));
#11432=FACE_OUTER_BOUND('',#11431,.T.);
#11433=ORIENTED_EDGE('',*,*,#8759,.F.);
#11434=EDGE_LOOP('',(#11433));
#11435=FACE_BOUND('',#11434,.T.);
#11436=ADVANCED_FACE('',(#11432,#11435),#11429,.F.);
#11437=CARTESIAN_POINT('',(60.0,107.2,-360.17283261819961));
#11438=DIRECTION('',(0.0,0.0,1.0));
#11439=DIRECTION('',(1.0,0.0,0.0));
#11440=AXIS2_PLACEMENT_3D('',#11437,#11438,#11439);
#11441=CYLINDRICAL_SURFACE('',#11440,4.25);
#11442=ORIENTED_EDGE('',*,*,#10527,.F.);
#11443=EDGE_LOOP('',(#11442));
#11444=FACE_OUTER_BOUND('',#11443,.T.);
#11445=ORIENTED_EDGE('',*,*,#8748,.F.);
#11446=EDGE_LOOP('',(#11445));
#11447=FACE_BOUND('',#11446,.T.);
#11448=ADVANCED_FACE('',(#11444,#11447),#11441,.F.);
#11449=CARTESIAN_POINT('',(0.0,107.2,-360.17283261819961));
#11450=DIRECTION('',(0.0,0.0,1.0));
#11451=DIRECTION('',(1.0,0.0,0.0));
#11452=AXIS2_PLACEMENT_3D('',#11449,#11450,#11451);
#11453=CYLINDRICAL_SURFACE('',#11452,4.25);
#11454=ORIENTED_EDGE('',*,*,#10516,.F.);
#11455=EDGE_LOOP('',(#11454));
#11456=FACE_OUTER_BOUND('',#11455,.T.);
#11457=ORIENTED_EDGE('',*,*,#8737,.F.);
#11458=EDGE_LOOP('',(#11457));
#11459=FACE_BOUND('',#11458,.T.);
#11460=ADVANCED_FACE('',(#11456,#11459),#11453,.F.);
#11461=CARTESIAN_POINT('',(-60.0,107.2,-360.17283261819961));
#11462=DIRECTION('',(0.0,0.0,1.0));
#11463=DIRECTION('',(1.0,0.0,0.0));
#11464=AXIS2_PLACEMENT_3D('',#11461,#11462,#11463);
#11465=CYLINDRICAL_SURFACE('',#11464,4.25);
#11466=ORIENTED_EDGE('',*,*,#10505,.F.);
#11467=EDGE_LOOP('',(#11466));
#11468=FACE_OUTER_BOUND('',#11467,.T.);
#11469=ORIENTED_EDGE('',*,*,#8726,.F.);
#11470=EDGE_LOOP('',(#11469));
#11471=FACE_BOUND('',#11470,.T.);
#11472=ADVANCED_FACE('',(#11468,#11471),#11465,.F.);
#11473=CARTESIAN_POINT('',(140.74667306647495,40.050000000000026,14.500000000000002));
#11474=DIRECTION('',(2.217674E-016,-1.0,0.0));
#11475=DIRECTION('',(0.700909264299849,0.0,0.713250449154183));
#11476=AXIS2_PLACEMENT_3D('',#11473,#11474,#11475);
#11477=CYLINDRICAL_SURFACE('',#11476,1.5);
#11478=CARTESIAN_POINT('',(142.24644460920953,80.100000000000023,14.526178609655926));
#11479=VERTEX_POINT('',#11478);
#11480=CARTESIAN_POINT('',(140.74667306647495,80.100000000000023,14.500000000000002));
#11481=DIRECTION('',(0.0,-1.0,0.0));
#11482=DIRECTION('',(0.999847695156391,0.0,0.017452406437283));
#11483=AXIS2_PLACEMENT_3D('',#11480,#11481,#11482);
#11484=CIRCLE('',#11483,1.499999999999991);
#11485=EDGE_CURVE('',#11479,#8559,#11484,.T.);
#11486=ORIENTED_EDGE('',*,*,#11485,.T.);
#11487=ORIENTED_EDGE('',*,*,#8564,.T.);
#11488=CARTESIAN_POINT('',(142.24644460920959,-80.09999999999998,14.526178609655926));
#11489=VERTEX_POINT('',#11488);
#11490=CARTESIAN_POINT('',(140.74667306647498,-80.09999999999998,14.500000000000002));
#11491=DIRECTION('',(0.0,1.0,0.0));
#11492=DIRECTION('',(0.0,0.0,1.0));
#11493=AXIS2_PLACEMENT_3D('',#11490,#11491,#11492);
#11494=CIRCLE('',#11493,1.499999999999999);
#11495=EDGE_CURVE('',#8550,#11489,#11494,.T.);
#11496=ORIENTED_EDGE('',*,*,#11495,.T.);
#11497=CARTESIAN_POINT('',(142.24644460920956,-80.09999999999998,14.526178609655926));
#11498=DIRECTION('',(0.0,1.0,0.0));
#11499=VECTOR('',#11498,160.19999999999999);
#11500=LINE('',#11497,#11499);
#11501=EDGE_CURVE('',#11489,#11479,#11500,.T.);
#11502=ORIENTED_EDGE('',*,*,#11501,.T.);
#11503=EDGE_LOOP('',(#11486,#11487,#11496,#11502));
#11504=FACE_OUTER_BOUND('',#11503,.T.);
#11505=ADVANCED_FACE('',(#11504),#11477,.T.);
#11506=CARTESIAN_POINT('',(100.09999999999998,-80.09999999999998,14.500000000000011));
#11507=DIRECTION('',(0.0,0.0,-1.0));
#11508=DIRECTION('',(-1.0,0.0,0.0));
#11509=AXIS2_PLACEMENT_3D('',#11506,#11507,#11508);
#11510=TOROIDAL_SURFACE('',#11509,40.646673066474989,1.5);
#11511=ORIENTED_EDGE('',*,*,#8975,.T.);
#11512=CARTESIAN_POINT('',(100.09999999999998,-80.09999999999998,14.526178609655936));
#11513=DIRECTION('',(0.0,0.0,1.0));
#11514=DIRECTION('',(0.707106781186548,-0.707106781186547,0.0));
#11515=AXIS2_PLACEMENT_3D('',#11512,#11513,#11514);
#11516=CIRCLE('',#11515,42.146444609209567);
#11517=EDGE_CURVE('',#8963,#11489,#11516,.T.);
#11518=ORIENTED_EDGE('',*,*,#11517,.T.);
#11519=ORIENTED_EDGE('',*,*,#11495,.F.);
#11520=ORIENTED_EDGE('',*,*,#8556,.T.);
#11521=EDGE_LOOP('',(#11511,#11518,#11519,#11520));
#11522=FACE_OUTER_BOUND('',#11521,.T.);
#11523=ADVANCED_FACE('',(#11522),#11510,.T.);
#11524=CARTESIAN_POINT('',(50.04999999999999,-120.74667306647498,14.500000000000002));
#11525=DIRECTION('',(-1.0,-1.774582E-016,0.0));
#11526=DIRECTION('',(0.0,-0.700909264299849,0.713250449154183));
#11527=AXIS2_PLACEMENT_3D('',#11524,#11525,#11526);
#11528=CYLINDRICAL_SURFACE('',#11527,1.5);
#11529=ORIENTED_EDGE('',*,*,#8615,.T.);
#11530=CARTESIAN_POINT('',(-100.10000000000002,-120.74667306647501,14.500000000000002));
#11531=DIRECTION('',(1.0,0.0,0.0));
#11532=DIRECTION('',(0.0,0.0,1.0));
#11533=AXIS2_PLACEMENT_3D('',#11530,#11531,#11532);
#11534=CIRCLE('',#11533,1.499999999999999);
#11535=EDGE_CURVE('',#8601,#10069,#11534,.T.);
#11536=ORIENTED_EDGE('',*,*,#11535,.T.);
#11537=ORIENTED_EDGE('',*,*,#10074,.T.);
#11538=ORIENTED_EDGE('',*,*,#9447,.F.);
#11539=EDGE_LOOP('',(#11529,#11536,#11537,#11538));
#11540=FACE_OUTER_BOUND('',#11539,.T.);
#11541=ADVANCED_FACE('',(#11540),#11528,.T.);
#11542=CARTESIAN_POINT('',(-100.10000000000002,-80.100000000000023,14.500000000000011));
#11543=DIRECTION('',(0.0,0.0,-1.0));
#11544=DIRECTION('',(-1.0,0.0,0.0));
#11545=AXIS2_PLACEMENT_3D('',#11542,#11543,#11544);
#11546=TOROIDAL_SURFACE('',#11545,40.646673066474989,1.5);
#11547=CARTESIAN_POINT('',(-142.24644460920953,-80.100000000000023,14.526178609655936));
#11548=VERTEX_POINT('',#11547);
#11549=CARTESIAN_POINT('',(-140.74667306647501,-80.100000000000037,14.500000000000011));
#11550=DIRECTION('',(0.0,-1.0,0.0));
#11551=DIRECTION('',(0.0,0.0,1.0));
#11552=AXIS2_PLACEMENT_3D('',#11549,#11550,#11551);
#11553=CIRCLE('',#11552,1.49999999999999);
#11554=EDGE_CURVE('',#8593,#11548,#11553,.T.);
#11555=ORIENTED_EDGE('',*,*,#11554,.T.);
#11556=CARTESIAN_POINT('',(-100.10000000000002,-80.100000000000023,14.526178609655936));
#11557=DIRECTION('',(0.0,0.0,1.0));
#11558=DIRECTION('',(-0.707106781186547,-0.707106781186548,0.0));
#11559=AXIS2_PLACEMENT_3D('',#11556,#11557,#11558);
#11560=CIRCLE('',#11559,42.146444609209567);
#11561=EDGE_CURVE('',#11548,#10069,#11560,.T.);
#11562=ORIENTED_EDGE('',*,*,#11561,.T.);
#11563=ORIENTED_EDGE('',*,*,#11535,.F.);
#11564=ORIENTED_EDGE('',*,*,#8607,.T.);
#11565=EDGE_LOOP('',(#11555,#11562,#11563,#11564));
#11566=FACE_OUTER_BOUND('',#11565,.T.);
#11567=ADVANCED_FACE('',(#11566),#11546,.T.);
#11568=CARTESIAN_POINT('',(-140.74667306647495,-40.050000000000033,14.500000000000002));
#11569=DIRECTION('',(-3.326511E-016,1.0,0.0));
#11570=DIRECTION('',(-0.700909264299858,0.0,0.713250449154175));
#11571=AXIS2_PLACEMENT_3D('',#11568,#11569,#11570);
#11572=CYLINDRICAL_SURFACE('',#11571,1.5);
#11573=CARTESIAN_POINT('',(-142.24644460920962,80.100000000000023,14.526178609655926));
#11574=VERTEX_POINT('',#11573);
#11575=CARTESIAN_POINT('',(-140.74667306647501,80.100000000000023,14.500000000000002));
#11576=DIRECTION('',(0.0,-1.0,0.0));
#11577=DIRECTION('',(0.0,0.0,1.0));
#11578=AXIS2_PLACEMENT_3D('',#11575,#11576,#11577);
#11579=CIRCLE('',#11578,1.499999999999999);
#11580=EDGE_CURVE('',#8584,#11574,#11579,.T.);
#11581=ORIENTED_EDGE('',*,*,#11580,.T.);
#11582=CARTESIAN_POINT('',(-142.24644460920959,80.099999999999994,14.526178609655926));
#11583=DIRECTION('',(0.0,-1.0,0.0));
#11584=VECTOR('',#11583,160.20000000000002);
#11585=LINE('',#11582,#11584);
#11586=EDGE_CURVE('',#11574,#11548,#11585,.T.);
#11587=ORIENTED_EDGE('',*,*,#11586,.T.);
#11588=ORIENTED_EDGE('',*,*,#11554,.F.);
#11589=ORIENTED_EDGE('',*,*,#8598,.T.);
#11590=EDGE_LOOP('',(#11581,#11587,#11588,#11589));
#11591=FACE_OUTER_BOUND('',#11590,.T.);
#11592=ADVANCED_FACE('',(#11591),#11572,.T.);
#11593=CARTESIAN_POINT('',(-100.10000000000005,80.100000000000023,14.500000000000011));
#11594=DIRECTION('',(0.0,0.0,-1.0));
#11595=DIRECTION('',(-1.0,0.0,0.0));
#11596=AXIS2_PLACEMENT_3D('',#11593,#11594,#11595);
#11597=TOROIDAL_SURFACE('',#11596,40.646673066474989,1.5);
#11598=CARTESIAN_POINT('',(-100.10000000000005,122.24644460920956,14.526178609655936));
#11599=VERTEX_POINT('',#11598);
#11600=CARTESIAN_POINT('',(-100.10000000000007,120.746673066475,14.500000000000011));
#11601=DIRECTION('',(-1.0,0.0,0.0));
#11602=DIRECTION('',(0.0,0.0,1.0));
#11603=AXIS2_PLACEMENT_3D('',#11600,#11601,#11602);
#11604=CIRCLE('',#11603,1.49999999999999);
#11605=EDGE_CURVE('',#8576,#11599,#11604,.T.);
#11606=ORIENTED_EDGE('',*,*,#11605,.T.);
#11607=CARTESIAN_POINT('',(-100.10000000000005,80.100000000000023,14.526178609655936));
#11608=DIRECTION('',(0.0,0.0,1.0));
#11609=DIRECTION('',(-0.707106781186548,0.707106781186547,0.0));
#11610=AXIS2_PLACEMENT_3D('',#11607,#11608,#11609);
#11611=CIRCLE('',#11610,42.146444609209567);
#11612=EDGE_CURVE('',#11599,#11574,#11611,.T.);
#11613=ORIENTED_EDGE('',*,*,#11612,.T.);
#11614=ORIENTED_EDGE('',*,*,#11580,.F.);
#11615=ORIENTED_EDGE('',*,*,#8590,.T.);
#11616=EDGE_LOOP('',(#11606,#11613,#11614,#11615));
#11617=FACE_OUTER_BOUND('',#11616,.T.);
#11618=ADVANCED_FACE('',(#11617),#11597,.T.);
#11619=CARTESIAN_POINT('',(-50.050000000000033,120.746673066475,14.500000000000002));
#11620=DIRECTION('',(1.0,0.0,0.0));
#11621=DIRECTION('',(0.0,0.700909264299849,0.713250449154183));
#11622=AXIS2_PLACEMENT_3D('',#11619,#11620,#11621);
#11623=CYLINDRICAL_SURFACE('',#11622,1.5);
#11624=CARTESIAN_POINT('',(100.09999999999994,122.24644460920958,14.526178609655926));
#11625=VERTEX_POINT('',#11624);
#11626=CARTESIAN_POINT('',(100.09999999999994,120.746673066475,14.500000000000002));
#11627=DIRECTION('',(-1.0,0.0,0.0));
#11628=DIRECTION('',(0.0,0.0,1.0));
#11629=AXIS2_PLACEMENT_3D('',#11626,#11627,#11628);
#11630=CIRCLE('',#11629,1.499999999999999);
#11631=EDGE_CURVE('',#8567,#11625,#11630,.T.);
#11632=ORIENTED_EDGE('',*,*,#11631,.T.);
#11633=CARTESIAN_POINT('',(100.09999999999994,122.24644460920958,14.526178609655926));
#11634=DIRECTION('',(-1.0,0.0,0.0));
#11635=VECTOR('',#11634,200.19999999999999);
#11636=LINE('',#11633,#11635);
#11637=EDGE_CURVE('',#11625,#11599,#11636,.T.);
#11638=ORIENTED_EDGE('',*,*,#11637,.T.);
#11639=ORIENTED_EDGE('',*,*,#11605,.F.);
#11640=ORIENTED_EDGE('',*,*,#8581,.T.);
#11641=EDGE_LOOP('',(#11632,#11638,#11639,#11640));
#11642=FACE_OUTER_BOUND('',#11641,.T.);
#11643=ADVANCED_FACE('',(#11642),#11623,.T.);
#11644=CARTESIAN_POINT('',(100.09999999999994,80.100000000000023,14.500000000000011));
#11645=DIRECTION('',(0.0,0.0,-1.0));
#11646=DIRECTION('',(-1.0,0.0,0.0));
#11647=AXIS2_PLACEMENT_3D('',#11644,#11645,#11646);
#11648=TOROIDAL_SURFACE('',#11647,40.646673066474989,1.5);
#11649=ORIENTED_EDGE('',*,*,#11485,.F.);
#11650=CARTESIAN_POINT('',(100.09999999999994,80.100000000000023,14.526178609655936));
#11651=DIRECTION('',(0.0,0.0,1.0));
#11652=DIRECTION('',(0.707106781186547,0.707106781186548,0.0));
#11653=AXIS2_PLACEMENT_3D('',#11650,#11651,#11652);
#11654=CIRCLE('',#11653,42.146444609209567);
#11655=EDGE_CURVE('',#11479,#11625,#11654,.T.);
#11656=ORIENTED_EDGE('',*,*,#11655,.T.);
#11657=ORIENTED_EDGE('',*,*,#11631,.F.);
#11658=ORIENTED_EDGE('',*,*,#8573,.T.);
#11659=EDGE_LOOP('',(#11649,#11656,#11657,#11658));
#11660=FACE_OUTER_BOUND('',#11659,.T.);
#11661=ADVANCED_FACE('',(#11660),#11648,.T.);
#11662=CARTESIAN_POINT('',(-100.10000000000005,80.100000000000023,0.0));
#11663=DIRECTION('',(0.0,0.0,-1.0));
#11664=DIRECTION('',(0.0,1.0,0.0));
#11665=AXIS2_PLACEMENT_3D('',#11662,#11663,#11664);
#11666=CONICAL_SURFACE('',#11665,42.400000000000006,1.0);
#11667=ORIENTED_EDGE('',*,*,#11612,.F.);
#11668=CARTESIAN_POINT('',(-100.10000000000005,122.5,0.0));
#11669=DIRECTION('',(0.0,-0.017452406437283,0.999847695156391));
#11670=VECTOR('',#11669,14.528391354028999);
#11671=LINE('',#11668,#11670);
#11672=EDGE_CURVE('',#10436,#11599,#11671,.T.);
#11673=ORIENTED_EDGE('',*,*,#11672,.F.);
#11674=ORIENTED_EDGE('',*,*,#10442,.T.);
#11675=CARTESIAN_POINT('',(-142.50000000000003,80.100000000000023,-8.453973E-020));
#11676=DIRECTION('',(0.017452406437284,0.0,0.999847695156391));
#11677=VECTOR('',#11676,14.52839135402899);
#11678=LINE('',#11675,#11677);
#11679=EDGE_CURVE('',#10426,#11574,#11678,.T.);
#11680=ORIENTED_EDGE('',*,*,#11679,.T.);
#11681=EDGE_LOOP('',(#11667,#11673,#11674,#11680));
#11682=FACE_OUTER_BOUND('',#11681,.T.);
#11683=ADVANCED_FACE('',(#11682),#11666,.T.);
#11684=CARTESIAN_POINT('',(-100.10000000000005,122.5,0.0));
#11685=DIRECTION('',(0.0,0.999847695156391,0.017452406437284));
#11686=DIRECTION('',(0.0,-0.017452406437284,0.999847695156391));
#11687=AXIS2_PLACEMENT_3D('',#11684,#11685,#11686);
#11688=PLANE('',#11687);
#11689=ORIENTED_EDGE('',*,*,#11637,.F.);
#11690=CARTESIAN_POINT('',(100.09999999999994,122.5,-8.453973E-020));
#11691=DIRECTION('',(0.0,-0.017452406437283,0.999847695156391));
#11692=VECTOR('',#11691,14.52839135402899);
#11693=LINE('',#11690,#11692);
#11694=EDGE_CURVE('',#10445,#11625,#11693,.T.);
#11695=ORIENTED_EDGE('',*,*,#11694,.F.);
#11696=ORIENTED_EDGE('',*,*,#10450,.T.);
#11697=ORIENTED_EDGE('',*,*,#11672,.T.);
#11698=EDGE_LOOP('',(#11689,#11695,#11696,#11697));
#11699=FACE_OUTER_BOUND('',#11698,.T.);
#11700=ADVANCED_FACE('',(#11699),#11688,.T.);
#11701=CARTESIAN_POINT('',(100.09999999999994,80.100000000000023,0.0));
#11702=DIRECTION('',(0.0,0.0,-1.0));
#11703=DIRECTION('',(1.0,0.0,0.0));
#11704=AXIS2_PLACEMENT_3D('',#11701,#11702,#11703);
#11705=CONICAL_SURFACE('',#11704,42.400000000000006,1.0);
#11706=ORIENTED_EDGE('',*,*,#11655,.F.);
#11707=CARTESIAN_POINT('',(142.49999999999997,80.100000000000023,0.0));
#11708=DIRECTION('',(-0.017452406437284,0.0,0.999847695156391));
#11709=VECTOR('',#11708,14.52839135402899);
#11710=LINE('',#11707,#11709);
#11711=EDGE_CURVE('',#10453,#11479,#11710,.T.);
#11712=ORIENTED_EDGE('',*,*,#11711,.F.);
#11713=ORIENTED_EDGE('',*,*,#10459,.T.);
#11714=ORIENTED_EDGE('',*,*,#11694,.T.);
#11715=EDGE_LOOP('',(#11706,#11712,#11713,#11714));
#11716=FACE_OUTER_BOUND('',#11715,.T.);
#11717=ADVANCED_FACE('',(#11716),#11705,.T.);
#11718=CARTESIAN_POINT('',(142.49999999999997,80.100000000000023,0.0));
#11719=DIRECTION('',(0.999847695156391,2.217336E-016,0.017452406437284));
#11720=DIRECTION('',(0.017452406437284,3.870375E-018,-0.999847695156391));
#11721=AXIS2_PLACEMENT_3D('',#11718,#11719,#11720);
#11722=PLANE('',#11721);
#11723=ORIENTED_EDGE('',*,*,#11501,.F.);
#11724=CARTESIAN_POINT('',(142.5,-80.09999999999998,0.0));
#11725=DIRECTION('',(-0.017452406437284,0.0,0.999847695156391));
#11726=VECTOR('',#11725,14.52839135402899);
#11727=LINE('',#11724,#11726);
#11728=EDGE_CURVE('',#10462,#11489,#11727,.T.);
#11729=ORIENTED_EDGE('',*,*,#11728,.F.);
#11730=ORIENTED_EDGE('',*,*,#10467,.T.);
#11731=ORIENTED_EDGE('',*,*,#11711,.T.);
#11732=EDGE_LOOP('',(#11723,#11729,#11730,#11731));
#11733=FACE_OUTER_BOUND('',#11732,.T.);
#11734=ADVANCED_FACE('',(#11733),#11722,.T.);
#11735=CARTESIAN_POINT('',(100.09999999999998,-80.09999999999998,0.0));
#11736=DIRECTION('',(0.0,0.0,-1.0));
#11737=DIRECTION('',(0.0,-1.0,0.0));
#11738=AXIS2_PLACEMENT_3D('',#11735,#11736,#11737);
#11739=CONICAL_SURFACE('',#11738,42.400000000000006,1.0);
#11740=ORIENTED_EDGE('',*,*,#11517,.F.);
#11741=ORIENTED_EDGE('',*,*,#9034,.F.);
#11742=ORIENTED_EDGE('',*,*,#10474,.T.);
#11743=ORIENTED_EDGE('',*,*,#11728,.T.);
#11744=EDGE_LOOP('',(#11740,#11741,#11742,#11743));
#11745=FACE_OUTER_BOUND('',#11744,.T.);
#11746=ADVANCED_FACE('',(#11745),#11739,.T.);
#11747=CARTESIAN_POINT('',(-100.10000000000002,-80.100000000000023,0.0));
#11748=DIRECTION('',(0.0,0.0,-1.0));
#11749=DIRECTION('',(-1.0,0.0,0.0));
#11750=AXIS2_PLACEMENT_3D('',#11747,#11748,#11749);
#11751=CONICAL_SURFACE('',#11750,42.400000000000006,1.0);
#11752=ORIENTED_EDGE('',*,*,#11561,.F.);
#11753=CARTESIAN_POINT('',(-142.49999999999997,-80.100000000000023,-2.536192E-019));
#11754=DIRECTION('',(0.017452406437284,0.0,0.999847695156391));
#11755=VECTOR('',#11754,14.528391354028999);
#11756=LINE('',#11753,#11755);
#11757=EDGE_CURVE('',#10428,#11548,#11756,.T.);
#11758=ORIENTED_EDGE('',*,*,#11757,.F.);
#11759=ORIENTED_EDGE('',*,*,#10494,.T.);
#11760=ORIENTED_EDGE('',*,*,#10082,.T.);
#11761=EDGE_LOOP('',(#11752,#11758,#11759,#11760));
#11762=FACE_OUTER_BOUND('',#11761,.T.);
#11763=ADVANCED_FACE('',(#11762),#11751,.T.);
#11764=CARTESIAN_POINT('',(-142.49999999999997,-80.100000000000023,0.0));
#11765=DIRECTION('',(-0.999847695156391,-3.326004E-016,0.017452406437284));
#11766=DIRECTION('',(0.017452406437284,5.805562E-018,0.999847695156391));
#11767=AXIS2_PLACEMENT_3D('',#11764,#11765,#11766);
#11768=PLANE('',#11767);
#11769=ORIENTED_EDGE('',*,*,#11586,.F.);
#11770=ORIENTED_EDGE('',*,*,#11679,.F.);
#11771=ORIENTED_EDGE('',*,*,#10433,.T.);
#11772=ORIENTED_EDGE('',*,*,#11757,.T.);
#11773=EDGE_LOOP('',(#11769,#11770,#11771,#11772));
#11774=FACE_OUTER_BOUND('',#11773,.T.);
#11775=ADVANCED_FACE('',(#11774),#11768,.T.);
#11776=CLOSED_SHELL('',(#7932,#7966,#7998,#8032,#8064,#8098,#8130,#8170,#8227,#8261,#8293,#8327,#8359,#8393,#8425,#8447,#8464,#8481,#8498,#8515,#8532,#8873,#8893,#8925,#8956,#8981,#9015,#9040,#9057,#9077,#9135,#9177,#9208,#9232,#9281,#9303,#9354,#9378,#9403,#9451,#9485,#9517,#9551,#9583,#9617,#9649,#9689,#9715,#9749,#9781,#9815,#9847,#9881,#9913,#9935,#9952,#9969,#9986,#10003,#10015,#10035,#10060,#10092,#10134,#10168,#10200,#10234,#10266,#10290,#10314,#10346,#10370,#10395,#10419,#10662,#10695,#10719,#10751,#10785,#10815,#10841,#10866,#10884,#10906,#10918,#10930,#10952,#10964,#10997,#11053,#11109,#11134,#11159,#11215,#11271,#11288,#11304,#11316,#11328,#11340,#11352,#11364,#11376,#11388,#11400,#11412,#11424,#11436,#11448,#11460,#11472,#11505,#11523,#11541,#11567,#11592,#11618,#11643,#11661,#11683,#11700,#11717,#11734,#11746,#11763,#11775));
#11777=MANIFOLD_SOLID_BREP('Solido1',#11776);
#11778=STYLED_ITEM('',(#7796),#11777);
#11779=ADVANCED_BREP_SHAPE_REPRESENTATION('ABSR',(#11777),#7844);
#11780=SHAPE_REPRESENTATION_RELATIONSHIP('SRR','None',#11779,#7849);
#11781=AXIS2_PLACEMENT_3D('',#11782,#11783,#11784);
#11782=CARTESIAN_POINT('',(0.0,2.168549E-013,15.0));
#11783=DIRECTION('',(1.915838E-047,-1.098865E-045,0.999999999999999));
#11784=DIRECTION('',(-1.0,2.217674E-016,2.187572E-031));
#11785=NEXT_ASSEMBLY_USAGE_OCCURRENCE('COPERCHIO EJB-21A:1','COPERCHIO EJB-21A:1','COPERCHIO EJB-21A:1',#12,#7820,'COPERCHIO EJB-21A:1');
#11786=PRODUCT_DEFINITION_SHAPE('COPERCHIO EJB-21A:1','COPERCHIO EJB-21A:1',#11785);
#11787=ITEM_DEFINED_TRANSFORMATION('COPERCHIO EJB-21A:1','COPERCHIO EJB-21A:1',#7845,#11781);
#11791=(REPRESENTATION_RELATIONSHIP('COPERCHIO EJB-21A:1','COPERCHIO EJB-21A:1',#7849,#41)REPRESENTATION_RELATIONSHIP_WITH_TRANSFORMATION(#11787)SHAPE_REPRESENTATION_RELATIONSHIP());
#11792=CONTEXT_DEPENDENT_SHAPE_REPRESENTATION(#11791,#11786);
#11793=APPLICATION_CONTEXT('automotive design');
#11794=APPLICATION_PROTOCOL_DEFINITION('International Standard','automotive_design',2001,#11793);
#11795=PRODUCT_CONTEXT('',#11793,'mechanical');
#11796=PRODUCT('PIASTRA INTERNA PER EJB-21A','PIASTRA INTERNA PER EJB-21A',$,(#11795));
#11797=PRODUCT_RELATED_PRODUCT_CATEGORY('part',$,(#11796));
#11798=PRODUCT_DEFINITION_FORMATION('',$,#11796);
#11799=PRODUCT_DEFINITION_CONTEXT('part definition',#11793,'design');
#11800=PRODUCT_DEFINITION('',$,#11798,#11799);
#11806=(NAMED_UNIT(*)PLANE_ANGLE_UNIT()SI_UNIT($,.RADIAN.));
#11807=DIMENSIONAL_EXPONENTS(0.0,0.0,0.0,0.0,0.0,0.0,0.0);
#11808=PLANE_ANGLE_MEASURE_WITH_UNIT(PLANE_ANGLE_MEASURE(0.0174532925),#11806);
#11812=(CONVERSION_BASED_UNIT('DEGREE',#11808)NAMED_UNIT(#11807)PLANE_ANGLE_UNIT());
#11816=(NAMED_UNIT(*)SI_UNIT($,.STERADIAN.)SOLID_ANGLE_UNIT());
#11820=(LENGTH_UNIT()NAMED_UNIT(*)SI_UNIT(.MILLI.,.METRE.));
#11822=UNCERTAINTY_MEASURE_WITH_UNIT(LENGTH_MEASURE(0.01),#11820,'DISTANCE_ACCURACY_VALUE','');
#11824=(GEOMETRIC_REPRESENTATION_CONTEXT(3)GLOBAL_UNCERTAINTY_ASSIGNED_CONTEXT((#11822))GLOBAL_UNIT_ASSIGNED_CONTEXT((#11812,#11816,#11820))REPRESENTATION_CONTEXT('None','None'));
#11825=AXIS2_PLACEMENT_3D('',#11826,#11827,#11828);
#11826=CARTESIAN_POINT('',(0.0,0.0,0.0));
#11827=DIRECTION('',(0.0,0.0,1.0));
#11828=DIRECTION('',(1.0,0.0,0.0));
#11829=SHAPE_REPRESENTATION('',(#11825),#11824);
#11830=PRODUCT_DEFINITION_SHAPE('','',#11800);
#11831=SHAPE_DEFINITION_REPRESENTATION(#11830,#11829);
#11837=(NAMED_UNIT(*)PLANE_ANGLE_UNIT()SI_UNIT($,.RADIAN.));
#11838=DIMENSIONAL_EXPONENTS(0.0,0.0,0.0,0.0,0.0,0.0,0.0);
#11839=PLANE_ANGLE_MEASURE_WITH_UNIT(PLANE_ANGLE_MEASURE(0.0174532925),#11837);
#11843=(CONVERSION_BASED_UNIT('DEGREE',#11839)NAMED_UNIT(#11838)PLANE_ANGLE_UNIT());
#11847=(NAMED_UNIT(*)SI_UNIT($,.STERADIAN.)SOLID_ANGLE_UNIT());
#11851=(LENGTH_UNIT()NAMED_UNIT(*)SI_UNIT(.MILLI.,.METRE.));
#11853=UNCERTAINTY_MEASURE_WITH_UNIT(LENGTH_MEASURE(0.000001),#11851,'DISTANCE_ACCURACY_VALUE','');
#11855=(GEOMETRIC_REPRESENTATION_CONTEXT(3)GLOBAL_UNCERTAINTY_ASSIGNED_CONTEXT((#11853))GLOBAL_UNIT_ASSIGNED_CONTEXT((#11843,#11847,#11851))REPRESENTATION_CONTEXT('','3D'));
#11856=CARTESIAN_POINT('',(-83.999999999999986,70.0,0.0));
#11857=DIRECTION('',(1.0,0.0,0.0));
#11858=DIRECTION('',(0.0,0.0,-1.0));
#11859=AXIS2_PLACEMENT_3D('',#11856,#11857,#11858);
#11860=PLANE('',#11859);
#11861=CARTESIAN_POINT('',(-83.999999999999986,70.0,2.0));
#11862=VERTEX_POINT('',#11861);
#11863=CARTESIAN_POINT('',(-83.999999999999986,60.0,2.0));
#11864=VERTEX_POINT('',#11863);
#11865=CARTESIAN_POINT('',(-83.999999999999986,70.0,2.0));
#11866=DIRECTION('',(0.0,-1.0,0.0));
#11867=VECTOR('',#11866,10.0);
#11868=LINE('',#11865,#11867);
#11869=EDGE_CURVE('',#11862,#11864,#11868,.T.);
#11870=ORIENTED_EDGE('',*,*,#11869,.T.);
#11871=CARTESIAN_POINT('',(-83.999999999999986,60.0,0.0));
#11872=VERTEX_POINT('',#11871);
#11873=CARTESIAN_POINT('',(-83.999999999999986,60.0,0.0));
#11874=DIRECTION('',(0.0,0.0,1.0));
#11875=VECTOR('',#11874,2.0);
#11876=LINE('',#11873,#11875);
#11877=EDGE_CURVE('',#11872,#11864,#11876,.T.);
#11878=ORIENTED_EDGE('',*,*,#11877,.F.);
#11879=CARTESIAN_POINT('',(-83.999999999999986,70.0,0.0));
#11880=VERTEX_POINT('',#11879);
#11881=CARTESIAN_POINT('',(-83.999999999999986,70.0,0.0));
#11882=DIRECTION('',(0.0,-1.0,0.0));
#11883=VECTOR('',#11882,10.0);
#11884=LINE('',#11881,#11883);
#11885=EDGE_CURVE('',#11880,#11872,#11884,.T.);
#11886=ORIENTED_EDGE('',*,*,#11885,.F.);
#11887=CARTESIAN_POINT('',(-83.999999999999986,70.0,0.0));
#11888=DIRECTION('',(0.0,0.0,1.0));
#11889=VECTOR('',#11888,2.0);
#11890=LINE('',#11887,#11889);
#11891=EDGE_CURVE('',#11880,#11862,#11890,.T.);
#11892=ORIENTED_EDGE('',*,*,#11891,.T.);
#11893=EDGE_LOOP('',(#11870,#11878,#11886,#11892));
#11894=FACE_OUTER_BOUND('',#11893,.T.);
#11895=ADVANCED_FACE('',(#11894),#11860,.T.);
#11896=CARTESIAN_POINT('',(-79.999999999999986,60.0,0.0));
#11897=DIRECTION('',(0.0,0.0,1.0));
#11898=DIRECTION('',(0.0,-1.0,0.0));
#11899=AXIS2_PLACEMENT_3D('',#11896,#11897,#11898);
#11900=CYLINDRICAL_SURFACE('',#11899,4.000000000000004);
#11901=CARTESIAN_POINT('',(-75.999999999999972,60.0,2.0));
#11902=VERTEX_POINT('',#11901);
#11903=CARTESIAN_POINT('',(-79.999999999999986,60.0,2.0));
#11904=DIRECTION('',(0.0,0.0,1.0));
#11905=DIRECTION('',(0.0,-1.0,0.0));
#11906=AXIS2_PLACEMENT_3D('',#11903,#11904,#11905);
#11907=CIRCLE('',#11906,4.000000000000004);
#11908=EDGE_CURVE('',#11864,#11902,#11907,.T.);
#11909=ORIENTED_EDGE('',*,*,#11908,.T.);
#11910=CARTESIAN_POINT('',(-75.999999999999972,60.0,0.0));
#11911=VERTEX_POINT('',#11910);
#11912=CARTESIAN_POINT('',(-75.999999999999972,60.0,0.0));
#11913=DIRECTION('',(0.0,0.0,1.0));
#11914=VECTOR('',#11913,2.0);
#11915=LINE('',#11912,#11914);
#11916=EDGE_CURVE('',#11911,#11902,#11915,.T.);
#11917=ORIENTED_EDGE('',*,*,#11916,.F.);
#11918=CARTESIAN_POINT('',(-79.999999999999986,60.0,0.0));
#11919=DIRECTION('',(0.0,0.0,1.0));
#11920=DIRECTION('',(-1.0,0.0,0.0));
#11921=AXIS2_PLACEMENT_3D('',#11918,#11919,#11920);
#11922=CIRCLE('',#11921,3.999999999999995);
#11923=EDGE_CURVE('',#11872,#11911,#11922,.T.);
#11924=ORIENTED_EDGE('',*,*,#11923,.F.);
#11925=ORIENTED_EDGE('',*,*,#11877,.T.);
#11926=EDGE_LOOP('',(#11909,#11917,#11924,#11925));
#11927=FACE_OUTER_BOUND('',#11926,.T.);
#11928=ADVANCED_FACE('',(#11927),#11900,.F.);
#11929=CARTESIAN_POINT('',(-75.999999999999972,60.0,0.0));
#11930=DIRECTION('',(-1.0,0.0,0.0));
#11931=DIRECTION('',(0.0,0.0,1.0));
#11932=AXIS2_PLACEMENT_3D('',#11929,#11930,#11931);
#11933=PLANE('',#11932);
#11934=CARTESIAN_POINT('',(-75.999999999999972,70.0,2.0));
#11935=VERTEX_POINT('',#11934);
#11936=CARTESIAN_POINT('',(-75.999999999999972,60.0,2.0));
#11937=DIRECTION('',(0.0,1.0,0.0));
#11938=VECTOR('',#11937,10.0);
#11939=LINE('',#11936,#11938);
#11940=EDGE_CURVE('',#11902,#11935,#11939,.T.);
#11941=ORIENTED_EDGE('',*,*,#11940,.T.);
#11942=CARTESIAN_POINT('',(-75.999999999999972,70.0,0.0));
#11943=VERTEX_POINT('',#11942);
#11944=CARTESIAN_POINT('',(-75.999999999999972,70.0,0.0));
#11945=DIRECTION('',(0.0,0.0,1.0));
#11946=VECTOR('',#11945,2.0);
#11947=LINE('',#11944,#11946);
#11948=EDGE_CURVE('',#11943,#11935,#11947,.T.);
#11949=ORIENTED_EDGE('',*,*,#11948,.F.);
#11950=CARTESIAN_POINT('',(-75.999999999999972,60.0,0.0));
#11951=DIRECTION('',(0.0,1.0,0.0));
#11952=VECTOR('',#11951,10.0);
#11953=LINE('',#11950,#11952);
#11954=EDGE_CURVE('',#11911,#11943,#11953,.T.);
#11955=ORIENTED_EDGE('',*,*,#11954,.F.);
#11956=ORIENTED_EDGE('',*,*,#11916,.T.);
#11957=EDGE_LOOP('',(#11941,#11949,#11955,#11956));
#11958=FACE_OUTER_BOUND('',#11957,.T.);
#11959=ADVANCED_FACE('',(#11958),#11933,.T.);
#11960=CARTESIAN_POINT('',(-75.999999999999972,70.0,0.0));
#11961=DIRECTION('',(0.0,1.0,0.0));
#11962=DIRECTION('',(0.0,0.0,1.0));
#11963=AXIS2_PLACEMENT_3D('',#11960,#11961,#11962);
#11964=PLANE('',#11963);
#11965=CARTESIAN_POINT('',(90.000000000000014,69.999999999999986,2.0));
#11966=VERTEX_POINT('',#11965);
#11967=CARTESIAN_POINT('',(-75.999999999999972,70.0,2.0));
#11968=DIRECTION('',(1.0,0.0,0.0));
#11969=VECTOR('',#11968,166.0);
#11970=LINE('',#11967,#11969);
#11971=EDGE_CURVE('',#11935,#11966,#11970,.T.);
#11972=ORIENTED_EDGE('',*,*,#11971,.T.);
#11973=CARTESIAN_POINT('',(90.000000000000014,69.999999999999986,0.0));
#11974=VERTEX_POINT('',#11973);
#11975=CARTESIAN_POINT('',(90.000000000000014,69.999999999999986,0.0));
#11976=DIRECTION('',(0.0,0.0,1.0));
#11977=VECTOR('',#11976,2.0);
#11978=LINE('',#11975,#11977);
#11979=EDGE_CURVE('',#11974,#11966,#11978,.T.);
#11980=ORIENTED_EDGE('',*,*,#11979,.F.);
#11981=CARTESIAN_POINT('',(-75.999999999999972,70.0,0.0));
#11982=DIRECTION('',(1.0,0.0,0.0));
#11983=VECTOR('',#11982,166.0);
#11984=LINE('',#11981,#11983);
#11985=EDGE_CURVE('',#11943,#11974,#11984,.T.);
#11986=ORIENTED_EDGE('',*,*,#11985,.F.);
#11987=ORIENTED_EDGE('',*,*,#11948,.T.);
#11988=EDGE_LOOP('',(#11972,#11980,#11986,#11987));
#11989=FACE_OUTER_BOUND('',#11988,.T.);
#11990=ADVANCED_FACE('',(#11989),#11964,.T.);
#11991=CARTESIAN_POINT('',(90.000000000000014,69.999999999999986,0.0));
#11992=DIRECTION('',(1.0,0.0,0.0));
#11993=DIRECTION('',(0.0,0.0,-1.0));
#11994=AXIS2_PLACEMENT_3D('',#11991,#11992,#11993);
#11995=PLANE('',#11994);
#11996=CARTESIAN_POINT('',(90.000000000000028,64.000000000000071,2.0));
#11997=VERTEX_POINT('',#11996);
#11998=CARTESIAN_POINT('',(90.000000000000014,69.999999999999986,2.0));
#11999=DIRECTION('',(0.0,-1.0,0.0));
#12000=VECTOR('',#11999,5.999999999999915);
#12001=LINE('',#11998,#12000);
#12002=EDGE_CURVE('',#11966,#11997,#12001,.T.);
#12003=ORIENTED_EDGE('',*,*,#12002,.T.);
#12004=CARTESIAN_POINT('',(90.000000000000028,64.000000000000071,0.0));
#12005=VERTEX_POINT('',#12004);
#12006=CARTESIAN_POINT('',(90.000000000000028,64.000000000000071,0.0));
#12007=DIRECTION('',(0.0,0.0,1.0));
#12008=VECTOR('',#12007,2.0);
#12009=LINE('',#12006,#12008);
#12010=EDGE_CURVE('',#12005,#11997,#12009,.T.);
#12011=ORIENTED_EDGE('',*,*,#12010,.F.);
#12012=CARTESIAN_POINT('',(90.000000000000014,69.999999999999986,0.0));
#12013=DIRECTION('',(0.0,-1.0,0.0));
#12014=VECTOR('',#12013,5.999999999999915);
#12015=LINE('',#12012,#12014);
#12016=EDGE_CURVE('',#11974,#12005,#12015,.T.);
#12017=ORIENTED_EDGE('',*,*,#12016,.F.);
#12018=ORIENTED_EDGE('',*,*,#11979,.T.);
#12019=EDGE_LOOP('',(#12003,#12011,#12017,#12018));
#12020=FACE_OUTER_BOUND('',#12019,.T.);
#12021=ADVANCED_FACE('',(#12020),#11995,.T.);
#12022=CARTESIAN_POINT('',(90.000000000000028,64.000000000000071,0.0));
#12023=DIRECTION('',(0.0,-1.0,0.0));
#12024=DIRECTION('',(0.0,0.0,-1.0));
#12025=AXIS2_PLACEMENT_3D('',#12022,#12023,#12024);
#12026=PLANE('',#12025);
#12027=CARTESIAN_POINT('',(80.000000000000028,64.000000000000057,2.0));
#12028=VERTEX_POINT('',#12027);
#12029=CARTESIAN_POINT('',(90.000000000000028,64.000000000000071,2.0));
#12030=DIRECTION('',(-1.0,0.0,0.0));
#12031=VECTOR('',#12030,10.0);
#12032=LINE('',#12029,#12031);
#12033=EDGE_CURVE('',#11997,#12028,#12032,.T.);
#12034=ORIENTED_EDGE('',*,*,#12033,.T.);
#12035=CARTESIAN_POINT('',(80.000000000000028,64.000000000000057,0.0));
#12036=VERTEX_POINT('',#12035);
#12037=CARTESIAN_POINT('',(80.000000000000028,64.000000000000057,0.0));
#12038=DIRECTION('',(0.0,0.0,1.0));
#12039=VECTOR('',#12038,2.0);
#12040=LINE('',#12037,#12039);
#12041=EDGE_CURVE('',#12036,#12028,#12040,.T.);
#12042=ORIENTED_EDGE('',*,*,#12041,.F.);
#12043=CARTESIAN_POINT('',(90.000000000000028,64.000000000000071,0.0));
#12044=DIRECTION('',(-1.0,0.0,0.0));
#12045=VECTOR('',#12044,10.0);
#12046=LINE('',#12043,#12045);
#12047=EDGE_CURVE('',#12005,#12036,#12046,.T.);
#12048=ORIENTED_EDGE('',*,*,#12047,.F.);
#12049=ORIENTED_EDGE('',*,*,#12010,.T.);
#12050=EDGE_LOOP('',(#12034,#12042,#12048,#12049));
#12051=FACE_OUTER_BOUND('',#12050,.T.);
#12052=ADVANCED_FACE('',(#12051),#12026,.T.);
#12053=CARTESIAN_POINT('',(80.000000000000028,60.000000000000107,0.0));
#12054=DIRECTION('',(0.0,0.0,1.0));
#12055=DIRECTION('',(-1.0,0.0,0.0));
#12056=AXIS2_PLACEMENT_3D('',#12053,#12054,#12055);
#12057=CYLINDRICAL_SURFACE('',#12056,4.000000000000004);
#12058=CARTESIAN_POINT('',(80.000000000000028,56.000000000000114,2.0));
#12059=VERTEX_POINT('',#12058);
#12060=CARTESIAN_POINT('',(80.000000000000028,60.000000000000107,2.0));
#12061=DIRECTION('',(0.0,0.0,1.0));
#12062=DIRECTION('',(-1.0,0.0,0.0));
#12063=AXIS2_PLACEMENT_3D('',#12060,#12061,#12062);
#12064=CIRCLE('',#12063,4.000000000000004);
#12065=EDGE_CURVE('',#12028,#12059,#12064,.T.);
#12066=ORIENTED_EDGE('',*,*,#12065,.T.);
#12067=CARTESIAN_POINT('',(80.000000000000028,56.000000000000114,0.0));
#12068=VERTEX_POINT('',#12067);
#12069=CARTESIAN_POINT('',(80.000000000000028,56.000000000000114,0.0));
#12070=DIRECTION('',(0.0,0.0,1.0));
#12071=VECTOR('',#12070,2.0);
#12072=LINE('',#12069,#12071);
#12073=EDGE_CURVE('',#12068,#12059,#12072,.T.);
#12074=ORIENTED_EDGE('',*,*,#12073,.F.);
#12075=CARTESIAN_POINT('',(80.000000000000028,60.000000000000107,0.0));
#12076=DIRECTION('',(0.0,0.0,1.0));
#12077=DIRECTION('',(0.0,1.0,0.0));
#12078=AXIS2_PLACEMENT_3D('',#12075,#12076,#12077);
#12079=CIRCLE('',#12078,3.999999999999995);
#12080=EDGE_CURVE('',#12036,#12068,#12079,.T.);
#12081=ORIENTED_EDGE('',*,*,#12080,.F.);
#12082=ORIENTED_EDGE('',*,*,#12041,.T.);
#12083=EDGE_LOOP('',(#12066,#12074,#12081,#12082));
#12084=FACE_OUTER_BOUND('',#12083,.T.);
#12085=ADVANCED_FACE('',(#12084),#12057,.F.);
#12086=CARTESIAN_POINT('',(80.000000000000028,56.000000000000114,0.0));
#12087=DIRECTION('',(0.0,1.0,0.0));
#12088=DIRECTION('',(0.0,0.0,1.0));
#12089=AXIS2_PLACEMENT_3D('',#12086,#12087,#12088);
#12090=PLANE('',#12089);
#12091=CARTESIAN_POINT('',(90.000000000000028,56.000000000000114,2.0));
#12092=VERTEX_POINT('',#12091);
#12093=CARTESIAN_POINT('',(80.000000000000028,56.000000000000114,2.0));
#12094=DIRECTION('',(1.0,0.0,0.0));
#12095=VECTOR('',#12094,10.0);
#12096=LINE('',#12093,#12095);
#12097=EDGE_CURVE('',#12059,#12092,#12096,.T.);
#12098=ORIENTED_EDGE('',*,*,#12097,.T.);
#12099=CARTESIAN_POINT('',(90.000000000000028,56.000000000000114,0.0));
#12100=VERTEX_POINT('',#12099);
#12101=CARTESIAN_POINT('',(90.000000000000028,56.000000000000114,0.0));
#12102=DIRECTION('',(0.0,0.0,1.0));
#12103=VECTOR('',#12102,2.0);
#12104=LINE('',#12101,#12103);
#12105=EDGE_CURVE('',#12100,#12092,#12104,.T.);
#12106=ORIENTED_EDGE('',*,*,#12105,.F.);
#12107=CARTESIAN_POINT('',(80.000000000000028,56.000000000000114,0.0));
#12108=DIRECTION('',(1.0,0.0,0.0));
#12109=VECTOR('',#12108,10.0);
#12110=LINE('',#12107,#12109);
#12111=EDGE_CURVE('',#12068,#12100,#12110,.T.);
#12112=ORIENTED_EDGE('',*,*,#12111,.F.);
#12113=ORIENTED_EDGE('',*,*,#12073,.T.);
#12114=EDGE_LOOP('',(#12098,#12106,#12112,#12113));
#12115=FACE_OUTER_BOUND('',#12114,.T.);
#12116=ADVANCED_FACE('',(#12115),#12090,.T.);
#12117=CARTESIAN_POINT('',(90.000000000000028,56.000000000000114,0.0));
#12118=DIRECTION('',(1.0,0.0,0.0));
#12119=DIRECTION('',(0.0,0.0,-1.0));
#12120=AXIS2_PLACEMENT_3D('',#12117,#12118,#12119);
#12121=PLANE('',#12120);
#12122=CARTESIAN_POINT('',(90.0,-69.999999999999986,2.0));
#12123=VERTEX_POINT('',#12122);
#12124=CARTESIAN_POINT('',(90.000000000000028,56.000000000000114,2.0));
#12125=DIRECTION('',(0.0,-1.0,0.0));
#12126=VECTOR('',#12125,126.0000000000001);
#12127=LINE('',#12124,#12126);
#12128=EDGE_CURVE('',#12092,#12123,#12127,.T.);
#12129=ORIENTED_EDGE('',*,*,#12128,.T.);
#12130=CARTESIAN_POINT('',(90.0,-69.999999999999986,0.0));
#12131=VERTEX_POINT('',#12130);
#12132=CARTESIAN_POINT('',(90.0,-69.999999999999986,0.0));
#12133=DIRECTION('',(0.0,0.0,1.0));
#12134=VECTOR('',#12133,2.0);
#12135=LINE('',#12132,#12134);
#12136=EDGE_CURVE('',#12131,#12123,#12135,.T.);
#12137=ORIENTED_EDGE('',*,*,#12136,.F.);
#12138=CARTESIAN_POINT('',(90.000000000000028,56.000000000000114,0.0));
#12139=DIRECTION('',(0.0,-1.0,0.0));
#12140=VECTOR('',#12139,126.0000000000001);
#12141=LINE('',#12138,#12140);
#12142=EDGE_CURVE('',#12100,#12131,#12141,.T.);
#12143=ORIENTED_EDGE('',*,*,#12142,.F.);
#12144=ORIENTED_EDGE('',*,*,#12105,.T.);
#12145=EDGE_LOOP('',(#12129,#12137,#12143,#12144));
#12146=FACE_OUTER_BOUND('',#12145,.T.);
#12147=ADVANCED_FACE('',(#12146),#12121,.T.);
#12148=CARTESIAN_POINT('',(90.0,-69.999999999999986,0.0));
#12149=DIRECTION('',(0.0,-1.0,0.0));
#12150=DIRECTION('',(0.0,0.0,-1.0));
#12151=AXIS2_PLACEMENT_3D('',#12148,#12149,#12150);
#12152=PLANE('',#12151);
#12153=CARTESIAN_POINT('',(84.000000000000227,-69.999999999999488,2.0));
#12154=VERTEX_POINT('',#12153);
#12155=CARTESIAN_POINT('',(90.0,-69.999999999999986,2.0));
#12156=DIRECTION('',(-1.0,0.0,0.0));
#12157=VECTOR('',#12156,5.999999999999773);
#12158=LINE('',#12155,#12157);
#12159=EDGE_CURVE('',#12123,#12154,#12158,.T.);
#12160=ORIENTED_EDGE('',*,*,#12159,.T.);
#12161=CARTESIAN_POINT('',(84.000000000000227,-69.999999999999488,0.0));
#12162=VERTEX_POINT('',#12161);
#12163=CARTESIAN_POINT('',(84.000000000000227,-69.999999999999488,0.0));
#12164=DIRECTION('',(0.0,0.0,1.0));
#12165=VECTOR('',#12164,2.0);
#12166=LINE('',#12163,#12165);
#12167=EDGE_CURVE('',#12162,#12154,#12166,.T.);
#12168=ORIENTED_EDGE('',*,*,#12167,.F.);
#12169=CARTESIAN_POINT('',(90.0,-69.999999999999986,0.0));
#12170=DIRECTION('',(-1.0,0.0,0.0));
#12171=VECTOR('',#12170,5.999999999999773);
#12172=LINE('',#12169,#12171);
#12173=EDGE_CURVE('',#12131,#12162,#12172,.T.);
#12174=ORIENTED_EDGE('',*,*,#12173,.F.);
#12175=ORIENTED_EDGE('',*,*,#12136,.T.);
#12176=EDGE_LOOP('',(#12160,#12168,#12174,#12175));
#12177=FACE_OUTER_BOUND('',#12176,.T.);
#12178=ADVANCED_FACE('',(#12177),#12152,.T.);
#12179=CARTESIAN_POINT('',(84.000000000000227,-69.999999999999488,0.0));
#12180=DIRECTION('',(-1.0,0.0,0.0));
#12181=DIRECTION('',(0.0,0.0,1.0));
#12182=AXIS2_PLACEMENT_3D('',#12179,#12180,#12181);
#12183=PLANE('',#12182);
#12184=CARTESIAN_POINT('',(84.000000000000185,-59.999999999999467,2.0));
#12185=VERTEX_POINT('',#12184);
#12186=CARTESIAN_POINT('',(84.000000000000227,-69.999999999999488,2.0));
#12187=DIRECTION('',(0.0,1.0,0.0));
#12188=VECTOR('',#12187,10.000000000000014);
#12189=LINE('',#12186,#12188);
#12190=EDGE_CURVE('',#12154,#12185,#12189,.T.);
#12191=ORIENTED_EDGE('',*,*,#12190,.T.);
#12192=CARTESIAN_POINT('',(84.000000000000185,-59.999999999999467,0.0));
#12193=VERTEX_POINT('',#12192);
#12194=CARTESIAN_POINT('',(84.000000000000185,-59.999999999999467,0.0));
#12195=DIRECTION('',(0.0,0.0,1.0));
#12196=VECTOR('',#12195,2.0);
#12197=LINE('',#12194,#12196);
#12198=EDGE_CURVE('',#12193,#12185,#12197,.T.);
#12199=ORIENTED_EDGE('',*,*,#12198,.F.);
#12200=CARTESIAN_POINT('',(84.000000000000227,-69.999999999999488,0.0));
#12201=DIRECTION('',(0.0,1.0,0.0));
#12202=VECTOR('',#12201,10.000000000000014);
#12203=LINE('',#12200,#12202);
#12204=EDGE_CURVE('',#12162,#12193,#12203,.T.);
#12205=ORIENTED_EDGE('',*,*,#12204,.F.);
#12206=ORIENTED_EDGE('',*,*,#12167,.T.);
#12207=EDGE_LOOP('',(#12191,#12199,#12205,#12206));
#12208=FACE_OUTER_BOUND('',#12207,.T.);
#12209=ADVANCED_FACE('',(#12208),#12183,.T.);
#12210=CARTESIAN_POINT('',(80.000000000000199,-59.999999999999488,0.0));
#12211=DIRECTION('',(0.0,0.0,1.0));
#12212=DIRECTION('',(0.0,1.0,0.0));
#12213=AXIS2_PLACEMENT_3D('',#12210,#12211,#12212);
#12214=CYLINDRICAL_SURFACE('',#12213,4.000000000000004);
#12215=CARTESIAN_POINT('',(76.000000000000171,-59.999999999999503,2.0));
#12216=VERTEX_POINT('',#12215);
#12217=CARTESIAN_POINT('',(80.000000000000199,-59.999999999999488,2.0));
#12218=DIRECTION('',(0.0,0.0,1.0));
#12219=DIRECTION('',(0.0,1.0,0.0));
#12220=AXIS2_PLACEMENT_3D('',#12217,#12218,#12219);
#12221=CIRCLE('',#12220,4.000000000000004);
#12222=EDGE_CURVE('',#12185,#12216,#12221,.T.);
#12223=ORIENTED_EDGE('',*,*,#12222,.T.);
#12224=CARTESIAN_POINT('',(76.000000000000171,-59.999999999999503,0.0));
#12225=VERTEX_POINT('',#12224);
#12226=CARTESIAN_POINT('',(76.000000000000171,-59.999999999999503,0.0));
#12227=DIRECTION('',(0.0,0.0,1.0));
#12228=VECTOR('',#12227,2.0);
#12229=LINE('',#12226,#12228);
#12230=EDGE_CURVE('',#12225,#12216,#12229,.T.);
#12231=ORIENTED_EDGE('',*,*,#12230,.F.);
#12232=CARTESIAN_POINT('',(80.000000000000171,-59.999999999999488,0.0));
#12233=DIRECTION('',(0.0,0.0,1.0));
#12234=DIRECTION('',(1.0,0.0,0.0));
#12235=AXIS2_PLACEMENT_3D('',#12232,#12233,#12234);
#12236=CIRCLE('',#12235,3.999999999999995);
#12237=EDGE_CURVE('',#12193,#12225,#12236,.T.);
#12238=ORIENTED_EDGE('',*,*,#12237,.F.);
#12239=ORIENTED_EDGE('',*,*,#12198,.T.);
#12240=EDGE_LOOP('',(#12223,#12231,#12238,#12239));
#12241=FACE_OUTER_BOUND('',#12240,.T.);
#12242=ADVANCED_FACE('',(#12241),#12214,.F.);
#12243=CARTESIAN_POINT('',(76.000000000000171,-59.999999999999503,0.0));
#12244=DIRECTION('',(1.0,0.0,0.0));
#12245=DIRECTION('',(0.0,0.0,-1.0));
#12246=AXIS2_PLACEMENT_3D('',#12243,#12244,#12245);
#12247=PLANE('',#12246);
#12248=CARTESIAN_POINT('',(76.000000000000227,-69.999999999999488,2.0));
#12249=VERTEX_POINT('',#12248);
#12250=CARTESIAN_POINT('',(76.000000000000171,-59.999999999999503,2.0));
#12251=DIRECTION('',(0.0,-1.0,0.0));
#12252=VECTOR('',#12251,9.999999999999986);
#12253=LINE('',#12250,#12252);
#12254=EDGE_CURVE('',#12216,#12249,#12253,.T.);
#12255=ORIENTED_EDGE('',*,*,#12254,.T.);
#12256=CARTESIAN_POINT('',(76.000000000000227,-69.999999999999488,0.0));
#12257=VERTEX_POINT('',#12256);
#12258=CARTESIAN_POINT('',(76.000000000000227,-69.999999999999488,0.0));
#12259=DIRECTION('',(0.0,0.0,1.0));
#12260=VECTOR('',#12259,2.0);
#12261=LINE('',#12258,#12260);
#12262=EDGE_CURVE('',#12257,#12249,#12261,.T.);
#12263=ORIENTED_EDGE('',*,*,#12262,.F.);
#12264=CARTESIAN_POINT('',(76.000000000000171,-59.999999999999503,0.0));
#12265=DIRECTION('',(0.0,-1.0,0.0));
#12266=VECTOR('',#12265,9.999999999999986);
#12267=LINE('',#12264,#12266);
#12268=EDGE_CURVE('',#12225,#12257,#12267,.T.);
#12269=ORIENTED_EDGE('',*,*,#12268,.F.);
#12270=ORIENTED_EDGE('',*,*,#12230,.T.);
#12271=EDGE_LOOP('',(#12255,#12263,#12269,#12270));
#12272=FACE_OUTER_BOUND('',#12271,.T.);
#12273=ADVANCED_FACE('',(#12272),#12247,.T.);
#12274=CARTESIAN_POINT('',(76.000000000000227,-69.999999999999488,0.0));
#12275=DIRECTION('',(0.0,-1.0,0.0));
#12276=DIRECTION('',(0.0,0.0,-1.0));
#12277=AXIS2_PLACEMENT_3D('',#12274,#12275,#12276);
#12278=PLANE('',#12277);
#12279=CARTESIAN_POINT('',(-90.000000000000014,-70.000000000000014,2.0));
#12280=VERTEX_POINT('',#12279);
#12281=CARTESIAN_POINT('',(76.000000000000227,-69.999999999999488,2.0));
#12282=DIRECTION('',(-1.0,0.0,0.0));
#12283=VECTOR('',#12282,166.00000000000023);
#12284=LINE('',#12281,#12283);
#12285=EDGE_CURVE('',#12249,#12280,#12284,.T.);
#12286=ORIENTED_EDGE('',*,*,#12285,.T.);
#12287=CARTESIAN_POINT('',(-90.000000000000014,-70.000000000000014,0.0));
#12288=VERTEX_POINT('',#12287);
#12289=CARTESIAN_POINT('',(-90.000000000000014,-70.000000000000014,0.0));
#12290=DIRECTION('',(0.0,0.0,1.0));
#12291=VECTOR('',#12290,2.0);
#12292=LINE('',#12289,#12291);
#12293=EDGE_CURVE('',#12288,#12280,#12292,.T.);
#12294=ORIENTED_EDGE('',*,*,#12293,.F.);
#12295=CARTESIAN_POINT('',(76.000000000000227,-69.999999999999488,0.0));
#12296=DIRECTION('',(-1.0,0.0,0.0));
#12297=VECTOR('',#12296,166.00000000000023);
#12298=LINE('',#12295,#12297);
#12299=EDGE_CURVE('',#12257,#12288,#12298,.T.);
#12300=ORIENTED_EDGE('',*,*,#12299,.F.);
#12301=ORIENTED_EDGE('',*,*,#12262,.T.);
#12302=EDGE_LOOP('',(#12286,#12294,#12300,#12301));
#12303=FACE_OUTER_BOUND('',#12302,.T.);
#12304=ADVANCED_FACE('',(#12303),#12278,.T.);
#12305=CARTESIAN_POINT('',(-90.000000000000014,-70.000000000000014,0.0));
#12306=DIRECTION('',(-1.0,0.0,0.0));
#12307=DIRECTION('',(0.0,0.0,1.0));
#12308=AXIS2_PLACEMENT_3D('',#12305,#12306,#12307);
#12309=PLANE('',#12308);
#12310=CARTESIAN_POINT('',(-89.999999999999744,-64.000000000000028,2.0));
#12311=VERTEX_POINT('',#12310);
#12312=CARTESIAN_POINT('',(-90.000000000000014,-70.000000000000014,2.0));
#12313=DIRECTION('',(0.0,1.0,0.0));
#12314=VECTOR('',#12313,5.999999999999986);
#12315=LINE('',#12312,#12314);
#12316=EDGE_CURVE('',#12280,#12311,#12315,.T.);
#12317=ORIENTED_EDGE('',*,*,#12316,.T.);
#12318=CARTESIAN_POINT('',(-89.999999999999744,-64.000000000000028,0.0));
#12319=VERTEX_POINT('',#12318);
#12320=CARTESIAN_POINT('',(-89.999999999999744,-64.000000000000028,0.0));
#12321=DIRECTION('',(0.0,0.0,1.0));
#12322=VECTOR('',#12321,2.0);
#12323=LINE('',#12320,#12322);
#12324=EDGE_CURVE('',#12319,#12311,#12323,.T.);
#12325=ORIENTED_EDGE('',*,*,#12324,.F.);
#12326=CARTESIAN_POINT('',(-90.000000000000014,-70.000000000000014,0.0));
#12327=DIRECTION('',(0.0,1.0,0.0));
#12328=VECTOR('',#12327,5.999999999999986);
#12329=LINE('',#12326,#12328);
#12330=EDGE_CURVE('',#12288,#12319,#12329,.T.);
#12331=ORIENTED_EDGE('',*,*,#12330,.F.);
#12332=ORIENTED_EDGE('',*,*,#12293,.T.);
#12333=EDGE_LOOP('',(#12317,#12325,#12331,#12332));
#12334=FACE_OUTER_BOUND('',#12333,.T.);
#12335=ADVANCED_FACE('',(#12334),#12309,.T.);
#12336=CARTESIAN_POINT('',(-89.999999999999744,-64.000000000000028,0.0));
#12337=DIRECTION('',(0.0,1.0,0.0));
#12338=DIRECTION('',(0.0,0.0,1.0));
#12339=AXIS2_PLACEMENT_3D('',#12336,#12337,#12338);
#12340=PLANE('',#12339);
#12341=CARTESIAN_POINT('',(-79.999999999999773,-63.999999999999993,2.0));
#12342=VERTEX_POINT('',#12341);
#12343=CARTESIAN_POINT('',(-89.999999999999744,-64.000000000000028,2.0));
#12344=DIRECTION('',(1.0,0.0,0.0));
#12345=VECTOR('',#12344,9.999999999999986);
#12346=LINE('',#12343,#12345);
#12347=EDGE_CURVE('',#12311,#12342,#12346,.T.);
#12348=ORIENTED_EDGE('',*,*,#12347,.T.);
#12349=CARTESIAN_POINT('',(-79.999999999999773,-63.999999999999993,0.0));
#12350=VERTEX_POINT('',#12349);
#12351=CARTESIAN_POINT('',(-79.999999999999773,-63.999999999999993,0.0));
#12352=DIRECTION('',(0.0,0.0,1.0));
#12353=VECTOR('',#12352,2.0);
#12354=LINE('',#12351,#12353);
#12355=EDGE_CURVE('',#12350,#12342,#12354,.T.);
#12356=ORIENTED_EDGE('',*,*,#12355,.F.);
#12357=CARTESIAN_POINT('',(-89.999999999999744,-64.000000000000028,0.0));
#12358=DIRECTION('',(1.0,0.0,0.0));
#12359=VECTOR('',#12358,9.999999999999986);
#12360=LINE('',#12357,#12359);
#12361=EDGE_CURVE('',#12319,#12350,#12360,.T.);
#12362=ORIENTED_EDGE('',*,*,#12361,.F.);
#12363=ORIENTED_EDGE('',*,*,#12324,.T.);
#12364=EDGE_LOOP('',(#12348,#12356,#12362,#12363));
#12365=FACE_OUTER_BOUND('',#12364,.T.);
#12366=ADVANCED_FACE('',(#12365),#12340,.T.);
#12367=CARTESIAN_POINT('',(-79.999999999999801,-59.999999999999993,0.0));
#12368=DIRECTION('',(0.0,0.0,1.0));
#12369=DIRECTION('',(1.0,0.0,0.0));
#12370=AXIS2_PLACEMENT_3D('',#12367,#12368,#12369);
#12371=CYLINDRICAL_SURFACE('',#12370,4.000000000000004);
#12372=CARTESIAN_POINT('',(-79.999999999999815,-55.999999999999986,2.0));
#12373=VERTEX_POINT('',#12372);
#12374=CARTESIAN_POINT('',(-79.999999999999801,-59.999999999999993,2.0));
#12375=DIRECTION('',(0.0,0.0,1.0));
#12376=DIRECTION('',(1.0,0.0,0.0));
#12377=AXIS2_PLACEMENT_3D('',#12374,#12375,#12376);
#12378=CIRCLE('',#12377,4.000000000000004);
#12379=EDGE_CURVE('',#12342,#12373,#12378,.T.);
#12380=ORIENTED_EDGE('',*,*,#12379,.T.);
#12381=CARTESIAN_POINT('',(-79.999999999999815,-55.999999999999986,0.0));
#12382=VERTEX_POINT('',#12381);
#12383=CARTESIAN_POINT('',(-79.999999999999815,-55.999999999999986,0.0));
#12384=DIRECTION('',(0.0,0.0,1.0));
#12385=VECTOR('',#12384,2.0);
#12386=LINE('',#12383,#12385);
#12387=EDGE_CURVE('',#12382,#12373,#12386,.T.);
#12388=ORIENTED_EDGE('',*,*,#12387,.F.);
#12389=CARTESIAN_POINT('',(-79.999999999999787,-60.0,0.0));
#12390=DIRECTION('',(0.0,0.0,1.0));
#12391=DIRECTION('',(0.0,-1.0,0.0));
#12392=AXIS2_PLACEMENT_3D('',#12389,#12390,#12391);
#12393=CIRCLE('',#12392,3.999999999999995);
#12394=EDGE_CURVE('',#12350,#12382,#12393,.T.);
#12395=ORIENTED_EDGE('',*,*,#12394,.F.);
#12396=ORIENTED_EDGE('',*,*,#12355,.T.);
#12397=EDGE_LOOP('',(#12380,#12388,#12395,#12396));
#12398=FACE_OUTER_BOUND('',#12397,.T.);
#12399=ADVANCED_FACE('',(#12398),#12371,.F.);
#12400=CARTESIAN_POINT('',(-79.999999999999815,-55.999999999999986,0.0));
#12401=DIRECTION('',(0.0,-1.0,0.0));
#12402=DIRECTION('',(0.0,0.0,-1.0));
#12403=AXIS2_PLACEMENT_3D('',#12400,#12401,#12402);
#12404=PLANE('',#12403);
#12405=CARTESIAN_POINT('',(-89.999999999999829,-56.000000000000014,2.0));
#12406=VERTEX_POINT('',#12405);
#12407=CARTESIAN_POINT('',(-79.999999999999815,-55.999999999999986,2.0));
#12408=DIRECTION('',(-1.0,0.0,0.0));
#12409=VECTOR('',#12408,10.000000000000014);
#12410=LINE('',#12407,#12409);
#12411=EDGE_CURVE('',#12373,#12406,#12410,.T.);
#12412=ORIENTED_EDGE('',*,*,#12411,.T.);
#12413=CARTESIAN_POINT('',(-89.999999999999829,-56.000000000000014,0.0));
#12414=VERTEX_POINT('',#12413);
#12415=CARTESIAN_POINT('',(-89.999999999999829,-56.000000000000014,0.0));
#12416=DIRECTION('',(0.0,0.0,1.0));
#12417=VECTOR('',#12416,2.0);
#12418=LINE('',#12415,#12417);
#12419=EDGE_CURVE('',#12414,#12406,#12418,.T.);
#12420=ORIENTED_EDGE('',*,*,#12419,.F.);
#12421=CARTESIAN_POINT('',(-79.999999999999815,-55.999999999999986,0.0));
#12422=DIRECTION('',(-1.0,0.0,0.0));
#12423=VECTOR('',#12422,10.000000000000014);
#12424=LINE('',#12421,#12423);
#12425=EDGE_CURVE('',#12382,#12414,#12424,.T.);
#12426=ORIENTED_EDGE('',*,*,#12425,.F.);
#12427=ORIENTED_EDGE('',*,*,#12387,.T.);
#12428=EDGE_LOOP('',(#12412,#12420,#12426,#12427));
#12429=FACE_OUTER_BOUND('',#12428,.T.);
#12430=ADVANCED_FACE('',(#12429),#12404,.T.);
#12431=CARTESIAN_POINT('',(-89.999999999999829,-56.000000000000014,0.0));
#12432=DIRECTION('',(-1.0,0.0,0.0));
#12433=DIRECTION('',(0.0,0.0,1.0));
#12434=AXIS2_PLACEMENT_3D('',#12431,#12432,#12433);
#12435=PLANE('',#12434);
#12436=CARTESIAN_POINT('',(-89.999999999999986,69.999999999999986,2.0));
#12437=VERTEX_POINT('',#12436);
#12438=CARTESIAN_POINT('',(-89.999999999999829,-56.000000000000014,2.0));
#12439=DIRECTION('',(0.0,1.0,0.0));
#12440=VECTOR('',#12439,126.00000000000001);
#12441=LINE('',#12438,#12440);
#12442=EDGE_CURVE('',#12406,#12437,#12441,.T.);
#12443=ORIENTED_EDGE('',*,*,#12442,.T.);
#12444=CARTESIAN_POINT('',(-89.999999999999986,69.999999999999986,0.0));
#12445=VERTEX_POINT('',#12444);
#12446=CARTESIAN_POINT('',(-89.999999999999986,69.999999999999986,0.0));
#12447=DIRECTION('',(0.0,0.0,1.0));
#12448=VECTOR('',#12447,2.0);
#12449=LINE('',#12446,#12448);
#12450=EDGE_CURVE('',#12445,#12437,#12449,.T.);
#12451=ORIENTED_EDGE('',*,*,#12450,.F.);
#12452=CARTESIAN_POINT('',(-89.999999999999829,-56.000000000000014,0.0));
#12453=DIRECTION('',(0.0,1.0,0.0));
#12454=VECTOR('',#12453,126.00000000000001);
#12455=LINE('',#12452,#12454);
#12456=EDGE_CURVE('',#12414,#12445,#12455,.T.);
#12457=ORIENTED_EDGE('',*,*,#12456,.F.);
#12458=ORIENTED_EDGE('',*,*,#12419,.T.);
#12459=EDGE_LOOP('',(#12443,#12451,#12457,#12458));
#12460=FACE_OUTER_BOUND('',#12459,.T.);
#12461=ADVANCED_FACE('',(#12460),#12435,.T.);
#12462=CARTESIAN_POINT('',(-89.999999999999986,69.999999999999986,0.0));
#12463=DIRECTION('',(0.0,1.0,0.0));
#12464=DIRECTION('',(0.0,0.0,1.0));
#12465=AXIS2_PLACEMENT_3D('',#12462,#12463,#12464);
#12466=PLANE('',#12465);
#12467=CARTESIAN_POINT('',(-89.999999999999986,69.999999999999986,2.0));
#12468=DIRECTION('',(1.0,0.0,0.0));
#12469=VECTOR('',#12468,6.0);
#12470=LINE('',#12467,#12469);
#12471=EDGE_CURVE('',#12437,#11862,#12470,.T.);
#12472=ORIENTED_EDGE('',*,*,#12471,.T.);
#12473=ORIENTED_EDGE('',*,*,#11891,.F.);
#12474=CARTESIAN_POINT('',(-89.999999999999986,69.999999999999986,0.0));
#12475=DIRECTION('',(1.0,0.0,0.0));
#12476=VECTOR('',#12475,6.0);
#12477=LINE('',#12474,#12476);
#12478=EDGE_CURVE('',#12445,#11880,#12477,.T.);
#12479=ORIENTED_EDGE('',*,*,#12478,.F.);
#12480=ORIENTED_EDGE('',*,*,#12450,.T.);
#12481=EDGE_LOOP('',(#12472,#12473,#12479,#12480));
#12482=FACE_OUTER_BOUND('',#12481,.T.);
#12483=ADVANCED_FACE('',(#12482),#12466,.T.);
#12484=CARTESIAN_POINT('',(5.120904E-014,8.298917E-014,2.0));
#12485=DIRECTION('',(0.0,0.0,1.0));
#12486=DIRECTION('',(1.0,0.0,0.0));
#12487=AXIS2_PLACEMENT_3D('',#12484,#12485,#12486);
#12488=PLANE('',#12487);
#12489=ORIENTED_EDGE('',*,*,#11869,.F.);
#12490=ORIENTED_EDGE('',*,*,#12471,.F.);
#12491=ORIENTED_EDGE('',*,*,#12442,.F.);
#12492=ORIENTED_EDGE('',*,*,#12411,.F.);
#12493=ORIENTED_EDGE('',*,*,#12379,.F.);
#12494=ORIENTED_EDGE('',*,*,#12347,.F.);
#12495=ORIENTED_EDGE('',*,*,#12316,.F.);
#12496=ORIENTED_EDGE('',*,*,#12285,.F.);
#12497=ORIENTED_EDGE('',*,*,#12254,.F.);
#12498=ORIENTED_EDGE('',*,*,#12222,.F.);
#12499=ORIENTED_EDGE('',*,*,#12190,.F.);
#12500=ORIENTED_EDGE('',*,*,#12159,.F.);
#12501=ORIENTED_EDGE('',*,*,#12128,.F.);
#12502=ORIENTED_EDGE('',*,*,#12097,.F.);
#12503=ORIENTED_EDGE('',*,*,#12065,.F.);
#12504=ORIENTED_EDGE('',*,*,#12033,.F.);
#12505=ORIENTED_EDGE('',*,*,#12002,.F.);
#12506=ORIENTED_EDGE('',*,*,#11971,.F.);
#12507=ORIENTED_EDGE('',*,*,#11940,.F.);
#12508=ORIENTED_EDGE('',*,*,#11908,.F.);
#12509=EDGE_LOOP('',(#12489,#12490,#12491,#12492,#12493,#12494,#12495,#12496,#12497,#12498,#12499,#12500,#12501,#12502,#12503,#12504,#12505,#12506,#12507,#12508));
#12510=FACE_OUTER_BOUND('',#12509,.T.);
#12511=ADVANCED_FACE('',(#12510),#12488,.T.);
#12512=CARTESIAN_POINT('',(4.884981E-014,8.340550E-014,0.0));
#12513=DIRECTION('',(0.0,0.0,1.0));
#12514=DIRECTION('',(1.0,0.0,0.0));
#12515=AXIS2_PLACEMENT_3D('',#12512,#12513,#12514);
#12516=PLANE('',#12515);
#12517=ORIENTED_EDGE('',*,*,#12478,.T.);
#12518=ORIENTED_EDGE('',*,*,#11885,.T.);
#12519=ORIENTED_EDGE('',*,*,#11923,.T.);
#12520=ORIENTED_EDGE('',*,*,#11954,.T.);
#12521=ORIENTED_EDGE('',*,*,#11985,.T.);
#12522=ORIENTED_EDGE('',*,*,#12016,.T.);
#12523=ORIENTED_EDGE('',*,*,#12047,.T.);
#12524=ORIENTED_EDGE('',*,*,#12080,.T.);
#12525=ORIENTED_EDGE('',*,*,#12111,.T.);
#12526=ORIENTED_EDGE('',*,*,#12142,.T.);
#12527=ORIENTED_EDGE('',*,*,#12173,.T.);
#12528=ORIENTED_EDGE('',*,*,#12204,.T.);
#12529=ORIENTED_EDGE('',*,*,#12237,.T.);
#12530=ORIENTED_EDGE('',*,*,#12268,.T.);
#12531=ORIENTED_EDGE('',*,*,#12299,.T.);
#12532=ORIENTED_EDGE('',*,*,#12330,.T.);
#12533=ORIENTED_EDGE('',*,*,#12361,.T.);
#12534=ORIENTED_EDGE('',*,*,#12394,.T.);
#12535=ORIENTED_EDGE('',*,*,#12425,.T.);
#12536=ORIENTED_EDGE('',*,*,#12456,.T.);
#12537=EDGE_LOOP('',(#12517,#12518,#12519,#12520,#12521,#12522,#12523,#12524,#12525,#12526,#12527,#12528,#12529,#12530,#12531,#12532,#12533,#12534,#12535,#12536));
#12538=FACE_OUTER_BOUND('',#12537,.T.);
#12539=ADVANCED_FACE('',(#12538),#12516,.F.);
#12540=CLOSED_SHELL('',(#11895,#11928,#11959,#11990,#12021,#12052,#12085,#12116,#12147,#12178,#12209,#12242,#12273,#12304,#12335,#12366,#12399,#12430,#12461,#12483,#12511,#12539));
#12541=MANIFOLD_SOLID_BREP('Solido1',#12540);
#12542=COLOUR_RGB('Default',0.752941012382507,0.752941012382507,0.752941012382507);
#12543=FILL_AREA_STYLE_COLOUR('Default',#12542);
#12544=FILL_AREA_STYLE('Default',(#12543));
#12545=SURFACE_STYLE_FILL_AREA(#12544);
#12546=SURFACE_SIDE_STYLE('Default',(#12545));
#12547=SURFACE_STYLE_USAGE(.BOTH.,#12546);
#12548=PRESENTATION_STYLE_ASSIGNMENT((#12547));
#12549=STYLED_ITEM('',(#12548),#12541);
#12550=ADVANCED_BREP_SHAPE_REPRESENTATION('ABSR',(#12541),#11824);
#12551=SHAPE_REPRESENTATION_RELATIONSHIP('SRR','None',#12550,#11829);
#12552=AXIS2_PLACEMENT_3D('',#12553,#12554,#12555);
#12553=CARTESIAN_POINT('',(-2.176037E-013,-2.176037E-013,-105.0));
#12554=DIRECTION('',(0.0,0.0,1.0));
#12555=DIRECTION('',(1.0,-2.664535E-015,0.0));
#12556=NEXT_ASSEMBLY_USAGE_OCCURRENCE('PIASTRA INTERNA PER EJB-21A:1','PIASTRA INTERNA PER EJB-21A:1','PIASTRA INTERNA PER EJB-21A:1',#12,#11800,'PIASTRA INTERNA PER EJB-21A:1');
#12557=PRODUCT_DEFINITION_SHAPE('PIASTRA INTERNA PER EJB-21A:1','PIASTRA INTERNA PER EJB-21A:1',#12556);
#12558=ITEM_DEFINED_TRANSFORMATION('PIASTRA INTERNA PER EJB-21A:1','PIASTRA INTERNA PER EJB-21A:1',#11825,#12552);
#12562=(REPRESENTATION_RELATIONSHIP('PIASTRA INTERNA PER EJB-21A:1','PIASTRA INTERNA PER EJB-21A:1',#11829,#41)REPRESENTATION_RELATIONSHIP_WITH_TRANSFORMATION(#12558)SHAPE_REPRESENTATION_RELATIONSHIP());
#12563=CONTEXT_DEPENDENT_SHAPE_REPRESENTATION(#12562,#12557);
#12564=APPLICATION_CONTEXT('automotive design');
#12565=APPLICATION_PROTOCOL_DEFINITION('International Standard','automotive_design',2001,#12564);
#12566=PRODUCT_CONTEXT('',#12564,'mechanical');
#12567=PRODUCT('ISO 8752 6 x 35  A','ISO 8752 6 x 35  A',$,(#12566));
#12568=PRODUCT_RELATED_PRODUCT_CATEGORY('part',$,(#12567));
#12569=PRODUCT_DEFINITION_FORMATION('',$,#12567);
#12570=PRODUCT_DEFINITION_CONTEXT('part definition',#12564,'design');
#12571=PRODUCT_DEFINITION('',$,#12569,#12570);
#12577=(NAMED_UNIT(*)PLANE_ANGLE_UNIT()SI_UNIT($,.RADIAN.));
#12578=DIMENSIONAL_EXPONENTS(0.0,0.0,0.0,0.0,0.0,0.0,0.0);
#12579=PLANE_ANGLE_MEASURE_WITH_UNIT(PLANE_ANGLE_MEASURE(0.0174532925),#12577);
#12583=(CONVERSION_BASED_UNIT('DEGREE',#12579)NAMED_UNIT(#12578)PLANE_ANGLE_UNIT());
#12587=(NAMED_UNIT(*)SI_UNIT($,.STERADIAN.)SOLID_ANGLE_UNIT());
#12591=(LENGTH_UNIT()NAMED_UNIT(*)SI_UNIT(.MILLI.,.METRE.));
#12593=UNCERTAINTY_MEASURE_WITH_UNIT(LENGTH_MEASURE(0.01),#12591,'DISTANCE_ACCURACY_VALUE','');
#12595=(GEOMETRIC_REPRESENTATION_CONTEXT(3)GLOBAL_UNCERTAINTY_ASSIGNED_CONTEXT((#12593))GLOBAL_UNIT_ASSIGNED_CONTEXT((#12583,#12587,#12591))REPRESENTATION_CONTEXT('None','None'));
#12596=AXIS2_PLACEMENT_3D('',#12597,#12598,#12599);
#12597=CARTESIAN_POINT('',(0.0,0.0,0.0));
#12598=DIRECTION('',(0.0,0.0,1.0));
#12599=DIRECTION('',(1.0,0.0,0.0));
#12600=SHAPE_REPRESENTATION('',(#12596),#12595);
#12601=PRODUCT_DEFINITION_SHAPE('','',#12571);
#12602=SHAPE_DEFINITION_REPRESENTATION(#12601,#12600);
#12608=(NAMED_UNIT(*)PLANE_ANGLE_UNIT()SI_UNIT($,.RADIAN.));
#12609=DIMENSIONAL_EXPONENTS(0.0,0.0,0.0,0.0,0.0,0.0,0.0);
#12610=PLANE_ANGLE_MEASURE_WITH_UNIT(PLANE_ANGLE_MEASURE(0.0174532925),#12608);
#12614=(CONVERSION_BASED_UNIT('DEGREE',#12610)NAMED_UNIT(#12609)PLANE_ANGLE_UNIT());
#12618=(NAMED_UNIT(*)SI_UNIT($,.STERADIAN.)SOLID_ANGLE_UNIT());
#12622=(LENGTH_UNIT()NAMED_UNIT(*)SI_UNIT(.MILLI.,.METRE.));
#12624=UNCERTAINTY_MEASURE_WITH_UNIT(LENGTH_MEASURE(0.000001),#12622,'DISTANCE_ACCURACY_VALUE','');
#12626=(GEOMETRIC_REPRESENTATION_CONTEXT(3)GLOBAL_UNCERTAINTY_ASSIGNED_CONTEXT((#12624))GLOBAL_UNIT_ASSIGNED_CONTEXT((#12614,#12618,#12622))REPRESENTATION_CONTEXT('','3D'));
#12627=CARTESIAN_POINT('',(17.5,-0.375999959065401,2.976344071303386));
#12628=DIRECTION('',(0.0,-0.992114690434462,-0.125333319688467));
#12629=DIRECTION('',(0.0,0.125333319688467,-0.992114690434462));
#12630=AXIS2_PLACEMENT_3D('',#12627,#12628,#12629);
#12631=PLANE('',#12630);
#12632=CARTESIAN_POINT('',(35.0,-0.335700404911117,2.657340475182222));
#12633=VERTEX_POINT('',#12632);
#12634=CARTESIAN_POINT('',(33.79999999999999,-0.375999959065401,2.976344071303382));
#12635=VERTEX_POINT('',#12634);
#12636=CARTESIAN_POINT('',(35.0,-0.335700404911117,2.657340475182222));
#12637=DIRECTION('',(-0.965925826289069,-0.032438650121298,0.256778176810426));
#12638=VECTOR('',#12637,1.242331416492116);
#12639=LINE('',#12636,#12638);
#12640=EDGE_CURVE('',#12633,#12635,#12639,.T.);
#12641=ORIENTED_EDGE('',*,*,#12640,.F.);
#12642=CARTESIAN_POINT('',(35.0,-0.22559997543924,1.785806442782032));
#12643=VERTEX_POINT('',#12642);
#12644=CARTESIAN_POINT('',(35.0,-0.22559997543924,1.785806442782032));
#12645=DIRECTION('',(0.0,-0.125333319688467,0.992114690434462));
#12646=VECTOR('',#12645,0.878460969082649);
#12647=LINE('',#12644,#12646);
#12648=EDGE_CURVE('',#12643,#12633,#12647,.T.);
#12649=ORIENTED_EDGE('',*,*,#12648,.F.);
#12650=CARTESIAN_POINT('',(2.220446E-015,-0.22559997543924,1.785806442782032));
#12651=VERTEX_POINT('',#12650);
#12652=CARTESIAN_POINT('',(3.552714E-015,-0.225599975439243,1.785806442782031));
#12653=DIRECTION('',(1.0,0.0,0.0));
#12654=VECTOR('',#12653,35.0);
#12655=LINE('',#12652,#12654);
#12656=EDGE_CURVE('',#12651,#12643,#12655,.T.);
#12657=ORIENTED_EDGE('',*,*,#12656,.F.);
#12658=CARTESIAN_POINT('',(-6.938894E-017,-0.335700404911118,2.657340475182229));
#12659=VERTEX_POINT('',#12658);
#12660=CARTESIAN_POINT('',(-1.081386E-015,-0.335700404911118,2.657340475182229));
#12661=DIRECTION('',(-2.186610E-017,0.125333319688467,-0.992114690434462));
#12662=VECTOR('',#12661,0.878460969082656);
#12663=LINE('',#12660,#12662);
#12664=EDGE_CURVE('',#12659,#12651,#12663,.T.);
#12665=ORIENTED_EDGE('',*,*,#12664,.F.);
#12666=CARTESIAN_POINT('',(1.199999999999993,-0.375999959065401,2.976344071303386));
#12667=VERTEX_POINT('',#12666);
#12668=CARTESIAN_POINT('',(1.199999999999993,-0.375999959065401,2.976344071303386));
#12669=DIRECTION('',(-0.965925826289069,0.032438650121298,-0.256778176810429));
#12670=VECTOR('',#12669,1.242331416492092);
#12671=LINE('',#12668,#12670);
#12672=EDGE_CURVE('',#12667,#12659,#12671,.T.);
#12673=ORIENTED_EDGE('',*,*,#12672,.F.);
#12674=CARTESIAN_POINT('',(33.79999999999999,-0.375999959065398,2.976344071303386));
#12675=DIRECTION('',(-1.0,0.0,0.0));
#12676=VECTOR('',#12675,32.599999999999994);
#12677=LINE('',#12674,#12676);
#12678=EDGE_CURVE('',#12635,#12667,#12677,.T.);
#12679=ORIENTED_EDGE('',*,*,#12678,.F.);
#12680=EDGE_LOOP('',(#12641,#12649,#12657,#12665,#12673,#12679));
#12681=FACE_OUTER_BOUND('',#12680,.T.);
#12682=ADVANCED_FACE('',(#12681),#12631,.F.);
#12683=CARTESIAN_POINT('',(17.5,0.22559997543924,1.785806442782032));
#12684=DIRECTION('',(0.0,0.992114690434462,-0.125333319688467));
#12685=DIRECTION('',(0.0,0.125333319688467,0.992114690434462));
#12686=AXIS2_PLACEMENT_3D('',#12683,#12684,#12685);
#12687=PLANE('',#12686);
#12688=CARTESIAN_POINT('',(33.79999999999999,0.375999959065401,2.976344071303384));
#12689=VERTEX_POINT('',#12688);
#12690=CARTESIAN_POINT('',(35.0,0.335700404911117,2.657340475182223));
#12691=VERTEX_POINT('',#12690);
#12692=CARTESIAN_POINT('',(33.799999999999983,0.375999959065401,2.976344071303383));
#12693=DIRECTION('',(0.965925826289069,-0.032438650121298,-0.256778176810426));
#12694=VECTOR('',#12693,1.242331416492116);
#12695=LINE('',#12692,#12694);
#12696=EDGE_CURVE('',#12689,#12691,#12695,.T.);
#12697=ORIENTED_EDGE('',*,*,#12696,.F.);
#12698=CARTESIAN_POINT('',(1.199999999999993,0.375999959065401,2.976344071303386));
#12699=VERTEX_POINT('',#12698);
#12700=CARTESIAN_POINT('',(1.199999999999996,0.375999959065398,2.976344071303387));
#12701=DIRECTION('',(1.0,0.0,0.0));
#12702=VECTOR('',#12701,32.599999999999994);
#12703=LINE('',#12700,#12702);
#12704=EDGE_CURVE('',#12699,#12689,#12703,.T.);
#12705=ORIENTED_EDGE('',*,*,#12704,.F.);
#12706=CARTESIAN_POINT('',(0.0,0.335700404911118,2.657340475182229));
#12707=VERTEX_POINT('',#12706);
#12708=CARTESIAN_POINT('',(-1.110223E-016,0.335700404911118,2.657340475182228));
#12709=DIRECTION('',(0.965925826289069,0.032438650121298,0.256778176810429));
#12710=VECTOR('',#12709,1.242331416492092);
#12711=LINE('',#12708,#12710);
#12712=EDGE_CURVE('',#12707,#12699,#12711,.T.);
#12713=ORIENTED_EDGE('',*,*,#12712,.F.);
#12714=CARTESIAN_POINT('',(2.220446E-015,0.22559997543924,1.785806442782032));
#12715=VERTEX_POINT('',#12714);
#12716=CARTESIAN_POINT('',(-1.126834E-015,0.22559997543924,1.785806442782032));
#12717=DIRECTION('',(-2.186610E-017,0.125333319688467,0.992114690434462));
#12718=VECTOR('',#12717,0.878460969082656);
#12719=LINE('',#12716,#12718);
#12720=EDGE_CURVE('',#12715,#12707,#12719,.T.);
#12721=ORIENTED_EDGE('',*,*,#12720,.F.);
#12722=CARTESIAN_POINT('',(35.0,0.22559997543924,1.785806442782032));
#12723=VERTEX_POINT('',#12722);
#12724=CARTESIAN_POINT('',(35.0,0.225599975439243,1.785806442782032));
#12725=DIRECTION('',(-1.0,0.0,0.0));
#12726=VECTOR('',#12725,35.0);
#12727=LINE('',#12724,#12726);
#12728=EDGE_CURVE('',#12723,#12715,#12727,.T.);
#12729=ORIENTED_EDGE('',*,*,#12728,.F.);
#12730=CARTESIAN_POINT('',(35.0,0.335700404911117,2.657340475182224));
#12731=DIRECTION('',(0.0,-0.125333319688467,-0.992114690434462));
#12732=VECTOR('',#12731,0.878460969082651);
#12733=LINE('',#12730,#12732);
#12734=EDGE_CURVE('',#12691,#12723,#12733,.T.);
#12735=ORIENTED_EDGE('',*,*,#12734,.F.);
#12736=EDGE_LOOP('',(#12697,#12705,#12713,#12721,#12729,#12735));
#12737=FACE_OUTER_BOUND('',#12736,.T.);
#12738=ADVANCED_FACE('',(#12737),#12687,.F.);
#12739=CARTESIAN_POINT('',(34.399999999999991,6.001548E-015,0.0));
#12740=DIRECTION('',(-1.0,-1.744636E-016,0.0));
#12741=DIRECTION('',(0.0,1.0,0.0));
#12742=AXIS2_PLACEMENT_3D('',#12739,#12740,#12741);
#12743=CONICAL_SURFACE('',#12742,2.839230484541323,14.999999999999833);
#12744=ORIENTED_EDGE('',*,*,#12640,.T.);
#12745=CARTESIAN_POINT('',(33.799999999999983,5.896870E-015,0.0));
#12746=DIRECTION('',(1.0,0.0,0.0));
#12747=DIRECTION('',(0.0,1.0,0.0));
#12748=AXIS2_PLACEMENT_3D('',#12745,#12746,#12747);
#12749=CIRCLE('',#12748,2.999999999999996);
#12750=EDGE_CURVE('',#12635,#12689,#12749,.T.);
#12751=ORIENTED_EDGE('',*,*,#12750,.T.);
#12752=ORIENTED_EDGE('',*,*,#12696,.T.);
#12753=CARTESIAN_POINT('',(35.0,6.106227E-015,0.0));
#12754=DIRECTION('',(1.0,0.0,0.0));
#12755=DIRECTION('',(0.0,1.0,0.0));
#12756=AXIS2_PLACEMENT_3D('',#12753,#12754,#12755);
#12757=CIRCLE('',#12756,2.67846096908265);
#12758=EDGE_CURVE('',#12633,#12691,#12757,.T.);
#12759=ORIENTED_EDGE('',*,*,#12758,.F.);
#12760=EDGE_LOOP('',(#12744,#12751,#12752,#12759));
#12761=FACE_OUTER_BOUND('',#12760,.T.);
#12762=ADVANCED_FACE('',(#12761),#12743,.T.);
#12763=CARTESIAN_POINT('',(17.499999999999993,3.053113E-015,0.0));
#12764=DIRECTION('',(1.0,1.744636E-016,0.0));
#12765=DIRECTION('',(0.0,1.0,0.0));
#12766=AXIS2_PLACEMENT_3D('',#12763,#12764,#12765);
#12767=CYLINDRICAL_SURFACE('',#12766,3.0);
#12768=ORIENTED_EDGE('',*,*,#12678,.T.);
#12769=CARTESIAN_POINT('',(1.200000000000003,2.093563E-016,0.0));
#12770=DIRECTION('',(1.0,0.0,0.0));
#12771=DIRECTION('',(0.0,1.0,0.0));
#12772=AXIS2_PLACEMENT_3D('',#12769,#12770,#12771);
#12773=CIRCLE('',#12772,3.000000000000003);
#12774=EDGE_CURVE('',#12667,#12699,#12773,.T.);
#12775=ORIENTED_EDGE('',*,*,#12774,.T.);
#12776=ORIENTED_EDGE('',*,*,#12704,.T.);
#12777=ORIENTED_EDGE('',*,*,#12750,.F.);
#12778=EDGE_LOOP('',(#12768,#12775,#12776,#12777));
#12779=FACE_OUTER_BOUND('',#12778,.T.);
#12780=ADVANCED_FACE('',(#12779),#12767,.T.);
#12781=CARTESIAN_POINT('',(0.600000000000001,1.046782E-016,0.0));
#12782=DIRECTION('',(1.0,1.744636E-016,0.0));
#12783=DIRECTION('',(0.0,1.0,0.0));
#12784=AXIS2_PLACEMENT_3D('',#12781,#12782,#12783);
#12785=CONICAL_SURFACE('',#12784,2.839230484541329,14.99999999999995);
#12786=ORIENTED_EDGE('',*,*,#12672,.T.);
#12787=CARTESIAN_POINT('',(-5.250367E-016,-9.159981E-032,0.0));
#12788=DIRECTION('',(1.0,0.0,0.0));
#12789=DIRECTION('',(0.0,1.0,0.0));
#12790=AXIS2_PLACEMENT_3D('',#12787,#12788,#12789);
#12791=CIRCLE('',#12790,2.678460969082655);
#12792=EDGE_CURVE('',#12659,#12707,#12791,.T.);
#12793=ORIENTED_EDGE('',*,*,#12792,.T.);
#12794=ORIENTED_EDGE('',*,*,#12712,.T.);
#12795=ORIENTED_EDGE('',*,*,#12774,.F.);
#12796=EDGE_LOOP('',(#12786,#12793,#12794,#12795));
#12797=FACE_OUTER_BOUND('',#12796,.T.);
#12798=ADVANCED_FACE('',(#12797),#12785,.T.);
#12799=CARTESIAN_POINT('',(35.0,2.239230484541332,0.0));
#12800=DIRECTION('',(1.0,0.0,0.0));
#12801=DIRECTION('',(0.0,0.0,-1.0));
#12802=AXIS2_PLACEMENT_3D('',#12799,#12800,#12801);
#12803=PLANE('',#12802);
#12804=ORIENTED_EDGE('',*,*,#12648,.T.);
#12805=ORIENTED_EDGE('',*,*,#12758,.T.);
#12806=ORIENTED_EDGE('',*,*,#12734,.T.);
#12807=CARTESIAN_POINT('',(35.0,6.106227E-015,0.0));
#12808=DIRECTION('',(1.0,0.0,0.0));
#12809=DIRECTION('',(0.0,1.0,0.0));
#12810=AXIS2_PLACEMENT_3D('',#12807,#12808,#12809);
#12811=CIRCLE('',#12810,1.800000000000002);
#12812=EDGE_CURVE('',#12643,#12723,#12811,.T.);
#12813=ORIENTED_EDGE('',*,*,#12812,.F.);
#12814=EDGE_LOOP('',(#12804,#12805,#12806,#12813));
#12815=FACE_OUTER_BOUND('',#12814,.T.);
#12816=ADVANCED_FACE('',(#12815),#12803,.T.);
#12817=CARTESIAN_POINT('',(17.5,3.053113E-015,0.0));
#12818=DIRECTION('',(1.0,1.744636E-016,0.0));
#12819=DIRECTION('',(0.0,1.0,0.0));
#12820=AXIS2_PLACEMENT_3D('',#12817,#12818,#12819);
#12821=CYLINDRICAL_SURFACE('',#12820,1.8);
#12822=ORIENTED_EDGE('',*,*,#12656,.T.);
#12823=ORIENTED_EDGE('',*,*,#12812,.T.);
#12824=ORIENTED_EDGE('',*,*,#12728,.T.);
#12825=CARTESIAN_POINT('',(3.140345E-016,5.478760E-032,0.0));
#12826=DIRECTION('',(1.0,0.0,0.0));
#12827=DIRECTION('',(0.0,1.0,0.0));
#12828=AXIS2_PLACEMENT_3D('',#12825,#12826,#12827);
#12829=CIRCLE('',#12828,1.799999999999997);
#12830=EDGE_CURVE('',#12651,#12715,#12829,.T.);
#12831=ORIENTED_EDGE('',*,*,#12830,.F.);
#12832=EDGE_LOOP('',(#12822,#12823,#12824,#12831));
#12833=FACE_OUTER_BOUND('',#12832,.T.);
#12834=ADVANCED_FACE('',(#12833),#12821,.F.);
#12835=CARTESIAN_POINT('',(-4.961654E-016,2.239230484541326,0.0));
#12836=DIRECTION('',(-1.0,0.0,0.0));
#12837=DIRECTION('',(0.0,0.0,1.0));
#12838=AXIS2_PLACEMENT_3D('',#12835,#12836,#12837);
#12839=PLANE('',#12838);
#12840=ORIENTED_EDGE('',*,*,#12664,.T.);
#12841=ORIENTED_EDGE('',*,*,#12830,.T.);
#12842=ORIENTED_EDGE('',*,*,#12720,.T.);
#12843=ORIENTED_EDGE('',*,*,#12792,.F.);
#12844=EDGE_LOOP('',(#12840,#12841,#12842,#12843));
#12845=FACE_OUTER_BOUND('',#12844,.T.);
#12846=ADVANCED_FACE('',(#12845),#12839,.T.);
#12847=CLOSED_SHELL('',(#12682,#12738,#12762,#12780,#12798,#12816,#12834,#12846));
#12848=MANIFOLD_SOLID_BREP('Solid1',#12847);
#12849=COLOUR_RGB('Acciaio metallizzato',0.639216005802155,0.639216005802155,0.686275005340576);
#12850=FILL_AREA_STYLE_COLOUR('Acciaio metallizzato',#12849);
#12851=FILL_AREA_STYLE('Acciaio metallizzato',(#12850));
#12852=SURFACE_STYLE_FILL_AREA(#12851);
#12853=SURFACE_SIDE_STYLE('Acciaio metallizzato',(#12852));
#12854=SURFACE_STYLE_USAGE(.BOTH.,#12853);
#12855=PRESENTATION_STYLE_ASSIGNMENT((#12854));
#12856=STYLED_ITEM('',(#12855),#12848);
#12857=ADVANCED_BREP_SHAPE_REPRESENTATION('ABSR',(#12848),#12595);
#12858=SHAPE_REPRESENTATION_RELATIONSHIP('SRR','None',#12857,#12600);
#12859=AXIS2_PLACEMENT_3D('',#12860,#12861,#12862);
#12860=CARTESIAN_POINT('',(65.199999999999989,134.00000000000003,6.000000000000004));
#12861=DIRECTION('',(1.018544E-016,-0.287255684925081,0.957853940576651));
#12862=DIRECTION('',(1.0,-1.770350E-032,-1.063360E-016));
#12863=NEXT_ASSEMBLY_USAGE_OCCURRENCE('ISO 8752 6 x 35  A:1','ISO 8752 6 x 35  A:1','ISO 8752 6 x 35  A:1',#12,#12571,'ISO 8752 6 x 35  A:1');
#12864=PRODUCT_DEFINITION_SHAPE('ISO 8752 6 x 35  A:1','ISO 8752 6 x 35  A:1',#12863);
#12865=ITEM_DEFINED_TRANSFORMATION('ISO 8752 6 x 35  A:1','ISO 8752 6 x 35  A:1',#12596,#12859);
#12869=(REPRESENTATION_RELATIONSHIP('ISO 8752 6 x 35  A:1','ISO 8752 6 x 35  A:1',#12600,#41)REPRESENTATION_RELATIONSHIP_WITH_TRANSFORMATION(#12865)SHAPE_REPRESENTATION_RELATIONSHIP());
#12870=CONTEXT_DEPENDENT_SHAPE_REPRESENTATION(#12869,#12864);
#12871=AXIS2_PLACEMENT_3D('',#12872,#12873,#12874);
#12872=CARTESIAN_POINT('',(-99.800000000000011,134.00000000000009,6.00000000000001));
#12873=DIRECTION('',(1.018544E-016,-0.287255684925081,0.957853940576651));
#12874=DIRECTION('',(1.0,-1.770350E-032,-1.063360E-016));
#12875=NEXT_ASSEMBLY_USAGE_OCCURRENCE('ISO 8752 6 x 35  A:2','ISO 8752 6 x 35  A:2','ISO 8752 6 x 35  A:2',#12,#12571,'ISO 8752 6 x 35  A:2');
#12876=PRODUCT_DEFINITION_SHAPE('ISO 8752 6 x 35  A:2','ISO 8752 6 x 35  A:2',#12875);
#12877=ITEM_DEFINED_TRANSFORMATION('ISO 8752 6 x 35  A:2','ISO 8752 6 x 35  A:2',#12596,#12871);
#12881=(REPRESENTATION_RELATIONSHIP('ISO 8752 6 x 35  A:2','ISO 8752 6 x 35  A:2',#12600,#41)REPRESENTATION_RELATIONSHIP_WITH_TRANSFORMATION(#12877)SHAPE_REPRESENTATION_RELATIONSHIP());
#12882=CONTEXT_DEPENDENT_SHAPE_REPRESENTATION(#12881,#12876);
#12883=APPLICATION_CONTEXT('automotive design');
#12884=APPLICATION_PROTOCOL_DEFINITION('International Standard','automotive_design',2001,#12883);
#12885=PRODUCT_CONTEXT('',#12883,'mechanical');
#12886=PRODUCT('ISO 4762 M8 x 30','ISO 4762 M8 x 30',$,(#12885));
#12887=PRODUCT_RELATED_PRODUCT_CATEGORY('part',$,(#12886));
#12888=PRODUCT_DEFINITION_FORMATION('',$,#12886);
#12889=PRODUCT_DEFINITION_CONTEXT('part definition',#12883,'design');
#12890=PRODUCT_DEFINITION('',$,#12888,#12889);
#12896=(NAMED_UNIT(*)PLANE_ANGLE_UNIT()SI_UNIT($,.RADIAN.));
#12897=DIMENSIONAL_EXPONENTS(0.0,0.0,0.0,0.0,0.0,0.0,0.0);
#12898=PLANE_ANGLE_MEASURE_WITH_UNIT(PLANE_ANGLE_MEASURE(0.0174532925),#12896);
#12902=(CONVERSION_BASED_UNIT('DEGREE',#12898)NAMED_UNIT(#12897)PLANE_ANGLE_UNIT());
#12906=(NAMED_UNIT(*)SI_UNIT($,.STERADIAN.)SOLID_ANGLE_UNIT());
#12910=(LENGTH_UNIT()NAMED_UNIT(*)SI_UNIT(.MILLI.,.METRE.));
#12912=UNCERTAINTY_MEASURE_WITH_UNIT(LENGTH_MEASURE(0.01),#12910,'DISTANCE_ACCURACY_VALUE','');
#12914=(GEOMETRIC_REPRESENTATION_CONTEXT(3)GLOBAL_UNCERTAINTY_ASSIGNED_CONTEXT((#12912))GLOBAL_UNIT_ASSIGNED_CONTEXT((#12902,#12906,#12910))REPRESENTATION_CONTEXT('None','None'));
#12915=AXIS2_PLACEMENT_3D('',#12916,#12917,#12918);
#12916=CARTESIAN_POINT('',(0.0,0.0,0.0));
#12917=DIRECTION('',(0.0,0.0,1.0));
#12918=DIRECTION('',(1.0,0.0,0.0));
#12919=SHAPE_REPRESENTATION('',(#12915),#12914);
#12920=PRODUCT_DEFINITION_SHAPE('','',#12890);
#12921=SHAPE_DEFINITION_REPRESENTATION(#12920,#12919);
#12927=(NAMED_UNIT(*)PLANE_ANGLE_UNIT()SI_UNIT($,.RADIAN.));
#12928=DIMENSIONAL_EXPONENTS(0.0,0.0,0.0,0.0,0.0,0.0,0.0);
#12929=PLANE_ANGLE_MEASURE_WITH_UNIT(PLANE_ANGLE_MEASURE(0.0174532925),#12927);
#12933=(CONVERSION_BASED_UNIT('DEGREE',#12929)NAMED_UNIT(#12928)PLANE_ANGLE_UNIT());
#12937=(NAMED_UNIT(*)SI_UNIT($,.STERADIAN.)SOLID_ANGLE_UNIT());
#12941=(LENGTH_UNIT()NAMED_UNIT(*)SI_UNIT(.MILLI.,.METRE.));
#12943=UNCERTAINTY_MEASURE_WITH_UNIT(LENGTH_MEASURE(0.000001),#12941,'DISTANCE_ACCURACY_VALUE','');
#12945=(GEOMETRIC_REPRESENTATION_CONTEXT(3)GLOBAL_UNCERTAINTY_ASSIGNED_CONTEXT((#12943))GLOBAL_UNIT_ASSIGNED_CONTEXT((#12933,#12937,#12941))REPRESENTATION_CONTEXT('','3D'));
#12946=CARTESIAN_POINT('',(0.100000000000002,1.710409E-017,0.0));
#12947=DIRECTION('',(1.0,-5.720431E-019,0.0));
#12948=DIRECTION('',(0.0,0.0,-1.0));
#12949=AXIS2_PLACEMENT_3D('',#12946,#12947,#12948);
#12950=TOROIDAL_SURFACE('',#12949,4.1,0.1);
#12951=CARTESIAN_POINT('',(2.222791E-015,4.1,0.0));
#12952=VERTEX_POINT('',#12951);
#12953=CARTESIAN_POINT('',(2.220446E-015,1.716129E-017,0.0));
#12954=DIRECTION('',(1.0,0.0,0.0));
#12955=DIRECTION('',(0.0,-1.0,0.0));
#12956=AXIS2_PLACEMENT_3D('',#12953,#12954,#12955);
#12957=CIRCLE('',#12956,4.1);
#12958=EDGE_CURVE('',#12952,#12952,#12957,.T.);
#12959=ORIENTED_EDGE('',*,*,#12958,.T.);
#12960=EDGE_LOOP('',(#12959));
#12961=FACE_OUTER_BOUND('',#12960,.T.);
#12962=CARTESIAN_POINT('',(0.100000000000002,4.0,-9.796851E-016));
#12963=VERTEX_POINT('',#12962);
#12964=CARTESIAN_POINT('',(0.100000000000002,1.710409E-017,0.0));
#12965=DIRECTION('',(-1.0,0.0,0.0));
#12966=DIRECTION('',(0.0,-1.0,0.0));
#12967=AXIS2_PLACEMENT_3D('',#12964,#12965,#12966);
#12968=CIRCLE('',#12967,4.0);
#12969=EDGE_CURVE('',#12963,#12963,#12968,.T.);
#12970=ORIENTED_EDGE('',*,*,#12969,.T.);
#12971=EDGE_LOOP('',(#12970));
#12972=FACE_BOUND('',#12971,.T.);
#12973=ADVANCED_FACE('',(#12961,#12972),#12950,.F.);
#12974=CARTESIAN_POINT('',(16.5625,7.686830E-018,0.0));
#12975=DIRECTION('',(1.0,-5.720431E-019,0.0));
#12976=DIRECTION('',(0.0,1.0,0.0));
#12977=AXIS2_PLACEMENT_3D('',#12974,#12975,#12976);
#12978=CYLINDRICAL_SURFACE('',#12977,4.0);
#12979=CARTESIAN_POINT('',(29.2331875,4.0,4.898425E-016));
#12980=VERTEX_POINT('',#12979);
#12981=CARTESIAN_POINT('',(29.2331875,4.386498E-019,0.0));
#12982=DIRECTION('',(1.0,0.0,0.0));
#12983=DIRECTION('',(0.0,-1.0,0.0));
#12984=AXIS2_PLACEMENT_3D('',#12981,#12982,#12983);
#12985=CIRCLE('',#12984,4.0);
#12986=EDGE_CURVE('',#12980,#12980,#12985,.T.);
#12987=ORIENTED_EDGE('',*,*,#12986,.F.);
#12988=EDGE_LOOP('',(#12987));
#12989=FACE_OUTER_BOUND('',#12988,.T.);
#12990=ORIENTED_EDGE('',*,*,#12969,.F.);
#12991=EDGE_LOOP('',(#12990));
#12992=FACE_BOUND('',#12991,.T.);
#12993=ADVANCED_FACE('',(#12989,#12992),#12978,.T.);
#12994=CARTESIAN_POINT('',(2.220446E-015,5.250000000000002,0.0));
#12995=DIRECTION('',(1.0,0.0,0.0));
#12996=DIRECTION('',(0.0,0.0,-1.0));
#12997=AXIS2_PLACEMENT_3D('',#12994,#12995,#12996);
#12998=PLANE('',#12997);
#12999=CARTESIAN_POINT('',(2.220446E-015,6.500000000000003,0.0));
#13000=VERTEX_POINT('',#12999);
#13001=CARTESIAN_POINT('',(0.0,1.716129E-017,0.0));
#13002=DIRECTION('',(1.0,0.0,0.0));
#13003=DIRECTION('',(0.0,1.0,0.0));
#13004=AXIS2_PLACEMENT_3D('',#13001,#13002,#13003);
#13005=CIRCLE('',#13004,6.500000000000003);
#13006=EDGE_CURVE('',#13000,#13000,#13005,.T.);
#13007=ORIENTED_EDGE('',*,*,#13006,.T.);
#13008=EDGE_LOOP('',(#13007));
#13009=FACE_OUTER_BOUND('',#13008,.T.);
#13010=ORIENTED_EDGE('',*,*,#12958,.F.);
#13011=EDGE_LOOP('',(#13010));
#13012=FACE_BOUND('',#13011,.T.);
#13013=ADVANCED_FACE('',(#13009,#13012),#12998,.T.);
#13014=CARTESIAN_POINT('',(29.61659375,2.193249E-019,0.0));
#13015=DIRECTION('',(-1.0,5.720431E-019,0.0));
#13016=DIRECTION('',(0.0,-1.0,0.0));
#13017=AXIS2_PLACEMENT_3D('',#13014,#13015,#13016);
#13018=CONICAL_SURFACE('',#13017,3.61659375,44.999999999999943);
#13019=ORIENTED_EDGE('',*,*,#12986,.T.);
#13020=EDGE_LOOP('',(#13019));
#13021=FACE_OUTER_BOUND('',#13020,.T.);
#13022=CARTESIAN_POINT('',(30.0,3.233187500000001,-3.959382E-016));
#13023=VERTEX_POINT('',#13022);
#13024=CARTESIAN_POINT('',(30.0,3.009266E-034,0.0));
#13025=DIRECTION('',(-1.0,0.0,0.0));
#13026=DIRECTION('',(0.0,-1.0,0.0));
#13027=AXIS2_PLACEMENT_3D('',#13024,#13025,#13026);
#13028=CIRCLE('',#13027,3.233187500000001);
#13029=EDGE_CURVE('',#13023,#13023,#13028,.T.);
#13030=ORIENTED_EDGE('',*,*,#13029,.T.);
#13031=EDGE_LOOP('',(#13030));
#13032=FACE_BOUND('',#13031,.T.);
#13033=ADVANCED_FACE('',(#13021,#13032),#13018,.T.);
#13034=CARTESIAN_POINT('',(30.0,2.000000000000001,0.0));
#13035=DIRECTION('',(1.0,0.0,0.0));
#13036=DIRECTION('',(0.0,0.0,-1.0));
#13037=AXIS2_PLACEMENT_3D('',#13034,#13035,#13036);
#13038=PLANE('',#13037);
#13039=ORIENTED_EDGE('',*,*,#13029,.F.);
#13040=EDGE_LOOP('',(#13039));
#13041=FACE_OUTER_BOUND('',#13040,.T.);
#13042=ADVANCED_FACE('',(#13041),#13038,.T.);
#13043=CARTESIAN_POINT('',(-7.199999999999996,2.128000E-017,0.0));
#13044=DIRECTION('',(1.0,-5.720431E-019,0.0));
#13045=DIRECTION('',(0.0,0.0,-1.0));
#13046=AXIS2_PLACEMENT_3D('',#13043,#13044,#13045);
#13047=TOROIDAL_SURFACE('',#13046,5.700000000000001,0.8);
#13048=CARTESIAN_POINT('',(-7.999999999999996,5.700000000000001,0.0));
#13049=VERTEX_POINT('',#13048);
#13050=CARTESIAN_POINT('',(-7.999999999999996,2.173764E-017,0.0));
#13051=DIRECTION('',(1.0,0.0,0.0));
#13052=DIRECTION('',(0.0,-1.0,0.0));
#13053=AXIS2_PLACEMENT_3D('',#13050,#13051,#13052);
#13054=CIRCLE('',#13053,5.700000000000001);
#13055=EDGE_CURVE('',#13049,#13049,#13054,.T.);
#13056=ORIENTED_EDGE('',*,*,#13055,.T.);
#13057=EDGE_LOOP('',(#13056));
#13058=FACE_OUTER_BOUND('',#13057,.T.);
#13059=CARTESIAN_POINT('',(-7.199999999999996,6.500000000000002,-1.591988E-015));
#13060=VERTEX_POINT('',#13059);
#13061=CARTESIAN_POINT('',(-7.199999999999996,2.128000E-017,0.0));
#13062=DIRECTION('',(-1.0,0.0,0.0));
#13063=DIRECTION('',(0.0,-1.0,0.0));
#13064=AXIS2_PLACEMENT_3D('',#13061,#13062,#13063);
#13065=CIRCLE('',#13064,6.500000000000002);
#13066=EDGE_CURVE('',#13060,#13060,#13065,.T.);
#13067=ORIENTED_EDGE('',*,*,#13066,.T.);
#13068=EDGE_LOOP('',(#13067));
#13069=FACE_BOUND('',#13068,.T.);
#13070=ADVANCED_FACE('',(#13058,#13069),#13047,.T.);
#13071=CARTESIAN_POINT('',(-7.999999999999996,4.982050807568878,0.0));
#13072=DIRECTION('',(-1.0,0.0,0.0));
#13073=DIRECTION('',(0.0,0.0,1.0));
#13074=AXIS2_PLACEMENT_3D('',#13071,#13072,#13073);
#13075=PLANE('',#13074);
#13076=ORIENTED_EDGE('',*,*,#13055,.F.);
#13077=EDGE_LOOP('',(#13076));
#13078=FACE_OUTER_BOUND('',#13077,.T.);
#13079=CARTESIAN_POINT('',(-7.999999999999996,2.999999999999999,-1.732050807568879));
#13080=VERTEX_POINT('',#13079);
#13081=CARTESIAN_POINT('',(-7.999999999999996,3.000000000000002,1.732050807568874));
#13082=VERTEX_POINT('',#13081);
#13083=CARTESIAN_POINT('',(-7.999999999999996,2.999999999999999,-1.732050807568879));
#13084=DIRECTION('',(0.0,0.0,1.0));
#13085=VECTOR('',#13084,3.464101615137754);
#13086=LINE('',#13083,#13085);
#13087=EDGE_CURVE('',#13080,#13082,#13086,.T.);
#13088=ORIENTED_EDGE('',*,*,#13087,.T.);
#13089=CARTESIAN_POINT('',(-7.999999999999996,4.459677E-016,3.464101615137754));
#13090=VERTEX_POINT('',#13089);
#13091=CARTESIAN_POINT('',(-7.999999999999996,3.000000000000002,1.732050807568874));
#13092=DIRECTION('',(0.0,-0.866025403784438,0.500000000000001));
#13093=VECTOR('',#13092,3.464101615137758);
#13094=LINE('',#13091,#13093);
#13095=EDGE_CURVE('',#13082,#13090,#13094,.T.);
#13096=ORIENTED_EDGE('',*,*,#13095,.T.);
#13097=CARTESIAN_POINT('',(-7.999999999999996,-3.0,1.732050807568878));
#13098=VERTEX_POINT('',#13097);
#13099=CARTESIAN_POINT('',(-7.999999999999996,0.0,3.464101615137755));
#13100=DIRECTION('',(0.0,-0.866025403784439,-0.5));
#13101=VECTOR('',#13100,3.464101615137754);
#13102=LINE('',#13099,#13101);
#13103=EDGE_CURVE('',#13090,#13098,#13102,.T.);
#13104=ORIENTED_EDGE('',*,*,#13103,.T.);
#13105=CARTESIAN_POINT('',(-7.999999999999996,-3.0,-1.732050807568876));
#13106=VERTEX_POINT('',#13105);
#13107=CARTESIAN_POINT('',(-7.999999999999996,-3.0,1.732050807568878));
#13108=DIRECTION('',(0.0,0.0,-1.0));
#13109=VECTOR('',#13108,3.464101615137754);
#13110=LINE('',#13107,#13109);
#13111=EDGE_CURVE('',#13098,#13106,#13110,.T.);
#13112=ORIENTED_EDGE('',*,*,#13111,.T.);
#13113=CARTESIAN_POINT('',(-7.999999999999996,-3.960362E-016,-3.464101615137754));
#13114=VERTEX_POINT('',#13113);
#13115=CARTESIAN_POINT('',(-7.999999999999996,-3.000000000000001,-1.732050807568876));
#13116=DIRECTION('',(0.0,0.866025403784438,-0.5));
#13117=VECTOR('',#13116,3.464101615137756);
#13118=LINE('',#13115,#13117);
#13119=EDGE_CURVE('',#13106,#13114,#13118,.T.);
#13120=ORIENTED_EDGE('',*,*,#13119,.T.);
#13121=CARTESIAN_POINT('',(-7.999999999999996,-4.440892E-016,-3.464101615137754));
#13122=DIRECTION('',(0.0,0.866025403784439,0.5));
#13123=VECTOR('',#13122,3.464101615137753);
#13124=LINE('',#13121,#13123);
#13125=EDGE_CURVE('',#13114,#13080,#13124,.T.);
#13126=ORIENTED_EDGE('',*,*,#13125,.T.);
#13127=EDGE_LOOP('',(#13088,#13096,#13104,#13112,#13120,#13126));
#13128=FACE_BOUND('',#13127,.T.);
#13129=ADVANCED_FACE('',(#13078,#13128),#13075,.T.);
#13130=CARTESIAN_POINT('',(-3.999999999999999,1.944947E-017,0.0));
#13131=DIRECTION('',(1.0,-5.720431E-019,0.0));
#13132=DIRECTION('',(0.0,1.0,0.0));
#13133=AXIS2_PLACEMENT_3D('',#13130,#13131,#13132);
#13134=CYLINDRICAL_SURFACE('',#13133,6.500000000000002);
#13135=ORIENTED_EDGE('',*,*,#13006,.F.);
#13136=EDGE_LOOP('',(#13135));
#13137=FACE_OUTER_BOUND('',#13136,.T.);
#13138=ORIENTED_EDGE('',*,*,#13066,.F.);
#13139=EDGE_LOOP('',(#13138));
#13140=FACE_BOUND('',#13139,.T.);
#13141=ADVANCED_FACE('',(#13137,#13140),#13134,.T.);
#13142=CARTESIAN_POINT('',(-7.999999999999996,-3.960362E-016,-3.464101615137754));
#13143=DIRECTION('',(-2.860216E-019,-0.5,-0.866025403784439));
#13144=DIRECTION('',(-1.0,0.0,0.0));
#13145=AXIS2_PLACEMENT_3D('',#13142,#13143,#13144);
#13146=PLANE('',#13145);
#13147=CARTESIAN_POINT('',(-3.999999999999994,-2.798439E-016,-3.464101615137754));
#13148=VERTEX_POINT('',#13147);
#13149=CARTESIAN_POINT('',(-3.999999999999993,-3.0,-1.732050807568876));
#13150=VERTEX_POINT('',#13149);
#13151=CARTESIAN_POINT('',(-3.999999999999996,6.643033E-015,-3.464101615137759));
#13152=CARTESIAN_POINT('',(-3.499999999999992,-1.5,-2.598076211353316));
#13153=CARTESIAN_POINT('',(-3.999999999999996,-3.000000000000008,-1.732050807568872));
#13161=(BOUNDED_CURVE()B_SPLINE_CURVE(2,(#13151,#13152,#13153),.UNSPECIFIED.,.F.,.U.)B_SPLINE_CURVE_WITH_KNOTS((3,3),(0.0,0.350530841423377),.UNSPECIFIED.)CURVE()GEOMETRIC_REPRESENTATION_ITEM()RATIONAL_B_SPLINE_CURVE((1.0,1.154700538379255,1.0))REPRESENTATION_ITEM(''));
#13162=EDGE_CURVE('',#13148,#13150,#13161,.T.);
#13163=ORIENTED_EDGE('',*,*,#13162,.F.);
#13164=CARTESIAN_POINT('',(-3.999999999999994,-2.786998E-016,-3.464101615137754));
#13165=DIRECTION('',(-1.0,0.0,0.0));
#13166=VECTOR('',#13165,4.000000000000003);
#13167=LINE('',#13164,#13166);
#13168=EDGE_CURVE('',#13148,#13114,#13167,.T.);
#13169=ORIENTED_EDGE('',*,*,#13168,.T.);
#13170=ORIENTED_EDGE('',*,*,#13119,.F.);
#13171=CARTESIAN_POINT('',(-3.999999999999993,-3.0,-1.732050807568876));
#13172=DIRECTION('',(-1.0,0.0,0.0));
#13173=VECTOR('',#13172,4.000000000000004);
#13174=LINE('',#13171,#13173);
#13175=EDGE_CURVE('',#13150,#13106,#13174,.T.);
#13176=ORIENTED_EDGE('',*,*,#13175,.F.);
#13177=EDGE_LOOP('',(#13163,#13169,#13170,#13176));
#13178=FACE_OUTER_BOUND('',#13177,.T.);
#13179=ADVANCED_FACE('',(#13178),#13146,.F.);
#13180=CARTESIAN_POINT('',(-7.999999999999996,2.999999999999999,-1.732050807568879));
#13181=DIRECTION('',(2.860216E-019,0.5,-0.866025403784439));
#13182=DIRECTION('',(-1.0,0.0,0.0));
#13183=AXIS2_PLACEMENT_3D('',#13180,#13181,#13182);
#13184=PLANE('',#13183);
#13185=CARTESIAN_POINT('',(-3.999999999999994,2.999999999999999,-1.732050807568879));
#13186=VERTEX_POINT('',#13185);
#13187=CARTESIAN_POINT('',(-3.999999999999996,3.000000000000006,-1.732050807568876));
#13188=CARTESIAN_POINT('',(-3.499999999999993,1.499999999999999,-2.598076211353318));
#13189=CARTESIAN_POINT('',(-3.999999999999995,-6.124532E-015,-3.464101615137758));
#13197=(BOUNDED_CURVE()B_SPLINE_CURVE(2,(#13187,#13188,#13189),.UNSPECIFIED.,.F.,.U.)B_SPLINE_CURVE_WITH_KNOTS((3,3),(0.0,0.350530841423377),.UNSPECIFIED.)CURVE()GEOMETRIC_REPRESENTATION_ITEM()RATIONAL_B_SPLINE_CURVE((1.0,1.154700538379255,1.0))REPRESENTATION_ITEM(''));
#13198=EDGE_CURVE('',#13186,#13148,#13197,.T.);
#13199=ORIENTED_EDGE('',*,*,#13198,.F.);
#13200=CARTESIAN_POINT('',(-3.999999999999994,2.999999999999999,-1.732050807568879));
#13201=DIRECTION('',(-1.0,0.0,0.0));
#13202=VECTOR('',#13201,4.000000000000003);
#13203=LINE('',#13200,#13202);
#13204=EDGE_CURVE('',#13186,#13080,#13203,.T.);
#13205=ORIENTED_EDGE('',*,*,#13204,.T.);
#13206=ORIENTED_EDGE('',*,*,#13125,.F.);
#13207=ORIENTED_EDGE('',*,*,#13168,.F.);
#13208=EDGE_LOOP('',(#13199,#13205,#13206,#13207));
#13209=FACE_OUTER_BOUND('',#13208,.T.);
#13210=ADVANCED_FACE('',(#13209),#13184,.F.);
#13211=CARTESIAN_POINT('',(-7.999999999999996,3.000000000000002,1.732050807568874));
#13212=DIRECTION('',(0.0,1.0,0.0));
#13213=DIRECTION('',(0.0,0.0,1.0));
#13214=AXIS2_PLACEMENT_3D('',#13211,#13212,#13213);
#13215=PLANE('',#13214);
#13216=CARTESIAN_POINT('',(-3.999999999999994,3.000000000000002,1.732050807568874));
#13217=VERTEX_POINT('',#13216);
#13218=CARTESIAN_POINT('',(-3.999999999999996,3.000000000000003,1.732050807568882));
#13219=CARTESIAN_POINT('',(-3.499999999999992,3.000000000000001,-3.191891E-015));
#13220=CARTESIAN_POINT('',(-3.999999999999996,2.999999999999999,-1.732050807568889));
#13228=(BOUNDED_CURVE()B_SPLINE_CURVE(2,(#13218,#13219,#13220),.UNSPECIFIED.,.F.,.U.)B_SPLINE_CURVE_WITH_KNOTS((3,3),(0.0,0.350530841423377),.UNSPECIFIED.)CURVE()GEOMETRIC_REPRESENTATION_ITEM()RATIONAL_B_SPLINE_CURVE((1.0,1.15470053837925,1.0))REPRESENTATION_ITEM(''));
#13229=EDGE_CURVE('',#13217,#13186,#13228,.T.);
#13230=ORIENTED_EDGE('',*,*,#13229,.F.);
#13231=CARTESIAN_POINT('',(-3.999999999999994,3.000000000000002,1.732050807568873));
#13232=DIRECTION('',(-1.0,0.0,0.0));
#13233=VECTOR('',#13232,4.000000000000003);
#13234=LINE('',#13231,#13233);
#13235=EDGE_CURVE('',#13217,#13082,#13234,.T.);
#13236=ORIENTED_EDGE('',*,*,#13235,.T.);
#13237=ORIENTED_EDGE('',*,*,#13087,.F.);
#13238=ORIENTED_EDGE('',*,*,#13204,.F.);
#13239=EDGE_LOOP('',(#13230,#13236,#13237,#13238));
#13240=FACE_OUTER_BOUND('',#13239,.T.);
#13241=ADVANCED_FACE('',(#13240),#13215,.F.);
#13242=CARTESIAN_POINT('',(-7.999999999999996,4.576345E-018,3.464101615137754));
#13243=DIRECTION('',(2.860216E-019,0.5,0.866025403784438));
#13244=DIRECTION('',(1.0,0.0,0.0));
#13245=AXIS2_PLACEMENT_3D('',#13242,#13243,#13244);
#13246=PLANE('',#13245);
#13247=CARTESIAN_POINT('',(-3.999999999999994,-5.573997E-016,3.464101615137754));
#13248=VERTEX_POINT('',#13247);
#13249=CARTESIAN_POINT('',(-3.999999999999996,-6.679644E-015,3.464101615137759));
#13250=CARTESIAN_POINT('',(-3.499999999999992,1.500000000000003,2.598076211353314));
#13251=CARTESIAN_POINT('',(-3.999999999999996,3.000000000000009,1.73205080756887));
#13259=(BOUNDED_CURVE()B_SPLINE_CURVE(2,(#13249,#13250,#13251),.UNSPECIFIED.,.F.,.U.)B_SPLINE_CURVE_WITH_KNOTS((3,3),(0.0,0.350530841423378),.UNSPECIFIED.)CURVE()GEOMETRIC_REPRESENTATION_ITEM()RATIONAL_B_SPLINE_CURVE((1.0,1.154700538379257,1.0))REPRESENTATION_ITEM(''));
#13260=EDGE_CURVE('',#13248,#13217,#13259,.T.);
#13261=ORIENTED_EDGE('',*,*,#13260,.F.);
#13262=CARTESIAN_POINT('',(-7.999999999999996,-5.539674E-016,3.464101615137754));
#13263=DIRECTION('',(1.0,0.0,0.0));
#13264=VECTOR('',#13263,4.000000000000003);
#13265=LINE('',#13262,#13264);
#13266=EDGE_CURVE('',#13090,#13248,#13265,.T.);
#13267=ORIENTED_EDGE('',*,*,#13266,.F.);
#13268=ORIENTED_EDGE('',*,*,#13095,.F.);
#13269=ORIENTED_EDGE('',*,*,#13235,.F.);
#13270=EDGE_LOOP('',(#13261,#13267,#13268,#13269));
#13271=FACE_OUTER_BOUND('',#13270,.T.);
#13272=ADVANCED_FACE('',(#13271),#13246,.F.);
#13273=CARTESIAN_POINT('',(-7.999999999999996,-3.0,-1.732050807568876));
#13274=DIRECTION('',(0.0,-1.0,0.0));
#13275=DIRECTION('',(0.0,0.0,-1.0));
#13276=AXIS2_PLACEMENT_3D('',#13273,#13274,#13275);
#13277=PLANE('',#13276);
#13278=CARTESIAN_POINT('',(-3.999999999999994,-3.0,1.732050807568877));
#13279=VERTEX_POINT('',#13278);
#13280=CARTESIAN_POINT('',(-3.999999999999996,-3.0,-1.732050807568885));
#13281=CARTESIAN_POINT('',(-3.499999999999992,-3.0,2.775558E-016));
#13282=CARTESIAN_POINT('',(-3.999999999999996,-3.0,1.732050807568886));
#13290=(BOUNDED_CURVE()B_SPLINE_CURVE(2,(#13280,#13281,#13282),.UNSPECIFIED.,.F.,.U.)B_SPLINE_CURVE_WITH_KNOTS((3,3),(0.0,0.350530841423377),.UNSPECIFIED.)CURVE()GEOMETRIC_REPRESENTATION_ITEM()RATIONAL_B_SPLINE_CURVE((1.0,1.154700538379255,1.0))REPRESENTATION_ITEM(''));
#13291=EDGE_CURVE('',#13150,#13279,#13290,.T.);
#13292=ORIENTED_EDGE('',*,*,#13291,.F.);
#13293=ORIENTED_EDGE('',*,*,#13175,.T.);
#13294=ORIENTED_EDGE('',*,*,#13111,.F.);
#13295=CARTESIAN_POINT('',(-3.999999999999994,-3.0,1.732050807568877));
#13296=DIRECTION('',(-1.0,0.0,0.0));
#13297=VECTOR('',#13296,4.000000000000003);
#13298=LINE('',#13295,#13297);
#13299=EDGE_CURVE('',#13279,#13098,#13298,.T.);
#13300=ORIENTED_EDGE('',*,*,#13299,.F.);
#13301=EDGE_LOOP('',(#13292,#13293,#13294,#13300));
#13302=FACE_OUTER_BOUND('',#13301,.T.);
#13303=ADVANCED_FACE('',(#13302),#13277,.F.);
#13304=CARTESIAN_POINT('',(-7.999999999999996,-3.0,1.732050807568878));
#13305=DIRECTION('',(-2.860216E-019,-0.5,0.866025403784439));
#13306=DIRECTION('',(1.0,0.0,0.0));
#13307=AXIS2_PLACEMENT_3D('',#13304,#13305,#13306);
#13308=PLANE('',#13307);
#13309=CARTESIAN_POINT('',(-3.999999999999996,-3.000000000000008,1.732050807568873));
#13310=CARTESIAN_POINT('',(-3.499999999999992,-1.5,2.598076211353316));
#13311=CARTESIAN_POINT('',(-3.999999999999996,8.030812E-015,3.464101615137759));
#13319=(BOUNDED_CURVE()B_SPLINE_CURVE(2,(#13309,#13310,#13311),.UNSPECIFIED.,.F.,.U.)B_SPLINE_CURVE_WITH_KNOTS((3,3),(0.0,0.350530841423377),.UNSPECIFIED.)CURVE()GEOMETRIC_REPRESENTATION_ITEM()RATIONAL_B_SPLINE_CURVE((1.0,1.154700538379255,1.0))REPRESENTATION_ITEM(''));
#13320=EDGE_CURVE('',#13279,#13248,#13319,.T.);
#13321=ORIENTED_EDGE('',*,*,#13320,.F.);
#13322=ORIENTED_EDGE('',*,*,#13299,.T.);
#13323=ORIENTED_EDGE('',*,*,#13103,.F.);
#13324=ORIENTED_EDGE('',*,*,#13266,.T.);
#13325=EDGE_LOOP('',(#13321,#13322,#13323,#13324));
#13326=FACE_OUTER_BOUND('',#13325,.T.);
#13327=ADVANCED_FACE('',(#13326),#13308,.F.);
#13328=CARTESIAN_POINT('',(-2.999999999999994,1.887742E-017,0.0));
#13329=DIRECTION('',(-1.0,5.720431E-019,0.0));
#13330=DIRECTION('',(0.0,1.0,0.0));
#13331=AXIS2_PLACEMENT_3D('',#13328,#13329,#13330);
#13332=CONICAL_SURFACE('',#13331,1.732050807568877,60.000000000000021);
#13333=ORIENTED_EDGE('',*,*,#13260,.T.);
#13334=ORIENTED_EDGE('',*,*,#13229,.T.);
#13335=ORIENTED_EDGE('',*,*,#13198,.T.);
#13336=ORIENTED_EDGE('',*,*,#13162,.T.);
#13337=ORIENTED_EDGE('',*,*,#13291,.T.);
#13338=ORIENTED_EDGE('',*,*,#13320,.T.);
#13339=EDGE_LOOP('',(#13333,#13334,#13335,#13336,#13337,#13338));
#13340=FACE_OUTER_BOUND('',#13339,.T.);
#13341=ADVANCED_FACE('',(#13340),#13332,.F.);
#13342=CLOSED_SHELL('',(#12973,#12993,#13013,#13033,#13042,#13070,#13129,#13141,#13179,#13210,#13241,#13272,#13303,#13327,#13341));
#13343=MANIFOLD_SOLID_BREP('Solid1',#13342);
#13344=STYLED_ITEM('',(#12855),#13343);
#13345=ADVANCED_BREP_SHAPE_REPRESENTATION('ABSR',(#13343),#12914);
#13346=SHAPE_REPRESENTATION_RELATIONSHIP('SRR','None',#13345,#12919);
#13347=AXIS2_PLACEMENT_3D('',#13348,#13349,#13350);
#13348=CARTESIAN_POINT('',(-60.000000000000014,-107.19999999999965,30.999999999999982));
#13349=DIRECTION('',(-0.994468199079221,0.105038093185942,8.252523E-017));
#13350=DIRECTION('',(-9.032272E-017,6.404617E-016,-1.000000000000001));
#13351=NEXT_ASSEMBLY_USAGE_OCCURRENCE('ISO 4762 M8 x 30:1','ISO 4762 M8 x 30:1','ISO 4762 M8 x 30:1',#12,#12890,'ISO 4762 M8 x 30:1');
#13352=PRODUCT_DEFINITION_SHAPE('ISO 4762 M8 x 30:1','ISO 4762 M8 x 30:1',#13351);
#13353=ITEM_DEFINED_TRANSFORMATION('ISO 4762 M8 x 30:1','ISO 4762 M8 x 30:1',#12915,#13347);
#13357=(REPRESENTATION_RELATIONSHIP('ISO 4762 M8 x 30:1','ISO 4762 M8 x 30:1',#12919,#41)REPRESENTATION_RELATIONSHIP_WITH_TRANSFORMATION(#13353)SHAPE_REPRESENTATION_RELATIONSHIP());
#13358=CONTEXT_DEPENDENT_SHAPE_REPRESENTATION(#13357,#13352);
#13359=AXIS2_PLACEMENT_3D('',#13360,#13361,#13362);
#13360=CARTESIAN_POINT('',(-59.999999999999915,107.30000000000038,30.999999999999982));
#13361=DIRECTION('',(-0.994468199079221,0.105038093185942,8.252523E-017));
#13362=DIRECTION('',(-9.032272E-017,6.404617E-016,-1.000000000000001));
#13363=NEXT_ASSEMBLY_USAGE_OCCURRENCE('ISO 4762 M8 x 30:2','ISO 4762 M8 x 30:2','ISO 4762 M8 x 30:2',#12,#12890,'ISO 4762 M8 x 30:2');
#13364=PRODUCT_DEFINITION_SHAPE('ISO 4762 M8 x 30:2','ISO 4762 M8 x 30:2',#13363);
#13365=ITEM_DEFINED_TRANSFORMATION('ISO 4762 M8 x 30:2','ISO 4762 M8 x 30:2',#12915,#13359);
#13369=(REPRESENTATION_RELATIONSHIP('ISO 4762 M8 x 30:2','ISO 4762 M8 x 30:2',#12919,#41)REPRESENTATION_RELATIONSHIP_WITH_TRANSFORMATION(#13365)SHAPE_REPRESENTATION_RELATIONSHIP());
#13370=CONTEXT_DEPENDENT_SHAPE_REPRESENTATION(#13369,#13364);
#13371=AXIS2_PLACEMENT_3D('',#13372,#13373,#13374);
#13372=CARTESIAN_POINT('',(-1.776357E-014,-107.19999999999965,30.999999999999982));
#13373=DIRECTION('',(-0.994468199079221,0.105038093185942,8.252523E-017));
#13374=DIRECTION('',(-9.032272E-017,6.404617E-016,-1.000000000000001));
#13375=NEXT_ASSEMBLY_USAGE_OCCURRENCE('ISO 4762 M8 x 30:3','ISO 4762 M8 x 30:3','ISO 4762 M8 x 30:3',#12,#12890,'ISO 4762 M8 x 30:3');
#13376=PRODUCT_DEFINITION_SHAPE('ISO 4762 M8 x 30:3','ISO 4762 M8 x 30:3',#13375);
#13377=ITEM_DEFINED_TRANSFORMATION('ISO 4762 M8 x 30:3','ISO 4762 M8 x 30:3',#12915,#13371);
#13381=(REPRESENTATION_RELATIONSHIP('ISO 4762 M8 x 30:3','ISO 4762 M8 x 30:3',#12919,#41)REPRESENTATION_RELATIONSHIP_WITH_TRANSFORMATION(#13377)SHAPE_REPRESENTATION_RELATIONSHIP());
#13382=CONTEXT_DEPENDENT_SHAPE_REPRESENTATION(#13381,#13376);
#13383=AXIS2_PLACEMENT_3D('',#13384,#13385,#13386);
#13384=CARTESIAN_POINT('',(9.769963E-014,107.30000000000038,30.999999999999982));
#13385=DIRECTION('',(-0.994468199079221,0.105038093185942,8.252523E-017));
#13386=DIRECTION('',(-9.032272E-017,6.404617E-016,-1.000000000000001));
#13387=NEXT_ASSEMBLY_USAGE_OCCURRENCE('ISO 4762 M8 x 30:4','ISO 4762 M8 x 30:4','ISO 4762 M8 x 30:4',#12,#12890,'ISO 4762 M8 x 30:4');
#13388=PRODUCT_DEFINITION_SHAPE('ISO 4762 M8 x 30:4','ISO 4762 M8 x 30:4',#13387);
#13389=ITEM_DEFINED_TRANSFORMATION('ISO 4762 M8 x 30:4','ISO 4762 M8 x 30:4',#12915,#13383);
#13393=(REPRESENTATION_RELATIONSHIP('ISO 4762 M8 x 30:4','ISO 4762 M8 x 30:4',#12919,#41)REPRESENTATION_RELATIONSHIP_WITH_TRANSFORMATION(#13389)SHAPE_REPRESENTATION_RELATIONSHIP());
#13394=CONTEXT_DEPENDENT_SHAPE_REPRESENTATION(#13393,#13388);
#13395=AXIS2_PLACEMENT_3D('',#13396,#13397,#13398);
#13396=CARTESIAN_POINT('',(59.999999999999957,-107.19999999999965,30.999999999999982));
#13397=DIRECTION('',(-0.994468199079221,0.105038093185942,8.252523E-017));
#13398=DIRECTION('',(-9.032272E-017,6.404617E-016,-1.000000000000001));
#13399=NEXT_ASSEMBLY_USAGE_OCCURRENCE('ISO 4762 M8 x 30:5','ISO 4762 M8 x 30:5','ISO 4762 M8 x 30:5',#12,#12890,'ISO 4762 M8 x 30:5');
#13400=PRODUCT_DEFINITION_SHAPE('ISO 4762 M8 x 30:5','ISO 4762 M8 x 30:5',#13399);
#13401=ITEM_DEFINED_TRANSFORMATION('ISO 4762 M8 x 30:5','ISO 4762 M8 x 30:5',#12915,#13395);
#13405=(REPRESENTATION_RELATIONSHIP('ISO 4762 M8 x 30:5','ISO 4762 M8 x 30:5',#12919,#41)REPRESENTATION_RELATIONSHIP_WITH_TRANSFORMATION(#13401)SHAPE_REPRESENTATION_RELATIONSHIP());
#13406=CONTEXT_DEPENDENT_SHAPE_REPRESENTATION(#13405,#13400);
#13407=AXIS2_PLACEMENT_3D('',#13408,#13409,#13410);
#13408=CARTESIAN_POINT('',(60.000000000000099,107.30000000000038,30.999999999999982));
#13409=DIRECTION('',(-0.994468199079221,0.105038093185942,8.252523E-017));
#13410=DIRECTION('',(-9.032272E-017,6.404617E-016,-1.000000000000001));
#13411=NEXT_ASSEMBLY_USAGE_OCCURRENCE('ISO 4762 M8 x 30:6','ISO 4762 M8 x 30:6','ISO 4762 M8 x 30:6',#12,#12890,'ISO 4762 M8 x 30:6');
#13412=PRODUCT_DEFINITION_SHAPE('ISO 4762 M8 x 30:6','ISO 4762 M8 x 30:6',#13411);
#13413=ITEM_DEFINED_TRANSFORMATION('ISO 4762 M8 x 30:6','ISO 4762 M8 x 30:6',#12915,#13407);
#13417=(REPRESENTATION_RELATIONSHIP('ISO 4762 M8 x 30:6','ISO 4762 M8 x 30:6',#12919,#41)REPRESENTATION_RELATIONSHIP_WITH_TRANSFORMATION(#13413)SHAPE_REPRESENTATION_RELATIONSHIP());
#13418=CONTEXT_DEPENDENT_SHAPE_REPRESENTATION(#13417,#13412);
#13419=AXIS2_PLACEMENT_3D('',#13420,#13421,#13422);
#13420=CARTESIAN_POINT('',(-127.25,-34.999999999999694,30.999999999999986));
#13421=DIRECTION('',(-0.998598421256686,-0.052926298412544,-1.245502E-016));
#13422=DIRECTION('',(-4.475012E-016,-1.351410E-016,-0.999999999999999));
#13423=NEXT_ASSEMBLY_USAGE_OCCURRENCE('ISO 4762 M8 x 30:7','ISO 4762 M8 x 30:7','ISO 4762 M8 x 30:7',#12,#12890,'ISO 4762 M8 x 30:7');
#13424=PRODUCT_DEFINITION_SHAPE('ISO 4762 M8 x 30:7','ISO 4762 M8 x 30:7',#13423);
#13425=ITEM_DEFINED_TRANSFORMATION('ISO 4762 M8 x 30:7','ISO 4762 M8 x 30:7',#12915,#13419);
#13429=(REPRESENTATION_RELATIONSHIP('ISO 4762 M8 x 30:7','ISO 4762 M8 x 30:7',#12919,#41)REPRESENTATION_RELATIONSHIP_WITH_TRANSFORMATION(#13425)SHAPE_REPRESENTATION_RELATIONSHIP());
#13430=CONTEXT_DEPENDENT_SHAPE_REPRESENTATION(#13429,#13424);
#13431=AXIS2_PLACEMENT_3D('',#13432,#13433,#13434);
#13432=CARTESIAN_POINT('',(127.24999999999997,-34.999999999999694,30.999999999999982));
#13433=DIRECTION('',(-0.998598421256686,-0.052926298412544,-1.245502E-016));
#13434=DIRECTION('',(-4.475012E-016,-1.351410E-016,-0.999999999999999));
#13435=NEXT_ASSEMBLY_USAGE_OCCURRENCE('ISO 4762 M8 x 30:9','ISO 4762 M8 x 30:9','ISO 4762 M8 x 30:9',#12,#12890,'ISO 4762 M8 x 30:9');
#13436=PRODUCT_DEFINITION_SHAPE('ISO 4762 M8 x 30:9','ISO 4762 M8 x 30:9',#13435);
#13437=ITEM_DEFINED_TRANSFORMATION('ISO 4762 M8 x 30:9','ISO 4762 M8 x 30:9',#12915,#13431);
#13441=(REPRESENTATION_RELATIONSHIP('ISO 4762 M8 x 30:9','ISO 4762 M8 x 30:9',#12919,#41)REPRESENTATION_RELATIONSHIP_WITH_TRANSFORMATION(#13437)SHAPE_REPRESENTATION_RELATIONSHIP());
#13442=CONTEXT_DEPENDENT_SHAPE_REPRESENTATION(#13441,#13436);
#13443=AXIS2_PLACEMENT_3D('',#13444,#13445,#13446);
#13444=CARTESIAN_POINT('',(-127.24999999999997,35.000000000000298,30.999999999999986));
#13445=DIRECTION('',(-0.998598421256686,-0.052926298412544,-1.245502E-016));
#13446=DIRECTION('',(-4.475012E-016,-1.351410E-016,-0.999999999999999));
#13447=NEXT_ASSEMBLY_USAGE_OCCURRENCE('ISO 4762 M8 x 30:10','ISO 4762 M8 x 30:10','ISO 4762 M8 x 30:10',#12,#12890,'ISO 4762 M8 x 30:10');
#13448=PRODUCT_DEFINITION_SHAPE('ISO 4762 M8 x 30:10','ISO 4762 M8 x 30:10',#13447);
#13449=ITEM_DEFINED_TRANSFORMATION('ISO 4762 M8 x 30:10','ISO 4762 M8 x 30:10',#12915,#13443);
#13453=(REPRESENTATION_RELATIONSHIP('ISO 4762 M8 x 30:10','ISO 4762 M8 x 30:10',#12919,#41)REPRESENTATION_RELATIONSHIP_WITH_TRANSFORMATION(#13449)SHAPE_REPRESENTATION_RELATIONSHIP());
#13454=CONTEXT_DEPENDENT_SHAPE_REPRESENTATION(#13453,#13448);
#13455=AXIS2_PLACEMENT_3D('',#13456,#13457,#13458);
#13456=CARTESIAN_POINT('',(127.25000000000001,35.000000000000298,30.999999999999982));
#13457=DIRECTION('',(-0.998598421256686,-0.052926298412544,-1.245502E-016));
#13458=DIRECTION('',(-4.475012E-016,-1.351410E-016,-0.999999999999999));
#13459=NEXT_ASSEMBLY_USAGE_OCCURRENCE('ISO 4762 M8 x 30:11','ISO 4762 M8 x 30:11','ISO 4762 M8 x 30:11',#12,#12890,'ISO 4762 M8 x 30:11');
#13460=PRODUCT_DEFINITION_SHAPE('ISO 4762 M8 x 30:11','ISO 4762 M8 x 30:11',#13459);
#13461=ITEM_DEFINED_TRANSFORMATION('ISO 4762 M8 x 30:11','ISO 4762 M8 x 30:11',#12915,#13455);
#13465=(REPRESENTATION_RELATIONSHIP('ISO 4762 M8 x 30:11','ISO 4762 M8 x 30:11',#12919,#41)REPRESENTATION_RELATIONSHIP_WITH_TRANSFORMATION(#13461)SHAPE_REPRESENTATION_RELATIONSHIP());
#13466=CONTEXT_DEPENDENT_SHAPE_REPRESENTATION(#13465,#13460);
#13467=AXIS2_PLACEMENT_3D('',#13468,#13469,#13470);
#13468=CARTESIAN_POINT('',(-119.20000000000007,-99.199999999999591,30.999999999999986));
#13469=DIRECTION('',(-0.999999999999998,2.359224E-016,9.020562E-017));
#13470=DIRECTION('',(2.521843E-016,-1.653165E-015,-1.0));
#13471=NEXT_ASSEMBLY_USAGE_OCCURRENCE('ISO 4762 M8 x 30:8','ISO 4762 M8 x 30:8','ISO 4762 M8 x 30:8',#12,#12890,'ISO 4762 M8 x 30:8');
#13472=PRODUCT_DEFINITION_SHAPE('ISO 4762 M8 x 30:8','ISO 4762 M8 x 30:8',#13471);
#13473=ITEM_DEFINED_TRANSFORMATION('ISO 4762 M8 x 30:8','ISO 4762 M8 x 30:8',#12915,#13467);
#13477=(REPRESENTATION_RELATIONSHIP('ISO 4762 M8 x 30:8','ISO 4762 M8 x 30:8',#12919,#41)REPRESENTATION_RELATIONSHIP_WITH_TRANSFORMATION(#13473)SHAPE_REPRESENTATION_RELATIONSHIP());
#13478=CONTEXT_DEPENDENT_SHAPE_REPRESENTATION(#13477,#13472);
#13479=APPLICATION_CONTEXT('automotive design');
#13480=APPLICATION_PROTOCOL_DEFINITION('International Standard','automotive_design',2001,#13479);
#13481=PRODUCT_CONTEXT('',#13479,'mechanical');
#13482=PRODUCT('ISO 7045 H M5 x 12 - 4.8 - H','ISO 7045 H M5 x 12 - 4.8 - H',$,(#13481));
#13483=PRODUCT_RELATED_PRODUCT_CATEGORY('part',$,(#13482));
#13484=PRODUCT_DEFINITION_FORMATION('',$,#13482);
#13485=PRODUCT_DEFINITION_CONTEXT('part definition',#13479,'design');
#13486=PRODUCT_DEFINITION('',$,#13484,#13485);
#13492=(NAMED_UNIT(*)PLANE_ANGLE_UNIT()SI_UNIT($,.RADIAN.));
#13493=DIMENSIONAL_EXPONENTS(0.0,0.0,0.0,0.0,0.0,0.0,0.0);
#13494=PLANE_ANGLE_MEASURE_WITH_UNIT(PLANE_ANGLE_MEASURE(0.0174532925),#13492);
#13498=(CONVERSION_BASED_UNIT('DEGREE',#13494)NAMED_UNIT(#13493)PLANE_ANGLE_UNIT());
#13502=(NAMED_UNIT(*)SI_UNIT($,.STERADIAN.)SOLID_ANGLE_UNIT());
#13506=(LENGTH_UNIT()NAMED_UNIT(*)SI_UNIT(.MILLI.,.METRE.));
#13508=UNCERTAINTY_MEASURE_WITH_UNIT(LENGTH_MEASURE(0.01),#13506,'DISTANCE_ACCURACY_VALUE','');
#13510=(GEOMETRIC_REPRESENTATION_CONTEXT(3)GLOBAL_UNCERTAINTY_ASSIGNED_CONTEXT((#13508))GLOBAL_UNIT_ASSIGNED_CONTEXT((#13498,#13502,#13506))REPRESENTATION_CONTEXT('None','None'));
#13511=AXIS2_PLACEMENT_3D('',#13512,#13513,#13514);
#13512=CARTESIAN_POINT('',(0.0,0.0,0.0));
#13513=DIRECTION('',(0.0,0.0,1.0));
#13514=DIRECTION('',(1.0,0.0,0.0));
#13515=SHAPE_REPRESENTATION('',(#13511),#13510);
#13516=PRODUCT_DEFINITION_SHAPE('','',#13486);
#13517=SHAPE_DEFINITION_REPRESENTATION(#13516,#13515);
#13523=(NAMED_UNIT(*)PLANE_ANGLE_UNIT()SI_UNIT($,.RADIAN.));
#13524=DIMENSIONAL_EXPONENTS(0.0,0.0,0.0,0.0,0.0,0.0,0.0);
#13525=PLANE_ANGLE_MEASURE_WITH_UNIT(PLANE_ANGLE_MEASURE(0.0174532925),#13523);
#13529=(CONVERSION_BASED_UNIT('DEGREE',#13525)NAMED_UNIT(#13524)PLANE_ANGLE_UNIT());
#13533=(NAMED_UNIT(*)SI_UNIT($,.STERADIAN.)SOLID_ANGLE_UNIT());
#13537=(LENGTH_UNIT()NAMED_UNIT(*)SI_UNIT(.MILLI.,.METRE.));
#13539=UNCERTAINTY_MEASURE_WITH_UNIT(LENGTH_MEASURE(0.000001),#13537,'DISTANCE_ACCURACY_VALUE','');
#13541=(GEOMETRIC_REPRESENTATION_CONTEXT(3)GLOBAL_UNCERTAINTY_ASSIGNED_CONTEXT((#13539))GLOBAL_UNIT_ASSIGNED_CONTEXT((#13529,#13533,#13537))REPRESENTATION_CONTEXT('','3D'));
#13542=CARTESIAN_POINT('',(11.754570000000006,9.959202E-033,0.0));
#13543=DIRECTION('',(-1.0,-2.121033E-033,0.0));
#13544=DIRECTION('',(0.0,-1.0,0.0));
#13545=AXIS2_PLACEMENT_3D('',#13542,#13543,#13544);
#13546=CONICAL_SURFACE('',#13545,2.254620000000002,44.994163140592605);
#13547=CARTESIAN_POINT('',(11.509140000000006,2.500000000000002,3.061516E-016));
#13548=VERTEX_POINT('',#13547);
#13549=CARTESIAN_POINT('',(11.509140000000006,9.438637E-033,0.0));
#13550=DIRECTION('',(1.0,0.0,0.0));
#13551=DIRECTION('',(0.0,-1.0,0.0));
#13552=AXIS2_PLACEMENT_3D('',#13549,#13550,#13551);
#13553=CIRCLE('',#13552,2.500000000000002);
#13554=EDGE_CURVE('',#13548,#13548,#13553,.T.);
#13555=ORIENTED_EDGE('',*,*,#13554,.T.);
#13556=EDGE_LOOP('',(#13555));
#13557=FACE_OUTER_BOUND('',#13556,.T.);
#13558=CARTESIAN_POINT('',(12.000000000000007,2.009240000000003,-2.460528E-016));
#13559=VERTEX_POINT('',#13558);
#13560=CARTESIAN_POINT('',(12.000000000000007,1.047977E-032,0.0));
#13561=DIRECTION('',(-1.0,0.0,0.0));
#13562=DIRECTION('',(0.0,-1.0,0.0));
#13563=AXIS2_PLACEMENT_3D('',#13560,#13561,#13562);
#13564=CIRCLE('',#13563,2.009240000000003);
#13565=EDGE_CURVE('',#13559,#13559,#13564,.T.);
#13566=ORIENTED_EDGE('',*,*,#13565,.T.);
#13567=EDGE_LOOP('',(#13566));
#13568=FACE_BOUND('',#13567,.T.);
#13569=ADVANCED_FACE('',(#13557,#13568),#13546,.T.);
#13570=CARTESIAN_POINT('',(6.800000000000006,-5.496024E-034,0.0));
#13571=DIRECTION('',(1.0,2.121033E-033,0.0));
#13572=DIRECTION('',(0.0,1.0,0.0));
#13573=AXIS2_PLACEMENT_3D('',#13570,#13571,#13572);
#13574=CYLINDRICAL_SURFACE('',#13573,2.500000000000002);
#13575=CARTESIAN_POINT('',(1.600000000000005,2.500000000000002,0.0));
#13576=VERTEX_POINT('',#13575);
#13577=CARTESIAN_POINT('',(1.600000000000006,-1.157897E-032,0.0));
#13578=DIRECTION('',(1.0,0.0,0.0));
#13579=DIRECTION('',(0.0,1.0,0.0));
#13580=AXIS2_PLACEMENT_3D('',#13577,#13578,#13579);
#13581=CIRCLE('',#13580,2.500000000000002);
#13582=EDGE_CURVE('',#13576,#13576,#13581,.T.);
#13583=ORIENTED_EDGE('',*,*,#13582,.T.);
#13584=EDGE_LOOP('',(#13583));
#13585=FACE_OUTER_BOUND('',#13584,.T.);
#13586=ORIENTED_EDGE('',*,*,#13554,.F.);
#13587=EDGE_LOOP('',(#13586));
#13588=FACE_BOUND('',#13587,.T.);
#13589=ADVANCED_FACE('',(#13585,#13588),#13574,.T.);
#13590=CARTESIAN_POINT('',(12.000000000000007,1.250000000000001,0.0));
#13591=DIRECTION('',(1.0,0.0,0.0));
#13592=DIRECTION('',(0.0,0.0,-1.0));
#13593=AXIS2_PLACEMENT_3D('',#13590,#13591,#13592);
#13594=PLANE('',#13593);
#13595=ORIENTED_EDGE('',*,*,#13565,.F.);
#13596=EDGE_LOOP('',(#13595));
#13597=FACE_OUTER_BOUND('',#13596,.T.);
#13598=ADVANCED_FACE('',(#13597),#13594,.T.);
#13599=CARTESIAN_POINT('',(-3.16698717478429,-2.168991E-032,0.0));
#13600=DIRECTION('',(1.0,2.121033E-033,0.0));
#13601=DIRECTION('',(0.0,0.0,-1.0));
#13602=AXIS2_PLACEMENT_3D('',#13599,#13600,#13601);
#13603=TOROIDAL_SURFACE('',#13602,2.36973807236304,0.166);
#13604=CARTESIAN_POINT('',(-3.325210288265806,2.389552171491987,-0.382372173991795));
#13605=VERTEX_POINT('',#13604);
#13606=CARTESIAN_POINT('',(-3.241056011760519,2.189069490884919,-0.376312055437049));
#13607=VERTEX_POINT('',#13606);
#13608=CARTESIAN_POINT('',(-3.241056010808729,2.189069492793624,-0.376312055341375));
#13609=CARTESIAN_POINT('',(-3.256745418839443,2.196779324923934,-0.377634637103331));
#13610=CARTESIAN_POINT('',(-3.27234493665983,2.208111777860579,-0.378925817325444));
#13611=CARTESIAN_POINT('',(-3.298663248365211,2.234330430157682,-0.381058071235959));
#13612=CARTESIAN_POINT('',(-3.312344246379721,2.254861650915993,-0.382121632674091));
#13613=CARTESIAN_POINT('',(-3.328159321169235,2.293131648207881,-0.383256652672233));
#13614=CARTESIAN_POINT('',(-3.33298717478429,2.317674676375413,-0.383519582356368));
#13615=CARTESIAN_POINT('',(-3.33298717478429,2.354689877117845,-0.383279086094846));
#13616=CARTESIAN_POINT('',(-3.330321763346248,2.373152523713377,-0.382925931832672));
#13617=CARTESIAN_POINT('',(-3.325210288265806,2.389552171491987,-0.382372173991795));
#13618=B_SPLINE_CURVE_WITH_KNOTS('',3,(#13608,#13609,#13610,#13611,#13612,#13613,#13614,#13615,#13616,#13617),.UNSPECIFIED.,.F.,.U.,(4,2,2,2,4),(0.056866956490224,0.06185639853845,0.068030092203066,0.074283778786691,0.07913488680724),.UNSPECIFIED.);
#13619=EDGE_CURVE('',#13605,#13607,#13618,.F.);
#13620=ORIENTED_EDGE('',*,*,#13619,.T.);
#13621=CARTESIAN_POINT('',(-3.241056011760519,2.189069490884919,0.376312055437049));
#13622=VERTEX_POINT('',#13621);
#13623=CARTESIAN_POINT('',(-3.241056011760519,0.0,-1.514160E-016));
#13624=DIRECTION('',(1.0,0.0,0.0));
#13625=DIRECTION('',(0.0,1.0,0.0));
#13626=AXIS2_PLACEMENT_3D('',#13623,#13624,#13625);
#13627=CIRCLE('',#13626,2.221178968337104);
#13628=EDGE_CURVE('',#13607,#13622,#13627,.T.);
#13629=ORIENTED_EDGE('',*,*,#13628,.T.);
#13630=CARTESIAN_POINT('',(-3.325210288265806,2.389552171491987,0.382372173991795));
#13631=VERTEX_POINT('',#13630);
#13632=CARTESIAN_POINT('',(-3.325210288265806,2.389552171491987,0.382372173991795));
#13633=CARTESIAN_POINT('',(-3.330321763346248,2.373152523713377,0.382925931832672));
#13634=CARTESIAN_POINT('',(-3.33298717478429,2.354689877117844,0.383279086094846));
#13635=CARTESIAN_POINT('',(-3.33298717478429,2.317674676375413,0.383519582356368));
#13636=CARTESIAN_POINT('',(-3.328159321169235,2.293131648207881,0.383256652672232));
#13637=CARTESIAN_POINT('',(-3.31234424637972,2.254861650915993,0.382121632674091));
#13638=CARTESIAN_POINT('',(-3.298663248365211,2.234330430157683,0.381058071235959));
#13639=CARTESIAN_POINT('',(-3.27234493665983,2.20811177786058,0.378925817325444));
#13640=CARTESIAN_POINT('',(-3.256745418839443,2.196779324923933,0.377634637103331));
#13641=CARTESIAN_POINT('',(-3.241056010808729,2.189069492793624,0.376312055341375));
#13642=B_SPLINE_CURVE_WITH_KNOTS('',3,(#13632,#13633,#13634,#13635,#13636,#13637,#13638,#13639,#13640,#13641),.UNSPECIFIED.,.F.,.U.,(4,2,2,2,4),(0.02005472112418,0.024905829144729,0.031159515728354,0.037333209392969,0.042322651441196),.UNSPECIFIED.);
#13643=EDGE_CURVE('',#13622,#13631,#13642,.F.);
#13644=ORIENTED_EDGE('',*,*,#13643,.T.);
#13645=CARTESIAN_POINT('',(-3.325210288265806,-2.160113E-032,0.0));
#13646=DIRECTION('',(-1.0,0.0,0.0));
#13647=DIRECTION('',(0.0,1.0,0.0));
#13648=AXIS2_PLACEMENT_3D('',#13645,#13646,#13647);
#13649=CIRCLE('',#13648,2.419952077981149);
#13650=EDGE_CURVE('',#13631,#13605,#13649,.T.);
#13651=ORIENTED_EDGE('',*,*,#13650,.T.);
#13652=EDGE_LOOP('',(#13620,#13629,#13644,#13651));
#13653=FACE_OUTER_BOUND('',#13652,.T.);
#13654=ADVANCED_FACE('',(#13653),#13603,.T.);
#13655=CARTESIAN_POINT('',(-2.446761115858305,-2.016228E-032,0.0));
#13656=DIRECTION('',(-1.0,-2.121033E-033,0.0));
#13657=DIRECTION('',(0.0,1.0,0.0));
#13658=AXIS2_PLACEMENT_3D('',#13655,#13656,#13657);
#13659=CONICAL_SURFACE('',#13658,1.825158141869545,26.500000000000004);
#13660=ORIENTED_EDGE('',*,*,#13628,.F.);
#13661=CARTESIAN_POINT('',(-1.526489218077856,1.346525091967942,-0.231777936496943));
#13662=VERTEX_POINT('',#13661);
#13663=CARTESIAN_POINT('',(-3.241056011760519,2.189069490884919,-0.376312055437049));
#13664=DIRECTION('',(0.89493434435855,-0.43977401289698,0.07544094954346));
#13665=VECTOR('',#13664,1.915857631893198);
#13666=LINE('',#13663,#13665);
#13667=EDGE_CURVE('',#13607,#13662,#13666,.T.);
#13668=ORIENTED_EDGE('',*,*,#13667,.T.);
#13669=CARTESIAN_POINT('',(-1.526489218077856,1.346525091967942,0.231777936496943));
#13670=VERTEX_POINT('',#13669);
#13671=CARTESIAN_POINT('',(-1.526489218077856,-1.821036E-032,0.0));
#13672=DIRECTION('',(1.0,0.0,0.0));
#13673=DIRECTION('',(0.0,1.0,0.0));
#13674=AXIS2_PLACEMENT_3D('',#13671,#13672,#13673);
#13675=CIRCLE('',#13674,1.366327499227786);
#13676=EDGE_CURVE('',#13662,#13670,#13675,.T.);
#13677=ORIENTED_EDGE('',*,*,#13676,.T.);
#13678=CARTESIAN_POINT('',(-1.526489218077856,1.346525091967942,0.231777936496943));
#13679=DIRECTION('',(-0.89493434435855,0.43977401289698,0.075440949543459));
#13680=VECTOR('',#13679,1.915857631893198);
#13681=LINE('',#13678,#13680);
#13682=EDGE_CURVE('',#13670,#13622,#13681,.T.);
#13683=ORIENTED_EDGE('',*,*,#13682,.T.);
#13684=EDGE_LOOP('',(#13660,#13668,#13677,#13683));
#13685=FACE_OUTER_BOUND('',#13684,.T.);
#13686=ADVANCED_FACE('',(#13685),#13659,.F.);
#13687=CARTESIAN_POINT('',(-3.16698717478429,-2.168991E-032,0.0));
#13688=DIRECTION('',(1.0,2.121033E-033,0.0));
#13689=DIRECTION('',(0.0,0.0,-1.0));
#13690=AXIS2_PLACEMENT_3D('',#13687,#13688,#13689);
#13691=TOROIDAL_SURFACE('',#13690,2.36973807236304,0.166);
#13692=CARTESIAN_POINT('',(-3.325210288265806,-0.382372173991797,-2.389552171491987));
#13693=VERTEX_POINT('',#13692);
#13694=CARTESIAN_POINT('',(-3.241056011760519,-0.376312055437051,-2.189069490884919));
#13695=VERTEX_POINT('',#13694);
#13696=CARTESIAN_POINT('',(-3.241056010808729,-0.376312055341377,-2.189069492793624));
#13697=CARTESIAN_POINT('',(-3.256745418839443,-0.377634637103333,-2.196779324923934));
#13698=CARTESIAN_POINT('',(-3.27234493665983,-0.378925817325446,-2.208111777860579));
#13699=CARTESIAN_POINT('',(-3.298663248365211,-0.381058071235961,-2.234330430157682));
#13700=CARTESIAN_POINT('',(-3.312344246379721,-0.382121632674093,-2.254861650915993));
#13701=CARTESIAN_POINT('',(-3.328159321169235,-0.383256652672235,-2.293131648207881));
#13702=CARTESIAN_POINT('',(-3.33298717478429,-0.38351958235637,-2.317674676375413));
#13703=CARTESIAN_POINT('',(-3.33298717478429,-0.383279086094848,-2.354689877117844));
#13704=CARTESIAN_POINT('',(-3.330321763346248,-0.382925931832674,-2.373152523713377));
#13705=CARTESIAN_POINT('',(-3.325210288265806,-0.382372173991797,-2.389552171491987));
#13706=B_SPLINE_CURVE_WITH_KNOTS('',3,(#13696,#13697,#13698,#13699,#13700,#13701,#13702,#13703,#13704,#13705),.UNSPECIFIED.,.F.,.U.,(4,2,2,2,4),(0.056866956490224,0.06185639853845,0.068030092203066,0.074283778786691,0.07913488680724),.UNSPECIFIED.);
#13707=EDGE_CURVE('',#13693,#13695,#13706,.F.);
#13708=ORIENTED_EDGE('',*,*,#13707,.T.);
#13709=CARTESIAN_POINT('',(-3.241056011760519,0.376312055437051,-2.189069490884919));
#13710=VERTEX_POINT('',#13709);
#13711=CARTESIAN_POINT('',(-3.241056011760519,-1.105969E-016,0.0));
#13712=DIRECTION('',(1.0,0.0,0.0));
#13713=DIRECTION('',(0.0,0.0,-1.0));
#13714=AXIS2_PLACEMENT_3D('',#13711,#13712,#13713);
#13715=CIRCLE('',#13714,2.221178968337104);
#13716=EDGE_CURVE('',#13695,#13710,#13715,.T.);
#13717=ORIENTED_EDGE('',*,*,#13716,.T.);
#13718=CARTESIAN_POINT('',(-3.325210288265806,0.382372173991797,-2.389552171491987));
#13719=VERTEX_POINT('',#13718);
#13720=CARTESIAN_POINT('',(-3.325210288265806,0.382372173991797,-2.389552171491986));
#13721=CARTESIAN_POINT('',(-3.330321763346249,0.382925931832674,-2.373152523713376));
#13722=CARTESIAN_POINT('',(-3.33298717478429,0.383279086094848,-2.354689877117844));
#13723=CARTESIAN_POINT('',(-3.33298717478429,0.38351958235637,-2.317674676375413));
#13724=CARTESIAN_POINT('',(-3.328159321169235,0.383256652672235,-2.293131648207881));
#13725=CARTESIAN_POINT('',(-3.31234424637972,0.382121632674093,-2.254861650915993));
#13726=CARTESIAN_POINT('',(-3.298663248365211,0.381058071235961,-2.234330430157682));
#13727=CARTESIAN_POINT('',(-3.27234493665983,0.378925817325446,-2.208111777860579));
#13728=CARTESIAN_POINT('',(-3.256745418839444,0.377634637103333,-2.196779324923934));
#13729=CARTESIAN_POINT('',(-3.241056010808729,0.376312055341377,-2.189069492793624));
#13730=B_SPLINE_CURVE_WITH_KNOTS('',3,(#13720,#13721,#13722,#13723,#13724,#13725,#13726,#13727,#13728,#13729),.UNSPECIFIED.,.F.,.U.,(4,2,2,2,4),(0.02005472112418,0.024905829144729,0.031159515728354,0.03733320939297,0.042322651441196),.UNSPECIFIED.);
#13731=EDGE_CURVE('',#13710,#13719,#13730,.F.);
#13732=ORIENTED_EDGE('',*,*,#13731,.T.);
#13733=CARTESIAN_POINT('',(-3.325210288265806,-2.160113E-032,0.0));
#13734=DIRECTION('',(-1.0,0.0,0.0));
#13735=DIRECTION('',(0.0,0.0,-1.0));
#13736=AXIS2_PLACEMENT_3D('',#13733,#13734,#13735);
#13737=CIRCLE('',#13736,2.419952077981149);
#13738=EDGE_CURVE('',#13719,#13693,#13737,.T.);
#13739=ORIENTED_EDGE('',*,*,#13738,.T.);
#13740=EDGE_LOOP('',(#13708,#13717,#13732,#13739));
#13741=FACE_OUTER_BOUND('',#13740,.T.);
#13742=ADVANCED_FACE('',(#13741),#13691,.T.);
#13743=CARTESIAN_POINT('',(-2.446761115858305,-2.016228E-032,0.0));
#13744=DIRECTION('',(-1.0,-2.121033E-033,0.0));
#13745=DIRECTION('',(0.0,1.0,0.0));
#13746=AXIS2_PLACEMENT_3D('',#13743,#13744,#13745);
#13747=CONICAL_SURFACE('',#13746,1.825158141869545,26.500000000000004);
#13748=ORIENTED_EDGE('',*,*,#13716,.F.);
#13749=CARTESIAN_POINT('',(-1.526489218077856,-0.231777936496944,-1.346525091967942));
#13750=VERTEX_POINT('',#13749);
#13751=CARTESIAN_POINT('',(-3.241056011760519,-0.376312055437051,-2.189069490884919));
#13752=DIRECTION('',(0.89493434435855,0.07544094954346,0.43977401289698));
#13753=VECTOR('',#13752,1.915857631893198);
#13754=LINE('',#13751,#13753);
#13755=EDGE_CURVE('',#13695,#13750,#13754,.T.);
#13756=ORIENTED_EDGE('',*,*,#13755,.T.);
#13757=CARTESIAN_POINT('',(-1.526489218077856,0.231777936496944,-1.346525091967942));
#13758=VERTEX_POINT('',#13757);
#13759=CARTESIAN_POINT('',(-1.526489218077856,-1.821036E-032,0.0));
#13760=DIRECTION('',(1.0,0.0,0.0));
#13761=DIRECTION('',(0.0,1.0,0.0));
#13762=AXIS2_PLACEMENT_3D('',#13759,#13760,#13761);
#13763=CIRCLE('',#13762,1.366327499227786);
#13764=EDGE_CURVE('',#13750,#13758,#13763,.T.);
#13765=ORIENTED_EDGE('',*,*,#13764,.T.);
#13766=CARTESIAN_POINT('',(-1.526489218077856,0.231777936496944,-1.346525091967942));
#13767=DIRECTION('',(-0.89493434435855,0.07544094954346,-0.43977401289698));
#13768=VECTOR('',#13767,1.915857631893198);
#13769=LINE('',#13766,#13768);
#13770=EDGE_CURVE('',#13758,#13710,#13769,.T.);
#13771=ORIENTED_EDGE('',*,*,#13770,.T.);
#13772=EDGE_LOOP('',(#13748,#13756,#13765,#13771));
#13773=FACE_OUTER_BOUND('',#13772,.T.);
#13774=ADVANCED_FACE('',(#13773),#13747,.F.);
#13775=CARTESIAN_POINT('',(-3.16698717478429,-2.168991E-032,0.0));
#13776=DIRECTION('',(1.0,2.121033E-033,0.0));
#13777=DIRECTION('',(0.0,0.0,-1.0));
#13778=AXIS2_PLACEMENT_3D('',#13775,#13776,#13777);
#13779=TOROIDAL_SURFACE('',#13778,2.36973807236304,0.166);
#13780=CARTESIAN_POINT('',(-3.325210288265806,-2.389552171491987,0.382372173991795));
#13781=VERTEX_POINT('',#13780);
#13782=CARTESIAN_POINT('',(-3.241056011760519,-2.189069490884919,0.376312055437049));
#13783=VERTEX_POINT('',#13782);
#13784=CARTESIAN_POINT('',(-3.241056010808729,-2.189069492793624,0.376312055341375));
#13785=CARTESIAN_POINT('',(-3.256745418839443,-2.196779324923934,0.377634637103331));
#13786=CARTESIAN_POINT('',(-3.27234493665983,-2.208111777860579,0.378925817325444));
#13787=CARTESIAN_POINT('',(-3.298663248365211,-2.234330430157682,0.381058071235959));
#13788=CARTESIAN_POINT('',(-3.312344246379721,-2.254861650915993,0.382121632674091));
#13789=CARTESIAN_POINT('',(-3.328159321169235,-2.293131648207881,0.383256652672233));
#13790=CARTESIAN_POINT('',(-3.33298717478429,-2.317674676375413,0.383519582356368));
#13791=CARTESIAN_POINT('',(-3.33298717478429,-2.354689877117845,0.383279086094846));
#13792=CARTESIAN_POINT('',(-3.330321763346248,-2.373152523713377,0.382925931832672));
#13793=CARTESIAN_POINT('',(-3.325210288265806,-2.389552171491987,0.382372173991795));
#13794=B_SPLINE_CURVE_WITH_KNOTS('',3,(#13784,#13785,#13786,#13787,#13788,#13789,#13790,#13791,#13792,#13793),.UNSPECIFIED.,.F.,.U.,(4,2,2,2,4),(0.056866956490224,0.06185639853845,0.068030092203066,0.074283778786691,0.07913488680724),.UNSPECIFIED.);
#13795=EDGE_CURVE('',#13781,#13783,#13794,.F.);
#13796=ORIENTED_EDGE('',*,*,#13795,.T.);
#13797=CARTESIAN_POINT('',(-3.241056011760519,-2.189069490884919,-0.376312055437049));
#13798=VERTEX_POINT('',#13797);
#13799=CARTESIAN_POINT('',(-3.241056011760519,0.0,-2.720070E-016));
#13800=DIRECTION('',(1.0,0.0,0.0));
#13801=DIRECTION('',(0.0,-1.0,0.0));
#13802=AXIS2_PLACEMENT_3D('',#13799,#13800,#13801);
#13803=CIRCLE('',#13802,2.221178968337104);
#13804=EDGE_CURVE('',#13783,#13798,#13803,.T.);
#13805=ORIENTED_EDGE('',*,*,#13804,.T.);
#13806=CARTESIAN_POINT('',(-3.325210288265806,-2.389552171491987,-0.382372173991795));
#13807=VERTEX_POINT('',#13806);
#13808=CARTESIAN_POINT('',(-3.325210288265806,-2.389552171491987,-0.382372173991795));
#13809=CARTESIAN_POINT('',(-3.330321763346248,-2.373152523713377,-0.382925931832672));
#13810=CARTESIAN_POINT('',(-3.33298717478429,-2.354689877117844,-0.383279086094846));
#13811=CARTESIAN_POINT('',(-3.33298717478429,-2.317674676375413,-0.383519582356368));
#13812=CARTESIAN_POINT('',(-3.328159321169235,-2.293131648207881,-0.383256652672232));
#13813=CARTESIAN_POINT('',(-3.31234424637972,-2.254861650915993,-0.382121632674091));
#13814=CARTESIAN_POINT('',(-3.298663248365211,-2.234330430157683,-0.381058071235959));
#13815=CARTESIAN_POINT('',(-3.27234493665983,-2.20811177786058,-0.378925817325444));
#13816=CARTESIAN_POINT('',(-3.256745418839443,-2.196779324923933,-0.377634637103331));
#13817=CARTESIAN_POINT('',(-3.241056010808729,-2.189069492793624,-0.376312055341375));
#13818=B_SPLINE_CURVE_WITH_KNOTS('',3,(#13808,#13809,#13810,#13811,#13812,#13813,#13814,#13815,#13816,#13817),.UNSPECIFIED.,.F.,.U.,(4,2,2,2,4),(0.02005472112418,0.024905829144729,0.031159515728354,0.037333209392969,0.042322651441196),.UNSPECIFIED.);
#13819=EDGE_CURVE('',#13798,#13807,#13818,.F.);
#13820=ORIENTED_EDGE('',*,*,#13819,.T.);
#13821=CARTESIAN_POINT('',(-3.325210288265806,-2.160113E-032,0.0));
#13822=DIRECTION('',(-1.0,0.0,0.0));
#13823=DIRECTION('',(0.0,-1.0,0.0));
#13824=AXIS2_PLACEMENT_3D('',#13821,#13822,#13823);
#13825=CIRCLE('',#13824,2.419952077981149);
#13826=EDGE_CURVE('',#13807,#13781,#13825,.T.);
#13827=ORIENTED_EDGE('',*,*,#13826,.T.);
#13828=EDGE_LOOP('',(#13796,#13805,#13820,#13827));
#13829=FACE_OUTER_BOUND('',#13828,.T.);
#13830=ADVANCED_FACE('',(#13829),#13779,.T.);
#13831=CARTESIAN_POINT('',(-2.446761115858305,-2.016228E-032,0.0));
#13832=DIRECTION('',(-1.0,-2.121033E-033,0.0));
#13833=DIRECTION('',(0.0,1.0,0.0));
#13834=AXIS2_PLACEMENT_3D('',#13831,#13832,#13833);
#13835=CONICAL_SURFACE('',#13834,1.825158141869545,26.500000000000004);
#13836=ORIENTED_EDGE('',*,*,#13804,.F.);
#13837=CARTESIAN_POINT('',(-1.526489218077856,-1.346525091967942,0.231777936496943));
#13838=VERTEX_POINT('',#13837);
#13839=CARTESIAN_POINT('',(-3.241056011760519,-2.189069490884919,0.376312055437049));
#13840=DIRECTION('',(0.89493434435855,0.43977401289698,-0.07544094954346));
#13841=VECTOR('',#13840,1.915857631893198);
#13842=LINE('',#13839,#13841);
#13843=EDGE_CURVE('',#13783,#13838,#13842,.T.);
#13844=ORIENTED_EDGE('',*,*,#13843,.T.);
#13845=CARTESIAN_POINT('',(-1.526489218077856,-1.346525091967942,-0.231777936496943));
#13846=VERTEX_POINT('',#13845);
#13847=CARTESIAN_POINT('',(-1.526489218077856,-1.821036E-032,0.0));
#13848=DIRECTION('',(1.0,0.0,0.0));
#13849=DIRECTION('',(0.0,1.0,0.0));
#13850=AXIS2_PLACEMENT_3D('',#13847,#13848,#13849);
#13851=CIRCLE('',#13850,1.366327499227786);
#13852=EDGE_CURVE('',#13838,#13846,#13851,.T.);
#13853=ORIENTED_EDGE('',*,*,#13852,.T.);
#13854=CARTESIAN_POINT('',(-1.526489218077856,-1.346525091967942,-0.231777936496943));
#13855=DIRECTION('',(-0.89493434435855,-0.43977401289698,-0.07544094954346));
#13856=VECTOR('',#13855,1.915857631893198);
#13857=LINE('',#13854,#13856);
#13858=EDGE_CURVE('',#13846,#13798,#13857,.T.);
#13859=ORIENTED_EDGE('',*,*,#13858,.T.);
#13860=EDGE_LOOP('',(#13836,#13844,#13853,#13859));
#13861=FACE_OUTER_BOUND('',#13860,.T.);
#13862=ADVANCED_FACE('',(#13861),#13835,.F.);
#13863=CARTESIAN_POINT('',(-3.16698717478429,-2.168991E-032,0.0));
#13864=DIRECTION('',(1.0,2.121033E-033,0.0));
#13865=DIRECTION('',(0.0,0.0,-1.0));
#13866=AXIS2_PLACEMENT_3D('',#13863,#13864,#13865);
#13867=TOROIDAL_SURFACE('',#13866,2.36973807236304,0.166);
#13868=CARTESIAN_POINT('',(-3.325210288265806,0.382372173991797,2.389552171491987));
#13869=VERTEX_POINT('',#13868);
#13870=CARTESIAN_POINT('',(-3.241056011760519,0.376312055437051,2.189069490884919));
#13871=VERTEX_POINT('',#13870);
#13872=CARTESIAN_POINT('',(-3.241056010808729,0.376312055341377,2.189069492793624));
#13873=CARTESIAN_POINT('',(-3.256745418839443,0.377634637103333,2.196779324923934));
#13874=CARTESIAN_POINT('',(-3.27234493665983,0.378925817325446,2.208111777860579));
#13875=CARTESIAN_POINT('',(-3.298663248365211,0.381058071235961,2.234330430157682));
#13876=CARTESIAN_POINT('',(-3.312344246379721,0.382121632674093,2.254861650915993));
#13877=CARTESIAN_POINT('',(-3.328159321169235,0.383256652672235,2.293131648207881));
#13878=CARTESIAN_POINT('',(-3.33298717478429,0.38351958235637,2.317674676375413));
#13879=CARTESIAN_POINT('',(-3.33298717478429,0.383279086094848,2.354689877117844));
#13880=CARTESIAN_POINT('',(-3.330321763346249,0.382925931832674,2.373152523713377));
#13881=CARTESIAN_POINT('',(-3.325210288265806,0.382372173991797,2.389552171491987));
#13882=B_SPLINE_CURVE_WITH_KNOTS('',3,(#13872,#13873,#13874,#13875,#13876,#13877,#13878,#13879,#13880,#13881),.UNSPECIFIED.,.F.,.U.,(4,2,2,2,4),(0.056866956490224,0.06185639853845,0.068030092203066,0.074283778786691,0.07913488680724),.UNSPECIFIED.);
#13883=EDGE_CURVE('',#13869,#13871,#13882,.F.);
#13884=ORIENTED_EDGE('',*,*,#13883,.T.);
#13885=CARTESIAN_POINT('',(-3.241056011760519,-0.376312055437051,2.189069490884919));
#13886=VERTEX_POINT('',#13885);
#13887=CARTESIAN_POINT('',(-3.241056011760519,-1.105969E-016,0.0));
#13888=DIRECTION('',(1.0,0.0,0.0));
#13889=DIRECTION('',(0.0,0.0,1.0));
#13890=AXIS2_PLACEMENT_3D('',#13887,#13888,#13889);
#13891=CIRCLE('',#13890,2.221178968337104);
#13892=EDGE_CURVE('',#13871,#13886,#13891,.T.);
#13893=ORIENTED_EDGE('',*,*,#13892,.T.);
#13894=CARTESIAN_POINT('',(-3.325210288265806,-0.382372173991797,2.389552171491987));
#13895=VERTEX_POINT('',#13894);
#13896=CARTESIAN_POINT('',(-3.325210288265806,-0.382372173991797,2.389552171491986));
#13897=CARTESIAN_POINT('',(-3.330321763346249,-0.382925931832674,2.373152523713376));
#13898=CARTESIAN_POINT('',(-3.33298717478429,-0.383279086094848,2.354689877117844));
#13899=CARTESIAN_POINT('',(-3.33298717478429,-0.38351958235637,2.317674676375413));
#13900=CARTESIAN_POINT('',(-3.328159321169235,-0.383256652672235,2.293131648207881));
#13901=CARTESIAN_POINT('',(-3.31234424637972,-0.382121632674093,2.254861650915993));
#13902=CARTESIAN_POINT('',(-3.298663248365211,-0.381058071235961,2.234330430157682));
#13903=CARTESIAN_POINT('',(-3.27234493665983,-0.378925817325446,2.208111777860579));
#13904=CARTESIAN_POINT('',(-3.256745418839444,-0.377634637103333,2.196779324923934));
#13905=CARTESIAN_POINT('',(-3.241056010808729,-0.376312055341377,2.189069492793624));
#13906=B_SPLINE_CURVE_WITH_KNOTS('',3,(#13896,#13897,#13898,#13899,#13900,#13901,#13902,#13903,#13904,#13905),.UNSPECIFIED.,.F.,.U.,(4,2,2,2,4),(0.02005472112418,0.024905829144729,0.031159515728354,0.03733320939297,0.042322651441196),.UNSPECIFIED.);
#13907=EDGE_CURVE('',#13886,#13895,#13906,.F.);
#13908=ORIENTED_EDGE('',*,*,#13907,.T.);
#13909=CARTESIAN_POINT('',(-3.325210288265806,-2.160113E-032,0.0));
#13910=DIRECTION('',(-1.0,0.0,0.0));
#13911=DIRECTION('',(0.0,0.0,1.0));
#13912=AXIS2_PLACEMENT_3D('',#13909,#13910,#13911);
#13913=CIRCLE('',#13912,2.419952077981149);
#13914=EDGE_CURVE('',#13895,#13869,#13913,.T.);
#13915=ORIENTED_EDGE('',*,*,#13914,.T.);
#13916=EDGE_LOOP('',(#13884,#13893,#13908,#13915));
#13917=FACE_OUTER_BOUND('',#13916,.T.);
#13918=ADVANCED_FACE('',(#13917),#13867,.T.);
#13919=CARTESIAN_POINT('',(-2.446761115858305,-2.016228E-032,0.0));
#13920=DIRECTION('',(-1.0,-2.121033E-033,0.0));
#13921=DIRECTION('',(0.0,1.0,0.0));
#13922=AXIS2_PLACEMENT_3D('',#13919,#13920,#13921);
#13923=CONICAL_SURFACE('',#13922,1.825158141869545,26.500000000000004);
#13924=ORIENTED_EDGE('',*,*,#13892,.F.);
#13925=CARTESIAN_POINT('',(-1.526489218077856,0.231777936496944,1.346525091967942));
#13926=VERTEX_POINT('',#13925);
#13927=CARTESIAN_POINT('',(-3.241056011760519,0.376312055437051,2.189069490884919));
#13928=DIRECTION('',(0.89493434435855,-0.07544094954346,-0.43977401289698));
#13929=VECTOR('',#13928,1.915857631893198);
#13930=LINE('',#13927,#13929);
#13931=EDGE_CURVE('',#13871,#13926,#13930,.T.);
#13932=ORIENTED_EDGE('',*,*,#13931,.T.);
#13933=CARTESIAN_POINT('',(-1.526489218077856,-0.231777936496944,1.346525091967942));
#13934=VERTEX_POINT('',#13933);
#13935=CARTESIAN_POINT('',(-1.526489218077856,-1.821036E-032,0.0));
#13936=DIRECTION('',(1.0,0.0,0.0));
#13937=DIRECTION('',(0.0,1.0,0.0));
#13938=AXIS2_PLACEMENT_3D('',#13935,#13936,#13937);
#13939=CIRCLE('',#13938,1.366327499227786);
#13940=EDGE_CURVE('',#13926,#13934,#13939,.T.);
#13941=ORIENTED_EDGE('',*,*,#13940,.T.);
#13942=CARTESIAN_POINT('',(-1.526489218077856,-0.231777936496944,1.346525091967942));
#13943=DIRECTION('',(-0.89493434435855,-0.07544094954346,0.43977401289698));
#13944=VECTOR('',#13943,1.915857631893198);
#13945=LINE('',#13942,#13944);
#13946=EDGE_CURVE('',#13934,#13886,#13945,.T.);
#13947=ORIENTED_EDGE('',*,*,#13946,.T.);
#13948=EDGE_LOOP('',(#13924,#13932,#13941,#13947));
#13949=FACE_OUTER_BOUND('',#13948,.T.);
#13950=ADVANCED_FACE('',(#13949),#13923,.F.);
#13951=CARTESIAN_POINT('',(-1.297039684159573,-1.772369E-032,0.0));
#13952=DIRECTION('',(1.0,2.121033E-033,0.0));
#13953=DIRECTION('',(0.0,0.0,-1.0));
#13954=AXIS2_PLACEMENT_3D('',#13951,#13952,#13953);
#13955=TOROIDAL_SURFACE('',#13954,3.103731105289699,1.6);
#13956=CARTESIAN_POINT('',(-2.696299605199472,3.879663881612127,6.162976E-032));
#13957=VERTEX_POINT('',#13956);
#13958=CARTESIAN_POINT('',(-2.696299605199472,-1.568469E-032,0.0));
#13959=DIRECTION('',(1.0,0.0,0.0));
#13960=DIRECTION('',(0.0,-1.0,0.0));
#13961=AXIS2_PLACEMENT_3D('',#13958,#13959,#13960);
#13962=CIRCLE('',#13961,3.879663881612127);
#13963=EDGE_CURVE('',#13957,#13957,#13962,.T.);
#13964=ORIENTED_EDGE('',*,*,#13963,.T.);
#13965=EDGE_LOOP('',(#13964));
#13966=FACE_OUTER_BOUND('',#13965,.T.);
#13967=CARTESIAN_POINT('',(-1.352878878883575,4.702756428520253,-1.151805E-015));
#13968=VERTEX_POINT('',#13967);
#13969=CARTESIAN_POINT('',(-1.352878878883575,0.0,-5.759025E-016));
#13970=DIRECTION('',(-1.0,0.0,0.0));
#13971=DIRECTION('',(0.0,-1.0,0.0));
#13972=AXIS2_PLACEMENT_3D('',#13969,#13970,#13971);
#13973=CIRCLE('',#13972,4.702756428520253);
#13974=EDGE_CURVE('',#13968,#13968,#13973,.T.);
#13975=ORIENTED_EDGE('',*,*,#13974,.T.);
#13976=EDGE_LOOP('',(#13975));
#13977=FACE_BOUND('',#13976,.T.);
#13978=ADVANCED_FACE('',(#13966,#13977),#13955,.T.);
#13979=CARTESIAN_POINT('',(4.300000000000002,-2.587968E-032,0.0));
#13980=DIRECTION('',(0.0,0.0,1.0));
#13981=DIRECTION('',(1.0,0.0,0.0));
#13982=AXIS2_PLACEMENT_3D('',#13979,#13980,#13981);
#13983=SPHERICAL_SURFACE('',#13982,7.999999999999999);
#13984=CARTESIAN_POINT('',(-3.65412689098948,0.74425611006505,0.421839121785567));
#13985=VERTEX_POINT('',#13984);
#13986=CARTESIAN_POINT('',(4.276624332151553,-0.0017359263664,-0.267179466823086));
#13987=DIRECTION('',(-0.087155742747658,-0.006472369166082,-0.996173672079062));
#13988=DIRECTION('',(0.0,-0.999978893671364,0.006497092564817));
#13989=AXIS2_PLACEMENT_3D('',#13986,#13987,#13988);
#13990=CIRCLE('',#13989,7.995502842049423);
#13991=EDGE_CURVE('',#13985,#13631,#13990,.T.);
#13992=ORIENTED_EDGE('',*,*,#13991,.F.);
#13993=CARTESIAN_POINT('',(-3.65412689098948,0.421839121785567,0.744256110065049));
#13994=VERTEX_POINT('',#13993);
#13995=CARTESIAN_POINT('',(-3.654126890989481,0.421839121785567,0.744256110065049));
#13996=CARTESIAN_POINT('',(-3.65788820685979,0.422431561867214,0.703721813194244));
#13997=CARTESIAN_POINT('',(-3.661143270957577,0.431062537857887,0.660494802174583));
#13998=CARTESIAN_POINT('',(-3.66543348358428,0.46492829311647,0.581017707829498));
#13999=CARTESIAN_POINT('',(-3.666468652669328,0.490165239284697,0.544768548962803));
#14000=CARTESIAN_POINT('',(-3.666399113262415,0.548113943923438,0.48755944691624));
#14001=CARTESIAN_POINT('',(-3.665289519827164,0.584687887253727,0.462789267335592));
#14002=CARTESIAN_POINT('',(-3.660938627513946,0.663216256956599,0.430516103199782));
#14003=CARTESIAN_POINT('',(-3.657775192585373,0.704939725836491,0.422413761132505));
#14004=CARTESIAN_POINT('',(-3.654126890989482,0.74425611006505,0.421839121785567));
#14005=B_SPLINE_CURVE_WITH_KNOTS('',3,(#13995,#13996,#13997,#13998,#13999,#14000,#14001,#14002,#14003,#14004),.UNSPECIFIED.,.F.,.U.,(4,2,2,2,4),(0.0,0.012213823867338,0.024427647734675,0.036642996398985,0.048435743129209),.UNSPECIFIED.);
#14006=EDGE_CURVE('',#13994,#13985,#14005,.T.);
#14007=ORIENTED_EDGE('',*,*,#14006,.F.);
#14008=CARTESIAN_POINT('',(4.276624332151553,-0.267179466823086,-0.0017359263664));
#14009=DIRECTION('',(-0.087155742747658,-0.996173672079062,-0.006472369166081));
#14010=DIRECTION('',(0.0,-0.006497092564816,0.999978893671364));
#14011=AXIS2_PLACEMENT_3D('',#14008,#14009,#14010);
#14012=CIRCLE('',#14011,7.995502842049424);
#14013=EDGE_CURVE('',#13869,#13994,#14012,.T.);
#14014=ORIENTED_EDGE('',*,*,#14013,.F.);
#14015=ORIENTED_EDGE('',*,*,#13914,.F.);
#14016=CARTESIAN_POINT('',(-3.65412689098948,-0.421839121785567,0.744256110065049));
#14017=VERTEX_POINT('',#14016);
#14018=CARTESIAN_POINT('',(4.276624332151553,0.267179466823085,-0.0017359263664));
#14019=DIRECTION('',(-0.087155742747658,0.996173672079062,-0.006472369166081));
#14020=DIRECTION('',(0.0,-0.006497092564816,-0.999978893671364));
#14021=AXIS2_PLACEMENT_3D('',#14018,#14019,#14020);
#14022=CIRCLE('',#14021,7.995502842049424);
#14023=EDGE_CURVE('',#14017,#13895,#14022,.T.);
#14024=ORIENTED_EDGE('',*,*,#14023,.F.);
#14025=CARTESIAN_POINT('',(-3.65412689098948,-0.74425611006505,0.421839121785567));
#14026=VERTEX_POINT('',#14025);
#14027=CARTESIAN_POINT('',(-3.654126890989482,-0.74425611006505,0.421839121785567));
#14028=CARTESIAN_POINT('',(-3.657888206859792,-0.703721813194244,0.422431561867214));
#14029=CARTESIAN_POINT('',(-3.661143270957577,-0.660494802174584,0.431062537857887));
#14030=CARTESIAN_POINT('',(-3.66543348358428,-0.581017707829499,0.464928293116469));
#14031=CARTESIAN_POINT('',(-3.666468652669328,-0.544768548962804,0.490165239284697));
#14032=CARTESIAN_POINT('',(-3.666399113262416,-0.48755944691624,0.548113943923438));
#14033=CARTESIAN_POINT('',(-3.665289519827164,-0.462789267335592,0.584687887253726));
#14034=CARTESIAN_POINT('',(-3.660938627513946,-0.430516103199782,0.663216256956599));
#14035=CARTESIAN_POINT('',(-3.657775192585372,-0.422413761132505,0.70493972583649));
#14036=CARTESIAN_POINT('',(-3.654126890989481,-0.421839121785568,0.744256110065049));
#14037=B_SPLINE_CURVE_WITH_KNOTS('',3,(#14027,#14028,#14029,#14030,#14031,#14032,#14033,#14034,#14035,#14036),.UNSPECIFIED.,.F.,.U.,(4,2,2,2,4),(0.0,0.012213823867338,0.024427647734675,0.036642996398985,0.048435743129209),.UNSPECIFIED.);
#14038=EDGE_CURVE('',#14026,#14017,#14037,.T.);
#14039=ORIENTED_EDGE('',*,*,#14038,.F.);
#14040=CARTESIAN_POINT('',(4.276624332151553,0.0017359263664,-0.267179466823086));
#14041=DIRECTION('',(-0.087155742747658,0.006472369166082,-0.996173672079062));
#14042=DIRECTION('',(0.0,-0.999978893671364,-0.006497092564817));
#14043=AXIS2_PLACEMENT_3D('',#14040,#14041,#14042);
#14044=CIRCLE('',#14043,7.995502842049423);
#14045=EDGE_CURVE('',#13781,#14026,#14044,.T.);
#14046=ORIENTED_EDGE('',*,*,#14045,.F.);
#14047=ORIENTED_EDGE('',*,*,#13826,.F.);
#14048=CARTESIAN_POINT('',(-3.65412689098948,-0.74425611006505,-0.421839121785567));
#14049=VERTEX_POINT('',#14048);
#14050=CARTESIAN_POINT('',(4.276624332151553,0.0017359263664,0.267179466823086));
#14051=DIRECTION('',(-0.087155742747658,0.006472369166082,0.996173672079062));
#14052=DIRECTION('',(0.0,0.999978893671364,-0.006497092564817));
#14053=AXIS2_PLACEMENT_3D('',#14050,#14051,#14052);
#14054=CIRCLE('',#14053,7.995502842049423);
#14055=EDGE_CURVE('',#14049,#13807,#14054,.T.);
#14056=ORIENTED_EDGE('',*,*,#14055,.F.);
#14057=CARTESIAN_POINT('',(-3.65412689098948,-0.421839121785567,-0.744256110065049));
#14058=VERTEX_POINT('',#14057);
#14059=CARTESIAN_POINT('',(-3.654126890989481,-0.421839121785567,-0.744256110065049));
#14060=CARTESIAN_POINT('',(-3.65788820685979,-0.422431561867214,-0.703721813194244));
#14061=CARTESIAN_POINT('',(-3.661143270957577,-0.431062537857887,-0.660494802174583));
#14062=CARTESIAN_POINT('',(-3.66543348358428,-0.46492829311647,-0.581017707829498));
#14063=CARTESIAN_POINT('',(-3.666468652669328,-0.490165239284697,-0.544768548962803));
#14064=CARTESIAN_POINT('',(-3.666399113262415,-0.548113943923438,-0.48755944691624));
#14065=CARTESIAN_POINT('',(-3.665289519827164,-0.584687887253727,-0.462789267335592));
#14066=CARTESIAN_POINT('',(-3.660938627513946,-0.663216256956599,-0.430516103199782));
#14067=CARTESIAN_POINT('',(-3.657775192585373,-0.704939725836491,-0.422413761132505));
#14068=CARTESIAN_POINT('',(-3.654126890989482,-0.74425611006505,-0.421839121785567));
#14069=B_SPLINE_CURVE_WITH_KNOTS('',3,(#14059,#14060,#14061,#14062,#14063,#14064,#14065,#14066,#14067,#14068),.UNSPECIFIED.,.F.,.U.,(4,2,2,2,4),(0.0,0.012213823867338,0.024427647734675,0.036642996398985,0.048435743129209),.UNSPECIFIED.);
#14070=EDGE_CURVE('',#14058,#14049,#14069,.T.);
#14071=ORIENTED_EDGE('',*,*,#14070,.F.);
#14072=CARTESIAN_POINT('',(4.276624332151553,0.267179466823086,0.0017359263664));
#14073=DIRECTION('',(-0.087155742747658,0.996173672079062,0.006472369166081));
#14074=DIRECTION('',(0.0,0.006497092564816,-0.999978893671364));
#14075=AXIS2_PLACEMENT_3D('',#14072,#14073,#14074);
#14076=CIRCLE('',#14075,7.995502842049424);
#14077=EDGE_CURVE('',#13693,#14058,#14076,.T.);
#14078=ORIENTED_EDGE('',*,*,#14077,.F.);
#14079=ORIENTED_EDGE('',*,*,#13738,.F.);
#14080=CARTESIAN_POINT('',(-3.65412689098948,0.421839121785567,-0.744256110065049));
#14081=VERTEX_POINT('',#14080);
#14082=CARTESIAN_POINT('',(4.276624332151553,-0.267179466823085,0.0017359263664));
#14083=DIRECTION('',(-0.087155742747658,-0.996173672079062,0.006472369166081));
#14084=DIRECTION('',(0.0,0.006497092564816,0.999978893671364));
#14085=AXIS2_PLACEMENT_3D('',#14082,#14083,#14084);
#14086=CIRCLE('',#14085,7.995502842049424);
#14087=EDGE_CURVE('',#14081,#13719,#14086,.T.);
#14088=ORIENTED_EDGE('',*,*,#14087,.F.);
#14089=CARTESIAN_POINT('',(-3.65412689098948,0.74425611006505,-0.421839121785567));
#14090=VERTEX_POINT('',#14089);
#14091=CARTESIAN_POINT('',(-3.654126890989482,0.74425611006505,-0.421839121785567));
#14092=CARTESIAN_POINT('',(-3.657888206859792,0.703721813194244,-0.422431561867214));
#14093=CARTESIAN_POINT('',(-3.661143270957577,0.660494802174584,-0.431062537857887));
#14094=CARTESIAN_POINT('',(-3.66543348358428,0.581017707829499,-0.464928293116469));
#14095=CARTESIAN_POINT('',(-3.666468652669328,0.544768548962804,-0.490165239284697));
#14096=CARTESIAN_POINT('',(-3.666399113262416,0.48755944691624,-0.548113943923438));
#14097=CARTESIAN_POINT('',(-3.665289519827164,0.462789267335592,-0.584687887253726));
#14098=CARTESIAN_POINT('',(-3.660938627513946,0.430516103199782,-0.663216256956599));
#14099=CARTESIAN_POINT('',(-3.657775192585372,0.422413761132505,-0.70493972583649));
#14100=CARTESIAN_POINT('',(-3.654126890989481,0.421839121785568,-0.744256110065049));
#14101=B_SPLINE_CURVE_WITH_KNOTS('',3,(#14091,#14092,#14093,#14094,#14095,#14096,#14097,#14098,#14099,#14100),.UNSPECIFIED.,.F.,.U.,(4,2,2,2,4),(0.0,0.012213823867338,0.024427647734675,0.036642996398985,0.048435743129209),.UNSPECIFIED.);
#14102=EDGE_CURVE('',#14090,#14081,#14101,.T.);
#14103=ORIENTED_EDGE('',*,*,#14102,.F.);
#14104=CARTESIAN_POINT('',(4.276624332151553,-0.0017359263664,0.267179466823086));
#14105=DIRECTION('',(-0.087155742747658,-0.006472369166082,0.996173672079062));
#14106=DIRECTION('',(0.0,0.999978893671364,0.006497092564817));
#14107=AXIS2_PLACEMENT_3D('',#14104,#14105,#14106);
#14108=CIRCLE('',#14107,7.995502842049423);
#14109=EDGE_CURVE('',#13605,#14090,#14108,.T.);
#14110=ORIENTED_EDGE('',*,*,#14109,.F.);
#14111=ORIENTED_EDGE('',*,*,#13650,.F.);
#14112=EDGE_LOOP('',(#13992,#14007,#14014,#14015,#14024,#14039,#14046,#14047,#14056,#14071,#14078,#14079,#14088,#14103,#14110,#14111));
#14113=FACE_OUTER_BOUND('',#14112,.T.);
#14114=ORIENTED_EDGE('',*,*,#13963,.F.);
#14115=EDGE_LOOP('',(#14114));
#14116=FACE_BOUND('',#14115,.T.);
#14117=ADVANCED_FACE('',(#14113,#14116),#13983,.T.);
#14118=CARTESIAN_POINT('',(-1.096504272001273,-1.729835E-032,0.0));
#14119=DIRECTION('',(1.0,2.121033E-033,0.0));
#14120=DIRECTION('',(0.0,1.0,0.0));
#14121=AXIS2_PLACEMENT_3D('',#14118,#14119,#14120);
#14122=CONICAL_SURFACE('',#14121,4.711709227070728,2.000000000000012);
#14123=CARTESIAN_POINT('',(0.0,4.75,0.0));
#14124=VERTEX_POINT('',#14123);
#14125=CARTESIAN_POINT('',(0.0,-1.497262E-032,0.0));
#14126=DIRECTION('',(1.0,0.0,0.0));
#14127=DIRECTION('',(0.0,1.0,0.0));
#14128=AXIS2_PLACEMENT_3D('',#14125,#14126,#14127);
#14129=CIRCLE('',#14128,4.75);
#14130=EDGE_CURVE('',#14124,#14124,#14129,.T.);
#14131=ORIENTED_EDGE('',*,*,#14130,.F.);
#14132=EDGE_LOOP('',(#14131));
#14133=FACE_OUTER_BOUND('',#14132,.T.);
#14134=ORIENTED_EDGE('',*,*,#13974,.F.);
#14135=EDGE_LOOP('',(#14134));
#14136=FACE_BOUND('',#14135,.T.);
#14137=ADVANCED_FACE('',(#14133,#14136),#14122,.T.);
#14138=CARTESIAN_POINT('',(-3.700000000000001,-2.414596239539854,-0.414999999999998));
#14139=DIRECTION('',(-0.087155742747658,0.006472369166082,0.996173672079062));
#14140=DIRECTION('',(7.559556E-020,-0.999978893671364,0.006497092564817));
#14141=AXIS2_PLACEMENT_3D('',#14138,#14139,#14140);
#14142=PLANE('',#14141);
#14143=ORIENTED_EDGE('',*,*,#14055,.T.);
#14144=ORIENTED_EDGE('',*,*,#13819,.F.);
#14145=ORIENTED_EDGE('',*,*,#13858,.F.);
#14146=CARTESIAN_POINT('',(-1.210184181220645,-0.742866919395761,-0.208026353271776));
#14147=VERTEX_POINT('',#14146);
#14148=CARTESIAN_POINT('',(-1.210184181220645,-0.742866919395761,-0.208026353271776));
#14149=CARTESIAN_POINT('',(-1.322593073478473,-0.960051157592117,-0.216449968716258));
#14150=CARTESIAN_POINT('',(-1.526489218077856,-1.346525091967946,-0.231777936496943));
#14158=(BOUNDED_CURVE()B_SPLINE_CURVE(2,(#14148,#14149,#14150),.UNSPECIFIED.,.F.,.U.)B_SPLINE_CURVE_WITH_KNOTS((3,3),(0.282209657861201,0.297062808715556),.UNSPECIFIED.)CURVE()GEOMETRIC_REPRESENTATION_ITEM()RATIONAL_B_SPLINE_CURVE((1.632491097025121,1.332890063355442,1.0))REPRESENTATION_ITEM(''));
#14159=EDGE_CURVE('',#14147,#13846,#14158,.T.);
#14160=ORIENTED_EDGE('',*,*,#14159,.F.);
#14161=CARTESIAN_POINT('',(-3.65412689098948,-0.74425611006505,-0.421839121785567));
#14162=DIRECTION('',(0.996194698091745,0.000566258928187,0.087153903209909));
#14163=VECTOR('',#14162,2.453278173885401);
#14164=LINE('',#14161,#14163);
#14165=EDGE_CURVE('',#14049,#14147,#14164,.T.);
#14166=ORIENTED_EDGE('',*,*,#14165,.F.);
#14167=EDGE_LOOP('',(#14143,#14144,#14145,#14160,#14166));
#14168=FACE_OUTER_BOUND('',#14167,.T.);
#14169=ADVANCED_FACE('',(#14168),#14142,.T.);
#14170=CARTESIAN_POINT('',(-3.700000000000001,-0.74428218534691,0.425852414077022));
#14171=DIRECTION('',(-0.087155742747658,0.006472369166082,-0.996173672079062));
#14172=DIRECTION('',(-1.511911E-019,0.999978893671364,0.006497092564817));
#14173=AXIS2_PLACEMENT_3D('',#14170,#14171,#14172);
#14174=PLANE('',#14173);
#14175=ORIENTED_EDGE('',*,*,#14045,.T.);
#14176=CARTESIAN_POINT('',(-1.210184181220645,-0.742866919395761,0.208026353271776));
#14177=VERTEX_POINT('',#14176);
#14178=CARTESIAN_POINT('',(-3.65412689098948,-0.74425611006505,0.421839121785567));
#14179=DIRECTION('',(0.996194698091745,0.000566258928187,-0.087153903209909));
#14180=VECTOR('',#14179,2.453278173885401);
#14181=LINE('',#14178,#14180);
#14182=EDGE_CURVE('',#14026,#14177,#14181,.T.);
#14183=ORIENTED_EDGE('',*,*,#14182,.T.);
#14184=CARTESIAN_POINT('',(-1.526489218077856,-1.346525091967946,0.231777936496943));
#14185=CARTESIAN_POINT('',(-1.322593073478476,-0.960051157592124,0.216449968716258));
#14186=CARTESIAN_POINT('',(-1.210184181220645,-0.742866919395761,0.208026353271776));
#14194=(BOUNDED_CURVE()B_SPLINE_CURVE(2,(#14184,#14185,#14186),.UNSPECIFIED.,.F.,.U.)B_SPLINE_CURVE_WITH_KNOTS((3,3),(0.0,0.014853150854354),.UNSPECIFIED.)CURVE()GEOMETRIC_REPRESENTATION_ITEM()RATIONAL_B_SPLINE_CURVE((1.0,1.332890063355434,1.632491097025107))REPRESENTATION_ITEM(''));
#14195=EDGE_CURVE('',#13838,#14177,#14194,.T.);
#14196=ORIENTED_EDGE('',*,*,#14195,.F.);
#14197=ORIENTED_EDGE('',*,*,#13843,.F.);
#14198=ORIENTED_EDGE('',*,*,#13795,.F.);
#14199=EDGE_LOOP('',(#14175,#14183,#14196,#14197,#14198));
#14200=FACE_OUTER_BOUND('',#14199,.T.);
#14201=ADVANCED_FACE('',(#14200),#14174,.T.);
#14202=CARTESIAN_POINT('',(-3.700000000000001,-0.74636462681391,0.74636462681391));
#14203=DIRECTION('',(1.0,0.0,0.0));
#14204=DIRECTION('',(0.0,0.006497092564817,-0.999978893671364));
#14205=AXIS2_PLACEMENT_3D('',#14202,#14203,#14204);
#14206=CONICAL_SURFACE('',#14205,0.320518977715765,5.0);
#14207=ORIENTED_EDGE('',*,*,#14038,.T.);
#14208=CARTESIAN_POINT('',(-1.210184181220644,-0.208026353271777,0.74286691939576));
#14209=VERTEX_POINT('',#14208);
#14210=CARTESIAN_POINT('',(-3.65412689098948,-0.421839121785567,0.744256110065049));
#14211=DIRECTION('',(0.996194698091745,0.087153903209909,-0.000566258928187));
#14212=VECTOR('',#14211,2.453278173885401);
#14213=LINE('',#14210,#14212);
#14214=EDGE_CURVE('',#14017,#14209,#14213,.T.);
#14215=ORIENTED_EDGE('',*,*,#14214,.T.);
#14216=CARTESIAN_POINT('',(-1.210184181220645,-0.742866919395761,0.208026353271776));
#14217=CARTESIAN_POINT('',(-1.180776055620122,-0.686047736971271,0.205822588640472));
#14218=CARTESIAN_POINT('',(-1.151947751256514,-0.627506160819913,0.213284965671519));
#14219=CARTESIAN_POINT('',(-1.112795350723035,-0.537942433486877,0.23928921421668));
#14220=CARTESIAN_POINT('',(-1.096920556129665,-0.497939431951949,0.255667115423074));
#14221=CARTESIAN_POINT('',(-1.074541360000135,-0.422296095271175,0.299565504288076));
#14222=CARTESIAN_POINT('',(-1.068387647910525,-0.386627856154588,0.327215888280119));
#14223=CARTESIAN_POINT('',(-1.068387647910525,-0.327215888280119,0.386627856154589));
#14224=CARTESIAN_POINT('',(-1.074541360000135,-0.299565504288076,0.422296095271175));
#14225=CARTESIAN_POINT('',(-1.096920556129665,-0.255667115423074,0.497939431951949));
#14226=CARTESIAN_POINT('',(-1.112795350723036,-0.23928921421668,0.537942433486877));
#14227=CARTESIAN_POINT('',(-1.151947751256514,-0.21328496567152,0.627506160819913));
#14228=CARTESIAN_POINT('',(-1.180776055620122,-0.205822588640473,0.686047736971271));
#14229=CARTESIAN_POINT('',(-1.210184181220644,-0.208026353271777,0.74286691939576));
#14230=B_SPLINE_CURVE_WITH_KNOTS('',3,(#14216,#14217,#14218,#14219,#14220,#14221,#14222,#14223,#14224,#14225,#14226,#14227,#14228,#14229),.UNSPECIFIED.,.F.,.U.,(4,2,2,2,2,2,4),(0.23722940863456,0.254970441295429,0.267573622905731,0.280176804516033,0.292779986126336,0.305383167736638,0.323124200397506),.UNSPECIFIED.);
#14231=EDGE_CURVE('',#14177,#14209,#14230,.T.);
#14232=ORIENTED_EDGE('',*,*,#14231,.F.);
#14233=ORIENTED_EDGE('',*,*,#14182,.F.);
#14234=EDGE_LOOP('',(#14207,#14215,#14232,#14233));
#14235=FACE_OUTER_BOUND('',#14234,.T.);
#14236=ADVANCED_FACE('',(#14235),#14206,.T.);
#14237=CARTESIAN_POINT('',(-3.700000000000001,-0.415,2.414596239539853));
#14238=DIRECTION('',(-0.087155742747658,0.996173672079062,-0.006472369166081));
#14239=DIRECTION('',(7.559556E-020,0.006497092564816,0.999978893671364));
#14240=AXIS2_PLACEMENT_3D('',#14237,#14238,#14239);
#14241=PLANE('',#14240);
#14242=ORIENTED_EDGE('',*,*,#14023,.T.);
#14243=ORIENTED_EDGE('',*,*,#13907,.F.);
#14244=ORIENTED_EDGE('',*,*,#13946,.F.);
#14245=CARTESIAN_POINT('',(-1.210184181220644,-0.208026353271777,0.74286691939576));
#14246=CARTESIAN_POINT('',(-1.322593073478475,-0.216449968716259,0.960051157592121));
#14247=CARTESIAN_POINT('',(-1.526489218077856,-0.231777936496944,1.346525091967945));
#14255=(BOUNDED_CURVE()B_SPLINE_CURVE(2,(#14245,#14246,#14247),.UNSPECIFIED.,.F.,.U.)B_SPLINE_CURVE_WITH_KNOTS((3,3),(0.282209657861202,0.297062808715556),.UNSPECIFIED.)CURVE()GEOMETRIC_REPRESENTATION_ITEM()RATIONAL_B_SPLINE_CURVE((1.632491097025113,1.332890063355437,1.0))REPRESENTATION_ITEM(''));
#14256=EDGE_CURVE('',#14209,#13934,#14255,.T.);
#14257=ORIENTED_EDGE('',*,*,#14256,.F.);
#14258=ORIENTED_EDGE('',*,*,#14214,.F.);
#14259=EDGE_LOOP('',(#14242,#14243,#14244,#14257,#14258));
#14260=FACE_OUTER_BOUND('',#14259,.T.);
#14261=ADVANCED_FACE('',(#14260),#14241,.T.);
#14262=CARTESIAN_POINT('',(-3.700000000000001,0.425852414077023,0.74428218534691));
#14263=DIRECTION('',(-0.087155742747658,-0.996173672079062,-0.006472369166081));
#14264=DIRECTION('',(-1.511911E-019,0.006497092564816,-0.999978893671364));
#14265=AXIS2_PLACEMENT_3D('',#14262,#14263,#14264);
#14266=PLANE('',#14265);
#14267=ORIENTED_EDGE('',*,*,#14013,.T.);
#14268=CARTESIAN_POINT('',(-1.210184181220645,0.208026353271777,0.74286691939576));
#14269=VERTEX_POINT('',#14268);
#14270=CARTESIAN_POINT('',(-3.65412689098948,0.421839121785567,0.744256110065049));
#14271=DIRECTION('',(0.996194698091745,-0.087153903209909,-0.000566258928187));
#14272=VECTOR('',#14271,2.453278173885401);
#14273=LINE('',#14270,#14272);
#14274=EDGE_CURVE('',#13994,#14269,#14273,.T.);
#14275=ORIENTED_EDGE('',*,*,#14274,.T.);
#14276=CARTESIAN_POINT('',(-1.526489218077856,0.231777936496944,1.346525091967945));
#14277=CARTESIAN_POINT('',(-1.322593073478476,0.216449968716259,0.960051157592124));
#14278=CARTESIAN_POINT('',(-1.210184181220645,0.208026353271777,0.74286691939576));
#14286=(BOUNDED_CURVE()B_SPLINE_CURVE(2,(#14276,#14277,#14278),.UNSPECIFIED.,.F.,.U.)B_SPLINE_CURVE_WITH_KNOTS((3,3),(0.0,0.014853150854354),.UNSPECIFIED.)CURVE()GEOMETRIC_REPRESENTATION_ITEM()RATIONAL_B_SPLINE_CURVE((1.0,1.332890063355434,1.632491097025107))REPRESENTATION_ITEM(''));
#14287=EDGE_CURVE('',#13926,#14269,#14286,.T.);
#14288=ORIENTED_EDGE('',*,*,#14287,.F.);
#14289=ORIENTED_EDGE('',*,*,#13931,.F.);
#14290=ORIENTED_EDGE('',*,*,#13883,.F.);
#14291=EDGE_LOOP('',(#14267,#14275,#14288,#14289,#14290));
#14292=FACE_OUTER_BOUND('',#14291,.T.);
#14293=ADVANCED_FACE('',(#14292),#14266,.T.);
#14294=CARTESIAN_POINT('',(-3.700000000000001,0.74636462681391,0.74636462681391));
#14295=DIRECTION('',(1.0,0.0,0.0));
#14296=DIRECTION('',(0.0,-0.999978893671364,-0.006497092564817));
#14297=AXIS2_PLACEMENT_3D('',#14294,#14295,#14296);
#14298=CONICAL_SURFACE('',#14297,0.320518977715765,5.0);
#14299=ORIENTED_EDGE('',*,*,#14006,.T.);
#14300=CARTESIAN_POINT('',(-1.210184181220645,0.742866919395761,0.208026353271776));
#14301=VERTEX_POINT('',#14300);
#14302=CARTESIAN_POINT('',(-3.65412689098948,0.74425611006505,0.421839121785567));
#14303=DIRECTION('',(0.996194698091745,-0.000566258928187,-0.087153903209909));
#14304=VECTOR('',#14303,2.453278173885401);
#14305=LINE('',#14302,#14304);
#14306=EDGE_CURVE('',#13985,#14301,#14305,.T.);
#14307=ORIENTED_EDGE('',*,*,#14306,.T.);
#14308=CARTESIAN_POINT('',(-1.210184181220645,0.208026353271777,0.74286691939576));
#14309=CARTESIAN_POINT('',(-1.180776055620122,0.205822588640473,0.686047736971271));
#14310=CARTESIAN_POINT('',(-1.151947751256514,0.213284965671519,0.627506160819913));
#14311=CARTESIAN_POINT('',(-1.112795350723036,0.23928921421668,0.537942433486877));
#14312=CARTESIAN_POINT('',(-1.096920556129665,0.255667115423073,0.497939431951949));
#14313=CARTESIAN_POINT('',(-1.074541360000135,0.299565504288076,0.422296095271175));
#14314=CARTESIAN_POINT('',(-1.068387647910525,0.327215888280119,0.386627856154589));
#14315=CARTESIAN_POINT('',(-1.068387647910525,0.386627856154589,0.327215888280119));
#14316=CARTESIAN_POINT('',(-1.074541360000135,0.422296095271175,0.299565504288076));
#14317=CARTESIAN_POINT('',(-1.096920556129665,0.497939431951949,0.255667115423074));
#14318=CARTESIAN_POINT('',(-1.112795350723035,0.537942433486877,0.23928921421668));
#14319=CARTESIAN_POINT('',(-1.151947751256514,0.627506160819913,0.213284965671519));
#14320=CARTESIAN_POINT('',(-1.180776055620122,0.686047736971271,0.205822588640472));
#14321=CARTESIAN_POINT('',(-1.210184181220645,0.742866919395761,0.208026353271776));
#14322=B_SPLINE_CURVE_WITH_KNOTS('',3,(#14308,#14309,#14310,#14311,#14312,#14313,#14314,#14315,#14316,#14317,#14318,#14319,#14320,#14321),.UNSPECIFIED.,.F.,.U.,(4,2,2,2,2,2,4),(0.237229408634561,0.254970441295429,0.267573622905731,0.280176804516033,0.292779986126336,0.305383167736638,0.323124200397506),.UNSPECIFIED.);
#14323=EDGE_CURVE('',#14269,#14301,#14322,.T.);
#14324=ORIENTED_EDGE('',*,*,#14323,.F.);
#14325=ORIENTED_EDGE('',*,*,#14274,.F.);
#14326=EDGE_LOOP('',(#14299,#14307,#14324,#14325));
#14327=FACE_OUTER_BOUND('',#14326,.T.);
#14328=ADVANCED_FACE('',(#14327),#14298,.T.);
#14329=CARTESIAN_POINT('',(-3.700000000000001,0.74636462681391,-0.74636462681391));
#14330=DIRECTION('',(1.0,0.0,0.0));
#14331=DIRECTION('',(0.0,-0.006497092564817,0.999978893671364));
#14332=AXIS2_PLACEMENT_3D('',#14329,#14330,#14331);
#14333=CONICAL_SURFACE('',#14332,0.320518977715765,5.0);
#14334=ORIENTED_EDGE('',*,*,#14102,.T.);
#14335=CARTESIAN_POINT('',(-1.210184181220644,0.208026353271777,-0.74286691939576));
#14336=VERTEX_POINT('',#14335);
#14337=CARTESIAN_POINT('',(-3.65412689098948,0.421839121785567,-0.744256110065049));
#14338=DIRECTION('',(0.996194698091745,-0.087153903209909,0.000566258928187));
#14339=VECTOR('',#14338,2.453278173885401);
#14340=LINE('',#14337,#14339);
#14341=EDGE_CURVE('',#14081,#14336,#14340,.T.);
#14342=ORIENTED_EDGE('',*,*,#14341,.T.);
#14343=CARTESIAN_POINT('',(-1.210184181220645,0.742866919395761,-0.208026353271776));
#14344=VERTEX_POINT('',#14343);
#14345=CARTESIAN_POINT('',(-1.210184181220645,0.742866919395761,-0.208026353271776));
#14346=CARTESIAN_POINT('',(-1.180776055620122,0.686047736971271,-0.205822588640472));
#14347=CARTESIAN_POINT('',(-1.151947751256514,0.627506160819913,-0.213284965671519));
#14348=CARTESIAN_POINT('',(-1.112795350723035,0.537942433486877,-0.23928921421668));
#14349=CARTESIAN_POINT('',(-1.096920556129665,0.497939431951949,-0.255667115423073));
#14350=CARTESIAN_POINT('',(-1.074541360000135,0.422296095271175,-0.299565504288076));
#14351=CARTESIAN_POINT('',(-1.068387647910525,0.386627856154588,-0.327215888280119));
#14352=CARTESIAN_POINT('',(-1.068387647910525,0.327215888280119,-0.386627856154589));
#14353=CARTESIAN_POINT('',(-1.074541360000135,0.299565504288076,-0.422296095271175));
#14354=CARTESIAN_POINT('',(-1.096920556129665,0.255667115423074,-0.497939431951949));
#14355=CARTESIAN_POINT('',(-1.112795350723036,0.23928921421668,-0.537942433486877));
#14356=CARTESIAN_POINT('',(-1.151947751256514,0.21328496567152,-0.627506160819913));
#14357=CARTESIAN_POINT('',(-1.180776055620122,0.205822588640473,-0.686047736971271));
#14358=CARTESIAN_POINT('',(-1.210184181220644,0.208026353271777,-0.74286691939576));
#14359=B_SPLINE_CURVE_WITH_KNOTS('',3,(#14345,#14346,#14347,#14348,#14349,#14350,#14351,#14352,#14353,#14354,#14355,#14356,#14357,#14358),.UNSPECIFIED.,.F.,.U.,(4,2,2,2,2,2,4),(0.23722940863456,0.254970441295429,0.267573622905731,0.280176804516033,0.292779986126336,0.305383167736638,0.323124200397506),.UNSPECIFIED.);
#14360=EDGE_CURVE('',#14344,#14336,#14359,.T.);
#14361=ORIENTED_EDGE('',*,*,#14360,.F.);
#14362=CARTESIAN_POINT('',(-3.65412689098948,0.74425611006505,-0.421839121785567));
#14363=DIRECTION('',(0.996194698091745,-0.000566258928187,0.087153903209909));
#14364=VECTOR('',#14363,2.453278173885401);
#14365=LINE('',#14362,#14364);
#14366=EDGE_CURVE('',#14090,#14344,#14365,.T.);
#14367=ORIENTED_EDGE('',*,*,#14366,.F.);
#14368=EDGE_LOOP('',(#14334,#14342,#14361,#14367));
#14369=FACE_OUTER_BOUND('',#14368,.T.);
#14370=ADVANCED_FACE('',(#14369),#14333,.T.);
#14371=CARTESIAN_POINT('',(-3.700000000000001,-0.74636462681391,-0.74636462681391));
#14372=DIRECTION('',(1.0,0.0,0.0));
#14373=DIRECTION('',(0.0,0.999978893671364,0.006497092564817));
#14374=AXIS2_PLACEMENT_3D('',#14371,#14372,#14373);
#14375=CONICAL_SURFACE('',#14374,0.320518977715765,5.0);
#14376=ORIENTED_EDGE('',*,*,#14070,.T.);
#14377=ORIENTED_EDGE('',*,*,#14165,.T.);
#14378=CARTESIAN_POINT('',(-1.210184181220645,-0.208026353271777,-0.74286691939576));
#14379=VERTEX_POINT('',#14378);
#14380=CARTESIAN_POINT('',(-1.210184181220645,-0.208026353271777,-0.74286691939576));
#14381=CARTESIAN_POINT('',(-1.180776055620122,-0.205822588640473,-0.686047736971271));
#14382=CARTESIAN_POINT('',(-1.151947751256514,-0.213284965671519,-0.627506160819913));
#14383=CARTESIAN_POINT('',(-1.112795350723036,-0.23928921421668,-0.537942433486877));
#14384=CARTESIAN_POINT('',(-1.096920556129665,-0.255667115423073,-0.497939431951949));
#14385=CARTESIAN_POINT('',(-1.074541360000135,-0.299565504288076,-0.422296095271175));
#14386=CARTESIAN_POINT('',(-1.068387647910525,-0.327215888280119,-0.386627856154589));
#14387=CARTESIAN_POINT('',(-1.068387647910525,-0.386627856154589,-0.327215888280119));
#14388=CARTESIAN_POINT('',(-1.074541360000135,-0.422296095271175,-0.299565504288076));
#14389=CARTESIAN_POINT('',(-1.096920556129665,-0.497939431951949,-0.255667115423074));
#14390=CARTESIAN_POINT('',(-1.112795350723035,-0.537942433486877,-0.23928921421668));
#14391=CARTESIAN_POINT('',(-1.151947751256514,-0.627506160819913,-0.213284965671519));
#14392=CARTESIAN_POINT('',(-1.180776055620122,-0.686047736971271,-0.205822588640472));
#14393=CARTESIAN_POINT('',(-1.210184181220645,-0.742866919395761,-0.208026353271776));
#14394=B_SPLINE_CURVE_WITH_KNOTS('',3,(#14380,#14381,#14382,#14383,#14384,#14385,#14386,#14387,#14388,#14389,#14390,#14391,#14392,#14393),.UNSPECIFIED.,.F.,.U.,(4,2,2,2,2,2,4),(0.237229408634561,0.254970441295429,0.267573622905731,0.280176804516033,0.292779986126336,0.305383167736638,0.323124200397506),.UNSPECIFIED.);
#14395=EDGE_CURVE('',#14379,#14147,#14394,.T.);
#14396=ORIENTED_EDGE('',*,*,#14395,.F.);
#14397=CARTESIAN_POINT('',(-3.65412689098948,-0.421839121785567,-0.744256110065049));
#14398=DIRECTION('',(0.996194698091745,0.087153903209909,0.000566258928187));
#14399=VECTOR('',#14398,2.453278173885401);
#14400=LINE('',#14397,#14399);
#14401=EDGE_CURVE('',#14058,#14379,#14400,.T.);
#14402=ORIENTED_EDGE('',*,*,#14401,.F.);
#14403=EDGE_LOOP('',(#14376,#14377,#14396,#14402));
#14404=FACE_OUTER_BOUND('',#14403,.T.);
#14405=ADVANCED_FACE('',(#14404),#14375,.T.);
#14406=CARTESIAN_POINT('',(-3.700000000000001,2.414596239539854,0.414999999999998));
#14407=DIRECTION('',(-0.087155742747658,-0.006472369166082,-0.996173672079062));
#14408=DIRECTION('',(7.559556E-020,0.999978893671364,-0.006497092564817));
#14409=AXIS2_PLACEMENT_3D('',#14406,#14407,#14408);
#14410=PLANE('',#14409);
#14411=ORIENTED_EDGE('',*,*,#13991,.T.);
#14412=ORIENTED_EDGE('',*,*,#13643,.F.);
#14413=ORIENTED_EDGE('',*,*,#13682,.F.);
#14414=CARTESIAN_POINT('',(-1.210184181220645,0.742866919395761,0.208026353271776));
#14415=CARTESIAN_POINT('',(-1.322593073478481,0.960051157592134,0.216449968716258));
#14416=CARTESIAN_POINT('',(-1.526489218077856,1.346525091967945,0.231777936496943));
#14424=(BOUNDED_CURVE()B_SPLINE_CURVE(2,(#14414,#14415,#14416),.UNSPECIFIED.,.F.,.U.)B_SPLINE_CURVE_WITH_KNOTS((3,3),(0.282209657861202,0.297062808715556),.UNSPECIFIED.)CURVE()GEOMETRIC_REPRESENTATION_ITEM()RATIONAL_B_SPLINE_CURVE((1.632491097025087,1.332890063355423,1.0))REPRESENTATION_ITEM(''));
#14425=EDGE_CURVE('',#14301,#13670,#14424,.T.);
#14426=ORIENTED_EDGE('',*,*,#14425,.F.);
#14427=ORIENTED_EDGE('',*,*,#14306,.F.);
#14428=EDGE_LOOP('',(#14411,#14412,#14413,#14426,#14427));
#14429=FACE_OUTER_BOUND('',#14428,.T.);
#14430=ADVANCED_FACE('',(#14429),#14410,.T.);
#14431=CARTESIAN_POINT('',(-3.700000000000001,0.415,-2.414596239539853));
#14432=DIRECTION('',(-0.087155742747658,-0.996173672079062,0.006472369166081));
#14433=DIRECTION('',(7.559556E-020,-0.006497092564816,-0.999978893671364));
#14434=AXIS2_PLACEMENT_3D('',#14431,#14432,#14433);
#14435=PLANE('',#14434);
#14436=ORIENTED_EDGE('',*,*,#14087,.T.);
#14437=ORIENTED_EDGE('',*,*,#13731,.F.);
#14438=ORIENTED_EDGE('',*,*,#13770,.F.);
#14439=CARTESIAN_POINT('',(-1.210184181220644,0.208026353271777,-0.74286691939576));
#14440=CARTESIAN_POINT('',(-1.322593073478475,0.216449968716259,-0.960051157592121));
#14441=CARTESIAN_POINT('',(-1.526489218077856,0.231777936496944,-1.346525091967945));
#14449=(BOUNDED_CURVE()B_SPLINE_CURVE(2,(#14439,#14440,#14441),.UNSPECIFIED.,.F.,.U.)B_SPLINE_CURVE_WITH_KNOTS((3,3),(0.282209657861202,0.297062808715556),.UNSPECIFIED.)CURVE()GEOMETRIC_REPRESENTATION_ITEM()RATIONAL_B_SPLINE_CURVE((1.632491097025113,1.332890063355437,1.0))REPRESENTATION_ITEM(''));
#14450=EDGE_CURVE('',#14336,#13758,#14449,.T.);
#14451=ORIENTED_EDGE('',*,*,#14450,.F.);
#14452=ORIENTED_EDGE('',*,*,#14341,.F.);
#14453=EDGE_LOOP('',(#14436,#14437,#14438,#14451,#14452));
#14454=FACE_OUTER_BOUND('',#14453,.T.);
#14455=ADVANCED_FACE('',(#14454),#14435,.T.);
#14456=CARTESIAN_POINT('',(-3.700000000000001,0.74428218534691,-0.425852414077022));
#14457=DIRECTION('',(-0.087155742747658,-0.006472369166082,0.996173672079062));
#14458=DIRECTION('',(-1.511911E-019,-0.999978893671364,-0.006497092564817));
#14459=AXIS2_PLACEMENT_3D('',#14456,#14457,#14458);
#14460=PLANE('',#14459);
#14461=ORIENTED_EDGE('',*,*,#14109,.T.);
#14462=ORIENTED_EDGE('',*,*,#14366,.T.);
#14463=CARTESIAN_POINT('',(-1.526489218077856,1.346525091967946,-0.231777936496943));
#14464=CARTESIAN_POINT('',(-1.322593073478476,0.960051157592124,-0.216449968716258));
#14465=CARTESIAN_POINT('',(-1.210184181220645,0.742866919395761,-0.208026353271776));
#14473=(BOUNDED_CURVE()B_SPLINE_CURVE(2,(#14463,#14464,#14465),.UNSPECIFIED.,.F.,.U.)B_SPLINE_CURVE_WITH_KNOTS((3,3),(0.0,0.014853150854354),.UNSPECIFIED.)CURVE()GEOMETRIC_REPRESENTATION_ITEM()RATIONAL_B_SPLINE_CURVE((1.0,1.332890063355434,1.632491097025107))REPRESENTATION_ITEM(''));
#14474=EDGE_CURVE('',#13662,#14344,#14473,.T.);
#14475=ORIENTED_EDGE('',*,*,#14474,.F.);
#14476=ORIENTED_EDGE('',*,*,#13667,.F.);
#14477=ORIENTED_EDGE('',*,*,#13619,.F.);
#14478=EDGE_LOOP('',(#14461,#14462,#14475,#14476,#14477));
#14479=FACE_OUTER_BOUND('',#14478,.T.);
#14480=ADVANCED_FACE('',(#14479),#14460,.T.);
#14481=CARTESIAN_POINT('',(-3.700000000000001,-0.425852414077023,-0.74428218534691));
#14482=DIRECTION('',(-0.087155742747658,0.996173672079062,0.006472369166081));
#14483=DIRECTION('',(-1.511911E-019,-0.006497092564816,0.999978893671364));
#14484=AXIS2_PLACEMENT_3D('',#14481,#14482,#14483);
#14485=PLANE('',#14484);
#14486=ORIENTED_EDGE('',*,*,#14077,.T.);
#14487=ORIENTED_EDGE('',*,*,#14401,.T.);
#14488=CARTESIAN_POINT('',(-1.526489218077856,-0.231777936496944,-1.346525091967945));
#14489=CARTESIAN_POINT('',(-1.322593073478476,-0.216449968716259,-0.960051157592124));
#14490=CARTESIAN_POINT('',(-1.210184181220645,-0.208026353271777,-0.74286691939576));
#14498=(BOUNDED_CURVE()B_SPLINE_CURVE(2,(#14488,#14489,#14490),.UNSPECIFIED.,.F.,.U.)B_SPLINE_CURVE_WITH_KNOTS((3,3),(0.0,0.014853150854354),.UNSPECIFIED.)CURVE()GEOMETRIC_REPRESENTATION_ITEM()RATIONAL_B_SPLINE_CURVE((1.0,1.332890063355434,1.632491097025107))REPRESENTATION_ITEM(''));
#14499=EDGE_CURVE('',#13750,#14379,#14498,.T.);
#14500=ORIENTED_EDGE('',*,*,#14499,.F.);
#14501=ORIENTED_EDGE('',*,*,#13755,.F.);
#14502=ORIENTED_EDGE('',*,*,#13707,.F.);
#14503=EDGE_LOOP('',(#14486,#14487,#14500,#14501,#14502));
#14504=FACE_OUTER_BOUND('',#14503,.T.);
#14505=ADVANCED_FACE('',(#14504),#14485,.T.);
#14506=CARTESIAN_POINT('',(-1.163244609038927,-1.743990E-032,0.0));
#14507=DIRECTION('',(-1.0,-2.121033E-033,0.0));
#14508=DIRECTION('',(0.0,1.0,0.0));
#14509=AXIS2_PLACEMENT_3D('',#14506,#14507,#14508);
#14510=CONICAL_SURFACE('',#14509,0.683163749613893,62.000000000000071);
#14511=ORIENTED_EDGE('',*,*,#14287,.T.);
#14512=ORIENTED_EDGE('',*,*,#14323,.T.);
#14513=ORIENTED_EDGE('',*,*,#14425,.T.);
#14514=ORIENTED_EDGE('',*,*,#13676,.F.);
#14515=ORIENTED_EDGE('',*,*,#14474,.T.);
#14516=ORIENTED_EDGE('',*,*,#14360,.T.);
#14517=ORIENTED_EDGE('',*,*,#14450,.T.);
#14518=ORIENTED_EDGE('',*,*,#13764,.F.);
#14519=ORIENTED_EDGE('',*,*,#14499,.T.);
#14520=ORIENTED_EDGE('',*,*,#14395,.T.);
#14521=ORIENTED_EDGE('',*,*,#14159,.T.);
#14522=ORIENTED_EDGE('',*,*,#13852,.F.);
#14523=ORIENTED_EDGE('',*,*,#14195,.T.);
#14524=ORIENTED_EDGE('',*,*,#14231,.T.);
#14525=ORIENTED_EDGE('',*,*,#14256,.T.);
#14526=ORIENTED_EDGE('',*,*,#13940,.F.);
#14527=EDGE_LOOP('',(#14511,#14512,#14513,#14514,#14515,#14516,#14517,#14518,#14519,#14520,#14521,#14522,#14523,#14524,#14525,#14526));
#14528=FACE_OUTER_BOUND('',#14527,.T.);
#14529=ADVANCED_FACE('',(#14528),#14510,.F.);
#14530=CARTESIAN_POINT('',(0.0,3.5167475,0.0));
#14531=DIRECTION('',(1.0,0.0,0.0));
#14532=DIRECTION('',(0.0,0.0,-1.0));
#14533=AXIS2_PLACEMENT_3D('',#14530,#14531,#14532);
#14534=PLANE('',#14533);
#14535=ORIENTED_EDGE('',*,*,#14130,.T.);
#14536=EDGE_LOOP('',(#14535));
#14537=FACE_OUTER_BOUND('',#14536,.T.);
#14538=CARTESIAN_POINT('',(0.0,2.283495,0.0));
#14539=VERTEX_POINT('',#14538);
#14540=CARTESIAN_POINT('',(0.0,-1.497262E-032,0.0));
#14541=DIRECTION('',(1.0,0.0,0.0));
#14542=DIRECTION('',(0.0,1.0,0.0));
#14543=AXIS2_PLACEMENT_3D('',#14540,#14541,#14542);
#14544=CIRCLE('',#14543,2.283495);
#14545=EDGE_CURVE('',#14539,#14539,#14544,.T.);
#14546=ORIENTED_EDGE('',*,*,#14545,.F.);
#14547=EDGE_LOOP('',(#14546));
#14548=FACE_BOUND('',#14547,.T.);
#14549=ADVANCED_FACE('',(#14537,#14548),#14534,.T.);
#14550=CARTESIAN_POINT('',(0.554620000000003,-1.379626E-032,0.0));
#14551=DIRECTION('',(1.0,2.121033E-033,0.0));
#14552=DIRECTION('',(0.0,1.0,0.0));
#14553=AXIS2_PLACEMENT_3D('',#14550,#14551,#14552);
#14554=CYLINDRICAL_SURFACE('',#14553,2.283495);
#14555=CARTESIAN_POINT('',(1.109240000000006,2.283495,0.0));
#14556=VERTEX_POINT('',#14555);
#14557=CARTESIAN_POINT('',(1.109240000000005,-1.261989E-032,0.0));
#14558=DIRECTION('',(1.0,0.0,0.0));
#14559=DIRECTION('',(0.0,1.0,0.0));
#14560=AXIS2_PLACEMENT_3D('',#14557,#14558,#14559);
#14561=CIRCLE('',#14560,2.283495);
#14562=EDGE_CURVE('',#14556,#14556,#14561,.T.);
#14563=ORIENTED_EDGE('',*,*,#14562,.F.);
#14564=EDGE_LOOP('',(#14563));
#14565=FACE_OUTER_BOUND('',#14564,.T.);
#14566=ORIENTED_EDGE('',*,*,#14545,.T.);
#14567=EDGE_LOOP('',(#14566));
#14568=FACE_BOUND('',#14567,.T.);
#14569=ADVANCED_FACE('',(#14565,#14568),#14554,.T.);
#14570=CARTESIAN_POINT('',(1.354620000000006,-1.209943E-032,0.0));
#14571=DIRECTION('',(1.0,2.121033E-033,0.0));
#14572=DIRECTION('',(0.0,1.0,0.0));
#14573=AXIS2_PLACEMENT_3D('',#14570,#14571,#14572);
#14574=CONICAL_SURFACE('',#14573,2.391747500000001,23.805282416018244);
#14575=ORIENTED_EDGE('',*,*,#13582,.F.);
#14576=EDGE_LOOP('',(#14575));
#14577=FACE_OUTER_BOUND('',#14576,.T.);
#14578=ORIENTED_EDGE('',*,*,#14562,.T.);
#14579=EDGE_LOOP('',(#14578));
#14580=FACE_BOUND('',#14579,.T.);
#14581=ADVANCED_FACE('',(#14577,#14580),#14574,.T.);
#14582=CLOSED_SHELL('',(#13569,#13589,#13598,#13654,#13686,#13742,#13774,#13830,#13862,#13918,#13950,#13978,#14117,#14137,#14169,#14201,#14236,#14261,#14293,#14328,#14370,#14405,#14430,#14455,#14480,#14505,#14529,#14549,#14569,#14581));
#14583=MANIFOLD_SOLID_BREP('Solid1',#14582);
#14584=STYLED_ITEM('',(#12855),#14583);
#14585=ADVANCED_BREP_SHAPE_REPRESENTATION('ABSR',(#14583),#13510);
#14586=SHAPE_REPRESENTATION_RELATIONSHIP('SRR','None',#14585,#13515);
#14587=AXIS2_PLACEMENT_3D('',#14588,#14589,#14590);
#14588=CARTESIAN_POINT('',(-80.000000000000014,59.999999999999986,-103.0));
#14589=DIRECTION('',(1.0,0.0,0.0));
#14590=DIRECTION('',(0.0,0.0,-1.0));
#14591=NEXT_ASSEMBLY_USAGE_OCCURRENCE('ISO 7045 H M5 x 12 - 4.8 - H:1','ISO 7045 H M5 x 12 - 4.8 - H:1','ISO 7045 H M5 x 12 - 4.8 - H:1',#12,#13486,'ISO 7045 H M5 x 12 - 4.8 - H:1');
#14592=PRODUCT_DEFINITION_SHAPE('ISO 7045 H M5 x 12 - 4.8 - H:1','ISO 7045 H M5 x 12 - 4.8 - H:1',#14591);
#14593=ITEM_DEFINED_TRANSFORMATION('ISO 7045 H M5 x 12 - 4.8 - H:1','ISO 7045 H M5 x 12 - 4.8 - H:1',#13511,#14587);
#14597=(REPRESENTATION_RELATIONSHIP('ISO 7045 H M5 x 12 - 4.8 - H:1','ISO 7045 H M5 x 12 - 4.8 - H:1',#13515,#41)REPRESENTATION_RELATIONSHIP_WITH_TRANSFORMATION(#14593)SHAPE_REPRESENTATION_RELATIONSHIP());
#14598=CONTEXT_DEPENDENT_SHAPE_REPRESENTATION(#14597,#14592);
#14599=AXIS2_PLACEMENT_3D('',#14600,#14601,#14602);
#14600=CARTESIAN_POINT('',(-80.000000000000171,-60.000000000000014,-103.0));
#14601=DIRECTION('',(1.0,0.0,0.0));
#14602=DIRECTION('',(0.0,0.0,-1.0));
#14603=NEXT_ASSEMBLY_USAGE_OCCURRENCE('ISO 7045 H M5 x 12 - 4.8 - H:2','ISO 7045 H M5 x 12 - 4.8 - H:2','ISO 7045 H M5 x 12 - 4.8 - H:2',#12,#13486,'ISO 7045 H M5 x 12 - 4.8 - H:2');
#14604=PRODUCT_DEFINITION_SHAPE('ISO 7045 H M5 x 12 - 4.8 - H:2','ISO 7045 H M5 x 12 - 4.8 - H:2',#14603);
#14605=ITEM_DEFINED_TRANSFORMATION('ISO 7045 H M5 x 12 - 4.8 - H:2','ISO 7045 H M5 x 12 - 4.8 - H:2',#13511,#14599);
#14609=(REPRESENTATION_RELATIONSHIP('ISO 7045 H M5 x 12 - 4.8 - H:2','ISO 7045 H M5 x 12 - 4.8 - H:2',#13515,#41)REPRESENTATION_RELATIONSHIP_WITH_TRANSFORMATION(#14605)SHAPE_REPRESENTATION_RELATIONSHIP());
#14610=CONTEXT_DEPENDENT_SHAPE_REPRESENTATION(#14609,#14604);
#14611=AXIS2_PLACEMENT_3D('',#14612,#14613,#14614);
#14612=CARTESIAN_POINT('',(79.999999999999986,60.000000000000007,-103.0));
#14613=DIRECTION('',(1.0,0.0,0.0));
#14614=DIRECTION('',(0.0,0.0,-1.0));
#14615=NEXT_ASSEMBLY_USAGE_OCCURRENCE('ISO 7045 H M5 x 12 - 4.8 - H:3','ISO 7045 H M5 x 12 - 4.8 - H:3','ISO 7045 H M5 x 12 - 4.8 - H:3',#12,#13486,'ISO 7045 H M5 x 12 - 4.8 - H:3');
#14616=PRODUCT_DEFINITION_SHAPE('ISO 7045 H M5 x 12 - 4.8 - H:3','ISO 7045 H M5 x 12 - 4.8 - H:3',#14615);
#14617=ITEM_DEFINED_TRANSFORMATION('ISO 7045 H M5 x 12 - 4.8 - H:3','ISO 7045 H M5 x 12 - 4.8 - H:3',#13511,#14611);
#14621=(REPRESENTATION_RELATIONSHIP('ISO 7045 H M5 x 12 - 4.8 - H:3','ISO 7045 H M5 x 12 - 4.8 - H:3',#13515,#41)REPRESENTATION_RELATIONSHIP_WITH_TRANSFORMATION(#14617)SHAPE_REPRESENTATION_RELATIONSHIP());
#14622=CONTEXT_DEPENDENT_SHAPE_REPRESENTATION(#14621,#14616);
#14623=AXIS2_PLACEMENT_3D('',#14624,#14625,#14626);
#14624=CARTESIAN_POINT('',(79.999999999999829,-60.0,-103.0));
#14625=DIRECTION('',(1.0,0.0,0.0));
#14626=DIRECTION('',(0.0,0.0,-1.0));
#14627=NEXT_ASSEMBLY_USAGE_OCCURRENCE('ISO 7045 H M5 x 12 - 4.8 - H:4','ISO 7045 H M5 x 12 - 4.8 - H:4','ISO 7045 H M5 x 12 - 4.8 - H:4',#12,#13486,'ISO 7045 H M5 x 12 - 4.8 - H:4');
#14628=PRODUCT_DEFINITION_SHAPE('ISO 7045 H M5 x 12 - 4.8 - H:4','ISO 7045 H M5 x 12 - 4.8 - H:4',#14627);
#14629=ITEM_DEFINED_TRANSFORMATION('ISO 7045 H M5 x 12 - 4.8 - H:4','ISO 7045 H M5 x 12 - 4.8 - H:4',#13511,#14623);
#14633=(REPRESENTATION_RELATIONSHIP('ISO 7045 H M5 x 12 - 4.8 - H:4','ISO 7045 H M5 x 12 - 4.8 - H:4',#13515,#41)REPRESENTATION_RELATIONSHIP_WITH_TRANSFORMATION(#14629)SHAPE_REPRESENTATION_RELATIONSHIP());
#14634=CONTEXT_DEPENDENT_SHAPE_REPRESENTATION(#14633,#14628);
#14635=APPLICATION_CONTEXT('automotive design');
#14636=APPLICATION_PROTOCOL_DEFINITION('International Standard','automotive_design',2001,#14635);
#14637=PRODUCT_CONTEXT('',#14635,'mechanical');
#14638=PRODUCT('PIEDINO PER EJB-21A','PIEDINO PER EJB-21A',$,(#14637));
#14639=PRODUCT_RELATED_PRODUCT_CATEGORY('part',$,(#14638));
#14640=PRODUCT_DEFINITION_FORMATION('',$,#14638);
#14641=PRODUCT_DEFINITION_CONTEXT('part definition',#14635,'design');
#14642=PRODUCT_DEFINITION('',$,#14640,#14641);
#14648=(NAMED_UNIT(*)PLANE_ANGLE_UNIT()SI_UNIT($,.RADIAN.));
#14649=DIMENSIONAL_EXPONENTS(0.0,0.0,0.0,0.0,0.0,0.0,0.0);
#14650=PLANE_ANGLE_MEASURE_WITH_UNIT(PLANE_ANGLE_MEASURE(0.0174532925),#14648);
#14654=(CONVERSION_BASED_UNIT('DEGREE',#14650)NAMED_UNIT(#14649)PLANE_ANGLE_UNIT());
#14658=(NAMED_UNIT(*)SI_UNIT($,.STERADIAN.)SOLID_ANGLE_UNIT());
#14662=(LENGTH_UNIT()NAMED_UNIT(*)SI_UNIT(.MILLI.,.METRE.));
#14664=UNCERTAINTY_MEASURE_WITH_UNIT(LENGTH_MEASURE(0.01),#14662,'DISTANCE_ACCURACY_VALUE','');
#14666=(GEOMETRIC_REPRESENTATION_CONTEXT(3)GLOBAL_UNCERTAINTY_ASSIGNED_CONTEXT((#14664))GLOBAL_UNIT_ASSIGNED_CONTEXT((#14654,#14658,#14662))REPRESENTATION_CONTEXT('None','None'));
#14667=AXIS2_PLACEMENT_3D('',#14668,#14669,#14670);
#14668=CARTESIAN_POINT('',(0.0,0.0,0.0));
#14669=DIRECTION('',(0.0,0.0,1.0));
#14670=DIRECTION('',(1.0,0.0,0.0));
#14671=SHAPE_REPRESENTATION('',(#14667),#14666);
#14672=PRODUCT_DEFINITION_SHAPE('','',#14642);
#14673=SHAPE_DEFINITION_REPRESENTATION(#14672,#14671);
#14679=(NAMED_UNIT(*)PLANE_ANGLE_UNIT()SI_UNIT($,.RADIAN.));
#14680=DIMENSIONAL_EXPONENTS(0.0,0.0,0.0,0.0,0.0,0.0,0.0);
#14681=PLANE_ANGLE_MEASURE_WITH_UNIT(PLANE_ANGLE_MEASURE(0.0174532925),#14679);
#14685=(CONVERSION_BASED_UNIT('DEGREE',#14681)NAMED_UNIT(#14680)PLANE_ANGLE_UNIT());
#14689=(NAMED_UNIT(*)SI_UNIT($,.STERADIAN.)SOLID_ANGLE_UNIT());
#14693=(LENGTH_UNIT()NAMED_UNIT(*)SI_UNIT(.MILLI.,.METRE.));
#14695=UNCERTAINTY_MEASURE_WITH_UNIT(LENGTH_MEASURE(0.000001),#14693,'DISTANCE_ACCURACY_VALUE','');
#14697=(GEOMETRIC_REPRESENTATION_CONTEXT(3)GLOBAL_UNCERTAINTY_ASSIGNED_CONTEXT((#14695))GLOBAL_UNIT_ASSIGNED_CONTEXT((#14685,#14689,#14693))REPRESENTATION_CONTEXT('','3D'));
#14698=CARTESIAN_POINT('',(-23.0,-1.110223E-015,5.75));
#14699=DIRECTION('',(0.0,0.0,1.0));
#14700=DIRECTION('',(1.0,0.0,0.0));
#14701=AXIS2_PLACEMENT_3D('',#14698,#14699,#14700);
#14702=CONICAL_SURFACE('',#14701,6.75,44.999999999999993);
#14703=CARTESIAN_POINT('',(-14.0,-1.110223E-015,8.0));
#14704=VERTEX_POINT('',#14703);
#14705=CARTESIAN_POINT('',(-23.0,-1.110223E-015,8.0));
#14706=DIRECTION('',(0.0,0.0,-1.0));
#14707=DIRECTION('',(1.0,0.0,0.0));
#14708=AXIS2_PLACEMENT_3D('',#14705,#14706,#14707);
#14709=CIRCLE('',#14708,9.000000000000002);
#14710=EDGE_CURVE('',#14704,#14704,#14709,.T.);
#14711=ORIENTED_EDGE('',*,*,#14710,.F.);
#14712=EDGE_LOOP('',(#14711));
#14713=FACE_OUTER_BOUND('',#14712,.T.);
#14714=CARTESIAN_POINT('',(-18.5,-1.110223E-015,3.5));
#14715=VERTEX_POINT('',#14714);
#14716=CARTESIAN_POINT('',(-23.0,-1.110223E-015,3.5));
#14717=DIRECTION('',(0.0,0.0,1.0));
#14718=DIRECTION('',(1.0,0.0,0.0));
#14719=AXIS2_PLACEMENT_3D('',#14716,#14717,#14718);
#14720=CIRCLE('',#14719,4.500000000000002);
#14721=EDGE_CURVE('',#14715,#14715,#14720,.T.);
#14722=ORIENTED_EDGE('',*,*,#14721,.F.);
#14723=EDGE_LOOP('',(#14722));
#14724=FACE_BOUND('',#14723,.T.);
#14725=ADVANCED_FACE('',(#14713,#14724),#14702,.F.);
#14726=CARTESIAN_POINT('',(-33.5,-10.5,0.0));
#14727=DIRECTION('',(-1.0,0.0,0.0));
#14728=DIRECTION('',(0.0,0.0,1.0));
#14729=AXIS2_PLACEMENT_3D('',#14726,#14727,#14728);
#14730=PLANE('',#14729);
#14731=CARTESIAN_POINT('',(-33.5,-10.5,3.5));
#14732=VERTEX_POINT('',#14731);
#14733=CARTESIAN_POINT('',(-33.5,10.500000000000004,3.5));
#14734=VERTEX_POINT('',#14733);
#14735=CARTESIAN_POINT('',(-33.500000000000007,-10.500000000000004,3.5));
#14736=DIRECTION('',(0.0,1.0,0.0));
#14737=VECTOR('',#14736,21.000000000000007);
#14738=LINE('',#14735,#14737);
#14739=EDGE_CURVE('',#14732,#14734,#14738,.T.);
#14740=ORIENTED_EDGE('',*,*,#14739,.F.);
#14741=CARTESIAN_POINT('',(-33.5,-10.5,0.0));
#14742=VERTEX_POINT('',#14741);
#14743=CARTESIAN_POINT('',(-33.5,-10.5,0.0));
#14744=DIRECTION('',(0.0,0.0,1.0));
#14745=VECTOR('',#14744,3.5);
#14746=LINE('',#14743,#14745);
#14747=EDGE_CURVE('',#14742,#14732,#14746,.T.);
#14748=ORIENTED_EDGE('',*,*,#14747,.F.);
#14749=CARTESIAN_POINT('',(-33.5,10.500000000000004,0.0));
#14750=VERTEX_POINT('',#14749);
#14751=CARTESIAN_POINT('',(-33.5,10.500000000000004,0.0));
#14752=DIRECTION('',(0.0,-1.0,0.0));
#14753=VECTOR('',#14752,21.000000000000004);
#14754=LINE('',#14751,#14753);
#14755=EDGE_CURVE('',#14750,#14742,#14754,.T.);
#14756=ORIENTED_EDGE('',*,*,#14755,.F.);
#14757=CARTESIAN_POINT('',(-33.5,10.500000000000004,0.0));
#14758=DIRECTION('',(0.0,0.0,1.0));
#14759=VECTOR('',#14758,3.5);
#14760=LINE('',#14757,#14759);
#14761=EDGE_CURVE('',#14750,#14734,#14760,.T.);
#14762=ORIENTED_EDGE('',*,*,#14761,.T.);
#14763=EDGE_LOOP('',(#14740,#14748,#14756,#14762));
#14764=FACE_OUTER_BOUND('',#14763,.T.);
#14765=ADVANCED_FACE('',(#14764),#14730,.F.);
#14766=CARTESIAN_POINT('',(-33.5,10.500000000000004,0.0));
#14767=DIRECTION('',(0.0,1.0,0.0));
#14768=DIRECTION('',(0.0,0.0,1.0));
#14769=AXIS2_PLACEMENT_3D('',#14766,#14767,#14768);
#14770=PLANE('',#14769);
#14771=CARTESIAN_POINT('',(-12.5,10.499999999999998,3.5));
#14772=VERTEX_POINT('',#14771);
#14773=CARTESIAN_POINT('',(-33.5,10.500000000000004,3.5));
#14774=DIRECTION('',(1.0,0.0,0.0));
#14775=VECTOR('',#14774,21.0);
#14776=LINE('',#14773,#14775);
#14777=EDGE_CURVE('',#14734,#14772,#14776,.T.);
#14778=ORIENTED_EDGE('',*,*,#14777,.F.);
#14779=ORIENTED_EDGE('',*,*,#14761,.F.);
#14780=CARTESIAN_POINT('',(-12.5,10.499999999999998,0.0));
#14781=VERTEX_POINT('',#14780);
#14782=CARTESIAN_POINT('',(-12.5,10.499999999999998,0.0));
#14783=DIRECTION('',(-1.0,0.0,0.0));
#14784=VECTOR('',#14783,21.0);
#14785=LINE('',#14782,#14784);
#14786=EDGE_CURVE('',#14781,#14750,#14785,.T.);
#14787=ORIENTED_EDGE('',*,*,#14786,.F.);
#14788=CARTESIAN_POINT('',(-12.5,10.499999999999998,0.0));
#14789=DIRECTION('',(0.0,0.0,1.0));
#14790=VECTOR('',#14789,3.5);
#14791=LINE('',#14788,#14790);
#14792=EDGE_CURVE('',#14781,#14772,#14791,.T.);
#14793=ORIENTED_EDGE('',*,*,#14792,.T.);
#14794=EDGE_LOOP('',(#14778,#14779,#14787,#14793));
#14795=FACE_OUTER_BOUND('',#14794,.T.);
#14796=ADVANCED_FACE('',(#14795),#14770,.F.);
#14797=CARTESIAN_POINT('',(-12.5,10.499999999999998,0.0));
#14798=DIRECTION('',(1.0,0.0,0.0));
#14799=DIRECTION('',(0.0,0.0,-1.0));
#14800=AXIS2_PLACEMENT_3D('',#14797,#14798,#14799);
#14801=PLANE('',#14800);
#14802=CARTESIAN_POINT('',(-12.5,-10.500000000000004,3.5));
#14803=VERTEX_POINT('',#14802);
#14804=CARTESIAN_POINT('',(-12.5,10.499999999999996,3.5));
#14805=DIRECTION('',(0.0,-1.0,0.0));
#14806=VECTOR('',#14805,21.0);
#14807=LINE('',#14804,#14806);
#14808=EDGE_CURVE('',#14772,#14803,#14807,.T.);
#14809=ORIENTED_EDGE('',*,*,#14808,.F.);
#14810=ORIENTED_EDGE('',*,*,#14792,.F.);
#14811=CARTESIAN_POINT('',(-12.5,-10.500000000000004,0.0));
#14812=VERTEX_POINT('',#14811);
#14813=CARTESIAN_POINT('',(-12.5,-10.500000000000004,0.0));
#14814=DIRECTION('',(0.0,1.0,0.0));
#14815=VECTOR('',#14814,21.0);
#14816=LINE('',#14813,#14815);
#14817=EDGE_CURVE('',#14812,#14781,#14816,.T.);
#14818=ORIENTED_EDGE('',*,*,#14817,.F.);
#14819=CARTESIAN_POINT('',(-12.5,-10.500000000000004,0.0));
#14820=DIRECTION('',(0.0,0.0,1.0));
#14821=VECTOR('',#14820,3.5);
#14822=LINE('',#14819,#14821);
#14823=EDGE_CURVE('',#14812,#14803,#14822,.T.);
#14824=ORIENTED_EDGE('',*,*,#14823,.T.);
#14825=EDGE_LOOP('',(#14809,#14810,#14818,#14824));
#14826=FACE_OUTER_BOUND('',#14825,.T.);
#14827=ADVANCED_FACE('',(#14826),#14801,.F.);
#14828=CARTESIAN_POINT('',(-12.5,-10.500000000000004,0.0));
#14829=DIRECTION('',(0.0,-1.0,0.0));
#14830=DIRECTION('',(0.0,0.0,-1.0));
#14831=AXIS2_PLACEMENT_3D('',#14828,#14829,#14830);
#14832=PLANE('',#14831);
#14833=CARTESIAN_POINT('',(-12.5,-10.500000000000002,3.5));
#14834=DIRECTION('',(-1.0,0.0,0.0));
#14835=VECTOR('',#14834,21.0);
#14836=LINE('',#14833,#14835);
#14837=EDGE_CURVE('',#14803,#14732,#14836,.T.);
#14838=ORIENTED_EDGE('',*,*,#14837,.F.);
#14839=ORIENTED_EDGE('',*,*,#14823,.F.);
#14840=CARTESIAN_POINT('',(-33.5,-10.5,0.0));
#14841=DIRECTION('',(1.0,0.0,0.0));
#14842=VECTOR('',#14841,21.0);
#14843=LINE('',#14840,#14842);
#14844=EDGE_CURVE('',#14742,#14812,#14843,.T.);
#14845=ORIENTED_EDGE('',*,*,#14844,.F.);
#14846=ORIENTED_EDGE('',*,*,#14747,.T.);
#14847=EDGE_LOOP('',(#14838,#14839,#14845,#14846));
#14848=FACE_OUTER_BOUND('',#14847,.T.);
#14849=ADVANCED_FACE('',(#14848),#14832,.F.);
#14850=CARTESIAN_POINT('',(-23.000000000000004,-2.220446E-015,3.5));
#14851=DIRECTION('',(0.0,0.0,1.0));
#14852=DIRECTION('',(1.0,0.0,0.0));
#14853=AXIS2_PLACEMENT_3D('',#14850,#14851,#14852);
#14854=PLANE('',#14853);
#14855=ORIENTED_EDGE('',*,*,#14739,.T.);
#14856=ORIENTED_EDGE('',*,*,#14777,.T.);
#14857=ORIENTED_EDGE('',*,*,#14808,.T.);
#14858=ORIENTED_EDGE('',*,*,#14837,.T.);
#14859=EDGE_LOOP('',(#14855,#14856,#14857,#14858));
#14860=FACE_OUTER_BOUND('',#14859,.T.);
#14861=ORIENTED_EDGE('',*,*,#14721,.T.);
#14862=EDGE_LOOP('',(#14861));
#14863=FACE_BOUND('',#14862,.T.);
#14864=ADVANCED_FACE('',(#14860,#14863),#14854,.F.);
#14865=CARTESIAN_POINT('',(-37.0,-13.000000000000007,0.0));
#14866=DIRECTION('',(0.0,0.0,1.0));
#14867=DIRECTION('',(-0.707106781186547,-0.707106781186547,0.0));
#14868=AXIS2_PLACEMENT_3D('',#14865,#14866,#14867);
#14869=CYLINDRICAL_SURFACE('',#14868,3.0);
#14870=CARTESIAN_POINT('',(-37.0,-16.000000000000007,10.0));
#14871=VERTEX_POINT('',#14870);
#14872=CARTESIAN_POINT('',(-40.0,-13.000000000000009,10.0));
#14873=VERTEX_POINT('',#14872);
#14874=CARTESIAN_POINT('',(-37.0,-13.000000000000007,10.0));
#14875=DIRECTION('',(0.0,0.0,-1.0));
#14876=DIRECTION('',(-0.707106781186547,-0.707106781186547,0.0));
#14877=AXIS2_PLACEMENT_3D('',#14874,#14875,#14876);
#14878=CIRCLE('',#14877,3.0);
#14879=EDGE_CURVE('',#14871,#14873,#14878,.T.);
#14880=ORIENTED_EDGE('',*,*,#14879,.T.);
#14881=CARTESIAN_POINT('',(-40.0,-13.000000000000007,0.0));
#14882=VERTEX_POINT('',#14881);
#14883=CARTESIAN_POINT('',(-40.0,-13.000000000000007,10.0));
#14884=DIRECTION('',(0.0,0.0,-1.0));
#14885=VECTOR('',#14884,10.0);
#14886=LINE('',#14883,#14885);
#14887=EDGE_CURVE('',#14873,#14882,#14886,.T.);
#14888=ORIENTED_EDGE('',*,*,#14887,.T.);
#14889=CARTESIAN_POINT('',(-37.0,-16.000000000000007,0.0));
#14890=VERTEX_POINT('',#14889);
#14891=CARTESIAN_POINT('',(-37.0,-13.000000000000007,0.0));
#14892=DIRECTION('',(0.0,0.0,1.0));
#14893=DIRECTION('',(-0.707106781186547,-0.707106781186547,0.0));
#14894=AXIS2_PLACEMENT_3D('',#14891,#14892,#14893);
#14895=CIRCLE('',#14894,3.0);
#14896=EDGE_CURVE('',#14882,#14890,#14895,.T.);
#14897=ORIENTED_EDGE('',*,*,#14896,.T.);
#14898=CARTESIAN_POINT('',(-37.0,-16.000000000000007,0.0));
#14899=DIRECTION('',(0.0,0.0,1.0));
#14900=VECTOR('',#14899,10.0);
#14901=LINE('',#14898,#14900);
#14902=EDGE_CURVE('',#14890,#14871,#14901,.T.);
#14903=ORIENTED_EDGE('',*,*,#14902,.T.);
#14904=EDGE_LOOP('',(#14880,#14888,#14897,#14903));
#14905=FACE_OUTER_BOUND('',#14904,.T.);
#14906=ADVANCED_FACE('',(#14905),#14869,.T.);
#14907=CARTESIAN_POINT('',(-40.0,-16.000000000000007,0.0));
#14908=DIRECTION('',(-1.0,0.0,0.0));
#14909=DIRECTION('',(0.0,0.0,1.0));
#14910=AXIS2_PLACEMENT_3D('',#14907,#14908,#14909);
#14911=PLANE('',#14910);
#14912=ORIENTED_EDGE('',*,*,#14887,.F.);
#14913=CARTESIAN_POINT('',(-40.0,12.999999999999993,10.0));
#14914=VERTEX_POINT('',#14913);
#14915=CARTESIAN_POINT('',(-40.0,-13.000000000000009,10.0));
#14916=DIRECTION('',(0.0,1.0,0.0));
#14917=VECTOR('',#14916,26.000000000000004);
#14918=LINE('',#14915,#14917);
#14919=EDGE_CURVE('',#14873,#14914,#14918,.T.);
#14920=ORIENTED_EDGE('',*,*,#14919,.T.);
#14921=CARTESIAN_POINT('',(-40.0,12.999999999999996,0.0));
#14922=VERTEX_POINT('',#14921);
#14923=CARTESIAN_POINT('',(-40.0,12.999999999999993,0.0));
#14924=DIRECTION('',(0.0,0.0,1.0));
#14925=VECTOR('',#14924,10.0);
#14926=LINE('',#14923,#14925);
#14927=EDGE_CURVE('',#14922,#14914,#14926,.T.);
#14928=ORIENTED_EDGE('',*,*,#14927,.F.);
#14929=CARTESIAN_POINT('',(-40.0,-13.000000000000007,0.0));
#14930=DIRECTION('',(0.0,1.0,0.0));
#14931=VECTOR('',#14930,26.000000000000004);
#14932=LINE('',#14929,#14931);
#14933=EDGE_CURVE('',#14882,#14922,#14932,.T.);
#14934=ORIENTED_EDGE('',*,*,#14933,.F.);
#14935=EDGE_LOOP('',(#14912,#14920,#14928,#14934));
#14936=FACE_OUTER_BOUND('',#14935,.T.);
#14937=ADVANCED_FACE('',(#14936),#14911,.T.);
#14938=CARTESIAN_POINT('',(-5.994444444444431,0.155555555555561,10.0));
#14939=DIRECTION('',(0.0,0.0,1.0));
#14940=DIRECTION('',(1.0,0.0,0.0));
#14941=AXIS2_PLACEMENT_3D('',#14938,#14939,#14940);
#14942=PLANE('',#14941);
#14943=ORIENTED_EDGE('',*,*,#14879,.F.);
#14944=CARTESIAN_POINT('',(35.0,-15.999999999999996,10.0));
#14945=VERTEX_POINT('',#14944);
#14946=CARTESIAN_POINT('',(35.0,-15.999999999999996,10.0));
#14947=DIRECTION('',(-1.0,0.0,0.0));
#14948=VECTOR('',#14947,72.0);
#14949=LINE('',#14946,#14948);
#14950=EDGE_CURVE('',#14945,#14871,#14949,.T.);
#14951=ORIENTED_EDGE('',*,*,#14950,.F.);
#14952=CARTESIAN_POINT('',(34.999999999999986,-11.99999999999989,10.0));
#14953=VERTEX_POINT('',#14952);
#14954=CARTESIAN_POINT('',(34.999999999999986,-11.99999999999989,10.0));
#14955=DIRECTION('',(0.0,-1.0,0.0));
#14956=VECTOR('',#14955,4.000000000000107);
#14957=LINE('',#14954,#14956);
#14958=EDGE_CURVE('',#14953,#14945,#14957,.T.);
#14959=ORIENTED_EDGE('',*,*,#14958,.F.);
#14960=CARTESIAN_POINT('',(-35.999999999999957,-12.000000000000002,10.0));
#14961=VERTEX_POINT('',#14960);
#14962=CARTESIAN_POINT('',(-35.999999999999957,-12.0,10.0));
#14963=DIRECTION('',(1.0,0.0,0.0));
#14964=VECTOR('',#14963,70.999999999999943);
#14965=LINE('',#14962,#14964);
#14966=EDGE_CURVE('',#14961,#14953,#14965,.T.);
#14967=ORIENTED_EDGE('',*,*,#14966,.F.);
#14968=CARTESIAN_POINT('',(-36.0,11.999999999999993,10.0));
#14969=VERTEX_POINT('',#14968);
#14970=CARTESIAN_POINT('',(-36.0,11.999999999999991,10.0));
#14971=DIRECTION('',(0.0,-1.0,0.0));
#14972=VECTOR('',#14971,23.999999999999993);
#14973=LINE('',#14970,#14972);
#14974=EDGE_CURVE('',#14969,#14961,#14973,.T.);
#14975=ORIENTED_EDGE('',*,*,#14974,.F.);
#14976=CARTESIAN_POINT('',(36.999999999999993,11.999999999999996,10.0));
#14977=VERTEX_POINT('',#14976);
#14978=CARTESIAN_POINT('',(36.999999999999986,11.999999999999996,10.0));
#14979=DIRECTION('',(-1.0,0.0,0.0));
#14980=VECTOR('',#14979,72.999999999999986);
#14981=LINE('',#14978,#14980);
#14982=EDGE_CURVE('',#14977,#14969,#14981,.T.);
#14983=ORIENTED_EDGE('',*,*,#14982,.F.);
#14984=CARTESIAN_POINT('',(36.999999999999993,15.999999999999998,10.0));
#14985=VERTEX_POINT('',#14984);
#14986=CARTESIAN_POINT('',(36.999999999999993,15.999999999999998,10.0));
#14987=DIRECTION('',(0.0,-1.0,0.0));
#14988=VECTOR('',#14987,4.000000000000002);
#14989=LINE('',#14986,#14988);
#14990=EDGE_CURVE('',#14985,#14977,#14989,.T.);
#14991=ORIENTED_EDGE('',*,*,#14990,.F.);
#14992=CARTESIAN_POINT('',(-37.0,15.999999999999995,10.0));
#14993=VERTEX_POINT('',#14992);
#14994=CARTESIAN_POINT('',(-37.000000000000007,15.999999999999995,10.0));
#14995=DIRECTION('',(1.0,0.0,0.0));
#14996=VECTOR('',#14995,74.0);
#14997=LINE('',#14994,#14996);
#14998=EDGE_CURVE('',#14993,#14985,#14997,.T.);
#14999=ORIENTED_EDGE('',*,*,#14998,.F.);
#15000=CARTESIAN_POINT('',(-37.0,12.999999999999993,10.0));
#15001=DIRECTION('',(0.0,0.0,-1.0));
#15002=DIRECTION('',(-0.707106781186547,0.707106781186547,0.0));
#15003=AXIS2_PLACEMENT_3D('',#15000,#15001,#15002);
#15004=CIRCLE('',#15003,3.0);
#15005=EDGE_CURVE('',#14914,#14993,#15004,.T.);
#15006=ORIENTED_EDGE('',*,*,#15005,.F.);
#15007=ORIENTED_EDGE('',*,*,#14919,.F.);
#15008=EDGE_LOOP('',(#14943,#14951,#14959,#14967,#14975,#14983,#14991,#14999,#15006,#15007));
#15009=FACE_OUTER_BOUND('',#15008,.T.);
#15010=ADVANCED_FACE('',(#15009),#14942,.T.);
#15011=CARTESIAN_POINT('',(-37.0,12.999999999999993,0.0));
#15012=DIRECTION('',(0.0,0.0,1.0));
#15013=DIRECTION('',(-0.707106781186547,0.707106781186547,0.0));
#15014=AXIS2_PLACEMENT_3D('',#15011,#15012,#15013);
#15015=CYLINDRICAL_SURFACE('',#15014,3.0);
#15016=ORIENTED_EDGE('',*,*,#15005,.T.);
#15017=CARTESIAN_POINT('',(-37.0,15.999999999999995,0.0));
#15018=VERTEX_POINT('',#15017);
#15019=CARTESIAN_POINT('',(-37.0,15.999999999999995,10.0));
#15020=DIRECTION('',(0.0,0.0,-1.0));
#15021=VECTOR('',#15020,10.0);
#15022=LINE('',#15019,#15021);
#15023=EDGE_CURVE('',#14993,#15018,#15022,.T.);
#15024=ORIENTED_EDGE('',*,*,#15023,.T.);
#15025=CARTESIAN_POINT('',(-37.0,12.999999999999993,0.0));
#15026=DIRECTION('',(0.0,0.0,1.0));
#15027=DIRECTION('',(-0.707106781186547,0.707106781186547,0.0));
#15028=AXIS2_PLACEMENT_3D('',#15025,#15026,#15027);
#15029=CIRCLE('',#15028,3.0);
#15030=EDGE_CURVE('',#15018,#14922,#15029,.T.);
#15031=ORIENTED_EDGE('',*,*,#15030,.T.);
#15032=ORIENTED_EDGE('',*,*,#14927,.T.);
#15033=EDGE_LOOP('',(#15016,#15024,#15031,#15032));
#15034=FACE_OUTER_BOUND('',#15033,.T.);
#15035=ADVANCED_FACE('',(#15034),#15015,.T.);
#15036=CARTESIAN_POINT('',(-40.0,15.999999999999995,0.0));
#15037=DIRECTION('',(0.0,1.0,0.0));
#15038=DIRECTION('',(0.0,0.0,1.0));
#15039=AXIS2_PLACEMENT_3D('',#15036,#15037,#15038);
#15040=PLANE('',#15039);
#15041=ORIENTED_EDGE('',*,*,#15023,.F.);
#15042=ORIENTED_EDGE('',*,*,#14998,.T.);
#15043=CARTESIAN_POINT('',(36.999999999999993,15.999999999999998,8.0));
#15044=VERTEX_POINT('',#15043);
#15045=CARTESIAN_POINT('',(36.999999999999993,15.999999999999998,8.0));
#15046=DIRECTION('',(0.0,0.0,1.0));
#15047=VECTOR('',#15046,2.0);
#15048=LINE('',#15045,#15047);
#15049=EDGE_CURVE('',#15044,#14985,#15048,.T.);
#15050=ORIENTED_EDGE('',*,*,#15049,.F.);
#15051=CARTESIAN_POINT('',(36.999999999999993,15.999999999999998,0.0));
#15052=VERTEX_POINT('',#15051);
#15053=CARTESIAN_POINT('',(36.999999999999993,15.999999999999998,0.0));
#15054=DIRECTION('',(0.0,0.0,1.0));
#15055=VECTOR('',#15054,8.0);
#15056=LINE('',#15053,#15055);
#15057=EDGE_CURVE('',#15052,#15044,#15056,.T.);
#15058=ORIENTED_EDGE('',*,*,#15057,.F.);
#15059=CARTESIAN_POINT('',(-37.0,15.999999999999995,0.0));
#15060=DIRECTION('',(1.0,0.0,0.0));
#15061=VECTOR('',#15060,74.0);
#15062=LINE('',#15059,#15061);
#15063=EDGE_CURVE('',#15018,#15052,#15062,.T.);
#15064=ORIENTED_EDGE('',*,*,#15063,.F.);
#15065=EDGE_LOOP('',(#15041,#15042,#15050,#15058,#15064));
#15066=FACE_OUTER_BOUND('',#15065,.T.);
#15067=ADVANCED_FACE('',(#15066),#15040,.T.);
#15068=CARTESIAN_POINT('',(36.999999999999993,15.999999999999998,8.0));
#15069=DIRECTION('',(1.0,0.0,0.0));
#15070=DIRECTION('',(0.0,0.0,-1.0));
#15071=AXIS2_PLACEMENT_3D('',#15068,#15069,#15070);
#15072=PLANE('',#15071);
#15073=ORIENTED_EDGE('',*,*,#14990,.T.);
#15074=CARTESIAN_POINT('',(36.999999999999993,11.999999999999996,8.0));
#15075=VERTEX_POINT('',#15074);
#15076=CARTESIAN_POINT('',(36.999999999999993,11.999999999999996,8.0));
#15077=DIRECTION('',(0.0,0.0,1.0));
#15078=VECTOR('',#15077,2.0);
#15079=LINE('',#15076,#15078);
#15080=EDGE_CURVE('',#15075,#14977,#15079,.T.);
#15081=ORIENTED_EDGE('',*,*,#15080,.F.);
#15082=CARTESIAN_POINT('',(36.999999999999993,15.999999999999998,8.0));
#15083=DIRECTION('',(0.0,-1.0,0.0));
#15084=VECTOR('',#15083,4.000000000000002);
#15085=LINE('',#15082,#15084);
#15086=EDGE_CURVE('',#15044,#15075,#15085,.T.);
#15087=ORIENTED_EDGE('',*,*,#15086,.F.);
#15088=ORIENTED_EDGE('',*,*,#15049,.T.);
#15089=EDGE_LOOP('',(#15073,#15081,#15087,#15088));
#15090=FACE_OUTER_BOUND('',#15089,.T.);
#15091=ADVANCED_FACE('',(#15090),#15072,.T.);
#15092=CARTESIAN_POINT('',(36.999999999999993,11.999999999999996,8.0));
#15093=DIRECTION('',(0.0,-1.0,0.0));
#15094=DIRECTION('',(0.0,0.0,-1.0));
#15095=AXIS2_PLACEMENT_3D('',#15092,#15093,#15094);
#15096=PLANE('',#15095);
#15097=ORIENTED_EDGE('',*,*,#14982,.T.);
#15098=CARTESIAN_POINT('',(-36.0,11.999999999999993,8.0));
#15099=VERTEX_POINT('',#15098);
#15100=CARTESIAN_POINT('',(-36.0,11.999999999999993,8.0));
#15101=DIRECTION('',(0.0,0.0,1.0));
#15102=VECTOR('',#15101,2.0);
#15103=LINE('',#15100,#15102);
#15104=EDGE_CURVE('',#15099,#14969,#15103,.T.);
#15105=ORIENTED_EDGE('',*,*,#15104,.F.);
#15106=CARTESIAN_POINT('',(36.999999999999993,11.999999999999998,8.0));
#15107=DIRECTION('',(-1.0,0.0,0.0));
#15108=VECTOR('',#15107,73.0);
#15109=LINE('',#15106,#15108);
#15110=EDGE_CURVE('',#15075,#15099,#15109,.T.);
#15111=ORIENTED_EDGE('',*,*,#15110,.F.);
#15112=ORIENTED_EDGE('',*,*,#15080,.T.);
#15113=EDGE_LOOP('',(#15097,#15105,#15111,#15112));
#15114=FACE_OUTER_BOUND('',#15113,.T.);
#15115=ADVANCED_FACE('',(#15114),#15096,.T.);
#15116=CARTESIAN_POINT('',(-36.0,11.999999999999993,8.0));
#15117=DIRECTION('',(1.0,0.0,0.0));
#15118=DIRECTION('',(0.0,0.0,-1.0));
#15119=AXIS2_PLACEMENT_3D('',#15116,#15117,#15118);
#15120=PLANE('',#15119);
#15121=ORIENTED_EDGE('',*,*,#14974,.T.);
#15122=CARTESIAN_POINT('',(-35.999999999999957,-12.000000000000002,8.0));
#15123=VERTEX_POINT('',#15122);
#15124=CARTESIAN_POINT('',(-35.999999999999957,-12.000000000000002,8.0));
#15125=DIRECTION('',(0.0,0.0,1.0));
#15126=VECTOR('',#15125,2.0);
#15127=LINE('',#15124,#15126);
#15128=EDGE_CURVE('',#15123,#14961,#15127,.T.);
#15129=ORIENTED_EDGE('',*,*,#15128,.F.);
#15130=CARTESIAN_POINT('',(-36.0,11.999999999999993,8.0));
#15131=DIRECTION('',(0.0,-1.0,0.0));
#15132=VECTOR('',#15131,23.999999999999993);
#15133=LINE('',#15130,#15132);
#15134=EDGE_CURVE('',#15099,#15123,#15133,.T.);
#15135=ORIENTED_EDGE('',*,*,#15134,.F.);
#15136=ORIENTED_EDGE('',*,*,#15104,.T.);
#15137=EDGE_LOOP('',(#15121,#15129,#15135,#15136));
#15138=FACE_OUTER_BOUND('',#15137,.T.);
#15139=ADVANCED_FACE('',(#15138),#15120,.T.);
#15140=CARTESIAN_POINT('',(-35.999999999999957,-12.000000000000002,8.0));
#15141=DIRECTION('',(0.0,1.0,0.0));
#15142=DIRECTION('',(0.0,0.0,1.0));
#15143=AXIS2_PLACEMENT_3D('',#15140,#15141,#15142);
#15144=PLANE('',#15143);
#15145=ORIENTED_EDGE('',*,*,#14966,.T.);
#15146=CARTESIAN_POINT('',(34.999999999999986,-11.99999999999989,8.0));
#15147=VERTEX_POINT('',#15146);
#15148=CARTESIAN_POINT('',(34.999999999999986,-11.99999999999989,8.0));
#15149=DIRECTION('',(0.0,0.0,1.0));
#15150=VECTOR('',#15149,2.0);
#15151=LINE('',#15148,#15150);
#15152=EDGE_CURVE('',#15147,#14953,#15151,.T.);
#15153=ORIENTED_EDGE('',*,*,#15152,.F.);
#15154=CARTESIAN_POINT('',(-35.999999999999957,-12.000000000000002,8.0));
#15155=DIRECTION('',(1.0,0.0,0.0));
#15156=VECTOR('',#15155,70.999999999999943);
#15157=LINE('',#15154,#15156);
#15158=EDGE_CURVE('',#15123,#15147,#15157,.T.);
#15159=ORIENTED_EDGE('',*,*,#15158,.F.);
#15160=ORIENTED_EDGE('',*,*,#15128,.T.);
#15161=EDGE_LOOP('',(#15145,#15153,#15159,#15160));
#15162=FACE_OUTER_BOUND('',#15161,.T.);
#15163=ADVANCED_FACE('',(#15162),#15144,.T.);
#15164=CARTESIAN_POINT('',(34.999999999999986,-11.99999999999989,8.0));
#15165=DIRECTION('',(1.0,0.0,0.0));
#15166=DIRECTION('',(0.0,0.0,-1.0));
#15167=AXIS2_PLACEMENT_3D('',#15164,#15165,#15166);
#15168=PLANE('',#15167);
#15169=ORIENTED_EDGE('',*,*,#14958,.T.);
#15170=CARTESIAN_POINT('',(35.0,-15.999999999999996,8.0));
#15171=VERTEX_POINT('',#15170);
#15172=CARTESIAN_POINT('',(35.0,-15.999999999999996,8.0));
#15173=DIRECTION('',(0.0,0.0,1.0));
#15174=VECTOR('',#15173,2.0);
#15175=LINE('',#15172,#15174);
#15176=EDGE_CURVE('',#15171,#14945,#15175,.T.);
#15177=ORIENTED_EDGE('',*,*,#15176,.F.);
#15178=CARTESIAN_POINT('',(34.999999999999986,-11.99999999999989,8.0));
#15179=DIRECTION('',(0.0,-1.0,0.0));
#15180=VECTOR('',#15179,4.000000000000107);
#15181=LINE('',#15178,#15180);
#15182=EDGE_CURVE('',#15147,#15171,#15181,.T.);
#15183=ORIENTED_EDGE('',*,*,#15182,.F.);
#15184=ORIENTED_EDGE('',*,*,#15152,.T.);
#15185=EDGE_LOOP('',(#15169,#15177,#15183,#15184));
#15186=FACE_OUTER_BOUND('',#15185,.T.);
#15187=ADVANCED_FACE('',(#15186),#15168,.T.);
#15188=CARTESIAN_POINT('',(37.0,13.000000000000004,0.0));
#15189=DIRECTION('',(0.0,0.0,1.0));
#15190=DIRECTION('',(-1.0,0.0,0.0));
#15191=AXIS2_PLACEMENT_3D('',#15188,#15189,#15190);
#15192=CYLINDRICAL_SURFACE('',#15191,2.999999999999996);
#15193=CARTESIAN_POINT('',(39.999999999999993,12.999999999999998,8.0));
#15194=VERTEX_POINT('',#15193);
#15195=CARTESIAN_POINT('',(37.0,13.000000000000004,8.0));
#15196=DIRECTION('',(0.0,0.0,-1.0));
#15197=DIRECTION('',(-1.0,0.0,0.0));
#15198=AXIS2_PLACEMENT_3D('',#15195,#15196,#15197);
#15199=CIRCLE('',#15198,2.999999999999996);
#15200=EDGE_CURVE('',#15044,#15194,#15199,.T.);
#15201=ORIENTED_EDGE('',*,*,#15200,.T.);
#15202=CARTESIAN_POINT('',(39.999999999999993,12.999999999999998,0.0));
#15203=VERTEX_POINT('',#15202);
#15204=CARTESIAN_POINT('',(39.999999999999993,12.999999999999998,0.0));
#15205=DIRECTION('',(0.0,0.0,1.0));
#15206=VECTOR('',#15205,8.0);
#15207=LINE('',#15204,#15206);
#15208=EDGE_CURVE('',#15203,#15194,#15207,.T.);
#15209=ORIENTED_EDGE('',*,*,#15208,.F.);
#15210=CARTESIAN_POINT('',(37.0,13.000000000000004,0.0));
#15211=DIRECTION('',(0.0,0.0,-1.0));
#15212=DIRECTION('',(-1.0,0.0,0.0));
#15213=AXIS2_PLACEMENT_3D('',#15210,#15211,#15212);
#15214=CIRCLE('',#15213,2.999999999999996);
#15215=EDGE_CURVE('',#15052,#15203,#15214,.T.);
#15216=ORIENTED_EDGE('',*,*,#15215,.F.);
#15217=ORIENTED_EDGE('',*,*,#15057,.T.);
#15218=EDGE_LOOP('',(#15201,#15209,#15216,#15217));
#15219=FACE_OUTER_BOUND('',#15218,.T.);
#15220=ADVANCED_FACE('',(#15219),#15192,.T.);
#15221=CARTESIAN_POINT('',(39.999999999999993,12.999999999999998,0.0));
#15222=DIRECTION('',(1.0,0.0,0.0));
#15223=DIRECTION('',(0.0,0.0,-1.0));
#15224=AXIS2_PLACEMENT_3D('',#15221,#15222,#15223);
#15225=PLANE('',#15224);
#15226=CARTESIAN_POINT('',(40.0,8.499999999999996,8.0));
#15227=VERTEX_POINT('',#15226);
#15228=CARTESIAN_POINT('',(39.999999999999993,12.999999999999998,8.0));
#15229=DIRECTION('',(0.0,-1.0,0.0));
#15230=VECTOR('',#15229,4.500000000000002);
#15231=LINE('',#15228,#15230);
#15232=EDGE_CURVE('',#15194,#15227,#15231,.T.);
#15233=ORIENTED_EDGE('',*,*,#15232,.T.);
#15234=CARTESIAN_POINT('',(40.0,8.499999999999996,0.0));
#15235=VERTEX_POINT('',#15234);
#15236=CARTESIAN_POINT('',(40.0,8.499999999999996,0.0));
#15237=DIRECTION('',(0.0,0.0,1.0));
#15238=VECTOR('',#15237,8.0);
#15239=LINE('',#15236,#15238);
#15240=EDGE_CURVE('',#15235,#15227,#15239,.T.);
#15241=ORIENTED_EDGE('',*,*,#15240,.F.);
#15242=CARTESIAN_POINT('',(39.999999999999993,12.999999999999998,0.0));
#15243=DIRECTION('',(0.0,-1.0,0.0));
#15244=VECTOR('',#15243,4.500000000000002);
#15245=LINE('',#15242,#15244);
#15246=EDGE_CURVE('',#15203,#15235,#15245,.T.);
#15247=ORIENTED_EDGE('',*,*,#15246,.F.);
#15248=ORIENTED_EDGE('',*,*,#15208,.T.);
#15249=EDGE_LOOP('',(#15233,#15241,#15247,#15248));
#15250=FACE_OUTER_BOUND('',#15249,.T.);
#15251=ADVANCED_FACE('',(#15250),#15225,.T.);
#15252=CARTESIAN_POINT('',(37.000000000000014,8.499999999999996,0.0));
#15253=DIRECTION('',(0.0,0.0,1.0));
#15254=DIRECTION('',(0.0,1.0,0.0));
#15255=AXIS2_PLACEMENT_3D('',#15252,#15253,#15254);
#15256=CYLINDRICAL_SURFACE('',#15255,2.999999999999994);
#15257=CARTESIAN_POINT('',(37.000000000000014,5.499999999999996,8.0));
#15258=VERTEX_POINT('',#15257);
#15259=CARTESIAN_POINT('',(37.000000000000014,8.499999999999996,8.0));
#15260=DIRECTION('',(0.0,0.0,-1.0));
#15261=DIRECTION('',(0.0,1.0,0.0));
#15262=AXIS2_PLACEMENT_3D('',#15259,#15260,#15261);
#15263=CIRCLE('',#15262,2.999999999999994);
#15264=EDGE_CURVE('',#15227,#15258,#15263,.T.);
#15265=ORIENTED_EDGE('',*,*,#15264,.T.);
#15266=CARTESIAN_POINT('',(37.000000000000014,5.499999999999996,0.0));
#15267=VERTEX_POINT('',#15266);
#15268=CARTESIAN_POINT('',(37.000000000000014,5.499999999999996,0.0));
#15269=DIRECTION('',(0.0,0.0,1.0));
#15270=VECTOR('',#15269,8.0);
#15271=LINE('',#15268,#15270);
#15272=EDGE_CURVE('',#15267,#15258,#15271,.T.);
#15273=ORIENTED_EDGE('',*,*,#15272,.F.);
#15274=CARTESIAN_POINT('',(37.000000000000014,8.499999999999996,0.0));
#15275=DIRECTION('',(0.0,0.0,-1.0));
#15276=DIRECTION('',(0.0,1.0,0.0));
#15277=AXIS2_PLACEMENT_3D('',#15274,#15275,#15276);
#15278=CIRCLE('',#15277,2.999999999999994);
#15279=EDGE_CURVE('',#15235,#15267,#15278,.T.);
#15280=ORIENTED_EDGE('',*,*,#15279,.F.);
#15281=ORIENTED_EDGE('',*,*,#15240,.T.);
#15282=EDGE_LOOP('',(#15265,#15273,#15280,#15281));
#15283=FACE_OUTER_BOUND('',#15282,.T.);
#15284=ADVANCED_FACE('',(#15283),#15256,.T.);
#15285=CARTESIAN_POINT('',(37.000000000000014,5.499999999999996,0.0));
#15286=DIRECTION('',(0.0,-1.0,0.0));
#15287=DIRECTION('',(0.0,0.0,-1.0));
#15288=AXIS2_PLACEMENT_3D('',#15285,#15286,#15287);
#15289=PLANE('',#15288);
#15290=CARTESIAN_POINT('',(22.5,5.499999999999991,8.0));
#15291=VERTEX_POINT('',#15290);
#15292=CARTESIAN_POINT('',(37.000000000000014,5.499999999999996,8.0));
#15293=DIRECTION('',(-1.0,0.0,0.0));
#15294=VECTOR('',#15293,14.500000000000011);
#15295=LINE('',#15292,#15294);
#15296=EDGE_CURVE('',#15258,#15291,#15295,.T.);
#15297=ORIENTED_EDGE('',*,*,#15296,.T.);
#15298=CARTESIAN_POINT('',(22.5,5.499999999999991,0.0));
#15299=VERTEX_POINT('',#15298);
#15300=CARTESIAN_POINT('',(22.5,5.499999999999991,0.0));
#15301=DIRECTION('',(0.0,0.0,1.0));
#15302=VECTOR('',#15301,8.0);
#15303=LINE('',#15300,#15302);
#15304=EDGE_CURVE('',#15299,#15291,#15303,.T.);
#15305=ORIENTED_EDGE('',*,*,#15304,.F.);
#15306=CARTESIAN_POINT('',(37.000000000000014,5.499999999999996,0.0));
#15307=DIRECTION('',(-1.0,0.0,0.0));
#15308=VECTOR('',#15307,14.500000000000011);
#15309=LINE('',#15306,#15308);
#15310=EDGE_CURVE('',#15267,#15299,#15309,.T.);
#15311=ORIENTED_EDGE('',*,*,#15310,.F.);
#15312=ORIENTED_EDGE('',*,*,#15272,.T.);
#15313=EDGE_LOOP('',(#15297,#15305,#15311,#15312));
#15314=FACE_OUTER_BOUND('',#15313,.T.);
#15315=ADVANCED_FACE('',(#15314),#15289,.T.);
#15316=CARTESIAN_POINT('',(22.5,-6.938894E-015,0.0));
#15317=DIRECTION('',(0.0,0.0,1.0));
#15318=DIRECTION('',(-1.0,0.0,0.0));
#15319=AXIS2_PLACEMENT_3D('',#15316,#15317,#15318);
#15320=CYLINDRICAL_SURFACE('',#15319,5.5);
#15321=CARTESIAN_POINT('',(22.5,-5.500000000000007,8.0));
#15322=VERTEX_POINT('',#15321);
#15323=CARTESIAN_POINT('',(22.5,-6.938894E-015,8.0));
#15324=DIRECTION('',(0.0,0.0,1.0));
#15325=DIRECTION('',(-1.0,0.0,0.0));
#15326=AXIS2_PLACEMENT_3D('',#15323,#15324,#15325);
#15327=CIRCLE('',#15326,5.5);
#15328=EDGE_CURVE('',#15291,#15322,#15327,.T.);
#15329=ORIENTED_EDGE('',*,*,#15328,.T.);
#15330=CARTESIAN_POINT('',(22.5,-5.500000000000007,0.0));
#15331=VERTEX_POINT('',#15330);
#15332=CARTESIAN_POINT('',(22.5,-5.500000000000007,0.0));
#15333=DIRECTION('',(0.0,0.0,1.0));
#15334=VECTOR('',#15333,8.0);
#15335=LINE('',#15332,#15334);
#15336=EDGE_CURVE('',#15331,#15322,#15335,.T.);
#15337=ORIENTED_EDGE('',*,*,#15336,.F.);
#15338=CARTESIAN_POINT('',(22.5,-7.771561E-015,0.0));
#15339=DIRECTION('',(0.0,0.0,1.0));
#15340=DIRECTION('',(0.0,1.0,0.0));
#15341=AXIS2_PLACEMENT_3D('',#15338,#15339,#15340);
#15342=CIRCLE('',#15341,5.5);
#15343=EDGE_CURVE('',#15299,#15331,#15342,.T.);
#15344=ORIENTED_EDGE('',*,*,#15343,.F.);
#15345=ORIENTED_EDGE('',*,*,#15304,.T.);
#15346=EDGE_LOOP('',(#15329,#15337,#15344,#15345));
#15347=FACE_OUTER_BOUND('',#15346,.T.);
#15348=ADVANCED_FACE('',(#15347),#15320,.F.);
#15349=CARTESIAN_POINT('',(22.5,-5.500000000000007,0.0));
#15350=DIRECTION('',(0.0,1.0,0.0));
#15351=DIRECTION('',(0.0,0.0,1.0));
#15352=AXIS2_PLACEMENT_3D('',#15349,#15350,#15351);
#15353=PLANE('',#15352);
#15354=CARTESIAN_POINT('',(37.000000000000014,-5.5,8.0));
#15355=VERTEX_POINT('',#15354);
#15356=CARTESIAN_POINT('',(22.5,-5.500000000000007,8.0));
#15357=DIRECTION('',(1.0,0.0,0.0));
#15358=VECTOR('',#15357,14.500000000000014);
#15359=LINE('',#15356,#15358);
#15360=EDGE_CURVE('',#15322,#15355,#15359,.T.);
#15361=ORIENTED_EDGE('',*,*,#15360,.T.);
#15362=CARTESIAN_POINT('',(37.000000000000014,-5.5,0.0));
#15363=VERTEX_POINT('',#15362);
#15364=CARTESIAN_POINT('',(37.000000000000014,-5.5,0.0));
#15365=DIRECTION('',(0.0,0.0,1.0));
#15366=VECTOR('',#15365,8.0);
#15367=LINE('',#15364,#15366);
#15368=EDGE_CURVE('',#15363,#15355,#15367,.T.);
#15369=ORIENTED_EDGE('',*,*,#15368,.F.);
#15370=CARTESIAN_POINT('',(22.5,-5.500000000000007,0.0));
#15371=DIRECTION('',(1.0,0.0,0.0));
#15372=VECTOR('',#15371,14.500000000000014);
#15373=LINE('',#15370,#15372);
#15374=EDGE_CURVE('',#15331,#15363,#15373,.T.);
#15375=ORIENTED_EDGE('',*,*,#15374,.F.);
#15376=ORIENTED_EDGE('',*,*,#15336,.T.);
#15377=EDGE_LOOP('',(#15361,#15369,#15375,#15376));
#15378=FACE_OUTER_BOUND('',#15377,.T.);
#15379=ADVANCED_FACE('',(#15378),#15353,.T.);
#15380=CARTESIAN_POINT('',(37.000000000000014,-8.500000000000004,0.0));
#15381=DIRECTION('',(0.0,0.0,1.0));
#15382=DIRECTION('',(-1.0,0.0,0.0));
#15383=AXIS2_PLACEMENT_3D('',#15380,#15381,#15382);
#15384=CYLINDRICAL_SURFACE('',#15383,2.999999999999994);
#15385=CARTESIAN_POINT('',(40.0,-8.5,8.0));
#15386=VERTEX_POINT('',#15385);
#15387=CARTESIAN_POINT('',(37.000000000000014,-8.500000000000004,8.0));
#15388=DIRECTION('',(0.0,0.0,-1.0));
#15389=DIRECTION('',(-1.0,0.0,0.0));
#15390=AXIS2_PLACEMENT_3D('',#15387,#15388,#15389);
#15391=CIRCLE('',#15390,2.999999999999994);
#15392=EDGE_CURVE('',#15355,#15386,#15391,.T.);
#15393=ORIENTED_EDGE('',*,*,#15392,.T.);
#15394=CARTESIAN_POINT('',(40.0,-8.5,0.0));
#15395=VERTEX_POINT('',#15394);
#15396=CARTESIAN_POINT('',(40.0,-8.5,0.0));
#15397=DIRECTION('',(0.0,0.0,1.0));
#15398=VECTOR('',#15397,8.0);
#15399=LINE('',#15396,#15398);
#15400=EDGE_CURVE('',#15395,#15386,#15399,.T.);
#15401=ORIENTED_EDGE('',*,*,#15400,.F.);
#15402=CARTESIAN_POINT('',(37.000000000000014,-8.500000000000004,0.0));
#15403=DIRECTION('',(0.0,0.0,-1.0));
#15404=DIRECTION('',(-1.0,0.0,0.0));
#15405=AXIS2_PLACEMENT_3D('',#15402,#15403,#15404);
#15406=CIRCLE('',#15405,2.999999999999994);
#15407=EDGE_CURVE('',#15363,#15395,#15406,.T.);
#15408=ORIENTED_EDGE('',*,*,#15407,.F.);
#15409=ORIENTED_EDGE('',*,*,#15368,.T.);
#15410=EDGE_LOOP('',(#15393,#15401,#15408,#15409));
#15411=FACE_OUTER_BOUND('',#15410,.T.);
#15412=ADVANCED_FACE('',(#15411),#15384,.T.);
#15413=CARTESIAN_POINT('',(40.0,-8.5,0.0));
#15414=DIRECTION('',(1.0,0.0,0.0));
#15415=DIRECTION('',(0.0,0.0,-1.0));
#15416=AXIS2_PLACEMENT_3D('',#15413,#15414,#15415);
#15417=PLANE('',#15416);
#15418=CARTESIAN_POINT('',(39.999999999999993,-13.000000000000004,8.0));
#15419=VERTEX_POINT('',#15418);
#15420=CARTESIAN_POINT('',(40.0,-8.5,8.0));
#15421=DIRECTION('',(0.0,-1.0,0.0));
#15422=VECTOR('',#15421,4.500000000000002);
#15423=LINE('',#15420,#15422);
#15424=EDGE_CURVE('',#15386,#15419,#15423,.T.);
#15425=ORIENTED_EDGE('',*,*,#15424,.T.);
#15426=CARTESIAN_POINT('',(39.999999999999993,-13.000000000000004,0.0));
#15427=VERTEX_POINT('',#15426);
#15428=CARTESIAN_POINT('',(39.999999999999993,-13.000000000000004,0.0));
#15429=DIRECTION('',(0.0,0.0,1.0));
#15430=VECTOR('',#15429,8.0);
#15431=LINE('',#15428,#15430);
#15432=EDGE_CURVE('',#15427,#15419,#15431,.T.);
#15433=ORIENTED_EDGE('',*,*,#15432,.F.);
#15434=CARTESIAN_POINT('',(40.0,-8.5,0.0));
#15435=DIRECTION('',(0.0,-1.0,0.0));
#15436=VECTOR('',#15435,4.500000000000002);
#15437=LINE('',#15434,#15436);
#15438=EDGE_CURVE('',#15395,#15427,#15437,.T.);
#15439=ORIENTED_EDGE('',*,*,#15438,.F.);
#15440=ORIENTED_EDGE('',*,*,#15400,.T.);
#15441=EDGE_LOOP('',(#15425,#15433,#15439,#15440));
#15442=FACE_OUTER_BOUND('',#15441,.T.);
#15443=ADVANCED_FACE('',(#15442),#15417,.T.);
#15444=CARTESIAN_POINT('',(36.999999999999993,-12.999999999999996,0.0));
#15445=DIRECTION('',(0.0,0.0,1.0));
#15446=DIRECTION('',(0.0,1.0,0.0));
#15447=AXIS2_PLACEMENT_3D('',#15444,#15445,#15446);
#15448=CYLINDRICAL_SURFACE('',#15447,3.0);
#15449=CARTESIAN_POINT('',(36.999999999999986,-15.999999999999996,8.0));
#15450=VERTEX_POINT('',#15449);
#15451=CARTESIAN_POINT('',(36.999999999999993,-12.999999999999996,8.0));
#15452=DIRECTION('',(0.0,0.0,-1.0));
#15453=DIRECTION('',(0.0,1.0,0.0));
#15454=AXIS2_PLACEMENT_3D('',#15451,#15452,#15453);
#15455=CIRCLE('',#15454,3.0);
#15456=EDGE_CURVE('',#15419,#15450,#15455,.T.);
#15457=ORIENTED_EDGE('',*,*,#15456,.T.);
#15458=CARTESIAN_POINT('',(36.999999999999986,-15.999999999999996,0.0));
#15459=VERTEX_POINT('',#15458);
#15460=CARTESIAN_POINT('',(36.999999999999986,-15.999999999999996,0.0));
#15461=DIRECTION('',(0.0,0.0,1.0));
#15462=VECTOR('',#15461,8.0);
#15463=LINE('',#15460,#15462);
#15464=EDGE_CURVE('',#15459,#15450,#15463,.T.);
#15465=ORIENTED_EDGE('',*,*,#15464,.F.);
#15466=CARTESIAN_POINT('',(36.999999999999993,-12.999999999999996,0.0));
#15467=DIRECTION('',(0.0,0.0,-1.0));
#15468=DIRECTION('',(0.0,1.0,0.0));
#15469=AXIS2_PLACEMENT_3D('',#15466,#15467,#15468);
#15470=CIRCLE('',#15469,3.0);
#15471=EDGE_CURVE('',#15427,#15459,#15470,.T.);
#15472=ORIENTED_EDGE('',*,*,#15471,.F.);
#15473=ORIENTED_EDGE('',*,*,#15432,.T.);
#15474=EDGE_LOOP('',(#15457,#15465,#15472,#15473));
#15475=FACE_OUTER_BOUND('',#15474,.T.);
#15476=ADVANCED_FACE('',(#15475),#15448,.T.);
#15477=CARTESIAN_POINT('',(36.999999999999986,-15.999999999999996,0.0));
#15478=DIRECTION('',(0.0,-1.0,0.0));
#15479=DIRECTION('',(0.0,0.0,-1.0));
#15480=AXIS2_PLACEMENT_3D('',#15477,#15478,#15479);
#15481=PLANE('',#15480);
#15482=ORIENTED_EDGE('',*,*,#14902,.F.);
#15483=CARTESIAN_POINT('',(36.999999999999986,-15.999999999999996,0.0));
#15484=DIRECTION('',(-1.0,0.0,0.0));
#15485=VECTOR('',#15484,73.999999999999986);
#15486=LINE('',#15483,#15485);
#15487=EDGE_CURVE('',#15459,#14890,#15486,.T.);
#15488=ORIENTED_EDGE('',*,*,#15487,.F.);
#15489=ORIENTED_EDGE('',*,*,#15464,.T.);
#15490=CARTESIAN_POINT('',(36.999999999999986,-15.999999999999996,8.0));
#15491=DIRECTION('',(-1.0,0.0,0.0));
#15492=VECTOR('',#15491,1.999999999999986);
#15493=LINE('',#15490,#15492);
#15494=EDGE_CURVE('',#15450,#15171,#15493,.T.);
#15495=ORIENTED_EDGE('',*,*,#15494,.T.);
#15496=ORIENTED_EDGE('',*,*,#15176,.T.);
#15497=ORIENTED_EDGE('',*,*,#14950,.T.);
#15498=EDGE_LOOP('',(#15482,#15488,#15489,#15495,#15496,#15497));
#15499=FACE_OUTER_BOUND('',#15498,.T.);
#15500=ADVANCED_FACE('',(#15499),#15481,.T.);
#15501=CARTESIAN_POINT('',(2.97537563553721,-2.671474E-015,8.0));
#15502=DIRECTION('',(0.0,0.0,1.0));
#15503=DIRECTION('',(1.0,0.0,0.0));
#15504=AXIS2_PLACEMENT_3D('',#15501,#15502,#15503);
#15505=PLANE('',#15504);
#15506=ORIENTED_EDGE('',*,*,#15182,.T.);
#15507=ORIENTED_EDGE('',*,*,#15494,.F.);
#15508=ORIENTED_EDGE('',*,*,#15456,.F.);
#15509=ORIENTED_EDGE('',*,*,#15424,.F.);
#15510=ORIENTED_EDGE('',*,*,#15392,.F.);
#15511=ORIENTED_EDGE('',*,*,#15360,.F.);
#15512=ORIENTED_EDGE('',*,*,#15328,.F.);
#15513=ORIENTED_EDGE('',*,*,#15296,.F.);
#15514=ORIENTED_EDGE('',*,*,#15264,.F.);
#15515=ORIENTED_EDGE('',*,*,#15232,.F.);
#15516=ORIENTED_EDGE('',*,*,#15200,.F.);
#15517=ORIENTED_EDGE('',*,*,#15086,.T.);
#15518=ORIENTED_EDGE('',*,*,#15110,.T.);
#15519=ORIENTED_EDGE('',*,*,#15134,.T.);
#15520=ORIENTED_EDGE('',*,*,#15158,.T.);
#15521=EDGE_LOOP('',(#15506,#15507,#15508,#15509,#15510,#15511,#15512,#15513,#15514,#15515,#15516,#15517,#15518,#15519,#15520));
#15522=FACE_OUTER_BOUND('',#15521,.T.);
#15523=ORIENTED_EDGE('',*,*,#14710,.T.);
#15524=EDGE_LOOP('',(#15523));
#15525=FACE_BOUND('',#15524,.T.);
#15526=ADVANCED_FACE('',(#15522,#15525),#15505,.T.);
#15527=CARTESIAN_POINT('',(2.97537563553721,-4.274281E-015,0.0));
#15528=DIRECTION('',(0.0,0.0,1.0));
#15529=DIRECTION('',(1.0,0.0,0.0));
#15530=AXIS2_PLACEMENT_3D('',#15527,#15528,#15529);
#15531=PLANE('',#15530);
#15532=ORIENTED_EDGE('',*,*,#14896,.F.);
#15533=ORIENTED_EDGE('',*,*,#14933,.T.);
#15534=ORIENTED_EDGE('',*,*,#15030,.F.);
#15535=ORIENTED_EDGE('',*,*,#15063,.T.);
#15536=ORIENTED_EDGE('',*,*,#15215,.T.);
#15537=ORIENTED_EDGE('',*,*,#15246,.T.);
#15538=ORIENTED_EDGE('',*,*,#15279,.T.);
#15539=ORIENTED_EDGE('',*,*,#15310,.T.);
#15540=ORIENTED_EDGE('',*,*,#15343,.T.);
#15541=ORIENTED_EDGE('',*,*,#15374,.T.);
#15542=ORIENTED_EDGE('',*,*,#15407,.T.);
#15543=ORIENTED_EDGE('',*,*,#15438,.T.);
#15544=ORIENTED_EDGE('',*,*,#15471,.T.);
#15545=ORIENTED_EDGE('',*,*,#15487,.T.);
#15546=EDGE_LOOP('',(#15532,#15533,#15534,#15535,#15536,#15537,#15538,#15539,#15540,#15541,#15542,#15543,#15544,#15545));
#15547=FACE_OUTER_BOUND('',#15546,.T.);
#15548=ORIENTED_EDGE('',*,*,#14755,.T.);
#15549=ORIENTED_EDGE('',*,*,#14844,.T.);
#15550=ORIENTED_EDGE('',*,*,#14817,.T.);
#15551=ORIENTED_EDGE('',*,*,#14786,.T.);
#15552=EDGE_LOOP('',(#15548,#15549,#15550,#15551));
#15553=FACE_BOUND('',#15552,.T.);
#15554=ADVANCED_FACE('',(#15547,#15553),#15531,.F.);
#15555=CLOSED_SHELL('',(#14725,#14765,#14796,#14827,#14849,#14864,#14906,#14937,#15010,#15035,#15067,#15091,#15115,#15139,#15163,#15187,#15220,#15251,#15284,#15315,#15348,#15379,#15412,#15443,#15476,#15500,#15526,#15554));
#15556=MANIFOLD_SOLID_BREP('Solido1',#15555);
#15557=DRAUGHTING_PRE_DEFINED_COLOUR('black');
#15558=FILL_AREA_STYLE_COLOUR('Nero',#15557);
#15559=FILL_AREA_STYLE('Nero',(#15558));
#15560=SURFACE_STYLE_FILL_AREA(#15559);
#15561=SURFACE_SIDE_STYLE('Nero',(#15560));
#15562=SURFACE_STYLE_USAGE(.BOTH.,#15561);
#15563=PRESENTATION_STYLE_ASSIGNMENT((#15562));
#15564=STYLED_ITEM('',(#15563),#15556);
#15565=ADVANCED_BREP_SHAPE_REPRESENTATION('ABSR',(#15556),#14666);
#15566=SHAPE_REPRESENTATION_RELATIONSHIP('SRR','None',#15565,#14671);
#15567=AXIS2_PLACEMENT_3D('',#15568,#15569,#15570);
#15568=CARTESIAN_POINT('',(-80.0,98.0,-130.0));
#15569=DIRECTION('',(1.341998E-017,-1.129230E-016,-1.0));
#15570=DIRECTION('',(1.433967E-046,0.999999999999999,4.516199E-030));
#15571=NEXT_ASSEMBLY_USAGE_OCCURRENCE('PIEDINO PER EJB-21A:1','PIEDINO PER EJB-21A:1','PIEDINO PER EJB-21A:1',#12,#14642,'PIEDINO PER EJB-21A:1');
#15572=PRODUCT_DEFINITION_SHAPE('PIEDINO PER EJB-21A:1','PIEDINO PER EJB-21A:1',#15571);
#15573=ITEM_DEFINED_TRANSFORMATION('PIEDINO PER EJB-21A:1','PIEDINO PER EJB-21A:1',#14667,#15567);
#15577=(REPRESENTATION_RELATIONSHIP('PIEDINO PER EJB-21A:1','PIEDINO PER EJB-21A:1',#14671,#41)REPRESENTATION_RELATIONSHIP_WITH_TRANSFORMATION(#15573)SHAPE_REPRESENTATION_RELATIONSHIP());
#15578=CONTEXT_DEPENDENT_SHAPE_REPRESENTATION(#15577,#15572);
#15579=AXIS2_PLACEMENT_3D('',#15580,#15581,#15582);
#15580=CARTESIAN_POINT('',(80.0,98.000000000000028,-130.0));
#15581=DIRECTION('',(1.341998E-017,-1.129230E-016,-1.0));
#15582=DIRECTION('',(1.433967E-046,0.999999999999999,4.516199E-030));
#15583=NEXT_ASSEMBLY_USAGE_OCCURRENCE('PIEDINO PER EJB-21A:2','PIEDINO PER EJB-21A:2','PIEDINO PER EJB-21A:2',#12,#14642,'PIEDINO PER EJB-21A:2');
#15584=PRODUCT_DEFINITION_SHAPE('PIEDINO PER EJB-21A:2','PIEDINO PER EJB-21A:2',#15583);
#15585=ITEM_DEFINED_TRANSFORMATION('PIEDINO PER EJB-21A:2','PIEDINO PER EJB-21A:2',#14667,#15579);
#15589=(REPRESENTATION_RELATIONSHIP('PIEDINO PER EJB-21A:2','PIEDINO PER EJB-21A:2',#14671,#41)REPRESENTATION_RELATIONSHIP_WITH_TRANSFORMATION(#15585)SHAPE_REPRESENTATION_RELATIONSHIP());
#15590=CONTEXT_DEPENDENT_SHAPE_REPRESENTATION(#15589,#15584);
#15591=AXIS2_PLACEMENT_3D('',#15592,#15593,#15594);
#15592=CARTESIAN_POINT('',(-80.0,-98.0,-130.00000000000003));
#15593=DIRECTION('',(5.961455E-030,-4.519216E-030,-1.0));
#15594=DIRECTION('',(-2.640345E-046,-1.0,4.519216E-030));
#15595=NEXT_ASSEMBLY_USAGE_OCCURRENCE('PIEDINO PER EJB-21A:3','PIEDINO PER EJB-21A:3','PIEDINO PER EJB-21A:3',#12,#14642,'PIEDINO PER EJB-21A:3');
#15596=PRODUCT_DEFINITION_SHAPE('PIEDINO PER EJB-21A:3','PIEDINO PER EJB-21A:3',#15595);
#15597=ITEM_DEFINED_TRANSFORMATION('PIEDINO PER EJB-21A:3','PIEDINO PER EJB-21A:3',#14667,#15591);
#15601=(REPRESENTATION_RELATIONSHIP('PIEDINO PER EJB-21A:3','PIEDINO PER EJB-21A:3',#14671,#41)REPRESENTATION_RELATIONSHIP_WITH_TRANSFORMATION(#15597)SHAPE_REPRESENTATION_RELATIONSHIP());
#15602=CONTEXT_DEPENDENT_SHAPE_REPRESENTATION(#15601,#15596);
#15603=AXIS2_PLACEMENT_3D('',#15604,#15605,#15606);
#15604=CARTESIAN_POINT('',(80.0,-98.000000000000412,-130.00000000000003));
#15605=DIRECTION('',(5.961455E-030,-4.519216E-030,-1.0));
#15606=DIRECTION('',(-2.640345E-046,-1.0,4.519216E-030));
#15607=NEXT_ASSEMBLY_USAGE_OCCURRENCE('PIEDINO PER EJB-21A:4','PIEDINO PER EJB-21A:4','PIEDINO PER EJB-21A:4',#12,#14642,'PIEDINO PER EJB-21A:4');
#15608=PRODUCT_DEFINITION_SHAPE('PIEDINO PER EJB-21A:4','PIEDINO PER EJB-21A:4',#15607);
#15609=ITEM_DEFINED_TRANSFORMATION('PIEDINO PER EJB-21A:4','PIEDINO PER EJB-21A:4',#14667,#15603);
#15613=(REPRESENTATION_RELATIONSHIP('PIEDINO PER EJB-21A:4','PIEDINO PER EJB-21A:4',#14671,#41)REPRESENTATION_RELATIONSHIP_WITH_TRANSFORMATION(#15609)SHAPE_REPRESENTATION_RELATIONSHIP());
#15614=CONTEXT_DEPENDENT_SHAPE_REPRESENTATION(#15613,#15608);
#15615=APPLICATION_CONTEXT('automotive design');
#15616=APPLICATION_PROTOCOL_DEFINITION('International Standard','automotive_design',2001,#15615);
#15617=PRODUCT_CONTEXT('',#15615,'mechanical');
#15618=PRODUCT('ISO 10642 M6 x  16','ISO 10642 M6 x  16',$,(#15617));
#15619=PRODUCT_RELATED_PRODUCT_CATEGORY('part',$,(#15618));
#15620=PRODUCT_DEFINITION_FORMATION('',$,#15618);
#15621=PRODUCT_DEFINITION_CONTEXT('part definition',#15615,'design');
#15622=PRODUCT_DEFINITION('',$,#15620,#15621);
#15628=(NAMED_UNIT(*)PLANE_ANGLE_UNIT()SI_UNIT($,.RADIAN.));
#15629=DIMENSIONAL_EXPONENTS(0.0,0.0,0.0,0.0,0.0,0.0,0.0);
#15630=PLANE_ANGLE_MEASURE_WITH_UNIT(PLANE_ANGLE_MEASURE(0.0174532925),#15628);
#15634=(CONVERSION_BASED_UNIT('DEGREE',#15630)NAMED_UNIT(#15629)PLANE_ANGLE_UNIT());
#15638=(NAMED_UNIT(*)SI_UNIT($,.STERADIAN.)SOLID_ANGLE_UNIT());
#15642=(LENGTH_UNIT()NAMED_UNIT(*)SI_UNIT(.MILLI.,.METRE.));
#15644=UNCERTAINTY_MEASURE_WITH_UNIT(LENGTH_MEASURE(0.01),#15642,'DISTANCE_ACCURACY_VALUE','');
#15646=(GEOMETRIC_REPRESENTATION_CONTEXT(3)GLOBAL_UNCERTAINTY_ASSIGNED_CONTEXT((#15644))GLOBAL_UNIT_ASSIGNED_CONTEXT((#15634,#15638,#15642))REPRESENTATION_CONTEXT('None','None'));
#15647=AXIS2_PLACEMENT_3D('',#15648,#15649,#15650);
#15648=CARTESIAN_POINT('',(0.0,0.0,0.0));
#15649=DIRECTION('',(0.0,0.0,1.0));
#15650=DIRECTION('',(1.0,0.0,0.0));
#15651=SHAPE_REPRESENTATION('',(#15647),#15646);
#15652=PRODUCT_DEFINITION_SHAPE('','',#15622);
#15653=SHAPE_DEFINITION_REPRESENTATION(#15652,#15651);
#15659=(NAMED_UNIT(*)PLANE_ANGLE_UNIT()SI_UNIT($,.RADIAN.));
#15660=DIMENSIONAL_EXPONENTS(0.0,0.0,0.0,0.0,0.0,0.0,0.0);
#15661=PLANE_ANGLE_MEASURE_WITH_UNIT(PLANE_ANGLE_MEASURE(0.0174532925),#15659);
#15665=(CONVERSION_BASED_UNIT('DEGREE',#15661)NAMED_UNIT(#15660)PLANE_ANGLE_UNIT());
#15669=(NAMED_UNIT(*)SI_UNIT($,.STERADIAN.)SOLID_ANGLE_UNIT());
#15673=(LENGTH_UNIT()NAMED_UNIT(*)SI_UNIT(.MILLI.,.METRE.));
#15675=UNCERTAINTY_MEASURE_WITH_UNIT(LENGTH_MEASURE(0.000001),#15673,'DISTANCE_ACCURACY_VALUE','');
#15677=(GEOMETRIC_REPRESENTATION_CONTEXT(3)GLOBAL_UNCERTAINTY_ASSIGNED_CONTEXT((#15675))GLOBAL_UNIT_ASSIGNED_CONTEXT((#15665,#15669,#15673))REPRESENTATION_CONTEXT('','3D'));
#15678=CARTESIAN_POINT('',(15.693274999999996,-2.883063E-031,0.0));
#15679=DIRECTION('',(-1.0,2.466277E-032,0.0));
#15680=DIRECTION('',(0.0,-1.0,0.0));
#15681=AXIS2_PLACEMENT_3D('',#15678,#15679,#15680);
#15682=CONICAL_SURFACE('',#15681,2.693274999999992,44.999999999999986);
#15683=CARTESIAN_POINT('',(15.386549999999996,2.999999999999992,3.673819E-016));
#15684=VERTEX_POINT('',#15683);
#15685=CARTESIAN_POINT('',(15.386549999999996,-2.807416E-031,0.0));
#15686=DIRECTION('',(1.0,0.0,0.0));
#15687=DIRECTION('',(0.0,-1.0,0.0));
#15688=AXIS2_PLACEMENT_3D('',#15685,#15686,#15687);
#15689=CIRCLE('',#15688,2.999999999999992);
#15690=EDGE_CURVE('',#15684,#15684,#15689,.T.);
#15691=ORIENTED_EDGE('',*,*,#15690,.T.);
#15692=EDGE_LOOP('',(#15691));
#15693=FACE_OUTER_BOUND('',#15692,.T.);
#15694=CARTESIAN_POINT('',(15.999999999999996,2.386549999999993,-2.922584E-016));
#15695=VERTEX_POINT('',#15694);
#15696=CARTESIAN_POINT('',(15.999999999999996,-2.958710E-031,0.0));
#15697=DIRECTION('',(-1.0,0.0,0.0));
#15698=DIRECTION('',(0.0,-1.0,0.0));
#15699=AXIS2_PLACEMENT_3D('',#15696,#15697,#15698);
#15700=CIRCLE('',#15699,2.386549999999993);
#15701=EDGE_CURVE('',#15695,#15695,#15700,.T.);
#15702=ORIENTED_EDGE('',*,*,#15701,.T.);
#15703=EDGE_LOOP('',(#15702));
#15704=FACE_BOUND('',#15703,.T.);
#15705=ADVANCED_FACE('',(#15693,#15704),#15682,.T.);
#15706=CARTESIAN_POINT('',(11.499999999999995,-1.848885E-031,0.0));
#15707=DIRECTION('',(1.0,-2.466277E-032,0.0));
#15708=DIRECTION('',(0.0,1.0,0.0));
#15709=AXIS2_PLACEMENT_3D('',#15706,#15707,#15708);
#15710=CYLINDRICAL_SURFACE('',#15709,2.999999999999992);
#15711=CARTESIAN_POINT('',(3.719999999999992,3.0,0.0));
#15712=VERTEX_POINT('',#15711);
#15713=CARTESIAN_POINT('',(3.719999999999992,6.987784E-033,0.0));
#15714=DIRECTION('',(1.0,0.0,0.0));
#15715=DIRECTION('',(0.0,1.0,0.0));
#15716=AXIS2_PLACEMENT_3D('',#15713,#15714,#15715);
#15717=CIRCLE('',#15716,3.0);
#15718=EDGE_CURVE('',#15712,#15712,#15717,.T.);
#15719=ORIENTED_EDGE('',*,*,#15718,.T.);
#15720=EDGE_LOOP('',(#15719));
#15721=FACE_OUTER_BOUND('',#15720,.T.);
#15722=ORIENTED_EDGE('',*,*,#15690,.F.);
#15723=EDGE_LOOP('',(#15722));
#15724=FACE_BOUND('',#15723,.T.);
#15725=ADVANCED_FACE('',(#15721,#15724),#15710,.T.);
#15726=CARTESIAN_POINT('',(15.999999999999996,1.499999999999996,0.0));
#15727=DIRECTION('',(1.0,0.0,0.0));
#15728=DIRECTION('',(0.0,0.0,-1.0));
#15729=AXIS2_PLACEMENT_3D('',#15726,#15727,#15728);
#15730=PLANE('',#15729);
#15731=ORIENTED_EDGE('',*,*,#15701,.F.);
#15732=EDGE_LOOP('',(#15731));
#15733=FACE_OUTER_BOUND('',#15732,.T.);
#15734=ADVANCED_FACE('',(#15733),#15730,.T.);
#15735=CARTESIAN_POINT('',(-1.477226E-031,-2.0,-1.154700538379252));
#15736=DIRECTION('',(0.0,-1.0,0.0));
#15737=DIRECTION('',(0.0,0.0,-1.0));
#15738=AXIS2_PLACEMENT_3D('',#15735,#15736,#15737);
#15739=PLANE('',#15738);
#15740=CARTESIAN_POINT('',(2.67,-2.0,-1.154700538379252));
#15741=VERTEX_POINT('',#15740);
#15742=CARTESIAN_POINT('',(2.67,-2.0,1.154700538379252));
#15743=VERTEX_POINT('',#15742);
#15744=CARTESIAN_POINT('',(2.670000000000001,-2.0,-1.154700538379245));
#15745=CARTESIAN_POINT('',(3.003333333333333,-2.0,1.439331E-015));
#15746=CARTESIAN_POINT('',(2.670000000000001,-2.0,1.154700538379246));
#15754=(BOUNDED_CURVE()B_SPLINE_CURVE(2,(#15744,#15745,#15746),.UNSPECIFIED.,.F.,.U.)B_SPLINE_CURVE_WITH_KNOTS((3,3),(0.0,0.233687227615583),.UNSPECIFIED.)CURVE()GEOMETRIC_REPRESENTATION_ITEM()RATIONAL_B_SPLINE_CURVE((1.0,1.154700538379247,1.0))REPRESENTATION_ITEM(''));
#15755=EDGE_CURVE('',#15741,#15743,#15754,.T.);
#15756=ORIENTED_EDGE('',*,*,#15755,.F.);
#15757=CARTESIAN_POINT('',(-1.477226E-031,-2.0,-1.154700538379252));
#15758=VERTEX_POINT('',#15757);
#15759=CARTESIAN_POINT('',(2.67,-2.0,-1.154700538379252));
#15760=DIRECTION('',(-1.0,0.0,0.0));
#15761=VECTOR('',#15760,2.67);
#15762=LINE('',#15759,#15761);
#15763=EDGE_CURVE('',#15741,#15758,#15762,.T.);
#15764=ORIENTED_EDGE('',*,*,#15763,.T.);
#15765=CARTESIAN_POINT('',(-1.477226E-031,-2.0,1.154700538379252));
#15766=VERTEX_POINT('',#15765);
#15767=CARTESIAN_POINT('',(-1.477226E-031,-2.0,1.154700538379252));
#15768=DIRECTION('',(0.0,0.0,-1.0));
#15769=VECTOR('',#15768,2.309401076758503);
#15770=LINE('',#15767,#15769);
#15771=EDGE_CURVE('',#15766,#15758,#15770,.T.);
#15772=ORIENTED_EDGE('',*,*,#15771,.F.);
#15773=CARTESIAN_POINT('',(2.67,-2.0,1.154700538379253));
#15774=DIRECTION('',(-1.0,0.0,0.0));
#15775=VECTOR('',#15774,2.67);
#15776=LINE('',#15773,#15775);
#15777=EDGE_CURVE('',#15743,#15766,#15776,.T.);
#15778=ORIENTED_EDGE('',*,*,#15777,.F.);
#15779=EDGE_LOOP('',(#15756,#15764,#15772,#15778));
#15780=FACE_OUTER_BOUND('',#15779,.T.);
#15781=ADVANCED_FACE('',(#15780),#15739,.F.);
#15782=CARTESIAN_POINT('',(-9.839705E-032,-2.828107E-016,-2.309401076758503));
#15783=DIRECTION('',(-1.233138E-032,-0.5,-0.866025403784439));
#15784=DIRECTION('',(-1.0,0.0,0.0));
#15785=AXIS2_PLACEMENT_3D('',#15782,#15783,#15784);
#15786=PLANE('',#15785);
#15787=CARTESIAN_POINT('',(2.67,6.596651E-048,-2.309401076758503));
#15788=VERTEX_POINT('',#15787);
#15789=CARTESIAN_POINT('',(2.670000000000001,-5.689893E-015,-2.3094010767585));
#15790=CARTESIAN_POINT('',(3.003333333333332,-1.0,-1.732050807568878));
#15791=CARTESIAN_POINT('',(2.670000000000001,-1.999999999999994,-1.154700538379256));
#15799=(BOUNDED_CURVE()B_SPLINE_CURVE(2,(#15789,#15790,#15791),.UNSPECIFIED.,.F.,.U.)B_SPLINE_CURVE_WITH_KNOTS((3,3),(0.0,0.233687227615582),.UNSPECIFIED.)CURVE()GEOMETRIC_REPRESENTATION_ITEM()RATIONAL_B_SPLINE_CURVE((1.0,1.154700538379244,1.0))REPRESENTATION_ITEM(''));
#15800=EDGE_CURVE('',#15788,#15741,#15799,.T.);
#15801=ORIENTED_EDGE('',*,*,#15800,.F.);
#15802=CARTESIAN_POINT('',(-9.839705E-032,-2.828107E-016,-2.309401076758503));
#15803=VERTEX_POINT('',#15802);
#15804=CARTESIAN_POINT('',(2.67,-5.551115E-016,-2.309401076758503));
#15805=DIRECTION('',(-1.0,0.0,0.0));
#15806=VECTOR('',#15805,2.67);
#15807=LINE('',#15804,#15806);
#15808=EDGE_CURVE('',#15788,#15803,#15807,.T.);
#15809=ORIENTED_EDGE('',*,*,#15808,.T.);
#15810=CARTESIAN_POINT('',(-1.477226E-031,-2.0,-1.154700538379252));
#15811=DIRECTION('',(2.135858E-032,0.866025403784439,-0.5));
#15812=VECTOR('',#15811,2.309401076758503);
#15813=LINE('',#15810,#15812);
#15814=EDGE_CURVE('',#15758,#15803,#15813,.T.);
#15815=ORIENTED_EDGE('',*,*,#15814,.F.);
#15816=ORIENTED_EDGE('',*,*,#15763,.F.);
#15817=EDGE_LOOP('',(#15801,#15809,#15815,#15816));
#15818=FACE_OUTER_BOUND('',#15817,.T.);
#15819=ADVANCED_FACE('',(#15818),#15786,.F.);
#15820=CARTESIAN_POINT('',(-4.907152E-032,1.999999999999999,-1.154700538379252));
#15821=DIRECTION('',(1.233138E-032,0.5,-0.866025403784439));
#15822=DIRECTION('',(-1.0,0.0,0.0));
#15823=AXIS2_PLACEMENT_3D('',#15820,#15821,#15822);
#15824=PLANE('',#15823);
#15825=CARTESIAN_POINT('',(2.67,1.999999999999999,-1.154700538379253));
#15826=VERTEX_POINT('',#15825);
#15827=CARTESIAN_POINT('',(2.670000000000001,1.999999999999994,-1.154700538379256));
#15828=CARTESIAN_POINT('',(3.003333333333332,0.999999999999999,-1.732050807568878));
#15829=CARTESIAN_POINT('',(2.670000000000001,5.134781E-015,-2.3094010767585));
#15837=(BOUNDED_CURVE()B_SPLINE_CURVE(2,(#15827,#15828,#15829),.UNSPECIFIED.,.F.,.U.)B_SPLINE_CURVE_WITH_KNOTS((3,3),(0.0,0.233687227615582),.UNSPECIFIED.)CURVE()GEOMETRIC_REPRESENTATION_ITEM()RATIONAL_B_SPLINE_CURVE((1.0,1.154700538379244,1.0))REPRESENTATION_ITEM(''));
#15838=EDGE_CURVE('',#15826,#15788,#15837,.T.);
#15839=ORIENTED_EDGE('',*,*,#15838,.F.);
#15840=CARTESIAN_POINT('',(-4.907152E-032,1.999999999999999,-1.154700538379252));
#15841=VERTEX_POINT('',#15840);
#15842=CARTESIAN_POINT('',(2.67,1.999999999999999,-1.154700538379253));
#15843=DIRECTION('',(-1.0,0.0,0.0));
#15844=VECTOR('',#15843,2.67);
#15845=LINE('',#15842,#15844);
#15846=EDGE_CURVE('',#15826,#15841,#15845,.T.);
#15847=ORIENTED_EDGE('',*,*,#15846,.T.);
#15848=CARTESIAN_POINT('',(-9.839705E-032,-4.440892E-016,-2.309401076758503));
#15849=DIRECTION('',(2.135858E-032,0.866025403784439,0.5));
#15850=VECTOR('',#15849,2.309401076758502);
#15851=LINE('',#15848,#15850);
#15852=EDGE_CURVE('',#15803,#15841,#15851,.T.);
#15853=ORIENTED_EDGE('',*,*,#15852,.F.);
#15854=ORIENTED_EDGE('',*,*,#15808,.F.);
#15855=EDGE_LOOP('',(#15839,#15847,#15853,#15854));
#15856=FACE_OUTER_BOUND('',#15855,.T.);
#15857=ADVANCED_FACE('',(#15856),#15824,.F.);
#15858=CARTESIAN_POINT('',(-4.907152E-032,2.0,1.15470053837925));
#15859=DIRECTION('',(0.0,1.0,0.0));
#15860=DIRECTION('',(0.0,0.0,1.0));
#15861=AXIS2_PLACEMENT_3D('',#15858,#15859,#15860);
#15862=PLANE('',#15861);
#15863=CARTESIAN_POINT('',(2.669999999999999,2.000000000000001,1.154700538379251));
#15864=VERTEX_POINT('',#15863);
#15865=CARTESIAN_POINT('',(2.670000000000001,2.0,1.154700538379245));
#15866=CARTESIAN_POINT('',(3.003333333333333,2.0,-9.714451E-016));
#15867=CARTESIAN_POINT('',(2.670000000000001,1.999999999999999,-1.154700538379247));
#15875=(BOUNDED_CURVE()B_SPLINE_CURVE(2,(#15865,#15866,#15867),.UNSPECIFIED.,.F.,.U.)B_SPLINE_CURVE_WITH_KNOTS((3,3),(0.0,0.233687227615583),.UNSPECIFIED.)CURVE()GEOMETRIC_REPRESENTATION_ITEM()RATIONAL_B_SPLINE_CURVE((1.0,1.154700538379247,1.0))REPRESENTATION_ITEM(''));
#15876=EDGE_CURVE('',#15864,#15826,#15875,.T.);
#15877=ORIENTED_EDGE('',*,*,#15876,.F.);
#15878=CARTESIAN_POINT('',(-4.907152E-032,2.0,1.15470053837925));
#15879=VERTEX_POINT('',#15878);
#15880=CARTESIAN_POINT('',(0.0,2.000000000000001,1.154700538379251));
#15881=DIRECTION('',(1.0,0.0,0.0));
#15882=VECTOR('',#15881,2.669999999999999);
#15883=LINE('',#15880,#15882);
#15884=EDGE_CURVE('',#15879,#15864,#15883,.T.);
#15885=ORIENTED_EDGE('',*,*,#15884,.F.);
#15886=CARTESIAN_POINT('',(-4.907152E-032,1.999999999999999,-1.154700538379252));
#15887=DIRECTION('',(0.0,0.0,1.0));
#15888=VECTOR('',#15887,2.309401076758502);
#15889=LINE('',#15886,#15888);
#15890=EDGE_CURVE('',#15841,#15879,#15889,.T.);
#15891=ORIENTED_EDGE('',*,*,#15890,.F.);
#15892=ORIENTED_EDGE('',*,*,#15846,.F.);
#15893=EDGE_LOOP('',(#15877,#15885,#15891,#15892));
#15894=FACE_OUTER_BOUND('',#15893,.T.);
#15895=ADVANCED_FACE('',(#15894),#15862,.F.);
#15896=CARTESIAN_POINT('',(-1.477226E-031,-2.0,1.154700538379252));
#15897=DIRECTION('',(-1.233138E-032,-0.5,0.866025403784439));
#15898=DIRECTION('',(1.0,0.0,0.0));
#15899=AXIS2_PLACEMENT_3D('',#15896,#15897,#15898);
#15900=PLANE('',#15899);
#15901=CARTESIAN_POINT('',(2.669999999999999,-1.387779E-016,2.309401076758503));
#15902=VERTEX_POINT('',#15901);
#15903=CARTESIAN_POINT('',(2.670000000000001,-1.999999999999994,1.154700538379255));
#15904=CARTESIAN_POINT('',(3.003333333333332,-0.999999999999999,1.732050807568878));
#15905=CARTESIAN_POINT('',(2.670000000000001,-5.828671E-015,2.3094010767585));
#15913=(BOUNDED_CURVE()B_SPLINE_CURVE(2,(#15903,#15904,#15905),.UNSPECIFIED.,.F.,.U.)B_SPLINE_CURVE_WITH_KNOTS((3,3),(0.0,0.233687227615582),.UNSPECIFIED.)CURVE()GEOMETRIC_REPRESENTATION_ITEM()RATIONAL_B_SPLINE_CURVE((1.0,1.154700538379252,1.0))REPRESENTATION_ITEM(''));
#15914=EDGE_CURVE('',#15743,#15902,#15913,.T.);
#15915=ORIENTED_EDGE('',*,*,#15914,.F.);
#15916=ORIENTED_EDGE('',*,*,#15777,.T.);
#15917=CARTESIAN_POINT('',(-9.839705E-032,0.0,2.309401076758503));
#15918=VERTEX_POINT('',#15917);
#15919=CARTESIAN_POINT('',(-9.839705E-032,0.0,2.309401076758503));
#15920=DIRECTION('',(-2.135858E-032,-0.866025403784439,-0.5));
#15921=VECTOR('',#15920,2.309401076758503);
#15922=LINE('',#15919,#15921);
#15923=EDGE_CURVE('',#15918,#15766,#15922,.T.);
#15924=ORIENTED_EDGE('',*,*,#15923,.F.);
#15925=CARTESIAN_POINT('',(2.669999999999999,4.163336E-016,2.309401076758503));
#15926=DIRECTION('',(-1.0,0.0,0.0));
#15927=VECTOR('',#15926,2.669999999999999);
#15928=LINE('',#15925,#15927);
#15929=EDGE_CURVE('',#15902,#15918,#15928,.T.);
#15930=ORIENTED_EDGE('',*,*,#15929,.F.);
#15931=EDGE_LOOP('',(#15915,#15916,#15924,#15930));
#15932=FACE_OUTER_BOUND('',#15931,.T.);
#15933=ADVANCED_FACE('',(#15932),#15900,.F.);
#15934=CARTESIAN_POINT('',(-9.839705E-032,0.0,2.309401076758503));
#15935=DIRECTION('',(1.233138E-032,0.500000000000001,0.866025403784438));
#15936=DIRECTION('',(1.0,0.0,0.0));
#15937=AXIS2_PLACEMENT_3D('',#15934,#15935,#15936);
#15938=PLANE('',#15937);
#15939=CARTESIAN_POINT('',(2.670000000000001,5.828671E-015,2.3094010767585));
#15940=CARTESIAN_POINT('',(3.003333333333333,1.000000000000001,1.732050807568876));
#15941=CARTESIAN_POINT('',(2.670000000000001,1.999999999999996,1.154700538379252));
#15949=(BOUNDED_CURVE()B_SPLINE_CURVE(2,(#15939,#15940,#15941),.UNSPECIFIED.,.F.,.U.)B_SPLINE_CURVE_WITH_KNOTS((3,3),(0.0,0.233687227615583),.UNSPECIFIED.)CURVE()GEOMETRIC_REPRESENTATION_ITEM()RATIONAL_B_SPLINE_CURVE((1.0,1.154700538379251,1.0))REPRESENTATION_ITEM(''));
#15950=EDGE_CURVE('',#15902,#15864,#15949,.T.);
#15951=ORIENTED_EDGE('',*,*,#15950,.F.);
#15952=ORIENTED_EDGE('',*,*,#15929,.T.);
#15953=CARTESIAN_POINT('',(-4.907152E-032,2.0,1.154700538379249));
#15954=DIRECTION('',(-2.135858E-032,-0.866025403784438,0.500000000000001));
#15955=VECTOR('',#15954,2.309401076758505);
#15956=LINE('',#15953,#15955);
#15957=EDGE_CURVE('',#15879,#15918,#15956,.T.);
#15958=ORIENTED_EDGE('',*,*,#15957,.F.);
#15959=ORIENTED_EDGE('',*,*,#15884,.T.);
#15960=EDGE_LOOP('',(#15951,#15952,#15958,#15959));
#15961=FACE_OUTER_BOUND('',#15960,.T.);
#15962=ADVANCED_FACE('',(#15961),#15938,.F.);
#15963=CARTESIAN_POINT('',(3.336666666666668,1.644184E-032,0.0));
#15964=DIRECTION('',(-1.0,2.466277E-032,0.0));
#15965=DIRECTION('',(0.0,1.0,0.0));
#15966=AXIS2_PLACEMENT_3D('',#15963,#15964,#15965);
#15967=CONICAL_SURFACE('',#15966,1.154700538379252,59.999999999999929);
#15968=ORIENTED_EDGE('',*,*,#15876,.T.);
#15969=ORIENTED_EDGE('',*,*,#15838,.T.);
#15970=ORIENTED_EDGE('',*,*,#15800,.T.);
#15971=ORIENTED_EDGE('',*,*,#15755,.T.);
#15972=ORIENTED_EDGE('',*,*,#15914,.T.);
#15973=ORIENTED_EDGE('',*,*,#15950,.T.);
#15974=EDGE_LOOP('',(#15968,#15969,#15970,#15971,#15972,#15973));
#15975=FACE_OUTER_BOUND('',#15974,.T.);
#15976=ADVANCED_FACE('',(#15975),#15967,.F.);
#15977=CARTESIAN_POINT('',(0.0,3.989700538379256,0.0));
#15978=DIRECTION('',(-1.0,0.0,0.0));
#15979=DIRECTION('',(0.0,0.0,1.0));
#15980=AXIS2_PLACEMENT_3D('',#15977,#15978,#15979);
#15981=PLANE('',#15980);
#15982=CARTESIAN_POINT('',(0.0,5.67000000000001,0.0));
#15983=VERTEX_POINT('',#15982);
#15984=CARTESIAN_POINT('',(0.0,9.873327E-032,0.0));
#15985=DIRECTION('',(1.0,0.0,0.0));
#15986=DIRECTION('',(0.0,1.0,0.0));
#15987=AXIS2_PLACEMENT_3D('',#15984,#15985,#15986);
#15988=CIRCLE('',#15987,5.67000000000001);
#15989=EDGE_CURVE('',#15983,#15983,#15988,.T.);
#15990=ORIENTED_EDGE('',*,*,#15989,.F.);
#15991=EDGE_LOOP('',(#15990));
#15992=FACE_OUTER_BOUND('',#15991,.T.);
#15993=ORIENTED_EDGE('',*,*,#15890,.T.);
#15994=ORIENTED_EDGE('',*,*,#15957,.T.);
#15995=ORIENTED_EDGE('',*,*,#15923,.T.);
#15996=ORIENTED_EDGE('',*,*,#15771,.T.);
#15997=ORIENTED_EDGE('',*,*,#15814,.T.);
#15998=ORIENTED_EDGE('',*,*,#15852,.T.);
#15999=EDGE_LOOP('',(#15993,#15994,#15995,#15996,#15997,#15998));
#16000=FACE_BOUND('',#15999,.T.);
#16001=ADVANCED_FACE('',(#15992,#16000),#15981,.T.);
#16002=CARTESIAN_POINT('',(0.524999999999989,8.578532E-032,0.0));
#16003=DIRECTION('',(1.0,-2.466277E-032,0.0));
#16004=DIRECTION('',(0.0,1.0,0.0));
#16005=AXIS2_PLACEMENT_3D('',#16002,#16003,#16004);
#16006=CYLINDRICAL_SURFACE('',#16005,5.67000000000001);
#16007=CARTESIAN_POINT('',(1.049999999999978,5.67000000000001,0.0));
#16008=VERTEX_POINT('',#16007);
#16009=CARTESIAN_POINT('',(1.049999999999978,7.283737E-032,0.0));
#16010=DIRECTION('',(1.0,0.0,0.0));
#16011=DIRECTION('',(0.0,1.0,0.0));
#16012=AXIS2_PLACEMENT_3D('',#16009,#16010,#16011);
#16013=CIRCLE('',#16012,5.67000000000001);
#16014=EDGE_CURVE('',#16008,#16008,#16013,.T.);
#16015=ORIENTED_EDGE('',*,*,#16014,.F.);
#16016=EDGE_LOOP('',(#16015));
#16017=FACE_OUTER_BOUND('',#16016,.T.);
#16018=ORIENTED_EDGE('',*,*,#15989,.T.);
#16019=EDGE_LOOP('',(#16018));
#16020=FACE_BOUND('',#16019,.T.);
#16021=ADVANCED_FACE('',(#16017,#16020),#16006,.T.);
#16022=CARTESIAN_POINT('',(2.384999999999984,3.991258E-032,0.0));
#16023=DIRECTION('',(-1.0,2.466277E-032,0.0));
#16024=DIRECTION('',(0.0,1.0,0.0));
#16025=AXIS2_PLACEMENT_3D('',#16022,#16023,#16024);
#16026=CONICAL_SURFACE('',#16025,4.335000000000005,44.999999999999957);
#16027=ORIENTED_EDGE('',*,*,#15718,.F.);
#16028=EDGE_LOOP('',(#16027));
#16029=FACE_OUTER_BOUND('',#16028,.T.);
#16030=ORIENTED_EDGE('',*,*,#16014,.T.);
#16031=EDGE_LOOP('',(#16030));
#16032=FACE_BOUND('',#16031,.T.);
#16033=ADVANCED_FACE('',(#16029,#16032),#16026,.T.);
#16034=CLOSED_SHELL('',(#15705,#15725,#15734,#15781,#15819,#15857,#15895,#15933,#15962,#15976,#16001,#16021,#16033));
#16035=MANIFOLD_SOLID_BREP('Solid1',#16034);
#16036=STYLED_ITEM('',(#12855),#16035);
#16037=ADVANCED_BREP_SHAPE_REPRESENTATION('ABSR',(#16035),#15646);
#16038=SHAPE_REPRESENTATION_RELATIONSHIP('SRR','None',#16037,#15651);
#16039=AXIS2_PLACEMENT_3D('',#16040,#16041,#16042);
#16040=CARTESIAN_POINT('',(-80.0,-75.000000000000014,-137.22000000000003));
#16041=DIRECTION('',(1.0,2.694229E-059,5.961718E-030));
#16042=DIRECTION('',(-5.961718E-030,4.519216E-030,1.0));
#16043=NEXT_ASSEMBLY_USAGE_OCCURRENCE('ISO 10642 M6 x  16:1','ISO 10642 M6 x  16:1','ISO 10642 M6 x  16:1',#12,#15622,'ISO 10642 M6 x  16:1');
#16044=PRODUCT_DEFINITION_SHAPE('ISO 10642 M6 x  16:1','ISO 10642 M6 x  16:1',#16043);
#16045=ITEM_DEFINED_TRANSFORMATION('ISO 10642 M6 x  16:1','ISO 10642 M6 x  16:1',#15647,#16039);
#16049=(REPRESENTATION_RELATIONSHIP('ISO 10642 M6 x  16:1','ISO 10642 M6 x  16:1',#15651,#41)REPRESENTATION_RELATIONSHIP_WITH_TRANSFORMATION(#16045)SHAPE_REPRESENTATION_RELATIONSHIP());
#16050=CONTEXT_DEPENDENT_SHAPE_REPRESENTATION(#16049,#16044);
#16051=AXIS2_PLACEMENT_3D('',#16052,#16053,#16054);
#16052=CARTESIAN_POINT('',(-79.999999999999972,74.999999999999986,-137.22000000000003));
#16053=DIRECTION('',(1.0,2.694229E-059,5.961718E-030));
#16054=DIRECTION('',(-5.961718E-030,4.519216E-030,1.0));
#16055=NEXT_ASSEMBLY_USAGE_OCCURRENCE('ISO 10642 M6 x  16:2','ISO 10642 M6 x  16:2','ISO 10642 M6 x  16:2',#12,#15622,'ISO 10642 M6 x  16:2');
#16056=PRODUCT_DEFINITION_SHAPE('ISO 10642 M6 x  16:2','ISO 10642 M6 x  16:2',#16055);
#16057=ITEM_DEFINED_TRANSFORMATION('ISO 10642 M6 x  16:2','ISO 10642 M6 x  16:2',#15647,#16051);
#16061=(REPRESENTATION_RELATIONSHIP('ISO 10642 M6 x  16:2','ISO 10642 M6 x  16:2',#15651,#41)REPRESENTATION_RELATIONSHIP_WITH_TRANSFORMATION(#16057)SHAPE_REPRESENTATION_RELATIONSHIP());
#16062=CONTEXT_DEPENDENT_SHAPE_REPRESENTATION(#16061,#16056);
#16063=AXIS2_PLACEMENT_3D('',#16064,#16065,#16066);
#16064=CARTESIAN_POINT('',(80.0,-75.000000000000412,-137.22000000000003));
#16065=DIRECTION('',(1.0,2.694229E-059,5.961718E-030));
#16066=DIRECTION('',(-5.961718E-030,4.519216E-030,1.0));
#16067=NEXT_ASSEMBLY_USAGE_OCCURRENCE('ISO 10642 M6 x  16:3','ISO 10642 M6 x  16:3','ISO 10642 M6 x  16:3',#12,#15622,'ISO 10642 M6 x  16:3');
#16068=PRODUCT_DEFINITION_SHAPE('ISO 10642 M6 x  16:3','ISO 10642 M6 x  16:3',#16067);
#16069=ITEM_DEFINED_TRANSFORMATION('ISO 10642 M6 x  16:3','ISO 10642 M6 x  16:3',#15647,#16063);
#16073=(REPRESENTATION_RELATIONSHIP('ISO 10642 M6 x  16:3','ISO 10642 M6 x  16:3',#15651,#41)REPRESENTATION_RELATIONSHIP_WITH_TRANSFORMATION(#16069)SHAPE_REPRESENTATION_RELATIONSHIP());
#16074=CONTEXT_DEPENDENT_SHAPE_REPRESENTATION(#16073,#16068);
#16075=AXIS2_PLACEMENT_3D('',#16076,#16077,#16078);
#16076=CARTESIAN_POINT('',(80.000000000000028,74.999999999999588,-137.22000000000003));
#16077=DIRECTION('',(1.0,2.694229E-059,5.961718E-030));
#16078=DIRECTION('',(-5.961718E-030,4.519216E-030,1.0));
#16079=NEXT_ASSEMBLY_USAGE_OCCURRENCE('ISO 10642 M6 x  16:4','ISO 10642 M6 x  16:4','ISO 10642 M6 x  16:4',#12,#15622,'ISO 10642 M6 x  16:4');
#16080=PRODUCT_DEFINITION_SHAPE('ISO 10642 M6 x  16:4','ISO 10642 M6 x  16:4',#16079);
#16081=ITEM_DEFINED_TRANSFORMATION('ISO 10642 M6 x  16:4','ISO 10642 M6 x  16:4',#15647,#16075);
#16085=(REPRESENTATION_RELATIONSHIP('ISO 10642 M6 x  16:4','ISO 10642 M6 x  16:4',#15651,#41)REPRESENTATION_RELATIONSHIP_WITH_TRANSFORMATION(#16081)SHAPE_REPRESENTATION_RELATIONSHIP());
#16086=CONTEXT_DEPENDENT_SHAPE_REPRESENTATION(#16085,#16080);
#16087=AXIS2_PLACEMENT_3D('',#16088,#16089,#16090);
#16088=CARTESIAN_POINT('',(-119.2,99.200000000000045,30.999999999999986));
#16089=DIRECTION('',(1.0,0.0,-2.187572E-031));
#16090=DIRECTION('',(-2.187572E-031,0.0,-1.0));
#16091=NEXT_ASSEMBLY_USAGE_OCCURRENCE('ISO 4762 M8 x 30:12','ISO 4762 M8 x 30:12','ISO 4762 M8 x 30:12',#12,#12890,'ISO 4762 M8 x 30:12');
#16092=PRODUCT_DEFINITION_SHAPE('ISO 4762 M8 x 30:12','ISO 4762 M8 x 30:12',#16091);
#16093=ITEM_DEFINED_TRANSFORMATION('ISO 4762 M8 x 30:12','ISO 4762 M8 x 30:12',#12915,#16087);
#16097=(REPRESENTATION_RELATIONSHIP('ISO 4762 M8 x 30:12','ISO 4762 M8 x 30:12',#12919,#41)REPRESENTATION_RELATIONSHIP_WITH_TRANSFORMATION(#16093)SHAPE_REPRESENTATION_RELATIONSHIP());
#16098=CONTEXT_DEPENDENT_SHAPE_REPRESENTATION(#16097,#16092);
#16099=AXIS2_PLACEMENT_3D('',#16100,#16101,#16102);
#16100=CARTESIAN_POINT('',(119.2,-99.199999999999619,30.999999999999986));
#16101=DIRECTION('',(1.0,0.0,-2.187572E-031));
#16102=DIRECTION('',(-2.187572E-031,0.0,-1.0));
#16103=NEXT_ASSEMBLY_USAGE_OCCURRENCE('ISO 4762 M8 x 30:13','ISO 4762 M8 x 30:13','ISO 4762 M8 x 30:13',#12,#12890,'ISO 4762 M8 x 30:13');
#16104=PRODUCT_DEFINITION_SHAPE('ISO 4762 M8 x 30:13','ISO 4762 M8 x 30:13',#16103);
#16105=ITEM_DEFINED_TRANSFORMATION('ISO 4762 M8 x 30:13','ISO 4762 M8 x 30:13',#12915,#16099);
#16109=(REPRESENTATION_RELATIONSHIP('ISO 4762 M8 x 30:13','ISO 4762 M8 x 30:13',#12919,#41)REPRESENTATION_RELATIONSHIP_WITH_TRANSFORMATION(#16105)SHAPE_REPRESENTATION_RELATIONSHIP());
#16110=CONTEXT_DEPENDENT_SHAPE_REPRESENTATION(#16109,#16104);
#16111=AXIS2_PLACEMENT_3D('',#16112,#16113,#16114);
#16112=CARTESIAN_POINT('',(119.20000000000003,99.200000000000017,30.999999999999986));
#16113=DIRECTION('',(1.0,0.0,-2.187572E-031));
#16114=DIRECTION('',(-2.187572E-031,0.0,-1.0));
#16115=NEXT_ASSEMBLY_USAGE_OCCURRENCE('ISO 4762 M8 x 30:14','ISO 4762 M8 x 30:14','ISO 4762 M8 x 30:14',#12,#12890,'ISO 4762 M8 x 30:14');
#16116=PRODUCT_DEFINITION_SHAPE('ISO 4762 M8 x 30:14','ISO 4762 M8 x 30:14',#16115);
#16117=ITEM_DEFINED_TRANSFORMATION('ISO 4762 M8 x 30:14','ISO 4762 M8 x 30:14',#12915,#16111);
#16121=(REPRESENTATION_RELATIONSHIP('ISO 4762 M8 x 30:14','ISO 4762 M8 x 30:14',#12919,#41)REPRESENTATION_RELATIONSHIP_WITH_TRANSFORMATION(#16117)SHAPE_REPRESENTATION_RELATIONSHIP());
#16122=CONTEXT_DEPENDENT_SHAPE_REPRESENTATION(#16121,#16116);
ENDSEC;
END-ISO-10303-21;
