ISO-10303-21;
HEADER;
FILE_DESCRIPTION(('Creo Elements/Direct Modeling STEP Export'),'2;1');
FILE_NAME(
'C:/Temp/JobServerData/JobServer Files/643368e1-9b8d-4df7-9ab6-d2ea0d269
0bf/work/output/model.stp','2024-01-23T11:28:27',(''),(''),
'Creo Elements/Direct Modeling STEP processor for AP214 (Solid Model)',
'Creo Elements/Direct Modeling 20.1D  10-Oct-2020 (C) Parametric Technol
ogy GmbH','');
FILE_SCHEMA(('AUTOMOTIVE_DESIGN { 1 0 10303 214 1 1 1 1 }'));
ENDSEC;
DATA;
#10=CARTESIAN_POINT('',(0.,0.,100.));
#20=DIRECTION('',(0.,0.,1.));
#30=DIRECTION('',(1.,0.,0.));
#40=AXIS2_PLACEMENT_3D('',#10,#20,#30);
#50=PLANE('',#40);
#60=CARTESIAN_POINT('',(0.,-51.5251147901442,100.));
#70=DIRECTION('',(1.,0.,0.));
#80=VECTOR('',#70,1.);
#90=LINE('',#60,#80);
#100=CARTESIAN_POINT('',(124.93890173317,-51.5251147901442,100.));
#110=VERTEX_POINT('',#100);
#120=CARTESIAN_POINT('',(135.33890173317,-51.5251147901442,100.));
#130=VERTEX_POINT('',#120);
#140=EDGE_CURVE('',#110,#130,#90,.T.);
#150=ORIENTED_EDGE('',*,*,#140,.T.);
#160=CARTESIAN_POINT('',(124.93890173317,0.,100.));
#170=DIRECTION('',(0.,1.,0.));
#180=VECTOR('',#170,1.);
#190=LINE('',#160,#180);
#200=CARTESIAN_POINT('',(124.93890173317,-50.5251147901442,100.));
#210=VERTEX_POINT('',#200);
#220=EDGE_CURVE('',#110,#210,#190,.T.);
#230=ORIENTED_EDGE('',*,*,#220,.F.);
#240=CARTESIAN_POINT('',(0.,-50.5251147901442,100.));
#250=DIRECTION('',(-1.,0.,0.));
#260=VECTOR('',#250,1.);
#270=LINE('',#240,#260);
#280=CARTESIAN_POINT('',(134.33890173317,-50.5251147901442,100.));
#290=VERTEX_POINT('',#280);
#300=EDGE_CURVE('',#290,#210,#270,.T.);
#310=ORIENTED_EDGE('',*,*,#300,.T.);
#320=CARTESIAN_POINT('',(134.33890173317,0.,100.));
#330=DIRECTION('',(0.,-1.,0.));
#340=VECTOR('',#330,1.);
#350=LINE('',#320,#340);
#360=CARTESIAN_POINT('',(134.33890173317,-45.8251147901442,100.));
#370=VERTEX_POINT('',#360);
#380=EDGE_CURVE('',#370,#290,#350,.T.);
#390=ORIENTED_EDGE('',*,*,#380,.T.);
#400=CARTESIAN_POINT('',(136.13890173317,-45.8251147901442,100.));
#410=DIRECTION('',(0.,0.,-1.));
#420=DIRECTION('',(-1.,0.,0.));
#430=AXIS2_PLACEMENT_3D('',#400,#410,#420);
#440=CIRCLE('',#430,1.8);
#450=CARTESIAN_POINT('',(136.13890173317,-44.0251147901442,100.));
#460=VERTEX_POINT('',#450);
#470=EDGE_CURVE('',#370,#460,#440,.T.);
#480=ORIENTED_EDGE('',*,*,#470,.F.);
#490=CARTESIAN_POINT('',(0.,-44.0251147901442,100.));
#500=DIRECTION('',(-1.,0.,0.));
#510=VECTOR('',#500,1.);
#520=LINE('',#490,#510);
#530=CARTESIAN_POINT('',(139.33890173317,-44.0251147901442,100.));
#540=VERTEX_POINT('',#530);
#550=EDGE_CURVE('',#540,#460,#520,.T.);
#560=ORIENTED_EDGE('',*,*,#550,.T.);
#570=CARTESIAN_POINT('',(139.33890173317,0.,100.));
#580=DIRECTION('',(0.,1.,0.));
#590=VECTOR('',#580,1.);
#600=LINE('',#570,#590);
#610=CARTESIAN_POINT('',(139.33890173317,-45.0251147901442,100.));
#620=VERTEX_POINT('',#610);
#630=EDGE_CURVE('',#620,#540,#600,.T.);
#640=ORIENTED_EDGE('',*,*,#630,.T.);
#650=CARTESIAN_POINT('',(0.,-45.0251147901442,100.));
#660=DIRECTION('',(1.,0.,0.));
#670=VECTOR('',#660,1.);
#680=LINE('',#650,#670);
#690=CARTESIAN_POINT('',(136.13890173317,-45.0251147901442,100.));
#700=VERTEX_POINT('',#690);
#710=EDGE_CURVE('',#700,#620,#680,.T.);
#720=ORIENTED_EDGE('',*,*,#710,.T.);
#730=CARTESIAN_POINT('',(136.13890173317,-45.8251147901442,100.));
#740=DIRECTION('',(0.,0.,1.));
#750=DIRECTION('',(1.,0.,0.));
#760=AXIS2_PLACEMENT_3D('',#730,#740,#750);
#770=CIRCLE('',#760,0.8);
#780=CARTESIAN_POINT('',(135.33890173317,-45.8251147901442,100.));
#790=VERTEX_POINT('',#780);
#800=EDGE_CURVE('',#700,#790,#770,.T.);
#810=ORIENTED_EDGE('',*,*,#800,.F.);
#820=CARTESIAN_POINT('',(135.33890173317,0.,100.));
#830=DIRECTION('',(0.,1.,0.));
#840=VECTOR('',#830,1.);
#850=LINE('',#820,#840);
#860=EDGE_CURVE('',#130,#790,#850,.T.);
#870=ORIENTED_EDGE('',*,*,#860,.T.);
#880=EDGE_LOOP('',(#870,#810,#720,#640,#560,#480,#390,#310,#230,#150));
#890=FACE_OUTER_BOUND('',#880,.T.);
#900=ADVANCED_FACE('',(#890),#50,.T.);
#910=COLOUR_RGB('',0.823529481887817,0.823529481887817,0.784313797950745
);
#920=FILL_AREA_STYLE_COLOUR('',#910);
#930=FILL_AREA_STYLE('',(#920));
#940=SURFACE_STYLE_FILL_AREA(#930);
#950=SURFACE_SIDE_STYLE('',(#940));
#960=SURFACE_STYLE_USAGE(.BOTH.,#950);
#970=PRESENTATION_STYLE_ASSIGNMENT((#960));
#980=CARTESIAN_POINT('',(108.338901733169,-51.5251147901442,100.));
#990=VERTEX_POINT('',#980);
#1000=CARTESIAN_POINT('',(118.73890173317,-51.5251147901442,100.));
#1010=VERTEX_POINT('',#1000);
#1020=EDGE_CURVE('',#990,#1010,#90,.T.);
#1030=ORIENTED_EDGE('',*,*,#1020,.T.);
#1040=CARTESIAN_POINT('',(108.338901733169,0.,100.));
#1050=DIRECTION('',(0.,-1.,0.));
#1060=VECTOR('',#1050,1.);
#1070=LINE('',#1040,#1060);
#1080=CARTESIAN_POINT('',(108.338901733169,-45.8251147901442,100.));
#1090=VERTEX_POINT('',#1080);
#1100=EDGE_CURVE('',#1090,#990,#1070,.T.);
#1110=ORIENTED_EDGE('',*,*,#1100,.T.);
#1120=CARTESIAN_POINT('',(107.53890173317,-45.8251147901442,100.));
#1130=DIRECTION('',(0.,0.,1.));
#1140=DIRECTION('',(1.,0.,0.));
#1150=AXIS2_PLACEMENT_3D('',#1120,#1130,#1140);
#1160=CIRCLE('',#1150,0.8);
#1170=CARTESIAN_POINT('',(107.53890173317,-45.0251147901442,100.));
#1180=VERTEX_POINT('',#1170);
#1190=EDGE_CURVE('',#1090,#1180,#1160,.T.);
#1200=ORIENTED_EDGE('',*,*,#1190,.F.);
#1210=CARTESIAN_POINT('',(0.,-45.0251147901442,100.));
#1220=DIRECTION('',(1.,0.,0.));
#1230=VECTOR('',#1220,1.);
#1240=LINE('',#1210,#1230);
#1250=CARTESIAN_POINT('',(104.338901733169,-45.0251147901442,100.));
#1260=VERTEX_POINT('',#1250);
#1270=EDGE_CURVE('',#1260,#1180,#1240,.T.);
#1280=ORIENTED_EDGE('',*,*,#1270,.T.);
#1290=CARTESIAN_POINT('',(104.338901733169,0.,100.));
#1300=DIRECTION('',(0.,-1.,0.));
#1310=VECTOR('',#1300,1.);
#1320=LINE('',#1290,#1310);
#1330=CARTESIAN_POINT('',(104.338901733169,-44.0251147901442,100.));
#1340=VERTEX_POINT('',#1330);
#1350=EDGE_CURVE('',#1340,#1260,#1320,.T.);
#1360=ORIENTED_EDGE('',*,*,#1350,.T.);
#1370=CARTESIAN_POINT('',(0.,-44.0251147901442,100.));
#1380=DIRECTION('',(-1.,0.,0.));
#1390=VECTOR('',#1380,1.);
#1400=LINE('',#1370,#1390);
#1410=CARTESIAN_POINT('',(107.53890173317,-44.0251147901442,100.));
#1420=VERTEX_POINT('',#1410);
#1430=EDGE_CURVE('',#1420,#1340,#1400,.T.);
#1440=ORIENTED_EDGE('',*,*,#1430,.T.);
#1450=CARTESIAN_POINT('',(107.53890173317,-45.8251147901442,100.));
#1460=DIRECTION('',(0.,0.,-1.));
#1470=DIRECTION('',(-1.,0.,0.));
#1480=AXIS2_PLACEMENT_3D('',#1450,#1460,#1470);
#1490=CIRCLE('',#1480,1.8);
#1500=CARTESIAN_POINT('',(109.338901733169,-45.8251147901442,100.));
#1510=VERTEX_POINT('',#1500);
#1520=EDGE_CURVE('',#1420,#1510,#1490,.T.);
#1530=ORIENTED_EDGE('',*,*,#1520,.F.);
#1540=CARTESIAN_POINT('',(109.338901733169,0.,100.));
#1550=DIRECTION('',(0.,1.,0.));
#1560=VECTOR('',#1550,1.);
#1570=LINE('',#1540,#1560);
#1580=CARTESIAN_POINT('',(109.338901733169,-50.5251147901442,100.));
#1590=VERTEX_POINT('',#1580);
#1600=EDGE_CURVE('',#1590,#1510,#1570,.T.);
#1610=ORIENTED_EDGE('',*,*,#1600,.T.);
#1620=CARTESIAN_POINT('',(118.73890173317,-50.5251147901442,100.));
#1630=VERTEX_POINT('',#1620);
#1640=EDGE_CURVE('',#1630,#1590,#270,.T.);
#1650=ORIENTED_EDGE('',*,*,#1640,.T.);
#1660=CARTESIAN_POINT('',(118.73890173317,0.,100.));
#1670=DIRECTION('',(0.,-1.,0.));
#1680=VECTOR('',#1670,1.);
#1690=LINE('',#1660,#1680);
#1700=EDGE_CURVE('',#1630,#1010,#1690,.T.);
#1710=ORIENTED_EDGE('',*,*,#1700,.F.);
#1720=EDGE_LOOP('',(#1710,#1650,#1610,#1530,#1440,#1360,#1280,#1200,
#1110,#1030));
#1730=FACE_OUTER_BOUND('',#1720,.T.);
#1740=ADVANCED_FACE('',(#1730),#50,.T.);
#1750=COLOUR_RGB('',0.823529481887817,0.823529481887817,
0.784313797950745);
#1760=FILL_AREA_STYLE_COLOUR('',#1750);
#1770=FILL_AREA_STYLE('',(#1760));
#1780=SURFACE_STYLE_FILL_AREA(#1770);
#1790=SURFACE_SIDE_STYLE('',(#1780));
#1800=SURFACE_STYLE_USAGE(.BOTH.,#1790);
#1810=PRESENTATION_STYLE_ASSIGNMENT((#1800));
#1820=CARTESIAN_POINT('',(124.93890173317,-52.2751171901442,-1904.4));
#1830=DIRECTION('',(1.,0.,-0.));
#1840=DIRECTION('',(0.,0.,1.));
#1850=AXIS2_PLACEMENT_3D('',#1820,#1830,#1840);
#1860=PLANE('',#1850);
#1870=CARTESIAN_POINT('',(124.93890173317,-52.2751171901442,-1895.6));
#1880=DIRECTION('',(0.,1.,0.));
#1890=VECTOR('',#1880,1.);
#1900=LINE('',#1870,#1890);
#1910=CARTESIAN_POINT('',(124.93890173317,-51.5251147901442,-1895.6));
#1920=VERTEX_POINT('',#1910);
#1930=CARTESIAN_POINT('',(124.93890173317,-50.5251147901442,-1895.6));
#1940=VERTEX_POINT('',#1930);
#1950=EDGE_CURVE('',#1920,#1940,#1900,.T.);
#1960=ORIENTED_EDGE('',*,*,#1950,.T.);
#1970=CARTESIAN_POINT('',(124.93890173317,-51.5251147901442,0.));
#1980=DIRECTION('',(0.,0.,1.));
#1990=VECTOR('',#1980,1.);
#2000=LINE('',#1970,#1990);
#2010=CARTESIAN_POINT('',(124.93890173317,-51.5251147901442,-1900.));
#2020=VERTEX_POINT('',#2010);
#2030=EDGE_CURVE('',#2020,#1920,#2000,.T.);
#2040=ORIENTED_EDGE('',*,*,#2030,.T.);
#2050=CARTESIAN_POINT('',(124.93890173317,0.,-1900.));
#2060=DIRECTION('',(0.,-1.,0.));
#2070=VECTOR('',#2060,1.);
#2080=LINE('',#2050,#2070);
#2090=CARTESIAN_POINT('',(124.93890173317,-50.5251147901442,-1900.));
#2100=VERTEX_POINT('',#2090);
#2110=EDGE_CURVE('',#2100,#2020,#2080,.T.);
#2120=ORIENTED_EDGE('',*,*,#2110,.T.);
#2130=CARTESIAN_POINT('',(124.93890173317,-50.5251147901442,0.));
#2140=DIRECTION('',(0.,0.,-1.));
#2150=VECTOR('',#2140,1.);
#2160=LINE('',#2130,#2150);
#2170=EDGE_CURVE('',#1940,#2100,#2160,.T.);
#2180=ORIENTED_EDGE('',*,*,#2170,.T.);
#2190=EDGE_LOOP('',(#2180,#2120,#2040,#1960));
#2200=FACE_OUTER_BOUND('',#2190,.T.);
#2210=ADVANCED_FACE('',(#2200),#1860,.F.);
#2220=COLOUR_RGB('',0.823529481887817,0.823529481887817,
0.784313797950745);
#2230=FILL_AREA_STYLE_COLOUR('',#2220);
#2240=FILL_AREA_STYLE('',(#2230));
#2250=SURFACE_STYLE_FILL_AREA(#2240);
#2260=SURFACE_SIDE_STYLE('',(#2250));
#2270=SURFACE_STYLE_USAGE(.BOTH.,#2260);
#2280=PRESENTATION_STYLE_ASSIGNMENT((#2270));
#2290=CARTESIAN_POINT('',(121.83890173317,-52.2751171901442,-1895.6));
#2300=DIRECTION('',(0.,1.,0.));
#2310=DIRECTION('',(0.,0.,-1.));
#2320=AXIS2_PLACEMENT_3D('',#2290,#2300,#2310);
#2330=CYLINDRICAL_SURFACE('',#2320,3.1);
#2340=CARTESIAN_POINT('',(118.73890173317,-52.2751171901442,-1895.6));
#2350=DIRECTION('',(0.,1.,0.));
#2360=VECTOR('',#2350,1.);
#2370=LINE('',#2340,#2360);
#2380=CARTESIAN_POINT('',(118.73890173317,-51.5251147901442,-1895.6));
#2390=VERTEX_POINT('',#2380);
#2400=CARTESIAN_POINT('',(118.73890173317,-50.5251147901442,-1895.6));
#2410=VERTEX_POINT('',#2400);
#2420=EDGE_CURVE('',#2390,#2410,#2370,.T.);
#2430=ORIENTED_EDGE('',*,*,#2420,.T.);
#2440=CARTESIAN_POINT('',(121.83890173317,-51.5251147901442,-1895.6));
#2450=DIRECTION('',(0.,1.,0.));
#2460=DIRECTION('',(0.,0.,-1.));
#2470=AXIS2_PLACEMENT_3D('',#2440,#2450,#2460);
#2480=CIRCLE('',#2470,3.1);
#2490=EDGE_CURVE('',#2390,#1920,#2480,.T.);
#2500=ORIENTED_EDGE('',*,*,#2490,.F.);
#2510=ORIENTED_EDGE('',*,*,#1950,.F.);
#2520=CARTESIAN_POINT('',(121.83890173317,-50.5251147901442,-1895.6));
#2530=DIRECTION('',(0.,1.,0.));
#2540=DIRECTION('',(0.,0.,-1.));
#2550=AXIS2_PLACEMENT_3D('',#2520,#2530,#2540);
#2560=CIRCLE('',#2550,3.1);
#2570=EDGE_CURVE('',#2410,#1940,#2560,.T.);
#2580=ORIENTED_EDGE('',*,*,#2570,.T.);
#2590=EDGE_LOOP('',(#2580,#2510,#2500,#2430));
#2600=FACE_OUTER_BOUND('',#2590,.T.);
#2610=ADVANCED_FACE('',(#2600),#2330,.F.);
#2620=COLOUR_RGB('',0.823529481887817,0.823529481887817,
0.784313797950745);
#2630=FILL_AREA_STYLE_COLOUR('',#2620);
#2640=FILL_AREA_STYLE('',(#2630));
#2650=SURFACE_STYLE_FILL_AREA(#2640);
#2660=SURFACE_SIDE_STYLE('',(#2650));
#2670=SURFACE_STYLE_USAGE(.BOTH.,#2660);
#2680=PRESENTATION_STYLE_ASSIGNMENT((#2670));
#2690=CARTESIAN_POINT('',(118.73890173317,-52.2751171901442,-1895.6));
#2700=DIRECTION('',(-1.,-0.,-0.));
#2710=DIRECTION('',(0.,0.,-1.));
#2720=AXIS2_PLACEMENT_3D('',#2690,#2700,#2710);
#2730=PLANE('',#2720);
#2740=ORIENTED_EDGE('',*,*,#2420,.F.);
#2750=CARTESIAN_POINT('',(118.73890173317,-50.5251147901442,0.));
#2760=DIRECTION('',(0.,0.,1.));
#2770=VECTOR('',#2760,1.);
#2780=LINE('',#2750,#2770);
#2790=CARTESIAN_POINT('',(118.73890173317,-50.5251147901442,-1900.));
#2800=VERTEX_POINT('',#2790);
#2810=EDGE_CURVE('',#2800,#2410,#2780,.T.);
#2820=ORIENTED_EDGE('',*,*,#2810,.T.);
#2830=CARTESIAN_POINT('',(118.73890173317,0.,-1900.));
#2840=DIRECTION('',(0.,1.,0.));
#2850=VECTOR('',#2840,1.);
#2860=LINE('',#2830,#2850);
#2870=CARTESIAN_POINT('',(118.73890173317,-51.5251147901442,-1900.));
#2880=VERTEX_POINT('',#2870);
#2890=EDGE_CURVE('',#2880,#2800,#2860,.T.);
#2900=ORIENTED_EDGE('',*,*,#2890,.T.);
#2910=CARTESIAN_POINT('',(118.73890173317,-51.5251147901442,0.));
#2920=DIRECTION('',(0.,0.,-1.));
#2930=VECTOR('',#2920,1.);
#2940=LINE('',#2910,#2930);
#2950=EDGE_CURVE('',#2390,#2880,#2940,.T.);
#2960=ORIENTED_EDGE('',*,*,#2950,.T.);
#2970=EDGE_LOOP('',(#2960,#2900,#2820,#2740));
#2980=FACE_OUTER_BOUND('',#2970,.T.);
#2990=ADVANCED_FACE('',(#2980),#2730,.F.);
#3000=COLOUR_RGB('',0.823529481887817,0.823529481887817,
0.784313797950745);
#3010=FILL_AREA_STYLE_COLOUR('',#3000);
#3020=FILL_AREA_STYLE('',(#3010));
#3030=SURFACE_STYLE_FILL_AREA(#3020);
#3040=SURFACE_SIDE_STYLE('',(#3030));
#3050=SURFACE_STYLE_USAGE(.BOTH.,#3040);
#3060=PRESENTATION_STYLE_ASSIGNMENT((#3050));
#3070=CARTESIAN_POINT('',(108.338901733169,-49.7251147901443,0.));
#3080=DIRECTION('',(-1.,0.,0.));
#3090=DIRECTION('',(0.,1.,0.));
#3100=AXIS2_PLACEMENT_3D('',#3070,#3080,#3090);
#3110=PLANE('',#3100);
#3120=ORIENTED_EDGE('',*,*,#1100,.F.);
#3130=CARTESIAN_POINT('',(108.338901733169,-51.5251147901442,0.));
#3140=DIRECTION('',(0.,0.,-1.));
#3150=VECTOR('',#3140,1.);
#3160=LINE('',#3130,#3150);
#3170=CARTESIAN_POINT('',(108.338901733169,-51.5251147901442,-1900.));
#3180=VERTEX_POINT('',#3170);
#3190=EDGE_CURVE('',#990,#3180,#3160,.T.);
#3200=ORIENTED_EDGE('',*,*,#3190,.F.);
#3210=CARTESIAN_POINT('',(108.338901733169,0.,-1900.));
#3220=DIRECTION('',(0.,1.,0.));
#3230=VECTOR('',#3220,1.);
#3240=LINE('',#3210,#3230);
#3250=CARTESIAN_POINT('',(108.338901733169,-45.8251147901442,-1900.));
#3260=VERTEX_POINT('',#3250);
#3270=EDGE_CURVE('',#3180,#3260,#3240,.T.);
#3280=ORIENTED_EDGE('',*,*,#3270,.F.);
#3290=CARTESIAN_POINT('',(108.338901733169,-45.8251147901442,0.));
#3300=DIRECTION('',(0.,0.,-1.));
#3310=VECTOR('',#3300,1.);
#3320=LINE('',#3290,#3310);
#3330=EDGE_CURVE('',#1090,#3260,#3320,.T.);
#3340=ORIENTED_EDGE('',*,*,#3330,.T.);
#3350=EDGE_LOOP('',(#3340,#3280,#3200,#3120));
#3360=FACE_OUTER_BOUND('',#3350,.T.);
#3370=ADVANCED_FACE('',(#3360),#3110,.T.);
#3380=COLOUR_RGB('',0.823529481887817,0.823529481887817,
0.784313797950745);
#3390=FILL_AREA_STYLE_COLOUR('',#3380);
#3400=FILL_AREA_STYLE('',(#3390));
#3410=SURFACE_STYLE_FILL_AREA(#3400);
#3420=SURFACE_SIDE_STYLE('',(#3410));
#3430=SURFACE_STYLE_USAGE(.BOTH.,#3420);
#3440=PRESENTATION_STYLE_ASSIGNMENT((#3430));
#3450=CARTESIAN_POINT('',(104.338901733169,-45.0251147901442,0.));
#3460=DIRECTION('',(-1.,0.,0.));
#3470=DIRECTION('',(0.,1.,0.));
#3480=AXIS2_PLACEMENT_3D('',#3450,#3460,#3470);
#3490=PLANE('',#3480);
#3500=CARTESIAN_POINT('',(104.338901733169,0.,-1900.));
#3510=DIRECTION('',(0.,-1.,0.));
#3520=VECTOR('',#3510,1.);
#3530=LINE('',#3500,#3520);
#3540=CARTESIAN_POINT('',(104.338901733169,-44.0251147901442,-1900.));
#3550=VERTEX_POINT('',#3540);
#3560=CARTESIAN_POINT('',(104.338901733169,-45.0251147901442,-1900.));
#3570=VERTEX_POINT('',#3560);
#3580=EDGE_CURVE('',#3550,#3570,#3530,.T.);
#3590=ORIENTED_EDGE('',*,*,#3580,.T.);
#3600=CARTESIAN_POINT('',(104.338901733169,-44.0251147901442,-200.));
#3610=DIRECTION('',(0.,0.,-1.));
#3620=VECTOR('',#3610,1.);
#3630=LINE('',#3600,#3620);
#3640=EDGE_CURVE('',#1340,#3550,#3630,.T.);
#3650=ORIENTED_EDGE('',*,*,#3640,.T.);
#3660=ORIENTED_EDGE('',*,*,#1350,.F.);
#3670=CARTESIAN_POINT('',(104.338901733169,-45.0251147901442,-200.));
#3680=DIRECTION('',(0.,0.,-1.));
#3690=VECTOR('',#3680,1.);
#3700=LINE('',#3670,#3690);
#3710=EDGE_CURVE('',#1260,#3570,#3700,.T.);
#3720=ORIENTED_EDGE('',*,*,#3710,.F.);
#3730=EDGE_LOOP('',(#3720,#3660,#3650,#3590));
#3740=FACE_OUTER_BOUND('',#3730,.T.);
#3750=ADVANCED_FACE('',(#3740),#3490,.T.);
#3760=COLOUR_RGB('',0.823529481887817,0.823529481887817,
0.784313797950745);
#3770=FILL_AREA_STYLE_COLOUR('',#3760);
#3780=FILL_AREA_STYLE('',(#3770));
#3790=SURFACE_STYLE_FILL_AREA(#3780);
#3800=SURFACE_SIDE_STYLE('',(#3790));
#3810=SURFACE_STYLE_USAGE(.BOTH.,#3800);
#3820=PRESENTATION_STYLE_ASSIGNMENT((#3810));
#3830=CARTESIAN_POINT('',(133.53890173317,-51.5251147901442,0.));
#3840=DIRECTION('',(-0.,-1.,-0.));
#3850=DIRECTION('',(-1.,0.,0.));
#3860=AXIS2_PLACEMENT_3D('',#3830,#3840,#3850);
#3870=PLANE('',#3860);
#3880=CARTESIAN_POINT('',(124.93890173317,-51.5251147901442,0.));
#3890=DIRECTION('',(0.,0.,1.));
#3900=VECTOR('',#3890,1.);
#3910=LINE('',#3880,#3900);
#3920=CARTESIAN_POINT('',(124.93890173317,-51.5251147901442,-929.4));
#3930=VERTEX_POINT('',#3920);
#3940=CARTESIAN_POINT('',(124.93890173317,-51.5251147901442,-920.6));
#3950=VERTEX_POINT('',#3940);
#3960=EDGE_CURVE('',#3930,#3950,#3910,.T.);
#3970=ORIENTED_EDGE('',*,*,#3960,.F.);
#3980=CARTESIAN_POINT('',(121.83890173317,-51.5251147901442,-920.6));
#3990=DIRECTION('',(0.,1.,0.));
#4000=DIRECTION('',(0.,0.,-1.));
#4010=AXIS2_PLACEMENT_3D('',#3980,#3990,#4000);
#4020=CIRCLE('',#4010,3.1);
#4030=CARTESIAN_POINT('',(118.73890173317,-51.5251147901442,-920.6));
#4040=VERTEX_POINT('',#4030);
#4050=EDGE_CURVE('',#4040,#3950,#4020,.T.);
#4060=ORIENTED_EDGE('',*,*,#4050,.T.);
#4070=CARTESIAN_POINT('',(118.73890173317,-51.5251147901442,0.));
#4080=DIRECTION('',(0.,0.,-1.));
#4090=VECTOR('',#4080,1.);
#4100=LINE('',#4070,#4090);
#4110=CARTESIAN_POINT('',(118.73890173317,-51.5251147901442,-929.4));
#4120=VERTEX_POINT('',#4110);
#4130=EDGE_CURVE('',#4040,#4120,#4100,.T.);
#4140=ORIENTED_EDGE('',*,*,#4130,.F.);
#4150=CARTESIAN_POINT('',(121.83890173317,-51.5251147901442,-929.4));
#4160=DIRECTION('',(0.,1.,0.));
#4170=DIRECTION('',(0.,0.,-1.));
#4180=AXIS2_PLACEMENT_3D('',#4150,#4160,#4170);
#4190=CIRCLE('',#4180,3.1);
#4200=EDGE_CURVE('',#3930,#4120,#4190,.T.);
#4210=ORIENTED_EDGE('',*,*,#4200,.T.);
#4220=EDGE_LOOP('',(#4210,#4140,#4060,#3970));
#4230=FACE_BOUND('',#4220,.T.);
#4240=CARTESIAN_POINT('',(121.83890173317,-51.5251147901442,-595.6));
#4250=DIRECTION('',(0.,1.,0.));
#4260=DIRECTION('',(0.,0.,-1.));
#4270=AXIS2_PLACEMENT_3D('',#4240,#4250,#4260);
#4280=CIRCLE('',#4270,3.1);
#4290=CARTESIAN_POINT('',(118.73890173317,-51.5251147901442,-595.6));
#4300=VERTEX_POINT('',#4290);
#4310=CARTESIAN_POINT('',(124.93890173317,-51.5251147901442,-595.6));
#4320=VERTEX_POINT('',#4310);
#4330=EDGE_CURVE('',#4300,#4320,#4280,.T.);
#4340=ORIENTED_EDGE('',*,*,#4330,.T.);
#4350=CARTESIAN_POINT('',(118.73890173317,-51.5251147901442,0.));
#4360=DIRECTION('',(0.,0.,-1.));
#4370=VECTOR('',#4360,1.);
#4380=LINE('',#4350,#4370);
#4390=CARTESIAN_POINT('',(118.73890173317,-51.5251147901442,-604.4));
#4400=VERTEX_POINT('',#4390);
#4410=EDGE_CURVE('',#4300,#4400,#4380,.T.);
#4420=ORIENTED_EDGE('',*,*,#4410,.F.);
#4430=CARTESIAN_POINT('',(121.83890173317,-51.5251147901442,-604.4));
#4440=DIRECTION('',(0.,1.,0.));
#4450=DIRECTION('',(0.,0.,-1.));
#4460=AXIS2_PLACEMENT_3D('',#4430,#4440,#4450);
#4470=CIRCLE('',#4460,3.1);
#4480=CARTESIAN_POINT('',(124.93890173317,-51.5251147901442,-604.4));
#4490=VERTEX_POINT('',#4480);
#4500=EDGE_CURVE('',#4490,#4400,#4470,.T.);
#4510=ORIENTED_EDGE('',*,*,#4500,.T.);
#4520=CARTESIAN_POINT('',(124.93890173317,-51.5251147901442,0.));
#4530=DIRECTION('',(0.,0.,1.));
#4540=VECTOR('',#4530,1.);
#4550=LINE('',#4520,#4540);
#4560=EDGE_CURVE('',#4490,#4320,#4550,.T.);
#4570=ORIENTED_EDGE('',*,*,#4560,.F.);
#4580=EDGE_LOOP('',(#4570,#4510,#4420,#4340));
#4590=FACE_BOUND('',#4580,.T.);
#4600=CARTESIAN_POINT('',(121.83890173317,-51.5251147901442,-695.6));
#4610=DIRECTION('',(0.,1.,0.));
#4620=DIRECTION('',(0.,0.,-1.));
#4630=AXIS2_PLACEMENT_3D('',#4600,#4610,#4620);
#4640=CIRCLE('',#4630,3.1);
#4650=CARTESIAN_POINT('',(118.73890173317,-51.5251147901442,-695.6));
#4660=VERTEX_POINT('',#4650);
#4670=CARTESIAN_POINT('',(124.93890173317,-51.5251147901442,-695.6));
#4680=VERTEX_POINT('',#4670);
#4690=EDGE_CURVE('',#4660,#4680,#4640,.T.);
#4700=ORIENTED_EDGE('',*,*,#4690,.T.);
#4710=CARTESIAN_POINT('',(118.73890173317,-51.5251147901442,0.));
#4720=DIRECTION('',(0.,0.,-1.));
#4730=VECTOR('',#4720,1.);
#4740=LINE('',#4710,#4730);
#4750=CARTESIAN_POINT('',(118.73890173317,-51.5251147901442,-704.4));
#4760=VERTEX_POINT('',#4750);
#4770=EDGE_CURVE('',#4660,#4760,#4740,.T.);
#4780=ORIENTED_EDGE('',*,*,#4770,.F.);
#4790=CARTESIAN_POINT('',(121.83890173317,-51.5251147901442,-704.4));
#4800=DIRECTION('',(0.,1.,0.));
#4810=DIRECTION('',(0.,0.,-1.));
#4820=AXIS2_PLACEMENT_3D('',#4790,#4800,#4810);
#4830=CIRCLE('',#4820,3.1);
#4840=CARTESIAN_POINT('',(124.93890173317,-51.5251147901442,-704.4));
#4850=VERTEX_POINT('',#4840);
#4860=EDGE_CURVE('',#4850,#4760,#4830,.T.);
#4870=ORIENTED_EDGE('',*,*,#4860,.T.);
#4880=CARTESIAN_POINT('',(124.93890173317,-51.5251147901442,0.));
#4890=DIRECTION('',(0.,0.,1.));
#4900=VECTOR('',#4890,1.);
#4910=LINE('',#4880,#4900);
#4920=EDGE_CURVE('',#4850,#4680,#4910,.T.);
#4930=ORIENTED_EDGE('',*,*,#4920,.F.);
#4940=EDGE_LOOP('',(#4930,#4870,#4780,#4700));
#4950=FACE_BOUND('',#4940,.T.);
#4960=CARTESIAN_POINT('',(121.83890173317,-51.5251147901442,-745.6));
#4970=DIRECTION('',(0.,1.,0.));
#4980=DIRECTION('',(0.,0.,-1.));
#4990=AXIS2_PLACEMENT_3D('',#4960,#4970,#4980);
#5000=CIRCLE('',#4990,3.1);
#5010=CARTESIAN_POINT('',(118.73890173317,-51.5251147901442,-745.6));
#5020=VERTEX_POINT('',#5010);
#5030=CARTESIAN_POINT('',(124.93890173317,-51.5251147901442,-745.6));
#5040=VERTEX_POINT('',#5030);
#5050=EDGE_CURVE('',#5020,#5040,#5000,.T.);
#5060=ORIENTED_EDGE('',*,*,#5050,.T.);
#5070=CARTESIAN_POINT('',(118.73890173317,-51.5251147901442,0.));
#5080=DIRECTION('',(0.,0.,-1.));
#5090=VECTOR('',#5080,1.);
#5100=LINE('',#5070,#5090);
#5110=CARTESIAN_POINT('',(118.73890173317,-51.5251147901442,-754.4));
#5120=VERTEX_POINT('',#5110);
#5130=EDGE_CURVE('',#5020,#5120,#5100,.T.);
#5140=ORIENTED_EDGE('',*,*,#5130,.F.);
#5150=CARTESIAN_POINT('',(121.83890173317,-51.5251147901442,-754.4));
#5160=DIRECTION('',(0.,1.,0.));
#5170=DIRECTION('',(0.,0.,-1.));
#5180=AXIS2_PLACEMENT_3D('',#5150,#5160,#5170);
#5190=CIRCLE('',#5180,3.1);
#5200=CARTESIAN_POINT('',(124.93890173317,-51.5251147901442,-754.4));
#5210=VERTEX_POINT('',#5200);
#5220=EDGE_CURVE('',#5210,#5120,#5190,.T.);
#5230=ORIENTED_EDGE('',*,*,#5220,.T.);
#5240=CARTESIAN_POINT('',(124.93890173317,-51.5251147901442,0.));
#5250=DIRECTION('',(0.,0.,1.));
#5260=VECTOR('',#5250,1.);
#5270=LINE('',#5240,#5260);
#5280=EDGE_CURVE('',#5210,#5040,#5270,.T.);
#5290=ORIENTED_EDGE('',*,*,#5280,.F.);
#5300=EDGE_LOOP('',(#5290,#5230,#5140,#5060));
#5310=FACE_BOUND('',#5300,.T.);
#5320=CARTESIAN_POINT('',(118.73890173317,-51.5251147901442,0.));
#5330=DIRECTION('',(0.,0.,-1.));
#5340=VECTOR('',#5330,1.);
#5350=LINE('',#5320,#5340);
#5360=CARTESIAN_POINT('',(118.73890173317,-51.5251147901442,-1820.6));
#5370=VERTEX_POINT('',#5360);
#5380=CARTESIAN_POINT('',(118.73890173317,-51.5251147901442,-1829.4));
#5390=VERTEX_POINT('',#5380);
#5400=EDGE_CURVE('',#5370,#5390,#5350,.T.);
#5410=ORIENTED_EDGE('',*,*,#5400,.F.);
#5420=CARTESIAN_POINT('',(121.83890173317,-51.5251147901442,-1829.4));
#5430=DIRECTION('',(0.,1.,0.));
#5440=DIRECTION('',(0.,0.,-1.));
#5450=AXIS2_PLACEMENT_3D('',#5420,#5430,#5440);
#5460=CIRCLE('',#5450,3.1);
#5470=CARTESIAN_POINT('',(124.93890173317,-51.5251147901442,-1829.4));
#5480=VERTEX_POINT('',#5470);
#5490=EDGE_CURVE('',#5480,#5390,#5460,.T.);
#5500=ORIENTED_EDGE('',*,*,#5490,.T.);
#5510=CARTESIAN_POINT('',(124.93890173317,-51.5251147901442,0.));
#5520=DIRECTION('',(0.,0.,1.));
#5530=VECTOR('',#5520,1.);
#5540=LINE('',#5510,#5530);
#5550=CARTESIAN_POINT('',(124.93890173317,-51.5251147901442,-1820.6));
#5560=VERTEX_POINT('',#5550);
#5570=EDGE_CURVE('',#5480,#5560,#5540,.T.);
#5580=ORIENTED_EDGE('',*,*,#5570,.F.);
#5590=CARTESIAN_POINT('',(121.83890173317,-51.5251147901442,-1820.6));
#5600=DIRECTION('',(0.,1.,0.));
#5610=DIRECTION('',(0.,0.,-1.));
#5620=AXIS2_PLACEMENT_3D('',#5590,#5600,#5610);
#5630=CIRCLE('',#5620,3.1);
#5640=EDGE_CURVE('',#5370,#5560,#5630,.T.);
#5650=ORIENTED_EDGE('',*,*,#5640,.T.);
#5660=EDGE_LOOP('',(#5650,#5580,#5500,#5410));
#5670=FACE_BOUND('',#5660,.T.);
#5680=CARTESIAN_POINT('',(121.83890173317,-51.5251147901442,-404.4));
#5690=DIRECTION('',(0.,1.,0.));
#5700=DIRECTION('',(0.,0.,-1.));
#5710=AXIS2_PLACEMENT_3D('',#5680,#5690,#5700);
#5720=CIRCLE('',#5710,3.1);
#5730=CARTESIAN_POINT('',(124.93890173317,-51.5251147901442,-404.4));
#5740=VERTEX_POINT('',#5730);
#5750=CARTESIAN_POINT('',(118.73890173317,-51.5251147901442,-404.4));
#5760=VERTEX_POINT('',#5750);
#5770=EDGE_CURVE('',#5740,#5760,#5720,.T.);
#5780=ORIENTED_EDGE('',*,*,#5770,.T.);
#5790=CARTESIAN_POINT('',(124.93890173317,-51.5251147901442,0.));
#5800=DIRECTION('',(0.,0.,1.));
#5810=VECTOR('',#5800,1.);
#5820=LINE('',#5790,#5810);
#5830=CARTESIAN_POINT('',(124.93890173317,-51.5251147901442,-395.6));
#5840=VERTEX_POINT('',#5830);
#5850=EDGE_CURVE('',#5740,#5840,#5820,.T.);
#5860=ORIENTED_EDGE('',*,*,#5850,.F.);
#5870=CARTESIAN_POINT('',(121.83890173317,-51.5251147901442,-395.6));
#5880=DIRECTION('',(0.,1.,0.));
#5890=DIRECTION('',(0.,0.,-1.));
#5900=AXIS2_PLACEMENT_3D('',#5870,#5880,#5890);
#5910=CIRCLE('',#5900,3.1);
#5920=CARTESIAN_POINT('',(118.73890173317,-51.5251147901442,-395.6));
#5930=VERTEX_POINT('',#5920);
#5940=EDGE_CURVE('',#5930,#5840,#5910,.T.);
#5950=ORIENTED_EDGE('',*,*,#5940,.T.);
#5960=CARTESIAN_POINT('',(118.73890173317,-51.5251147901442,0.));
#5970=DIRECTION('',(0.,0.,-1.));
#5980=VECTOR('',#5970,1.);
#5990=LINE('',#5960,#5980);
#6000=EDGE_CURVE('',#5930,#5760,#5990,.T.);
#6010=ORIENTED_EDGE('',*,*,#6000,.F.);
#6020=EDGE_LOOP('',(#6010,#5950,#5860,#5780));
#6030=FACE_BOUND('',#6020,.T.);
#6040=CARTESIAN_POINT('',(121.83890173317,-51.5251147901442,-654.4));
#6050=DIRECTION('',(0.,1.,0.));
#6060=DIRECTION('',(0.,0.,-1.));
#6070=AXIS2_PLACEMENT_3D('',#6040,#6050,#6060);
#6080=CIRCLE('',#6070,3.1);
#6090=CARTESIAN_POINT('',(124.93890173317,-51.5251147901442,-654.4));
#6100=VERTEX_POINT('',#6090);
#6110=CARTESIAN_POINT('',(118.73890173317,-51.5251147901442,-654.4));
#6120=VERTEX_POINT('',#6110);
#6130=EDGE_CURVE('',#6100,#6120,#6080,.T.);
#6140=ORIENTED_EDGE('',*,*,#6130,.T.);
#6150=CARTESIAN_POINT('',(124.93890173317,-51.5251147901442,0.));
#6160=DIRECTION('',(0.,0.,1.));
#6170=VECTOR('',#6160,1.);
#6180=LINE('',#6150,#6170);
#6190=CARTESIAN_POINT('',(124.93890173317,-51.5251147901442,-645.6));
#6200=VERTEX_POINT('',#6190);
#6210=EDGE_CURVE('',#6100,#6200,#6180,.T.);
#6220=ORIENTED_EDGE('',*,*,#6210,.F.);
#6230=CARTESIAN_POINT('',(121.83890173317,-51.5251147901442,-645.6));
#6240=DIRECTION('',(0.,1.,0.));
#6250=DIRECTION('',(0.,0.,-1.));
#6260=AXIS2_PLACEMENT_3D('',#6230,#6240,#6250);
#6270=CIRCLE('',#6260,3.1);
#6280=CARTESIAN_POINT('',(118.73890173317,-51.5251147901442,-645.6));
#6290=VERTEX_POINT('',#6280);
#6300=EDGE_CURVE('',#6290,#6200,#6270,.T.);
#6310=ORIENTED_EDGE('',*,*,#6300,.T.);
#6320=CARTESIAN_POINT('',(118.73890173317,-51.5251147901442,0.));
#6330=DIRECTION('',(0.,0.,-1.));
#6340=VECTOR('',#6330,1.);
#6350=LINE('',#6320,#6340);
#6360=EDGE_CURVE('',#6290,#6120,#6350,.T.);
#6370=ORIENTED_EDGE('',*,*,#6360,.F.);
#6380=EDGE_LOOP('',(#6370,#6310,#6220,#6140));
#6390=FACE_BOUND('',#6380,.T.);
#6400=CARTESIAN_POINT('',(121.83890173317,-51.5251147901442,-1095.6));
#6410=DIRECTION('',(0.,1.,0.));
#6420=DIRECTION('',(0.,0.,-1.));
#6430=AXIS2_PLACEMENT_3D('',#6400,#6410,#6420);
#6440=CIRCLE('',#6430,3.1);
#6450=CARTESIAN_POINT('',(118.73890173317,-51.5251147901442,-1095.6));
#6460=VERTEX_POINT('',#6450);
#6470=CARTESIAN_POINT('',(124.93890173317,-51.5251147901442,-1095.6));
#6480=VERTEX_POINT('',#6470);
#6490=EDGE_CURVE('',#6460,#6480,#6440,.T.);
#6500=ORIENTED_EDGE('',*,*,#6490,.T.);
#6510=CARTESIAN_POINT('',(118.73890173317,-51.5251147901442,0.));
#6520=DIRECTION('',(0.,0.,-1.));
#6530=VECTOR('',#6520,1.);
#6540=LINE('',#6510,#6530);
#6550=CARTESIAN_POINT('',(118.73890173317,-51.5251147901442,-1104.4));
#6560=VERTEX_POINT('',#6550);
#6570=EDGE_CURVE('',#6460,#6560,#6540,.T.);
#6580=ORIENTED_EDGE('',*,*,#6570,.F.);
#6590=CARTESIAN_POINT('',(121.83890173317,-51.5251147901442,-1104.4));
#6600=DIRECTION('',(0.,1.,0.));
#6610=DIRECTION('',(0.,0.,-1.));
#6620=AXIS2_PLACEMENT_3D('',#6590,#6600,#6610);
#6630=CIRCLE('',#6620,3.1);
#6640=CARTESIAN_POINT('',(124.93890173317,-51.5251147901442,-1104.4));
#6650=VERTEX_POINT('',#6640);
#6660=EDGE_CURVE('',#6650,#6560,#6630,.T.);
#6670=ORIENTED_EDGE('',*,*,#6660,.T.);
#6680=CARTESIAN_POINT('',(124.93890173317,-51.5251147901442,0.));
#6690=DIRECTION('',(0.,0.,1.));
#6700=VECTOR('',#6690,1.);
#6710=LINE('',#6680,#6700);
#6720=EDGE_CURVE('',#6650,#6480,#6710,.T.);
#6730=ORIENTED_EDGE('',*,*,#6720,.F.);
#6740=EDGE_LOOP('',(#6730,#6670,#6580,#6500));
#6750=FACE_BOUND('',#6740,.T.);
#6760=CARTESIAN_POINT('',(121.83890173317,-51.5251147901442,-429.4));
#6770=DIRECTION('',(0.,1.,0.));
#6780=DIRECTION('',(0.,0.,-1.));
#6790=AXIS2_PLACEMENT_3D('',#6760,#6770,#6780);
#6800=CIRCLE('',#6790,3.1);
#6810=CARTESIAN_POINT('',(124.93890173317,-51.5251147901442,-429.4));
#6820=VERTEX_POINT('',#6810);
#6830=CARTESIAN_POINT('',(118.73890173317,-51.5251147901442,-429.4));
#6840=VERTEX_POINT('',#6830);
#6850=EDGE_CURVE('',#6820,#6840,#6800,.T.);
#6860=ORIENTED_EDGE('',*,*,#6850,.T.);
#6870=CARTESIAN_POINT('',(124.93890173317,-51.5251147901442,0.));
#6880=DIRECTION('',(0.,0.,1.));
#6890=VECTOR('',#6880,1.);
#6900=LINE('',#6870,#6890);
#6910=CARTESIAN_POINT('',(124.93890173317,-51.5251147901442,-420.6));
#6920=VERTEX_POINT('',#6910);
#6930=EDGE_CURVE('',#6820,#6920,#6900,.T.);
#6940=ORIENTED_EDGE('',*,*,#6930,.F.);
#6950=CARTESIAN_POINT('',(121.83890173317,-51.5251147901442,-420.6));
#6960=DIRECTION('',(0.,1.,0.));
#6970=DIRECTION('',(0.,0.,-1.));
#6980=AXIS2_PLACEMENT_3D('',#6950,#6960,#6970);
#6990=CIRCLE('',#6980,3.1);
#7000=CARTESIAN_POINT('',(118.73890173317,-51.5251147901442,-420.6));
#7010=VERTEX_POINT('',#7000);
#7020=EDGE_CURVE('',#7010,#6920,#6990,.T.);
#7030=ORIENTED_EDGE('',*,*,#7020,.T.);
#7040=CARTESIAN_POINT('',(118.73890173317,-51.5251147901442,0.));
#7050=DIRECTION('',(0.,0.,-1.));
#7060=VECTOR('',#7050,1.);
#7070=LINE('',#7040,#7060);
#7080=EDGE_CURVE('',#7010,#6840,#7070,.T.);
#7090=ORIENTED_EDGE('',*,*,#7080,.F.);
#7100=EDGE_LOOP('',(#7090,#7030,#6940,#6860));
#7110=FACE_BOUND('',#7100,.T.);
#7120=CARTESIAN_POINT('',(121.83890173317,-51.5251147901442,-170.6));
#7130=DIRECTION('',(0.,1.,0.));
#7140=DIRECTION('',(0.,0.,-1.));
#7150=AXIS2_PLACEMENT_3D('',#7120,#7130,#7140);
#7160=CIRCLE('',#7150,3.1);
#7170=CARTESIAN_POINT('',(118.73890173317,-51.5251147901442,-170.6));
#7180=VERTEX_POINT('',#7170);
#7190=CARTESIAN_POINT('',(124.93890173317,-51.5251147901442,-170.6));
#7200=VERTEX_POINT('',#7190);
#7210=EDGE_CURVE('',#7180,#7200,#7160,.T.);
#7220=ORIENTED_EDGE('',*,*,#7210,.T.);
#7230=CARTESIAN_POINT('',(118.73890173317,-51.5251147901442,0.));
#7240=DIRECTION('',(0.,0.,-1.));
#7250=VECTOR('',#7240,1.);
#7260=LINE('',#7230,#7250);
#7270=CARTESIAN_POINT('',(118.73890173317,-51.5251147901442,-179.4));
#7280=VERTEX_POINT('',#7270);
#7290=EDGE_CURVE('',#7180,#7280,#7260,.T.);
#7300=ORIENTED_EDGE('',*,*,#7290,.F.);
#7310=CARTESIAN_POINT('',(121.83890173317,-51.5251147901442,-179.4));
#7320=DIRECTION('',(0.,1.,0.));
#7330=DIRECTION('',(0.,0.,-1.));
#7340=AXIS2_PLACEMENT_3D('',#7310,#7320,#7330);
#7350=CIRCLE('',#7340,3.1);
#7360=CARTESIAN_POINT('',(124.93890173317,-51.5251147901442,-179.4));
#7370=VERTEX_POINT('',#7360);
#7380=EDGE_CURVE('',#7370,#7280,#7350,.T.);
#7390=ORIENTED_EDGE('',*,*,#7380,.T.);
#7400=CARTESIAN_POINT('',(124.93890173317,-51.5251147901442,0.));
#7410=DIRECTION('',(0.,0.,1.));
#7420=VECTOR('',#7410,1.);
#7430=LINE('',#7400,#7420);
#7440=EDGE_CURVE('',#7370,#7200,#7430,.T.);
#7450=ORIENTED_EDGE('',*,*,#7440,.F.);
#7460=EDGE_LOOP('',(#7450,#7390,#7300,#7220));
#7470=FACE_BOUND('',#7460,.T.);
#7480=CARTESIAN_POINT('',(121.83890173317,-51.5251147901442,-320.6));
#7490=DIRECTION('',(0.,1.,0.));
#7500=DIRECTION('',(0.,0.,-1.));
#7510=AXIS2_PLACEMENT_3D('',#7480,#7490,#7500);
#7520=CIRCLE('',#7510,3.1);
#7530=CARTESIAN_POINT('',(118.73890173317,-51.5251147901442,-320.6));
#7540=VERTEX_POINT('',#7530);
#7550=CARTESIAN_POINT('',(124.93890173317,-51.5251147901442,-320.6));
#7560=VERTEX_POINT('',#7550);
#7570=EDGE_CURVE('',#7540,#7560,#7520,.T.);
#7580=ORIENTED_EDGE('',*,*,#7570,.T.);
#7590=CARTESIAN_POINT('',(118.73890173317,-51.5251147901442,0.));
#7600=DIRECTION('',(0.,0.,-1.));
#7610=VECTOR('',#7600,1.);
#7620=LINE('',#7590,#7610);
#7630=CARTESIAN_POINT('',(118.73890173317,-51.5251147901442,-329.4));
#7640=VERTEX_POINT('',#7630);
#7650=EDGE_CURVE('',#7540,#7640,#7620,.T.);
#7660=ORIENTED_EDGE('',*,*,#7650,.F.);
#7670=CARTESIAN_POINT('',(121.83890173317,-51.5251147901442,-329.4));
#7680=DIRECTION('',(0.,1.,0.));
#7690=DIRECTION('',(0.,0.,-1.));
#7700=AXIS2_PLACEMENT_3D('',#7670,#7680,#7690);
#7710=CIRCLE('',#7700,3.1);
#7720=CARTESIAN_POINT('',(124.93890173317,-51.5251147901442,-329.4));
#7730=VERTEX_POINT('',#7720);
#7740=EDGE_CURVE('',#7730,#7640,#7710,.T.);
#7750=ORIENTED_EDGE('',*,*,#7740,.T.);
#7760=CARTESIAN_POINT('',(124.93890173317,-51.5251147901442,0.));
#7770=DIRECTION('',(0.,0.,1.));
#7780=VECTOR('',#7770,1.);
#7790=LINE('',#7760,#7780);
#7800=EDGE_CURVE('',#7730,#7560,#7790,.T.);
#7810=ORIENTED_EDGE('',*,*,#7800,.F.);
#7820=EDGE_LOOP('',(#7810,#7750,#7660,#7580));
#7830=FACE_BOUND('',#7820,.T.);
#7840=CARTESIAN_POINT('',(121.83890173317,-51.5251147901442,-895.6));
#7850=DIRECTION('',(0.,1.,0.));
#7860=DIRECTION('',(0.,0.,-1.));
#7870=AXIS2_PLACEMENT_3D('',#7840,#7850,#7860);
#7880=CIRCLE('',#7870,3.1);
#7890=CARTESIAN_POINT('',(118.73890173317,-51.5251147901442,-895.6));
#7900=VERTEX_POINT('',#7890);
#7910=CARTESIAN_POINT('',(124.93890173317,-51.5251147901442,-895.6));
#7920=VERTEX_POINT('',#7910);
#7930=EDGE_CURVE('',#7900,#7920,#7880,.T.);
#7940=ORIENTED_EDGE('',*,*,#7930,.T.);
#7950=CARTESIAN_POINT('',(118.73890173317,-51.5251147901442,0.));
#7960=DIRECTION('',(0.,0.,-1.));
#7970=VECTOR('',#7960,1.);
#7980=LINE('',#7950,#7970);
#7990=CARTESIAN_POINT('',(118.73890173317,-51.5251147901442,-904.4));
#8000=VERTEX_POINT('',#7990);
#8010=EDGE_CURVE('',#7900,#8000,#7980,.T.);
#8020=ORIENTED_EDGE('',*,*,#8010,.F.);
#8030=CARTESIAN_POINT('',(121.83890173317,-51.5251147901442,-904.4));
#8040=DIRECTION('',(0.,1.,0.));
#8050=DIRECTION('',(0.,0.,-1.));
#8060=AXIS2_PLACEMENT_3D('',#8030,#8040,#8050);
#8070=CIRCLE('',#8060,3.1);
#8080=CARTESIAN_POINT('',(124.93890173317,-51.5251147901442,-904.4));
#8090=VERTEX_POINT('',#8080);
#8100=EDGE_CURVE('',#8090,#8000,#8070,.T.);
#8110=ORIENTED_EDGE('',*,*,#8100,.T.);
#8120=CARTESIAN_POINT('',(124.93890173317,-51.5251147901442,0.));
#8130=DIRECTION('',(0.,0.,1.));
#8140=VECTOR('',#8130,1.);
#8150=LINE('',#8120,#8140);
#8160=EDGE_CURVE('',#8090,#7920,#8150,.T.);
#8170=ORIENTED_EDGE('',*,*,#8160,.F.);
#8180=EDGE_LOOP('',(#8170,#8110,#8020,#7940));
#8190=FACE_BOUND('',#8180,.T.);
#8200=CARTESIAN_POINT('',(118.73890173317,-51.5251147901442,0.));
#8210=DIRECTION('',(0.,0.,-1.));
#8220=VECTOR('',#8210,1.);
#8230=LINE('',#8200,#8220);
#8240=CARTESIAN_POINT('',(118.73890173317,-51.5251147901442,-1670.6));
#8250=VERTEX_POINT('',#8240);
#8260=CARTESIAN_POINT('',(118.73890173317,-51.5251147901442,-1679.4));
#8270=VERTEX_POINT('',#8260);
#8280=EDGE_CURVE('',#8250,#8270,#8230,.T.);
#8290=ORIENTED_EDGE('',*,*,#8280,.F.);
#8300=CARTESIAN_POINT('',(121.83890173317,-51.5251147901442,-1679.4));
#8310=DIRECTION('',(0.,1.,0.));
#8320=DIRECTION('',(0.,0.,-1.));
#8330=AXIS2_PLACEMENT_3D('',#8300,#8310,#8320);
#8340=CIRCLE('',#8330,3.1);
#8350=CARTESIAN_POINT('',(124.93890173317,-51.5251147901442,-1679.4));
#8360=VERTEX_POINT('',#8350);
#8370=EDGE_CURVE('',#8360,#8270,#8340,.T.);
#8380=ORIENTED_EDGE('',*,*,#8370,.T.);
#8390=CARTESIAN_POINT('',(124.93890173317,-51.5251147901442,0.));
#8400=DIRECTION('',(0.,0.,1.));
#8410=VECTOR('',#8400,1.);
#8420=LINE('',#8390,#8410);
#8430=CARTESIAN_POINT('',(124.93890173317,-51.5251147901442,-1670.6));
#8440=VERTEX_POINT('',#8430);
#8450=EDGE_CURVE('',#8360,#8440,#8420,.T.);
#8460=ORIENTED_EDGE('',*,*,#8450,.F.);
#8470=CARTESIAN_POINT('',(121.83890173317,-51.5251147901442,-1670.6));
#8480=DIRECTION('',(0.,1.,0.));
#8490=DIRECTION('',(0.,0.,-1.));
#8500=AXIS2_PLACEMENT_3D('',#8470,#8480,#8490);
#8510=CIRCLE('',#8500,3.1);
#8520=EDGE_CURVE('',#8250,#8440,#8510,.T.);
#8530=ORIENTED_EDGE('',*,*,#8520,.T.);
#8540=EDGE_LOOP('',(#8530,#8460,#8380,#8290));
#8550=FACE_BOUND('',#8540,.T.);
#8560=CARTESIAN_POINT('',(121.83890173317,-51.5251147901442,-1045.6));
#8570=DIRECTION('',(0.,1.,0.));
#8580=DIRECTION('',(0.,0.,-1.));
#8590=AXIS2_PLACEMENT_3D('',#8560,#8570,#8580);
#8600=CIRCLE('',#8590,3.1);
#8610=CARTESIAN_POINT('',(118.73890173317,-51.5251147901442,-1045.6));
#8620=VERTEX_POINT('',#8610);
#8630=CARTESIAN_POINT('',(124.93890173317,-51.5251147901442,-1045.6));
#8640=VERTEX_POINT('',#8630);
#8650=EDGE_CURVE('',#8620,#8640,#8600,.T.);
#8660=ORIENTED_EDGE('',*,*,#8650,.T.);
#8670=CARTESIAN_POINT('',(118.73890173317,-51.5251147901442,0.));
#8680=DIRECTION('',(0.,0.,-1.));
#8690=VECTOR('',#8680,1.);
#8700=LINE('',#8670,#8690);
#8710=CARTESIAN_POINT('',(118.73890173317,-51.5251147901442,-1054.4));
#8720=VERTEX_POINT('',#8710);
#8730=EDGE_CURVE('',#8620,#8720,#8700,.T.);
#8740=ORIENTED_EDGE('',*,*,#8730,.F.);
#8750=CARTESIAN_POINT('',(121.83890173317,-51.5251147901442,-1054.4));
#8760=DIRECTION('',(0.,1.,0.));
#8770=DIRECTION('',(0.,0.,-1.));
#8780=AXIS2_PLACEMENT_3D('',#8750,#8760,#8770);
#8790=CIRCLE('',#8780,3.1);
#8800=CARTESIAN_POINT('',(124.93890173317,-51.5251147901442,-1054.4));
#8810=VERTEX_POINT('',#8800);
#8820=EDGE_CURVE('',#8810,#8720,#8790,.T.);
#8830=ORIENTED_EDGE('',*,*,#8820,.T.);
#8840=CARTESIAN_POINT('',(124.93890173317,-51.5251147901442,0.));
#8850=DIRECTION('',(0.,0.,1.));
#8860=VECTOR('',#8850,1.);
#8870=LINE('',#8840,#8860);
#8880=EDGE_CURVE('',#8810,#8640,#8870,.T.);
#8890=ORIENTED_EDGE('',*,*,#8880,.F.);
#8900=EDGE_LOOP('',(#8890,#8830,#8740,#8660));
#8910=FACE_BOUND('',#8900,.T.);
#8920=CARTESIAN_POINT('',(121.83890173317,-51.5251147901442,-445.6));
#8930=DIRECTION('',(0.,1.,0.));
#8940=DIRECTION('',(0.,0.,-1.));
#8950=AXIS2_PLACEMENT_3D('',#8920,#8930,#8940);
#8960=CIRCLE('',#8950,3.1);
#8970=CARTESIAN_POINT('',(118.73890173317,-51.5251147901442,-445.6));
#8980=VERTEX_POINT('',#8970);
#8990=CARTESIAN_POINT('',(124.93890173317,-51.5251147901442,-445.6));
#9000=VERTEX_POINT('',#8990);
#9010=EDGE_CURVE('',#8980,#9000,#8960,.T.);
#9020=ORIENTED_EDGE('',*,*,#9010,.T.);
#9030=CARTESIAN_POINT('',(118.73890173317,-51.5251147901442,0.));
#9040=DIRECTION('',(0.,0.,-1.));
#9050=VECTOR('',#9040,1.);
#9060=LINE('',#9030,#9050);
#9070=CARTESIAN_POINT('',(118.73890173317,-51.5251147901442,-454.4));
#9080=VERTEX_POINT('',#9070);
#9090=EDGE_CURVE('',#8980,#9080,#9060,.T.);
#9100=ORIENTED_EDGE('',*,*,#9090,.F.);
#9110=CARTESIAN_POINT('',(121.83890173317,-51.5251147901442,-454.4));
#9120=DIRECTION('',(0.,1.,0.));
#9130=DIRECTION('',(0.,0.,-1.));
#9140=AXIS2_PLACEMENT_3D('',#9110,#9120,#9130);
#9150=CIRCLE('',#9140,3.1);
#9160=CARTESIAN_POINT('',(124.93890173317,-51.5251147901442,-454.4));
#9170=VERTEX_POINT('',#9160);
#9180=EDGE_CURVE('',#9170,#9080,#9150,.T.);
#9190=ORIENTED_EDGE('',*,*,#9180,.T.);
#9200=CARTESIAN_POINT('',(124.93890173317,-51.5251147901442,0.));
#9210=DIRECTION('',(0.,0.,1.));
#9220=VECTOR('',#9210,1.);
#9230=LINE('',#9200,#9220);
#9240=EDGE_CURVE('',#9170,#9000,#9230,.T.);
#9250=ORIENTED_EDGE('',*,*,#9240,.F.);
#9260=EDGE_LOOP('',(#9250,#9190,#9100,#9020));
#9270=FACE_BOUND('',#9260,.T.);
#9280=CARTESIAN_POINT('',(121.83890173317,-51.5251147901442,-120.6));
#9290=DIRECTION('',(0.,1.,0.));
#9300=DIRECTION('',(0.,0.,-1.));
#9310=AXIS2_PLACEMENT_3D('',#9280,#9290,#9300);
#9320=CIRCLE('',#9310,3.1);
#9330=CARTESIAN_POINT('',(118.73890173317,-51.5251147901442,-120.6));
#9340=VERTEX_POINT('',#9330);
#9350=CARTESIAN_POINT('',(124.93890173317,-51.5251147901442,-120.6));
#9360=VERTEX_POINT('',#9350);
#9370=EDGE_CURVE('',#9340,#9360,#9320,.T.);
#9380=ORIENTED_EDGE('',*,*,#9370,.T.);
#9390=CARTESIAN_POINT('',(118.73890173317,-51.5251147901442,0.));
#9400=DIRECTION('',(0.,0.,-1.));
#9410=VECTOR('',#9400,1.);
#9420=LINE('',#9390,#9410);
#9430=CARTESIAN_POINT('',(118.73890173317,-51.5251147901442,-129.4));
#9440=VERTEX_POINT('',#9430);
#9450=EDGE_CURVE('',#9340,#9440,#9420,.T.);
#9460=ORIENTED_EDGE('',*,*,#9450,.F.);
#9470=CARTESIAN_POINT('',(121.83890173317,-51.5251147901442,-129.4));
#9480=DIRECTION('',(0.,1.,0.));
#9490=DIRECTION('',(0.,0.,-1.));
#9500=AXIS2_PLACEMENT_3D('',#9470,#9480,#9490);
#9510=CIRCLE('',#9500,3.1);
#9520=CARTESIAN_POINT('',(124.93890173317,-51.5251147901442,-129.4));
#9530=VERTEX_POINT('',#9520);
#9540=EDGE_CURVE('',#9530,#9440,#9510,.T.);
#9550=ORIENTED_EDGE('',*,*,#9540,.T.);
#9560=CARTESIAN_POINT('',(124.93890173317,-51.5251147901442,0.));
#9570=DIRECTION('',(0.,0.,1.));
#9580=VECTOR('',#9570,1.);
#9590=LINE('',#9560,#9580);
#9600=EDGE_CURVE('',#9530,#9360,#9590,.T.);
#9610=ORIENTED_EDGE('',*,*,#9600,.F.);
#9620=EDGE_LOOP('',(#9610,#9550,#9460,#9380));
#9630=FACE_BOUND('',#9620,.T.);
#9640=CARTESIAN_POINT('',(118.73890173317,-51.5251147901442,0.));
#9650=DIRECTION('',(0.,0.,-1.));
#9660=VECTOR('',#9650,1.);
#9670=LINE('',#9640,#9660);
#9680=CARTESIAN_POINT('',(118.73890173317,-51.5251147901442,-70.6));
#9690=VERTEX_POINT('',#9680);
#9700=CARTESIAN_POINT('',(118.73890173317,-51.5251147901442,-79.4));
#9710=VERTEX_POINT('',#9700);
#9720=EDGE_CURVE('',#9690,#9710,#9670,.T.);
#9730=ORIENTED_EDGE('',*,*,#9720,.F.);
#9740=CARTESIAN_POINT('',(121.83890173317,-51.5251147901442,-79.4));
#9750=DIRECTION('',(0.,1.,0.));
#9760=DIRECTION('',(0.,0.,-1.));
#9770=AXIS2_PLACEMENT_3D('',#9740,#9750,#9760);
#9780=CIRCLE('',#9770,3.1);
#9790=CARTESIAN_POINT('',(124.93890173317,-51.5251147901442,-79.4));
#9800=VERTEX_POINT('',#9790);
#9810=EDGE_CURVE('',#9800,#9710,#9780,.T.);
#9820=ORIENTED_EDGE('',*,*,#9810,.T.);
#9830=CARTESIAN_POINT('',(124.93890173317,-51.5251147901442,0.));
#9840=DIRECTION('',(0.,0.,1.));
#9850=VECTOR('',#9840,1.);
#9860=LINE('',#9830,#9850);
#9870=CARTESIAN_POINT('',(124.93890173317,-51.5251147901442,-70.6));
#9880=VERTEX_POINT('',#9870);
#9890=EDGE_CURVE('',#9800,#9880,#9860,.T.);
#9900=ORIENTED_EDGE('',*,*,#9890,.F.);
#9910=CARTESIAN_POINT('',(121.83890173317,-51.5251147901442,-70.6));
#9920=DIRECTION('',(0.,1.,0.));
#9930=DIRECTION('',(0.,0.,-1.));
#9940=AXIS2_PLACEMENT_3D('',#9910,#9920,#9930);
#9950=CIRCLE('',#9940,3.1);
#9960=EDGE_CURVE('',#9690,#9880,#9950,.T.);
#9970=ORIENTED_EDGE('',*,*,#9960,.T.);
#9980=EDGE_LOOP('',(#9970,#9900,#9820,#9730));
#9990=FACE_BOUND('',#9980,.T.);
#10000=CARTESIAN_POINT('',(121.83890173317,-51.5251147901442,-1020.6));
#10010=DIRECTION('',(0.,1.,0.));
#10020=DIRECTION('',(0.,0.,-1.));
#10030=AXIS2_PLACEMENT_3D('',#10000,#10010,#10020);
#10040=CIRCLE('',#10030,3.1);
#10050=CARTESIAN_POINT('',(118.73890173317,-51.5251147901442,-1020.6));
#10060=VERTEX_POINT('',#10050);
#10070=CARTESIAN_POINT('',(124.93890173317,-51.5251147901442,-1020.6));
#10080=VERTEX_POINT('',#10070);
#10090=EDGE_CURVE('',#10060,#10080,#10040,.T.);
#10100=ORIENTED_EDGE('',*,*,#10090,.T.);
#10110=CARTESIAN_POINT('',(118.73890173317,-51.5251147901442,0.));
#10120=DIRECTION('',(0.,0.,-1.));
#10130=VECTOR('',#10120,1.);
#10140=LINE('',#10110,#10130);
#10150=CARTESIAN_POINT('',(118.73890173317,-51.5251147901442,-1029.4));
#10160=VERTEX_POINT('',#10150);
#10170=EDGE_CURVE('',#10060,#10160,#10140,.T.);
#10180=ORIENTED_EDGE('',*,*,#10170,.F.);
#10190=CARTESIAN_POINT('',(121.83890173317,-51.5251147901442,-1029.4));
#10200=DIRECTION('',(0.,1.,0.));
#10210=DIRECTION('',(0.,0.,-1.));
#10220=AXIS2_PLACEMENT_3D('',#10190,#10200,#10210);
#10230=CIRCLE('',#10220,3.1);
#10240=CARTESIAN_POINT('',(124.93890173317,-51.5251147901442,-1029.4));
#10250=VERTEX_POINT('',#10240);
#10260=EDGE_CURVE('',#10250,#10160,#10230,.T.);
#10270=ORIENTED_EDGE('',*,*,#10260,.T.);
#10280=CARTESIAN_POINT('',(124.93890173317,-51.5251147901442,0.));
#10290=DIRECTION('',(0.,0.,1.));
#10300=VECTOR('',#10290,1.);
#10310=LINE('',#10280,#10300);
#10320=EDGE_CURVE('',#10250,#10080,#10310,.T.);
#10330=ORIENTED_EDGE('',*,*,#10320,.F.);
#10340=EDGE_LOOP('',(#10330,#10270,#10180,#10100));
#10350=FACE_BOUND('',#10340,.T.);
#10360=CARTESIAN_POINT('',(121.83890173317,-51.5251147901442,79.4));
#10370=DIRECTION('',(0.,1.,0.));
#10380=DIRECTION('',(0.,0.,-1.));
#10390=AXIS2_PLACEMENT_3D('',#10360,#10370,#10380);
#10400=CIRCLE('',#10390,3.1);
#10410=CARTESIAN_POINT('',(118.73890173317,-51.5251147901442,79.4));
#10420=VERTEX_POINT('',#10410);
#10430=CARTESIAN_POINT('',(124.93890173317,-51.5251147901442,79.4));
#10440=VERTEX_POINT('',#10430);
#10450=EDGE_CURVE('',#10420,#10440,#10400,.T.);
#10460=ORIENTED_EDGE('',*,*,#10450,.T.);
#10470=CARTESIAN_POINT('',(118.73890173317,-51.5251147901442,0.));
#10480=DIRECTION('',(0.,0.,-1.));
#10490=VECTOR('',#10480,1.);
#10500=LINE('',#10470,#10490);
#10510=CARTESIAN_POINT('',(118.73890173317,-51.5251147901442,70.6));
#10520=VERTEX_POINT('',#10510);
#10530=EDGE_CURVE('',#10420,#10520,#10500,.T.);
#10540=ORIENTED_EDGE('',*,*,#10530,.F.);
#10550=CARTESIAN_POINT('',(121.83890173317,-51.5251147901442,70.6));
#10560=DIRECTION('',(0.,1.,0.));
#10570=DIRECTION('',(0.,0.,-1.));
#10580=AXIS2_PLACEMENT_3D('',#10550,#10560,#10570);
#10590=CIRCLE('',#10580,3.1);
#10600=CARTESIAN_POINT('',(124.93890173317,-51.5251147901442,70.6));
#10610=VERTEX_POINT('',#10600);
#10620=EDGE_CURVE('',#10610,#10520,#10590,.T.);
#10630=ORIENTED_EDGE('',*,*,#10620,.T.);
#10640=CARTESIAN_POINT('',(124.93890173317,-51.5251147901442,0.));
#10650=DIRECTION('',(0.,0.,1.));
#10660=VECTOR('',#10650,1.);
#10670=LINE('',#10640,#10660);
#10680=EDGE_CURVE('',#10610,#10440,#10670,.T.);
#10690=ORIENTED_EDGE('',*,*,#10680,.F.);
#10700=EDGE_LOOP('',(#10690,#10630,#10540,#10460));
#10710=FACE_BOUND('',#10700,.T.);
#10720=CARTESIAN_POINT('',(121.83890173317,-51.5251147901442,-279.4));
#10730=DIRECTION('',(0.,1.,0.));
#10740=DIRECTION('',(0.,0.,-1.));
#10750=AXIS2_PLACEMENT_3D('',#10720,#10730,#10740);
#10760=CIRCLE('',#10750,3.1);
#10770=CARTESIAN_POINT('',(124.93890173317,-51.5251147901442,-279.4));
#10780=VERTEX_POINT('',#10770);
#10790=CARTESIAN_POINT('',(118.73890173317,-51.5251147901442,-279.4));
#10800=VERTEX_POINT('',#10790);
#10810=EDGE_CURVE('',#10780,#10800,#10760,.T.);
#10820=ORIENTED_EDGE('',*,*,#10810,.T.);
#10830=CARTESIAN_POINT('',(124.93890173317,-51.5251147901442,0.));
#10840=DIRECTION('',(0.,0.,1.));
#10850=VECTOR('',#10840,1.);
#10860=LINE('',#10830,#10850);
#10870=CARTESIAN_POINT('',(124.93890173317,-51.5251147901442,-270.6));
#10880=VERTEX_POINT('',#10870);
#10890=EDGE_CURVE('',#10780,#10880,#10860,.T.);
#10900=ORIENTED_EDGE('',*,*,#10890,.F.);
#10910=CARTESIAN_POINT('',(121.83890173317,-51.5251147901442,-270.6));
#10920=DIRECTION('',(0.,1.,0.));
#10930=DIRECTION('',(0.,0.,-1.));
#10940=AXIS2_PLACEMENT_3D('',#10910,#10920,#10930);
#10950=CIRCLE('',#10940,3.1);
#10960=CARTESIAN_POINT('',(118.73890173317,-51.5251147901442,-270.6));
#10970=VERTEX_POINT('',#10960);
#10980=EDGE_CURVE('',#10970,#10880,#10950,.T.);
#10990=ORIENTED_EDGE('',*,*,#10980,.T.);
#11000=CARTESIAN_POINT('',(118.73890173317,-51.5251147901442,0.));
#11010=DIRECTION('',(0.,0.,-1.));
#11020=VECTOR('',#11010,1.);
#11030=LINE('',#11000,#11020);
#11040=EDGE_CURVE('',#10970,#10800,#11030,.T.);
#11050=ORIENTED_EDGE('',*,*,#11040,.F.);
#11060=EDGE_LOOP('',(#11050,#10990,#10900,#10820));
#11070=FACE_BOUND('',#11060,.T.);
#11080=CARTESIAN_POINT('',(121.83890173317,-51.5251147901442,-545.6));
#11090=DIRECTION('',(0.,1.,0.));
#11100=DIRECTION('',(0.,0.,-1.));
#11110=AXIS2_PLACEMENT_3D('',#11080,#11090,#11100);
#11120=CIRCLE('',#11110,3.1);
#11130=CARTESIAN_POINT('',(118.73890173317,-51.5251147901442,-545.6));
#11140=VERTEX_POINT('',#11130);
#11150=CARTESIAN_POINT('',(124.93890173317,-51.5251147901442,-545.6));
#11160=VERTEX_POINT('',#11150);
#11170=EDGE_CURVE('',#11140,#11160,#11120,.T.);
#11180=ORIENTED_EDGE('',*,*,#11170,.T.);
#11190=CARTESIAN_POINT('',(118.73890173317,-51.5251147901442,0.));
#11200=DIRECTION('',(0.,0.,-1.));
#11210=VECTOR('',#11200,1.);
#11220=LINE('',#11190,#11210);
#11230=CARTESIAN_POINT('',(118.73890173317,-51.5251147901442,-554.4));
#11240=VERTEX_POINT('',#11230);
#11250=EDGE_CURVE('',#11140,#11240,#11220,.T.);
#11260=ORIENTED_EDGE('',*,*,#11250,.F.);
#11270=CARTESIAN_POINT('',(121.83890173317,-51.5251147901442,-554.4));
#11280=DIRECTION('',(0.,1.,0.));
#11290=DIRECTION('',(0.,0.,-1.));
#11300=AXIS2_PLACEMENT_3D('',#11270,#11280,#11290);
#11310=CIRCLE('',#11300,3.1);
#11320=CARTESIAN_POINT('',(124.93890173317,-51.5251147901442,-554.4));
#11330=VERTEX_POINT('',#11320);
#11340=EDGE_CURVE('',#11330,#11240,#11310,.T.);
#11350=ORIENTED_EDGE('',*,*,#11340,.T.);
#11360=CARTESIAN_POINT('',(124.93890173317,-51.5251147901442,0.));
#11370=DIRECTION('',(0.,0.,1.));
#11380=VECTOR('',#11370,1.);
#11390=LINE('',#11360,#11380);
#11400=EDGE_CURVE('',#11330,#11160,#11390,.T.);
#11410=ORIENTED_EDGE('',*,*,#11400,.F.);
#11420=EDGE_LOOP('',(#11410,#11350,#11260,#11180));
#11430=FACE_BOUND('',#11420,.T.);
#11440=CARTESIAN_POINT('',(118.73890173317,-51.5251147901442,0.));
#11450=DIRECTION('',(0.,0.,-1.));
#11460=VECTOR('',#11450,1.);
#11470=LINE('',#11440,#11460);
#11480=CARTESIAN_POINT('',(118.73890173317,-51.5251147901442,-95.6));
#11490=VERTEX_POINT('',#11480);
#11500=CARTESIAN_POINT('',(118.73890173317,-51.5251147901442,-104.4));
#11510=VERTEX_POINT('',#11500);
#11520=EDGE_CURVE('',#11490,#11510,#11470,.T.);
#11530=ORIENTED_EDGE('',*,*,#11520,.F.);
#11540=CARTESIAN_POINT('',(121.83890173317,-51.5251147901442,-104.4));
#11550=DIRECTION('',(0.,1.,0.));
#11560=DIRECTION('',(0.,0.,-1.));
#11570=AXIS2_PLACEMENT_3D('',#11540,#11550,#11560);
#11580=CIRCLE('',#11570,3.1);
#11590=CARTESIAN_POINT('',(124.93890173317,-51.5251147901442,-104.4));
#11600=VERTEX_POINT('',#11590);
#11610=EDGE_CURVE('',#11600,#11510,#11580,.T.);
#11620=ORIENTED_EDGE('',*,*,#11610,.T.);
#11630=CARTESIAN_POINT('',(124.93890173317,-51.5251147901442,0.));
#11640=DIRECTION('',(0.,0.,1.));
#11650=VECTOR('',#11640,1.);
#11660=LINE('',#11630,#11650);
#11670=CARTESIAN_POINT('',(124.93890173317,-51.5251147901442,-95.6));
#11680=VERTEX_POINT('',#11670);
#11690=EDGE_CURVE('',#11600,#11680,#11660,.T.);
#11700=ORIENTED_EDGE('',*,*,#11690,.F.);
#11710=CARTESIAN_POINT('',(121.83890173317,-51.5251147901442,-95.6));
#11720=DIRECTION('',(0.,1.,0.));
#11730=DIRECTION('',(0.,0.,-1.));
#11740=AXIS2_PLACEMENT_3D('',#11710,#11720,#11730);
#11750=CIRCLE('',#11740,3.1);
#11760=EDGE_CURVE('',#11490,#11680,#11750,.T.);
#11770=ORIENTED_EDGE('',*,*,#11760,.T.);
#11780=EDGE_LOOP('',(#11770,#11700,#11620,#11530));
#11790=FACE_BOUND('',#11780,.T.);
#11800=CARTESIAN_POINT('',(121.83890173317,-51.5251147901442,-1070.6));
#11810=DIRECTION('',(0.,1.,0.));
#11820=DIRECTION('',(0.,0.,-1.));
#11830=AXIS2_PLACEMENT_3D('',#11800,#11810,#11820);
#11840=CIRCLE('',#11830,3.1);
#11850=CARTESIAN_POINT('',(118.73890173317,-51.5251147901442,-1070.6));
#11860=VERTEX_POINT('',#11850);
#11870=CARTESIAN_POINT('',(124.93890173317,-51.5251147901442,-1070.6));
#11880=VERTEX_POINT('',#11870);
#11890=EDGE_CURVE('',#11860,#11880,#11840,.T.);
#11900=ORIENTED_EDGE('',*,*,#11890,.T.);
#11910=CARTESIAN_POINT('',(118.73890173317,-51.5251147901442,0.));
#11920=DIRECTION('',(0.,0.,-1.));
#11930=VECTOR('',#11920,1.);
#11940=LINE('',#11910,#11930);
#11950=CARTESIAN_POINT('',(118.73890173317,-51.5251147901442,-1079.4));
#11960=VERTEX_POINT('',#11950);
#11970=EDGE_CURVE('',#11860,#11960,#11940,.T.);
#11980=ORIENTED_EDGE('',*,*,#11970,.F.);
#11990=CARTESIAN_POINT('',(121.83890173317,-51.5251147901442,-1079.4));
#12000=DIRECTION('',(0.,1.,0.));
#12010=DIRECTION('',(0.,0.,-1.));
#12020=AXIS2_PLACEMENT_3D('',#11990,#12000,#12010);
#12030=CIRCLE('',#12020,3.1);
#12040=CARTESIAN_POINT('',(124.93890173317,-51.5251147901442,-1079.4));
#12050=VERTEX_POINT('',#12040);
#12060=EDGE_CURVE('',#12050,#11960,#12030,.T.);
#12070=ORIENTED_EDGE('',*,*,#12060,.T.);
#12080=CARTESIAN_POINT('',(124.93890173317,-51.5251147901442,0.));
#12090=DIRECTION('',(0.,0.,1.));
#12100=VECTOR('',#12090,1.);
#12110=LINE('',#12080,#12100);
#12120=EDGE_CURVE('',#12050,#11880,#12110,.T.);
#12130=ORIENTED_EDGE('',*,*,#12120,.F.);
#12140=EDGE_LOOP('',(#12130,#12070,#11980,#11900));
#12150=FACE_BOUND('',#12140,.T.);
#12160=CARTESIAN_POINT('',(121.83890173317,-51.5251147901442,-20.6));
#12170=DIRECTION('',(0.,1.,0.));
#12180=DIRECTION('',(0.,0.,-1.));
#12190=AXIS2_PLACEMENT_3D('',#12160,#12170,#12180);
#12200=CIRCLE('',#12190,3.1);
#12210=CARTESIAN_POINT('',(118.73890173317,-51.5251147901442,-20.6));
#12220=VERTEX_POINT('',#12210);
#12230=CARTESIAN_POINT('',(124.93890173317,-51.5251147901442,-20.6));
#12240=VERTEX_POINT('',#12230);
#12250=EDGE_CURVE('',#12220,#12240,#12200,.T.);
#12260=ORIENTED_EDGE('',*,*,#12250,.T.);
#12270=CARTESIAN_POINT('',(118.73890173317,-51.5251147901442,0.));
#12280=DIRECTION('',(0.,0.,-1.));
#12290=VECTOR('',#12280,1.);
#12300=LINE('',#12270,#12290);
#12310=CARTESIAN_POINT('',(118.73890173317,-51.5251147901442,-29.4));
#12320=VERTEX_POINT('',#12310);
#12330=EDGE_CURVE('',#12220,#12320,#12300,.T.);
#12340=ORIENTED_EDGE('',*,*,#12330,.F.);
#12350=CARTESIAN_POINT('',(121.83890173317,-51.5251147901442,-29.4));
#12360=DIRECTION('',(0.,1.,0.));
#12370=DIRECTION('',(0.,0.,-1.));
#12380=AXIS2_PLACEMENT_3D('',#12350,#12360,#12370);
#12390=CIRCLE('',#12380,3.1);
#12400=CARTESIAN_POINT('',(124.93890173317,-51.5251147901442,-29.4));
#12410=VERTEX_POINT('',#12400);
#12420=EDGE_CURVE('',#12410,#12320,#12390,.T.);
#12430=ORIENTED_EDGE('',*,*,#12420,.T.);
#12440=CARTESIAN_POINT('',(124.93890173317,-51.5251147901442,0.));
#12450=DIRECTION('',(0.,0.,1.));
#12460=VECTOR('',#12450,1.);
#12470=LINE('',#12440,#12460);
#12480=EDGE_CURVE('',#12410,#12240,#12470,.T.);
#12490=ORIENTED_EDGE('',*,*,#12480,.F.);
#12500=EDGE_LOOP('',(#12490,#12430,#12340,#12260));
#12510=FACE_BOUND('',#12500,.T.);
#12520=CARTESIAN_POINT('',(121.83890173317,-51.5251147901442,-945.6));
#12530=DIRECTION('',(0.,1.,0.));
#12540=DIRECTION('',(0.,0.,-1.));
#12550=AXIS2_PLACEMENT_3D('',#12520,#12530,#12540);
#12560=CIRCLE('',#12550,3.1);
#12570=CARTESIAN_POINT('',(118.73890173317,-51.5251147901442,-945.6));
#12580=VERTEX_POINT('',#12570);
#12590=CARTESIAN_POINT('',(124.93890173317,-51.5251147901442,-945.6));
#12600=VERTEX_POINT('',#12590);
#12610=EDGE_CURVE('',#12580,#12600,#12560,.T.);
#12620=ORIENTED_EDGE('',*,*,#12610,.T.);
#12630=CARTESIAN_POINT('',(118.73890173317,-51.5251147901442,0.));
#12640=DIRECTION('',(0.,0.,-1.));
#12650=VECTOR('',#12640,1.);
#12660=LINE('',#12630,#12650);
#12670=CARTESIAN_POINT('',(118.73890173317,-51.5251147901442,-954.4));
#12680=VERTEX_POINT('',#12670);
#12690=EDGE_CURVE('',#12580,#12680,#12660,.T.);
#12700=ORIENTED_EDGE('',*,*,#12690,.F.);
#12710=CARTESIAN_POINT('',(121.83890173317,-51.5251147901442,-954.4));
#12720=DIRECTION('',(0.,1.,0.));
#12730=DIRECTION('',(0.,0.,-1.));
#12740=AXIS2_PLACEMENT_3D('',#12710,#12720,#12730);
#12750=CIRCLE('',#12740,3.1);
#12760=CARTESIAN_POINT('',(124.93890173317,-51.5251147901442,-954.4));
#12770=VERTEX_POINT('',#12760);
#12780=EDGE_CURVE('',#12770,#12680,#12750,.T.);
#12790=ORIENTED_EDGE('',*,*,#12780,.T.);
#12800=CARTESIAN_POINT('',(124.93890173317,-51.5251147901442,0.));
#12810=DIRECTION('',(0.,0.,1.));
#12820=VECTOR('',#12810,1.);
#12830=LINE('',#12800,#12820);
#12840=EDGE_CURVE('',#12770,#12600,#12830,.T.);
#12850=ORIENTED_EDGE('',*,*,#12840,.F.);
#12860=EDGE_LOOP('',(#12850,#12790,#12700,#12620));
#12870=FACE_BOUND('',#12860,.T.);
#12880=CARTESIAN_POINT('',(118.73890173317,-51.5251147901442,0.));
#12890=DIRECTION('',(0.,0.,-1.));
#12900=VECTOR('',#12890,1.);
#12910=LINE('',#12880,#12900);
#12920=CARTESIAN_POINT('',(118.73890173317,-51.5251147901442,54.4));
#12930=VERTEX_POINT('',#12920);
#12940=CARTESIAN_POINT('',(118.73890173317,-51.5251147901442,45.6));
#12950=VERTEX_POINT('',#12940);
#12960=EDGE_CURVE('',#12930,#12950,#12910,.T.);
#12970=ORIENTED_EDGE('',*,*,#12960,.F.);
#12980=CARTESIAN_POINT('',(121.83890173317,-51.5251147901442,45.6));
#12990=DIRECTION('',(0.,1.,0.));
#13000=DIRECTION('',(0.,0.,-1.));
#13010=AXIS2_PLACEMENT_3D('',#12980,#12990,#13000);
#13020=CIRCLE('',#13010,3.1);
#13030=CARTESIAN_POINT('',(124.93890173317,-51.5251147901442,45.6));
#13040=VERTEX_POINT('',#13030);
#13050=EDGE_CURVE('',#13040,#12950,#13020,.T.);
#13060=ORIENTED_EDGE('',*,*,#13050,.T.);
#13070=CARTESIAN_POINT('',(124.93890173317,-51.5251147901442,0.));
#13080=DIRECTION('',(0.,0.,1.));
#13090=VECTOR('',#13080,1.);
#13100=LINE('',#13070,#13090);
#13110=CARTESIAN_POINT('',(124.93890173317,-51.5251147901442,54.4));
#13120=VERTEX_POINT('',#13110);
#13130=EDGE_CURVE('',#13040,#13120,#13100,.T.);
#13140=ORIENTED_EDGE('',*,*,#13130,.F.);
#13150=CARTESIAN_POINT('',(121.83890173317,-51.5251147901442,54.4));
#13160=DIRECTION('',(0.,1.,0.));
#13170=DIRECTION('',(0.,0.,-1.));
#13180=AXIS2_PLACEMENT_3D('',#13150,#13160,#13170);
#13190=CIRCLE('',#13180,3.1);
#13200=EDGE_CURVE('',#12930,#13120,#13190,.T.);
#13210=ORIENTED_EDGE('',*,*,#13200,.T.);
#13220=EDGE_LOOP('',(#13210,#13140,#13060,#12970));
#13230=FACE_BOUND('',#13220,.T.);
#13240=CARTESIAN_POINT('',(121.83890173317,-51.5251147901442,-1295.6));
#13250=DIRECTION('',(0.,1.,0.));
#13260=DIRECTION('',(0.,0.,-1.));
#13270=AXIS2_PLACEMENT_3D('',#13240,#13250,#13260);
#13280=CIRCLE('',#13270,3.1);
#13290=CARTESIAN_POINT('',(118.73890173317,-51.5251147901442,-1295.6));
#13300=VERTEX_POINT('',#13290);
#13310=CARTESIAN_POINT('',(124.93890173317,-51.5251147901442,-1295.6));
#13320=VERTEX_POINT('',#13310);
#13330=EDGE_CURVE('',#13300,#13320,#13280,.T.);
#13340=ORIENTED_EDGE('',*,*,#13330,.T.);
#13350=CARTESIAN_POINT('',(118.73890173317,-51.5251147901442,0.));
#13360=DIRECTION('',(0.,0.,-1.));
#13370=VECTOR('',#13360,1.);
#13380=LINE('',#13350,#13370);
#13390=CARTESIAN_POINT('',(118.73890173317,-51.5251147901442,-1304.4));
#13400=VERTEX_POINT('',#13390);
#13410=EDGE_CURVE('',#13300,#13400,#13380,.T.);
#13420=ORIENTED_EDGE('',*,*,#13410,.F.);
#13430=CARTESIAN_POINT('',(121.83890173317,-51.5251147901442,-1304.4));
#13440=DIRECTION('',(0.,1.,0.));
#13450=DIRECTION('',(0.,0.,-1.));
#13460=AXIS2_PLACEMENT_3D('',#13430,#13440,#13450);
#13470=CIRCLE('',#13460,3.1);
#13480=CARTESIAN_POINT('',(124.93890173317,-51.5251147901442,-1304.4));
#13490=VERTEX_POINT('',#13480);
#13500=EDGE_CURVE('',#13490,#13400,#13470,.T.);
#13510=ORIENTED_EDGE('',*,*,#13500,.T.);
#13520=CARTESIAN_POINT('',(124.93890173317,-51.5251147901442,0.));
#13530=DIRECTION('',(0.,0.,1.));
#13540=VECTOR('',#13530,1.);
#13550=LINE('',#13520,#13540);
#13560=EDGE_CURVE('',#13490,#13320,#13550,.T.);
#13570=ORIENTED_EDGE('',*,*,#13560,.F.);
#13580=EDGE_LOOP('',(#13570,#13510,#13420,#13340));
#13590=FACE_BOUND('',#13580,.T.);
#13600=CARTESIAN_POINT('',(121.83890173317,-51.5251147901442,
4.39999999999998));
#13610=DIRECTION('',(0.,1.,0.));
#13620=DIRECTION('',(0.,0.,-1.));
#13630=AXIS2_PLACEMENT_3D('',#13600,#13610,#13620);
#13640=CIRCLE('',#13630,3.1);
#13650=CARTESIAN_POINT('',(118.73890173317,-51.5251147901442,
4.39999999999998));
#13660=VERTEX_POINT('',#13650);
#13670=CARTESIAN_POINT('',(124.93890173317,-51.5251147901442,
4.39999999999998));
#13680=VERTEX_POINT('',#13670);
#13690=EDGE_CURVE('',#13660,#13680,#13640,.T.);
#13700=ORIENTED_EDGE('',*,*,#13690,.T.);
#13710=CARTESIAN_POINT('',(118.73890173317,-51.5251147901442,0.));
#13720=DIRECTION('',(0.,0.,-1.));
#13730=VECTOR('',#13720,1.);
#13740=LINE('',#13710,#13730);
#13750=CARTESIAN_POINT('',(118.73890173317,-51.5251147901442,
-4.39999999999998));
#13760=VERTEX_POINT('',#13750);
#13770=EDGE_CURVE('',#13660,#13760,#13740,.T.);
#13780=ORIENTED_EDGE('',*,*,#13770,.F.);
#13790=CARTESIAN_POINT('',(121.83890173317,-51.5251147901442,
-4.39999999999998));
#13800=DIRECTION('',(0.,1.,0.));
#13810=DIRECTION('',(0.,0.,-1.));
#13820=AXIS2_PLACEMENT_3D('',#13790,#13800,#13810);
#13830=CIRCLE('',#13820,3.1);
#13840=CARTESIAN_POINT('',(124.93890173317,-51.5251147901442,
-4.39999999999998));
#13850=VERTEX_POINT('',#13840);
#13860=EDGE_CURVE('',#13850,#13760,#13830,.T.);
#13870=ORIENTED_EDGE('',*,*,#13860,.T.);
#13880=CARTESIAN_POINT('',(124.93890173317,-51.5251147901442,0.));
#13890=DIRECTION('',(0.,0.,1.));
#13900=VECTOR('',#13890,1.);
#13910=LINE('',#13880,#13900);
#13920=EDGE_CURVE('',#13850,#13680,#13910,.T.);
#13930=ORIENTED_EDGE('',*,*,#13920,.F.);
#13940=EDGE_LOOP('',(#13930,#13870,#13780,#13700));
#13950=FACE_BOUND('',#13940,.T.);
#13960=CARTESIAN_POINT('',(121.83890173317,-51.5251147901442,-204.4));
#13970=DIRECTION('',(0.,1.,0.));
#13980=DIRECTION('',(0.,0.,-1.));
#13990=AXIS2_PLACEMENT_3D('',#13960,#13970,#13980);
#14000=CIRCLE('',#13990,3.1);
#14010=CARTESIAN_POINT('',(124.93890173317,-51.5251147901442,-204.4));
#14020=VERTEX_POINT('',#14010);
#14030=CARTESIAN_POINT('',(118.73890173317,-51.5251147901442,-204.4));
#14040=VERTEX_POINT('',#14030);
#14050=EDGE_CURVE('',#14020,#14040,#14000,.T.);
#14060=ORIENTED_EDGE('',*,*,#14050,.T.);
#14070=CARTESIAN_POINT('',(124.93890173317,-51.5251147901442,0.));
#14080=DIRECTION('',(0.,0.,1.));
#14090=VECTOR('',#14080,1.);
#14100=LINE('',#14070,#14090);
#14110=CARTESIAN_POINT('',(124.93890173317,-51.5251147901442,-195.6));
#14120=VERTEX_POINT('',#14110);
#14130=EDGE_CURVE('',#14020,#14120,#14100,.T.);
#14140=ORIENTED_EDGE('',*,*,#14130,.F.);
#14150=CARTESIAN_POINT('',(121.83890173317,-51.5251147901442,-195.6));
#14160=DIRECTION('',(0.,1.,0.));
#14170=DIRECTION('',(0.,0.,-1.));
#14180=AXIS2_PLACEMENT_3D('',#14150,#14160,#14170);
#14190=CIRCLE('',#14180,3.1);
#14200=CARTESIAN_POINT('',(118.73890173317,-51.5251147901442,-195.6));
#14210=VERTEX_POINT('',#14200);
#14220=EDGE_CURVE('',#14210,#14120,#14190,.T.);
#14230=ORIENTED_EDGE('',*,*,#14220,.T.);
#14240=CARTESIAN_POINT('',(118.73890173317,-51.5251147901442,0.));
#14250=DIRECTION('',(0.,0.,-1.));
#14260=VECTOR('',#14250,1.);
#14270=LINE('',#14240,#14260);
#14280=EDGE_CURVE('',#14210,#14040,#14270,.T.);
#14290=ORIENTED_EDGE('',*,*,#14280,.F.);
#14300=EDGE_LOOP('',(#14290,#14230,#14140,#14060));
#14310=FACE_BOUND('',#14300,.T.);
#14320=CARTESIAN_POINT('',(118.73890173317,-51.5251147901442,0.));
#14330=DIRECTION('',(0.,0.,-1.));
#14340=VECTOR('',#14330,1.);
#14350=LINE('',#14320,#14340);
#14360=CARTESIAN_POINT('',(118.73890173317,-51.5251147901442,-220.6));
#14370=VERTEX_POINT('',#14360);
#14380=CARTESIAN_POINT('',(118.73890173317,-51.5251147901442,-229.4));
#14390=VERTEX_POINT('',#14380);
#14400=EDGE_CURVE('',#14370,#14390,#14350,.T.);
#14410=ORIENTED_EDGE('',*,*,#14400,.F.);
#14420=CARTESIAN_POINT('',(121.83890173317,-51.5251147901442,-229.4));
#14430=DIRECTION('',(0.,1.,0.));
#14440=DIRECTION('',(0.,0.,-1.));
#14450=AXIS2_PLACEMENT_3D('',#14420,#14430,#14440);
#14460=CIRCLE('',#14450,3.1);
#14470=CARTESIAN_POINT('',(124.93890173317,-51.5251147901442,-229.4));
#14480=VERTEX_POINT('',#14470);
#14490=EDGE_CURVE('',#14480,#14390,#14460,.T.);
#14500=ORIENTED_EDGE('',*,*,#14490,.T.);
#14510=CARTESIAN_POINT('',(124.93890173317,-51.5251147901442,0.));
#14520=DIRECTION('',(0.,0.,1.));
#14530=VECTOR('',#14520,1.);
#14540=LINE('',#14510,#14530);
#14550=CARTESIAN_POINT('',(124.93890173317,-51.5251147901442,-220.6));
#14560=VERTEX_POINT('',#14550);
#14570=EDGE_CURVE('',#14480,#14560,#14540,.T.);
#14580=ORIENTED_EDGE('',*,*,#14570,.F.);
#14590=CARTESIAN_POINT('',(121.83890173317,-51.5251147901442,-220.6));
#14600=DIRECTION('',(0.,1.,0.));
#14610=DIRECTION('',(0.,0.,-1.));
#14620=AXIS2_PLACEMENT_3D('',#14590,#14600,#14610);
#14630=CIRCLE('',#14620,3.1);
#14640=EDGE_CURVE('',#14370,#14560,#14630,.T.);
#14650=ORIENTED_EDGE('',*,*,#14640,.T.);
#14660=EDGE_LOOP('',(#14650,#14580,#14500,#14410));
#14670=FACE_BOUND('',#14660,.T.);
#14680=CARTESIAN_POINT('',(121.83890173317,-51.5251147901442,-1370.6));
#14690=DIRECTION('',(0.,1.,0.));
#14700=DIRECTION('',(0.,0.,-1.));
#14710=AXIS2_PLACEMENT_3D('',#14680,#14690,#14700);
#14720=CIRCLE('',#14710,3.1);
#14730=CARTESIAN_POINT('',(118.73890173317,-51.5251147901442,-1370.6));
#14740=VERTEX_POINT('',#14730);
#14750=CARTESIAN_POINT('',(124.93890173317,-51.5251147901442,-1370.6));
#14760=VERTEX_POINT('',#14750);
#14770=EDGE_CURVE('',#14740,#14760,#14720,.T.);
#14780=ORIENTED_EDGE('',*,*,#14770,.T.);
#14790=CARTESIAN_POINT('',(118.73890173317,-51.5251147901442,0.));
#14800=DIRECTION('',(0.,0.,-1.));
#14810=VECTOR('',#14800,1.);
#14820=LINE('',#14790,#14810);
#14830=CARTESIAN_POINT('',(118.73890173317,-51.5251147901442,-1379.4));
#14840=VERTEX_POINT('',#14830);
#14850=EDGE_CURVE('',#14740,#14840,#14820,.T.);
#14860=ORIENTED_EDGE('',*,*,#14850,.F.);
#14870=CARTESIAN_POINT('',(121.83890173317,-51.5251147901442,-1379.4));
#14880=DIRECTION('',(0.,1.,0.));
#14890=DIRECTION('',(0.,0.,-1.));
#14900=AXIS2_PLACEMENT_3D('',#14870,#14880,#14890);
#14910=CIRCLE('',#14900,3.1);
#14920=CARTESIAN_POINT('',(124.93890173317,-51.5251147901442,-1379.4));
#14930=VERTEX_POINT('',#14920);
#14940=EDGE_CURVE('',#14930,#14840,#14910,.T.);
#14950=ORIENTED_EDGE('',*,*,#14940,.T.);
#14960=CARTESIAN_POINT('',(124.93890173317,-51.5251147901442,0.));
#14970=DIRECTION('',(0.,0.,1.));
#14980=VECTOR('',#14970,1.);
#14990=LINE('',#14960,#14980);
#15000=EDGE_CURVE('',#14930,#14760,#14990,.T.);
#15010=ORIENTED_EDGE('',*,*,#15000,.F.);
#15020=EDGE_LOOP('',(#15010,#14950,#14860,#14780));
#15030=FACE_BOUND('',#15020,.T.);
#15040=CARTESIAN_POINT('',(121.83890173317,-51.5251147901442,-245.6));
#15050=DIRECTION('',(0.,1.,0.));
#15060=DIRECTION('',(0.,0.,-1.));
#15070=AXIS2_PLACEMENT_3D('',#15040,#15050,#15060);
#15080=CIRCLE('',#15070,3.1);
#15090=CARTESIAN_POINT('',(118.73890173317,-51.5251147901442,-245.6));
#15100=VERTEX_POINT('',#15090);
#15110=CARTESIAN_POINT('',(124.93890173317,-51.5251147901442,-245.6));
#15120=VERTEX_POINT('',#15110);
#15130=EDGE_CURVE('',#15100,#15120,#15080,.T.);
#15140=ORIENTED_EDGE('',*,*,#15130,.T.);
#15150=CARTESIAN_POINT('',(118.73890173317,-51.5251147901442,0.));
#15160=DIRECTION('',(0.,0.,-1.));
#15170=VECTOR('',#15160,1.);
#15180=LINE('',#15150,#15170);
#15190=CARTESIAN_POINT('',(118.73890173317,-51.5251147901442,-254.4));
#15200=VERTEX_POINT('',#15190);
#15210=EDGE_CURVE('',#15100,#15200,#15180,.T.);
#15220=ORIENTED_EDGE('',*,*,#15210,.F.);
#15230=CARTESIAN_POINT('',(121.83890173317,-51.5251147901442,-254.4));
#15240=DIRECTION('',(0.,1.,0.));
#15250=DIRECTION('',(0.,0.,-1.));
#15260=AXIS2_PLACEMENT_3D('',#15230,#15240,#15250);
#15270=CIRCLE('',#15260,3.1);
#15280=CARTESIAN_POINT('',(124.93890173317,-51.5251147901442,-254.4));
#15290=VERTEX_POINT('',#15280);
#15300=EDGE_CURVE('',#15290,#15200,#15270,.T.);
#15310=ORIENTED_EDGE('',*,*,#15300,.T.);
#15320=CARTESIAN_POINT('',(124.93890173317,-51.5251147901442,0.));
#15330=DIRECTION('',(0.,0.,1.));
#15340=VECTOR('',#15330,1.);
#15350=LINE('',#15320,#15340);
#15360=EDGE_CURVE('',#15290,#15120,#15350,.T.);
#15370=ORIENTED_EDGE('',*,*,#15360,.F.);
#15380=EDGE_LOOP('',(#15370,#15310,#15220,#15140));
#15390=FACE_BOUND('',#15380,.T.);
#15400=CARTESIAN_POINT('',(121.83890173317,-51.5251147901442,-1845.6));
#15410=DIRECTION('',(0.,1.,0.));
#15420=DIRECTION('',(0.,0.,-1.));
#15430=AXIS2_PLACEMENT_3D('',#15400,#15410,#15420);
#15440=CIRCLE('',#15430,3.1);
#15450=CARTESIAN_POINT('',(118.73890173317,-51.5251147901442,-1845.6));
#15460=VERTEX_POINT('',#15450);
#15470=CARTESIAN_POINT('',(124.93890173317,-51.5251147901442,-1845.6));
#15480=VERTEX_POINT('',#15470);
#15490=EDGE_CURVE('',#15460,#15480,#15440,.T.);
#15500=ORIENTED_EDGE('',*,*,#15490,.T.);
#15510=CARTESIAN_POINT('',(118.73890173317,-51.5251147901442,0.));
#15520=DIRECTION('',(0.,0.,-1.));
#15530=VECTOR('',#15520,1.);
#15540=LINE('',#15510,#15530);
#15550=CARTESIAN_POINT('',(118.73890173317,-51.5251147901442,-1854.4));
#15560=VERTEX_POINT('',#15550);
#15570=EDGE_CURVE('',#15460,#15560,#15540,.T.);
#15580=ORIENTED_EDGE('',*,*,#15570,.F.);
#15590=CARTESIAN_POINT('',(121.83890173317,-51.5251147901442,-1854.4));
#15600=DIRECTION('',(0.,1.,0.));
#15610=DIRECTION('',(0.,0.,-1.));
#15620=AXIS2_PLACEMENT_3D('',#15590,#15600,#15610);
#15630=CIRCLE('',#15620,3.1);
#15640=CARTESIAN_POINT('',(124.93890173317,-51.5251147901442,-1854.4));
#15650=VERTEX_POINT('',#15640);
#15660=EDGE_CURVE('',#15650,#15560,#15630,.T.);
#15670=ORIENTED_EDGE('',*,*,#15660,.T.);
#15680=CARTESIAN_POINT('',(124.93890173317,-51.5251147901442,0.));
#15690=DIRECTION('',(0.,0.,1.));
#15700=VECTOR('',#15690,1.);
#15710=LINE('',#15680,#15700);
#15720=EDGE_CURVE('',#15650,#15480,#15710,.T.);
#15730=ORIENTED_EDGE('',*,*,#15720,.F.);
#15740=EDGE_LOOP('',(#15730,#15670,#15580,#15500));
#15750=FACE_BOUND('',#15740,.T.);
#15760=CARTESIAN_POINT('',(118.73890173317,-51.5251147901442,0.));
#15770=DIRECTION('',(0.,0.,-1.));
#15780=VECTOR('',#15770,1.);
#15790=LINE('',#15760,#15780);
#15800=CARTESIAN_POINT('',(118.73890173317,-51.5251147901442,-45.6));
#15810=VERTEX_POINT('',#15800);
#15820=CARTESIAN_POINT('',(118.73890173317,-51.5251147901442,-54.4));
#15830=VERTEX_POINT('',#15820);
#15840=EDGE_CURVE('',#15810,#15830,#15790,.T.);
#15850=ORIENTED_EDGE('',*,*,#15840,.F.);
#15860=CARTESIAN_POINT('',(121.83890173317,-51.5251147901442,-54.4));
#15870=DIRECTION('',(0.,1.,0.));
#15880=DIRECTION('',(0.,0.,-1.));
#15890=AXIS2_PLACEMENT_3D('',#15860,#15870,#15880);
#15900=CIRCLE('',#15890,3.1);
#15910=CARTESIAN_POINT('',(124.93890173317,-51.5251147901442,-54.4));
#15920=VERTEX_POINT('',#15910);
#15930=EDGE_CURVE('',#15920,#15830,#15900,.T.);
#15940=ORIENTED_EDGE('',*,*,#15930,.T.);
#15950=CARTESIAN_POINT('',(124.93890173317,-51.5251147901442,0.));
#15960=DIRECTION('',(0.,0.,1.));
#15970=VECTOR('',#15960,1.);
#15980=LINE('',#15950,#15970);
#15990=CARTESIAN_POINT('',(124.93890173317,-51.5251147901442,-45.6));
#16000=VERTEX_POINT('',#15990);
#16010=EDGE_CURVE('',#15920,#16000,#15980,.T.);
#16020=ORIENTED_EDGE('',*,*,#16010,.F.);
#16030=CARTESIAN_POINT('',(121.83890173317,-51.5251147901442,-45.6));
#16040=DIRECTION('',(0.,1.,0.));
#16050=DIRECTION('',(0.,0.,-1.));
#16060=AXIS2_PLACEMENT_3D('',#16030,#16040,#16050);
#16070=CIRCLE('',#16060,3.1);
#16080=EDGE_CURVE('',#15810,#16000,#16070,.T.);
#16090=ORIENTED_EDGE('',*,*,#16080,.T.);
#16100=EDGE_LOOP('',(#16090,#16020,#15940,#15850));
#16110=FACE_BOUND('',#16100,.T.);
#16120=CARTESIAN_POINT('',(121.83890173317,-51.5251147901442,-1604.4));
#16130=DIRECTION('',(0.,1.,0.));
#16140=DIRECTION('',(0.,0.,-1.));
#16150=AXIS2_PLACEMENT_3D('',#16120,#16130,#16140);
#16160=CIRCLE('',#16150,3.1);
#16170=CARTESIAN_POINT('',(124.93890173317,-51.5251147901442,-1604.4));
#16180=VERTEX_POINT('',#16170);
#16190=CARTESIAN_POINT('',(118.73890173317,-51.5251147901442,-1604.4));
#16200=VERTEX_POINT('',#16190);
#16210=EDGE_CURVE('',#16180,#16200,#16160,.T.);
#16220=ORIENTED_EDGE('',*,*,#16210,.T.);
#16230=CARTESIAN_POINT('',(124.93890173317,-51.5251147901442,0.));
#16240=DIRECTION('',(0.,0.,1.));
#16250=VECTOR('',#16240,1.);
#16260=LINE('',#16230,#16250);
#16270=CARTESIAN_POINT('',(124.93890173317,-51.5251147901442,-1595.6));
#16280=VERTEX_POINT('',#16270);
#16290=EDGE_CURVE('',#16180,#16280,#16260,.T.);
#16300=ORIENTED_EDGE('',*,*,#16290,.F.);
#16310=CARTESIAN_POINT('',(121.83890173317,-51.5251147901442,-1595.6));
#16320=DIRECTION('',(0.,1.,0.));
#16330=DIRECTION('',(0.,0.,-1.));
#16340=AXIS2_PLACEMENT_3D('',#16310,#16320,#16330);
#16350=CIRCLE('',#16340,3.1);
#16360=CARTESIAN_POINT('',(118.73890173317,-51.5251147901442,-1595.6));
#16370=VERTEX_POINT('',#16360);
#16380=EDGE_CURVE('',#16370,#16280,#16350,.T.);
#16390=ORIENTED_EDGE('',*,*,#16380,.T.);
#16400=CARTESIAN_POINT('',(118.73890173317,-51.5251147901442,0.));
#16410=DIRECTION('',(0.,0.,-1.));
#16420=VECTOR('',#16410,1.);
#16430=LINE('',#16400,#16420);
#16440=EDGE_CURVE('',#16370,#16200,#16430,.T.);
#16450=ORIENTED_EDGE('',*,*,#16440,.F.);
#16460=EDGE_LOOP('',(#16450,#16390,#16300,#16220));
#16470=FACE_BOUND('',#16460,.T.);
#16480=CARTESIAN_POINT('',(121.83890173317,-51.5251147901442,-879.4));
#16490=DIRECTION('',(0.,1.,0.));
#16500=DIRECTION('',(0.,0.,-1.));
#16510=AXIS2_PLACEMENT_3D('',#16480,#16490,#16500);
#16520=CIRCLE('',#16510,3.1);
#16530=CARTESIAN_POINT('',(124.93890173317,-51.5251147901442,-879.4));
#16540=VERTEX_POINT('',#16530);
#16550=CARTESIAN_POINT('',(118.73890173317,-51.5251147901442,-879.4));
#16560=VERTEX_POINT('',#16550);
#16570=EDGE_CURVE('',#16540,#16560,#16520,.T.);
#16580=ORIENTED_EDGE('',*,*,#16570,.T.);
#16590=CARTESIAN_POINT('',(124.93890173317,-51.5251147901442,0.));
#16600=DIRECTION('',(0.,0.,1.));
#16610=VECTOR('',#16600,1.);
#16620=LINE('',#16590,#16610);
#16630=CARTESIAN_POINT('',(124.93890173317,-51.5251147901442,-870.6));
#16640=VERTEX_POINT('',#16630);
#16650=EDGE_CURVE('',#16540,#16640,#16620,.T.);
#16660=ORIENTED_EDGE('',*,*,#16650,.F.);
#16670=CARTESIAN_POINT('',(121.83890173317,-51.5251147901442,-870.6));
#16680=DIRECTION('',(0.,1.,0.));
#16690=DIRECTION('',(0.,0.,-1.));
#16700=AXIS2_PLACEMENT_3D('',#16670,#16680,#16690);
#16710=CIRCLE('',#16700,3.1);
#16720=CARTESIAN_POINT('',(118.73890173317,-51.5251147901442,-870.6));
#16730=VERTEX_POINT('',#16720);
#16740=EDGE_CURVE('',#16730,#16640,#16710,.T.);
#16750=ORIENTED_EDGE('',*,*,#16740,.T.);
#16760=CARTESIAN_POINT('',(118.73890173317,-51.5251147901442,0.));
#16770=DIRECTION('',(0.,0.,-1.));
#16780=VECTOR('',#16770,1.);
#16790=LINE('',#16760,#16780);
#16800=EDGE_CURVE('',#16730,#16560,#16790,.T.);
#16810=ORIENTED_EDGE('',*,*,#16800,.F.);
#16820=EDGE_LOOP('',(#16810,#16750,#16660,#16580));
#16830=FACE_BOUND('',#16820,.T.);
#16840=CARTESIAN_POINT('',(121.83890173317,-51.5251147901442,-1254.4));
#16850=DIRECTION('',(0.,1.,0.));
#16860=DIRECTION('',(0.,0.,-1.));
#16870=AXIS2_PLACEMENT_3D('',#16840,#16850,#16860);
#16880=CIRCLE('',#16870,3.1);
#16890=CARTESIAN_POINT('',(124.93890173317,-51.5251147901442,-1254.4));
#16900=VERTEX_POINT('',#16890);
#16910=CARTESIAN_POINT('',(118.73890173317,-51.5251147901442,-1254.4));
#16920=VERTEX_POINT('',#16910);
#16930=EDGE_CURVE('',#16900,#16920,#16880,.T.);
#16940=ORIENTED_EDGE('',*,*,#16930,.T.);
#16950=CARTESIAN_POINT('',(124.93890173317,-51.5251147901442,0.));
#16960=DIRECTION('',(0.,0.,1.));
#16970=VECTOR('',#16960,1.);
#16980=LINE('',#16950,#16970);
#16990=CARTESIAN_POINT('',(124.93890173317,-51.5251147901442,-1245.6));
#17000=VERTEX_POINT('',#16990);
#17010=EDGE_CURVE('',#16900,#17000,#16980,.T.);
#17020=ORIENTED_EDGE('',*,*,#17010,.F.);
#17030=CARTESIAN_POINT('',(121.83890173317,-51.5251147901442,-1245.6));
#17040=DIRECTION('',(0.,1.,0.));
#17050=DIRECTION('',(0.,0.,-1.));
#17060=AXIS2_PLACEMENT_3D('',#17030,#17040,#17050);
#17070=CIRCLE('',#17060,3.1);
#17080=CARTESIAN_POINT('',(118.73890173317,-51.5251147901442,-1245.6));
#17090=VERTEX_POINT('',#17080);
#17100=EDGE_CURVE('',#17090,#17000,#17070,.T.);
#17110=ORIENTED_EDGE('',*,*,#17100,.T.);
#17120=CARTESIAN_POINT('',(118.73890173317,-51.5251147901442,0.));
#17130=DIRECTION('',(0.,0.,-1.));
#17140=VECTOR('',#17130,1.);
#17150=LINE('',#17120,#17140);
#17160=EDGE_CURVE('',#17090,#16920,#17150,.T.);
#17170=ORIENTED_EDGE('',*,*,#17160,.F.);
#17180=EDGE_LOOP('',(#17170,#17110,#17020,#16940));
#17190=FACE_BOUND('',#17180,.T.);
#17200=CARTESIAN_POINT('',(121.83890173317,-51.5251147901442,-354.4));
#17210=DIRECTION('',(0.,1.,0.));
#17220=DIRECTION('',(0.,0.,-1.));
#17230=AXIS2_PLACEMENT_3D('',#17200,#17210,#17220);
#17240=CIRCLE('',#17230,3.1);
#17250=CARTESIAN_POINT('',(124.93890173317,-51.5251147901442,-354.4));
#17260=VERTEX_POINT('',#17250);
#17270=CARTESIAN_POINT('',(118.73890173317,-51.5251147901442,-354.4));
#17280=VERTEX_POINT('',#17270);
#17290=EDGE_CURVE('',#17260,#17280,#17240,.T.);
#17300=ORIENTED_EDGE('',*,*,#17290,.T.);
#17310=CARTESIAN_POINT('',(124.93890173317,-51.5251147901442,0.));
#17320=DIRECTION('',(0.,0.,1.));
#17330=VECTOR('',#17320,1.);
#17340=LINE('',#17310,#17330);
#17350=CARTESIAN_POINT('',(124.93890173317,-51.5251147901442,-345.6));
#17360=VERTEX_POINT('',#17350);
#17370=EDGE_CURVE('',#17260,#17360,#17340,.T.);
#17380=ORIENTED_EDGE('',*,*,#17370,.F.);
#17390=CARTESIAN_POINT('',(121.83890173317,-51.5251147901442,-345.6));
#17400=DIRECTION('',(0.,1.,0.));
#17410=DIRECTION('',(0.,0.,-1.));
#17420=AXIS2_PLACEMENT_3D('',#17390,#17400,#17410);
#17430=CIRCLE('',#17420,3.1);
#17440=CARTESIAN_POINT('',(118.73890173317,-51.5251147901442,-345.6));
#17450=VERTEX_POINT('',#17440);
#17460=EDGE_CURVE('',#17450,#17360,#17430,.T.);
#17470=ORIENTED_EDGE('',*,*,#17460,.T.);
#17480=CARTESIAN_POINT('',(118.73890173317,-51.5251147901442,0.));
#17490=DIRECTION('',(0.,0.,-1.));
#17500=VECTOR('',#17490,1.);
#17510=LINE('',#17480,#17500);
#17520=EDGE_CURVE('',#17450,#17280,#17510,.T.);
#17530=ORIENTED_EDGE('',*,*,#17520,.F.);
#17540=EDGE_LOOP('',(#17530,#17470,#17380,#17300));
#17550=FACE_BOUND('',#17540,.T.);
#17560=CARTESIAN_POINT('',(121.83890173317,-51.5251147901442,-1395.6));
#17570=DIRECTION('',(0.,1.,0.));
#17580=DIRECTION('',(0.,0.,-1.));
#17590=AXIS2_PLACEMENT_3D('',#17560,#17570,#17580);
#17600=CIRCLE('',#17590,3.1);
#17610=CARTESIAN_POINT('',(118.73890173317,-51.5251147901442,-1395.6));
#17620=VERTEX_POINT('',#17610);
#17630=CARTESIAN_POINT('',(124.93890173317,-51.5251147901442,-1395.6));
#17640=VERTEX_POINT('',#17630);
#17650=EDGE_CURVE('',#17620,#17640,#17600,.T.);
#17660=ORIENTED_EDGE('',*,*,#17650,.T.);
#17670=CARTESIAN_POINT('',(118.73890173317,-51.5251147901442,0.));
#17680=DIRECTION('',(0.,0.,-1.));
#17690=VECTOR('',#17680,1.);
#17700=LINE('',#17670,#17690);
#17710=CARTESIAN_POINT('',(118.73890173317,-51.5251147901442,-1404.4));
#17720=VERTEX_POINT('',#17710);
#17730=EDGE_CURVE('',#17620,#17720,#17700,.T.);
#17740=ORIENTED_EDGE('',*,*,#17730,.F.);
#17750=CARTESIAN_POINT('',(121.83890173317,-51.5251147901442,-1404.4));
#17760=DIRECTION('',(0.,1.,0.));
#17770=DIRECTION('',(0.,0.,-1.));
#17780=AXIS2_PLACEMENT_3D('',#17750,#17760,#17770);
#17790=CIRCLE('',#17780,3.1);
#17800=CARTESIAN_POINT('',(124.93890173317,-51.5251147901442,-1404.4));
#17810=VERTEX_POINT('',#17800);
#17820=EDGE_CURVE('',#17810,#17720,#17790,.T.);
#17830=ORIENTED_EDGE('',*,*,#17820,.T.);
#17840=CARTESIAN_POINT('',(124.93890173317,-51.5251147901442,0.));
#17850=DIRECTION('',(0.,0.,1.));
#17860=VECTOR('',#17850,1.);
#17870=LINE('',#17840,#17860);
#17880=EDGE_CURVE('',#17810,#17640,#17870,.T.);
#17890=ORIENTED_EDGE('',*,*,#17880,.F.);
#17900=EDGE_LOOP('',(#17890,#17830,#17740,#17660));
#17910=FACE_BOUND('',#17900,.T.);
#17920=CARTESIAN_POINT('',(121.83890173317,-51.5251147901442,-679.4));
#17930=DIRECTION('',(0.,1.,0.));
#17940=DIRECTION('',(0.,0.,-1.));
#17950=AXIS2_PLACEMENT_3D('',#17920,#17930,#17940);
#17960=CIRCLE('',#17950,3.1);
#17970=CARTESIAN_POINT('',(124.93890173317,-51.5251147901442,-679.4));
#17980=VERTEX_POINT('',#17970);
#17990=CARTESIAN_POINT('',(118.73890173317,-51.5251147901442,-679.4));
#18000=VERTEX_POINT('',#17990);
#18010=EDGE_CURVE('',#17980,#18000,#17960,.T.);
#18020=ORIENTED_EDGE('',*,*,#18010,.T.);
#18030=CARTESIAN_POINT('',(124.93890173317,-51.5251147901442,0.));
#18040=DIRECTION('',(0.,0.,1.));
#18050=VECTOR('',#18040,1.);
#18060=LINE('',#18030,#18050);
#18070=CARTESIAN_POINT('',(124.93890173317,-51.5251147901442,-670.6));
#18080=VERTEX_POINT('',#18070);
#18090=EDGE_CURVE('',#17980,#18080,#18060,.T.);
#18100=ORIENTED_EDGE('',*,*,#18090,.F.);
#18110=CARTESIAN_POINT('',(121.83890173317,-51.5251147901442,-670.6));
#18120=DIRECTION('',(0.,1.,0.));
#18130=DIRECTION('',(0.,0.,-1.));
#18140=AXIS2_PLACEMENT_3D('',#18110,#18120,#18130);
#18150=CIRCLE('',#18140,3.1);
#18160=CARTESIAN_POINT('',(118.73890173317,-51.5251147901442,-670.6));
#18170=VERTEX_POINT('',#18160);
#18180=EDGE_CURVE('',#18170,#18080,#18150,.T.);
#18190=ORIENTED_EDGE('',*,*,#18180,.T.);
#18200=CARTESIAN_POINT('',(118.73890173317,-51.5251147901442,0.));
#18210=DIRECTION('',(0.,0.,-1.));
#18220=VECTOR('',#18210,1.);
#18230=LINE('',#18200,#18220);
#18240=EDGE_CURVE('',#18170,#18000,#18230,.T.);
#18250=ORIENTED_EDGE('',*,*,#18240,.F.);
#18260=EDGE_LOOP('',(#18250,#18190,#18100,#18020));
#18270=FACE_BOUND('',#18260,.T.);
#18280=CARTESIAN_POINT('',(121.83890173317,-51.5251147901442,-1870.6));
#18290=DIRECTION('',(0.,1.,0.));
#18300=DIRECTION('',(0.,0.,-1.));
#18310=AXIS2_PLACEMENT_3D('',#18280,#18290,#18300);
#18320=CIRCLE('',#18310,3.1);
#18330=CARTESIAN_POINT('',(118.73890173317,-51.5251147901442,-1870.6));
#18340=VERTEX_POINT('',#18330);
#18350=CARTESIAN_POINT('',(124.93890173317,-51.5251147901442,-1870.6));
#18360=VERTEX_POINT('',#18350);
#18370=EDGE_CURVE('',#18340,#18360,#18320,.T.);
#18380=ORIENTED_EDGE('',*,*,#18370,.T.);
#18390=CARTESIAN_POINT('',(118.73890173317,-51.5251147901442,0.));
#18400=DIRECTION('',(0.,0.,-1.));
#18410=VECTOR('',#18400,1.);
#18420=LINE('',#18390,#18410);
#18430=CARTESIAN_POINT('',(118.73890173317,-51.5251147901442,-1879.4));
#18440=VERTEX_POINT('',#18430);
#18450=EDGE_CURVE('',#18340,#18440,#18420,.T.);
#18460=ORIENTED_EDGE('',*,*,#18450,.F.);
#18470=CARTESIAN_POINT('',(121.83890173317,-51.5251147901442,-1879.4));
#18480=DIRECTION('',(0.,1.,0.));
#18490=DIRECTION('',(0.,0.,-1.));
#18500=AXIS2_PLACEMENT_3D('',#18470,#18480,#18490);
#18510=CIRCLE('',#18500,3.1);
#18520=CARTESIAN_POINT('',(124.93890173317,-51.5251147901442,-1879.4));
#18530=VERTEX_POINT('',#18520);
#18540=EDGE_CURVE('',#18530,#18440,#18510,.T.);
#18550=ORIENTED_EDGE('',*,*,#18540,.T.);
#18560=CARTESIAN_POINT('',(124.93890173317,-51.5251147901442,0.));
#18570=DIRECTION('',(0.,0.,1.));
#18580=VECTOR('',#18570,1.);
#18590=LINE('',#18560,#18580);
#18600=EDGE_CURVE('',#18530,#18360,#18590,.T.);
#18610=ORIENTED_EDGE('',*,*,#18600,.F.);
#18620=EDGE_LOOP('',(#18610,#18550,#18460,#18380));
#18630=FACE_BOUND('',#18620,.T.);
#18640=CARTESIAN_POINT('',(118.73890173317,-51.5251147901442,0.));
#18650=DIRECTION('',(0.,0.,-1.));
#18660=VECTOR('',#18650,1.);
#18670=LINE('',#18640,#18660);
#18680=CARTESIAN_POINT('',(118.73890173317,-51.5251147901442,-470.6));
#18690=VERTEX_POINT('',#18680);
#18700=CARTESIAN_POINT('',(118.73890173317,-51.5251147901442,-479.4));
#18710=VERTEX_POINT('',#18700);
#18720=EDGE_CURVE('',#18690,#18710,#18670,.T.);
#18730=ORIENTED_EDGE('',*,*,#18720,.F.);
#18740=CARTESIAN_POINT('',(121.83890173317,-51.5251147901442,-479.4));
#18750=DIRECTION('',(0.,1.,0.));
#18760=DIRECTION('',(0.,0.,-1.));
#18770=AXIS2_PLACEMENT_3D('',#18740,#18750,#18760);
#18780=CIRCLE('',#18770,3.1);
#18790=CARTESIAN_POINT('',(124.93890173317,-51.5251147901442,-479.4));
#18800=VERTEX_POINT('',#18790);
#18810=EDGE_CURVE('',#18800,#18710,#18780,.T.);
#18820=ORIENTED_EDGE('',*,*,#18810,.T.);
#18830=CARTESIAN_POINT('',(124.93890173317,-51.5251147901442,0.));
#18840=DIRECTION('',(0.,0.,1.));
#18850=VECTOR('',#18840,1.);
#18860=LINE('',#18830,#18850);
#18870=CARTESIAN_POINT('',(124.93890173317,-51.5251147901442,-470.6));
#18880=VERTEX_POINT('',#18870);
#18890=EDGE_CURVE('',#18800,#18880,#18860,.T.);
#18900=ORIENTED_EDGE('',*,*,#18890,.F.);
#18910=CARTESIAN_POINT('',(121.83890173317,-51.5251147901442,-470.6));
#18920=DIRECTION('',(0.,1.,0.));
#18930=DIRECTION('',(0.,0.,-1.));
#18940=AXIS2_PLACEMENT_3D('',#18910,#18920,#18930);
#18950=CIRCLE('',#18940,3.1);
#18960=EDGE_CURVE('',#18690,#18880,#18950,.T.);
#18970=ORIENTED_EDGE('',*,*,#18960,.T.);
#18980=EDGE_LOOP('',(#18970,#18900,#18820,#18730));
#18990=FACE_BOUND('',#18980,.T.);
#19000=CARTESIAN_POINT('',(121.83890173317,-51.5251147901442,-379.4));
#19010=DIRECTION('',(0.,1.,0.));
#19020=DIRECTION('',(0.,0.,-1.));
#19030=AXIS2_PLACEMENT_3D('',#19000,#19010,#19020);
#19040=CIRCLE('',#19030,3.1);
#19050=CARTESIAN_POINT('',(124.93890173317,-51.5251147901442,-379.4));
#19060=VERTEX_POINT('',#19050);
#19070=CARTESIAN_POINT('',(118.73890173317,-51.5251147901442,-379.4));
#19080=VERTEX_POINT('',#19070);
#19090=EDGE_CURVE('',#19060,#19080,#19040,.T.);
#19100=ORIENTED_EDGE('',*,*,#19090,.T.);
#19110=CARTESIAN_POINT('',(124.93890173317,-51.5251147901442,0.));
#19120=DIRECTION('',(0.,0.,1.));
#19130=VECTOR('',#19120,1.);
#19140=LINE('',#19110,#19130);
#19150=CARTESIAN_POINT('',(124.93890173317,-51.5251147901442,-370.6));
#19160=VERTEX_POINT('',#19150);
#19170=EDGE_CURVE('',#19060,#19160,#19140,.T.);
#19180=ORIENTED_EDGE('',*,*,#19170,.F.);
#19190=CARTESIAN_POINT('',(121.83890173317,-51.5251147901442,-370.6));
#19200=DIRECTION('',(0.,1.,0.));
#19210=DIRECTION('',(0.,0.,-1.));
#19220=AXIS2_PLACEMENT_3D('',#19190,#19200,#19210);
#19230=CIRCLE('',#19220,3.1);
#19240=CARTESIAN_POINT('',(118.73890173317,-51.5251147901442,-370.6));
#19250=VERTEX_POINT('',#19240);
#19260=EDGE_CURVE('',#19250,#19160,#19230,.T.);
#19270=ORIENTED_EDGE('',*,*,#19260,.T.);
#19280=CARTESIAN_POINT('',(118.73890173317,-51.5251147901442,0.));
#19290=DIRECTION('',(0.,0.,-1.));
#19300=VECTOR('',#19290,1.);
#19310=LINE('',#19280,#19300);
#19320=EDGE_CURVE('',#19250,#19080,#19310,.T.);
#19330=ORIENTED_EDGE('',*,*,#19320,.F.);
#19340=EDGE_LOOP('',(#19330,#19270,#19180,#19100));
#19350=FACE_BOUND('',#19340,.T.);
#19360=CARTESIAN_POINT('',(121.83890173317,-51.5251147901442,-804.4));
#19370=DIRECTION('',(0.,1.,0.));
#19380=DIRECTION('',(0.,0.,-1.));
#19390=AXIS2_PLACEMENT_3D('',#19360,#19370,#19380);
#19400=CIRCLE('',#19390,3.1);
#19410=CARTESIAN_POINT('',(124.93890173317,-51.5251147901442,-804.4));
#19420=VERTEX_POINT('',#19410);
#19430=CARTESIAN_POINT('',(118.73890173317,-51.5251147901442,-804.4));
#19440=VERTEX_POINT('',#19430);
#19450=EDGE_CURVE('',#19420,#19440,#19400,.T.);
#19460=ORIENTED_EDGE('',*,*,#19450,.T.);
#19470=CARTESIAN_POINT('',(124.93890173317,-51.5251147901442,0.));
#19480=DIRECTION('',(0.,0.,1.));
#19490=VECTOR('',#19480,1.);
#19500=LINE('',#19470,#19490);
#19510=CARTESIAN_POINT('',(124.93890173317,-51.5251147901442,-795.6));
#19520=VERTEX_POINT('',#19510);
#19530=EDGE_CURVE('',#19420,#19520,#19500,.T.);
#19540=ORIENTED_EDGE('',*,*,#19530,.F.);
#19550=CARTESIAN_POINT('',(121.83890173317,-51.5251147901442,-795.6));
#19560=DIRECTION('',(0.,1.,0.));
#19570=DIRECTION('',(0.,0.,-1.));
#19580=AXIS2_PLACEMENT_3D('',#19550,#19560,#19570);
#19590=CIRCLE('',#19580,3.1);
#19600=CARTESIAN_POINT('',(118.73890173317,-51.5251147901442,-795.6));
#19610=VERTEX_POINT('',#19600);
#19620=EDGE_CURVE('',#19610,#19520,#19590,.T.);
#19630=ORIENTED_EDGE('',*,*,#19620,.T.);
#19640=CARTESIAN_POINT('',(118.73890173317,-51.5251147901442,0.));
#19650=DIRECTION('',(0.,0.,-1.));
#19660=VECTOR('',#19650,1.);
#19670=LINE('',#19640,#19660);
#19680=EDGE_CURVE('',#19610,#19440,#19670,.T.);
#19690=ORIENTED_EDGE('',*,*,#19680,.F.);
#19700=EDGE_LOOP('',(#19690,#19630,#19540,#19460));
#19710=FACE_BOUND('',#19700,.T.);
#19720=CARTESIAN_POINT('',(121.83890173317,-51.5251147901442,-1270.6));
#19730=DIRECTION('',(0.,1.,0.));
#19740=DIRECTION('',(0.,0.,-1.));
#19750=AXIS2_PLACEMENT_3D('',#19720,#19730,#19740);
#19760=CIRCLE('',#19750,3.1);
#19770=CARTESIAN_POINT('',(118.73890173317,-51.5251147901442,-1270.6));
#19780=VERTEX_POINT('',#19770);
#19790=CARTESIAN_POINT('',(124.93890173317,-51.5251147901442,-1270.6));
#19800=VERTEX_POINT('',#19790);
#19810=EDGE_CURVE('',#19780,#19800,#19760,.T.);
#19820=ORIENTED_EDGE('',*,*,#19810,.T.);
#19830=CARTESIAN_POINT('',(118.73890173317,-51.5251147901442,0.));
#19840=DIRECTION('',(0.,0.,-1.));
#19850=VECTOR('',#19840,1.);
#19860=LINE('',#19830,#19850);
#19870=CARTESIAN_POINT('',(118.73890173317,-51.5251147901442,-1279.4));
#19880=VERTEX_POINT('',#19870);
#19890=EDGE_CURVE('',#19780,#19880,#19860,.T.);
#19900=ORIENTED_EDGE('',*,*,#19890,.F.);
#19910=CARTESIAN_POINT('',(121.83890173317,-51.5251147901442,-1279.4));
#19920=DIRECTION('',(0.,1.,0.));
#19930=DIRECTION('',(0.,0.,-1.));
#19940=AXIS2_PLACEMENT_3D('',#19910,#19920,#19930);
#19950=CIRCLE('',#19940,3.1);
#19960=CARTESIAN_POINT('',(124.93890173317,-51.5251147901442,-1279.4));
#19970=VERTEX_POINT('',#19960);
#19980=EDGE_CURVE('',#19970,#19880,#19950,.T.);
#19990=ORIENTED_EDGE('',*,*,#19980,.T.);
#20000=CARTESIAN_POINT('',(124.93890173317,-51.5251147901442,0.));
#20010=DIRECTION('',(0.,0.,1.));
#20020=VECTOR('',#20010,1.);
#20030=LINE('',#20000,#20020);
#20040=EDGE_CURVE('',#19970,#19800,#20030,.T.);
#20050=ORIENTED_EDGE('',*,*,#20040,.F.);
#20060=EDGE_LOOP('',(#20050,#19990,#19900,#19820));
#20070=FACE_BOUND('',#20060,.T.);
#20080=CARTESIAN_POINT('',(121.83890173317,-51.5251147901442,-1420.6));
#20090=DIRECTION('',(0.,1.,0.));
#20100=DIRECTION('',(0.,0.,-1.));
#20110=AXIS2_PLACEMENT_3D('',#20080,#20090,#20100);
#20120=CIRCLE('',#20110,3.1);
#20130=CARTESIAN_POINT('',(118.73890173317,-51.5251147901442,-1420.6));
#20140=VERTEX_POINT('',#20130);
#20150=CARTESIAN_POINT('',(124.93890173317,-51.5251147901442,-1420.6));
#20160=VERTEX_POINT('',#20150);
#20170=EDGE_CURVE('',#20140,#20160,#20120,.T.);
#20180=ORIENTED_EDGE('',*,*,#20170,.T.);
#20190=CARTESIAN_POINT('',(118.73890173317,-51.5251147901442,0.));
#20200=DIRECTION('',(0.,0.,-1.));
#20210=VECTOR('',#20200,1.);
#20220=LINE('',#20190,#20210);
#20230=CARTESIAN_POINT('',(118.73890173317,-51.5251147901442,-1429.4));
#20240=VERTEX_POINT('',#20230);
#20250=EDGE_CURVE('',#20140,#20240,#20220,.T.);
#20260=ORIENTED_EDGE('',*,*,#20250,.F.);
#20270=CARTESIAN_POINT('',(121.83890173317,-51.5251147901442,-1429.4));
#20280=DIRECTION('',(0.,1.,0.));
#20290=DIRECTION('',(0.,0.,-1.));
#20300=AXIS2_PLACEMENT_3D('',#20270,#20280,#20290);
#20310=CIRCLE('',#20300,3.1);
#20320=CARTESIAN_POINT('',(124.93890173317,-51.5251147901442,-1429.4));
#20330=VERTEX_POINT('',#20320);
#20340=EDGE_CURVE('',#20330,#20240,#20310,.T.);
#20350=ORIENTED_EDGE('',*,*,#20340,.T.);
#20360=CARTESIAN_POINT('',(124.93890173317,-51.5251147901442,0.));
#20370=DIRECTION('',(0.,0.,1.));
#20380=VECTOR('',#20370,1.);
#20390=LINE('',#20360,#20380);
#20400=EDGE_CURVE('',#20330,#20160,#20390,.T.);
#20410=ORIENTED_EDGE('',*,*,#20400,.F.);
#20420=EDGE_LOOP('',(#20410,#20350,#20260,#20180));
#20430=FACE_BOUND('',#20420,.T.);
#20440=CARTESIAN_POINT('',(121.83890173317,-51.5251147901442,-1745.6));
#20450=DIRECTION('',(0.,1.,0.));
#20460=DIRECTION('',(0.,0.,-1.));
#20470=AXIS2_PLACEMENT_3D('',#20440,#20450,#20460);
#20480=CIRCLE('',#20470,3.1);
#20490=CARTESIAN_POINT('',(118.73890173317,-51.5251147901442,-1745.6));
#20500=VERTEX_POINT('',#20490);
#20510=CARTESIAN_POINT('',(124.93890173317,-51.5251147901442,-1745.6));
#20520=VERTEX_POINT('',#20510);
#20530=EDGE_CURVE('',#20500,#20520,#20480,.T.);
#20540=ORIENTED_EDGE('',*,*,#20530,.T.);
#20550=CARTESIAN_POINT('',(118.73890173317,-51.5251147901442,0.));
#20560=DIRECTION('',(0.,0.,-1.));
#20570=VECTOR('',#20560,1.);
#20580=LINE('',#20550,#20570);
#20590=CARTESIAN_POINT('',(118.73890173317,-51.5251147901442,-1754.4));
#20600=VERTEX_POINT('',#20590);
#20610=EDGE_CURVE('',#20500,#20600,#20580,.T.);
#20620=ORIENTED_EDGE('',*,*,#20610,.F.);
#20630=CARTESIAN_POINT('',(121.83890173317,-51.5251147901442,-1754.4));
#20640=DIRECTION('',(0.,1.,0.));
#20650=DIRECTION('',(0.,0.,-1.));
#20660=AXIS2_PLACEMENT_3D('',#20630,#20640,#20650);
#20670=CIRCLE('',#20660,3.1);
#20680=CARTESIAN_POINT('',(124.93890173317,-51.5251147901442,-1754.4));
#20690=VERTEX_POINT('',#20680);
#20700=EDGE_CURVE('',#20690,#20600,#20670,.T.);
#20710=ORIENTED_EDGE('',*,*,#20700,.T.);
#20720=CARTESIAN_POINT('',(124.93890173317,-51.5251147901442,0.));
#20730=DIRECTION('',(0.,0.,1.));
#20740=VECTOR('',#20730,1.);
#20750=LINE('',#20720,#20740);
#20760=EDGE_CURVE('',#20690,#20520,#20750,.T.);
#20770=ORIENTED_EDGE('',*,*,#20760,.F.);
#20780=EDGE_LOOP('',(#20770,#20710,#20620,#20540));
#20790=FACE_BOUND('',#20780,.T.);
#20800=CARTESIAN_POINT('',(118.73890173317,-51.5251147901442,0.));
#20810=DIRECTION('',(0.,0.,-1.));
#20820=VECTOR('',#20810,1.);
#20830=LINE('',#20800,#20820);
#20840=CARTESIAN_POINT('',(118.73890173317,-51.5251147901442,-495.6));
#20850=VERTEX_POINT('',#20840);
#20860=CARTESIAN_POINT('',(118.73890173317,-51.5251147901442,-504.4));
#20870=VERTEX_POINT('',#20860);
#20880=EDGE_CURVE('',#20850,#20870,#20830,.T.);
#20890=ORIENTED_EDGE('',*,*,#20880,.F.);
#20900=CARTESIAN_POINT('',(121.83890173317,-51.5251147901442,-504.4));
#20910=DIRECTION('',(0.,1.,0.));
#20920=DIRECTION('',(0.,0.,-1.));
#20930=AXIS2_PLACEMENT_3D('',#20900,#20910,#20920);
#20940=CIRCLE('',#20930,3.1);
#20950=CARTESIAN_POINT('',(124.93890173317,-51.5251147901442,-504.4));
#20960=VERTEX_POINT('',#20950);
#20970=EDGE_CURVE('',#20960,#20870,#20940,.T.);
#20980=ORIENTED_EDGE('',*,*,#20970,.T.);
#20990=CARTESIAN_POINT('',(124.93890173317,-51.5251147901442,0.));
#21000=DIRECTION('',(0.,0.,1.));
#21010=VECTOR('',#21000,1.);
#21020=LINE('',#20990,#21010);
#21030=CARTESIAN_POINT('',(124.93890173317,-51.5251147901442,-495.6));
#21040=VERTEX_POINT('',#21030);
#21050=EDGE_CURVE('',#20960,#21040,#21020,.T.);
#21060=ORIENTED_EDGE('',*,*,#21050,.F.);
#21070=CARTESIAN_POINT('',(121.83890173317,-51.5251147901442,-495.6));
#21080=DIRECTION('',(0.,1.,0.));
#21090=DIRECTION('',(0.,0.,-1.));
#21100=AXIS2_PLACEMENT_3D('',#21070,#21080,#21090);
#21110=CIRCLE('',#21100,3.1);
#21120=EDGE_CURVE('',#20850,#21040,#21110,.T.);
#21130=ORIENTED_EDGE('',*,*,#21120,.T.);
#21140=EDGE_LOOP('',(#21130,#21060,#20980,#20890));
#21150=FACE_BOUND('',#21140,.T.);
#21160=CARTESIAN_POINT('',(121.83890173317,-51.5251147901442,-1170.6));
#21170=DIRECTION('',(0.,1.,0.));
#21180=DIRECTION('',(0.,0.,-1.));
#21190=AXIS2_PLACEMENT_3D('',#21160,#21170,#21180);
#21200=CIRCLE('',#21190,3.1);
#21210=CARTESIAN_POINT('',(118.73890173317,-51.5251147901442,-1170.6));
#21220=VERTEX_POINT('',#21210);
#21230=CARTESIAN_POINT('',(124.93890173317,-51.5251147901442,-1170.6));
#21240=VERTEX_POINT('',#21230);
#21250=EDGE_CURVE('',#21220,#21240,#21200,.T.);
#21260=ORIENTED_EDGE('',*,*,#21250,.T.);
#21270=CARTESIAN_POINT('',(118.73890173317,-51.5251147901442,0.));
#21280=DIRECTION('',(0.,0.,-1.));
#21290=VECTOR('',#21280,1.);
#21300=LINE('',#21270,#21290);
#21310=CARTESIAN_POINT('',(118.73890173317,-51.5251147901442,-1179.4));
#21320=VERTEX_POINT('',#21310);
#21330=EDGE_CURVE('',#21220,#21320,#21300,.T.);
#21340=ORIENTED_EDGE('',*,*,#21330,.F.);
#21350=CARTESIAN_POINT('',(121.83890173317,-51.5251147901442,-1179.4));
#21360=DIRECTION('',(0.,1.,0.));
#21370=DIRECTION('',(0.,0.,-1.));
#21380=AXIS2_PLACEMENT_3D('',#21350,#21360,#21370);
#21390=CIRCLE('',#21380,3.1);
#21400=CARTESIAN_POINT('',(124.93890173317,-51.5251147901442,-1179.4));
#21410=VERTEX_POINT('',#21400);
#21420=EDGE_CURVE('',#21410,#21320,#21390,.T.);
#21430=ORIENTED_EDGE('',*,*,#21420,.T.);
#21440=CARTESIAN_POINT('',(124.93890173317,-51.5251147901442,0.));
#21450=DIRECTION('',(0.,0.,1.));
#21460=VECTOR('',#21450,1.);
#21470=LINE('',#21440,#21460);
#21480=EDGE_CURVE('',#21410,#21240,#21470,.T.);
#21490=ORIENTED_EDGE('',*,*,#21480,.F.);
#21500=EDGE_LOOP('',(#21490,#21430,#21340,#21260));
#21510=FACE_BOUND('',#21500,.T.);
#21520=CARTESIAN_POINT('',(121.83890173317,-51.5251147901442,-970.6));
#21530=DIRECTION('',(0.,1.,0.));
#21540=DIRECTION('',(0.,0.,-1.));
#21550=AXIS2_PLACEMENT_3D('',#21520,#21530,#21540);
#21560=CIRCLE('',#21550,3.1);
#21570=CARTESIAN_POINT('',(118.73890173317,-51.5251147901442,-970.6));
#21580=VERTEX_POINT('',#21570);
#21590=CARTESIAN_POINT('',(124.93890173317,-51.5251147901442,-970.6));
#21600=VERTEX_POINT('',#21590);
#21610=EDGE_CURVE('',#21580,#21600,#21560,.T.);
#21620=ORIENTED_EDGE('',*,*,#21610,.T.);
#21630=CARTESIAN_POINT('',(118.73890173317,-51.5251147901442,0.));
#21640=DIRECTION('',(0.,0.,-1.));
#21650=VECTOR('',#21640,1.);
#21660=LINE('',#21630,#21650);
#21670=CARTESIAN_POINT('',(118.73890173317,-51.5251147901442,-979.4));
#21680=VERTEX_POINT('',#21670);
#21690=EDGE_CURVE('',#21580,#21680,#21660,.T.);
#21700=ORIENTED_EDGE('',*,*,#21690,.F.);
#21710=CARTESIAN_POINT('',(121.83890173317,-51.5251147901442,-979.4));
#21720=DIRECTION('',(0.,1.,0.));
#21730=DIRECTION('',(0.,0.,-1.));
#21740=AXIS2_PLACEMENT_3D('',#21710,#21720,#21730);
#21750=CIRCLE('',#21740,3.1);
#21760=CARTESIAN_POINT('',(124.93890173317,-51.5251147901442,-979.4));
#21770=VERTEX_POINT('',#21760);
#21780=EDGE_CURVE('',#21770,#21680,#21750,.T.);
#21790=ORIENTED_EDGE('',*,*,#21780,.T.);
#21800=CARTESIAN_POINT('',(124.93890173317,-51.5251147901442,0.));
#21810=DIRECTION('',(0.,0.,1.));
#21820=VECTOR('',#21810,1.);
#21830=LINE('',#21800,#21820);
#21840=EDGE_CURVE('',#21770,#21600,#21830,.T.);
#21850=ORIENTED_EDGE('',*,*,#21840,.F.);
#21860=EDGE_LOOP('',(#21850,#21790,#21700,#21620));
#21870=FACE_BOUND('',#21860,.T.);
#21880=CARTESIAN_POINT('',(121.83890173317,-51.5251147901442,-1220.6));
#21890=DIRECTION('',(0.,1.,0.));
#21900=DIRECTION('',(0.,0.,-1.));
#21910=AXIS2_PLACEMENT_3D('',#21880,#21890,#21900);
#21920=CIRCLE('',#21910,3.1);
#21930=CARTESIAN_POINT('',(118.73890173317,-51.5251147901442,-1220.6));
#21940=VERTEX_POINT('',#21930);
#21950=CARTESIAN_POINT('',(124.93890173317,-51.5251147901442,-1220.6));
#21960=VERTEX_POINT('',#21950);
#21970=EDGE_CURVE('',#21940,#21960,#21920,.T.);
#21980=ORIENTED_EDGE('',*,*,#21970,.T.);
#21990=CARTESIAN_POINT('',(118.73890173317,-51.5251147901442,0.));
#22000=DIRECTION('',(0.,0.,-1.));
#22010=VECTOR('',#22000,1.);
#22020=LINE('',#21990,#22010);
#22030=CARTESIAN_POINT('',(118.73890173317,-51.5251147901442,-1229.4));
#22040=VERTEX_POINT('',#22030);
#22050=EDGE_CURVE('',#21940,#22040,#22020,.T.);
#22060=ORIENTED_EDGE('',*,*,#22050,.F.);
#22070=CARTESIAN_POINT('',(121.83890173317,-51.5251147901442,-1229.4));
#22080=DIRECTION('',(0.,1.,0.));
#22090=DIRECTION('',(0.,0.,-1.));
#22100=AXIS2_PLACEMENT_3D('',#22070,#22080,#22090);
#22110=CIRCLE('',#22100,3.1);
#22120=CARTESIAN_POINT('',(124.93890173317,-51.5251147901442,-1229.4));
#22130=VERTEX_POINT('',#22120);
#22140=EDGE_CURVE('',#22130,#22040,#22110,.T.);
#22150=ORIENTED_EDGE('',*,*,#22140,.T.);
#22160=CARTESIAN_POINT('',(124.93890173317,-51.5251147901442,0.));
#22170=DIRECTION('',(0.,0.,1.));
#22180=VECTOR('',#22170,1.);
#22190=LINE('',#22160,#22180);
#22200=EDGE_CURVE('',#22130,#21960,#22190,.T.);
#22210=ORIENTED_EDGE('',*,*,#22200,.F.);
#22220=EDGE_LOOP('',(#22210,#22150,#22060,#21980));
#22230=FACE_BOUND('',#22220,.T.);
#22240=CARTESIAN_POINT('',(118.73890173317,-51.5251147901442,0.));
#22250=DIRECTION('',(0.,0.,-1.));
#22260=VECTOR('',#22250,1.);
#22270=LINE('',#22240,#22260);
#22280=CARTESIAN_POINT('',(118.73890173317,-51.5251147901442,-145.6));
#22290=VERTEX_POINT('',#22280);
#22300=CARTESIAN_POINT('',(118.73890173317,-51.5251147901442,-154.4));
#22310=VERTEX_POINT('',#22300);
#22320=EDGE_CURVE('',#22290,#22310,#22270,.T.);
#22330=ORIENTED_EDGE('',*,*,#22320,.F.);
#22340=CARTESIAN_POINT('',(121.83890173317,-51.5251147901442,-154.4));
#22350=DIRECTION('',(0.,1.,0.));
#22360=DIRECTION('',(0.,0.,-1.));
#22370=AXIS2_PLACEMENT_3D('',#22340,#22350,#22360);
#22380=CIRCLE('',#22370,3.1);
#22390=CARTESIAN_POINT('',(124.93890173317,-51.5251147901442,-154.4));
#22400=VERTEX_POINT('',#22390);
#22410=EDGE_CURVE('',#22400,#22310,#22380,.T.);
#22420=ORIENTED_EDGE('',*,*,#22410,.T.);
#22430=CARTESIAN_POINT('',(124.93890173317,-51.5251147901442,0.));
#22440=DIRECTION('',(0.,0.,1.));
#22450=VECTOR('',#22440,1.);
#22460=LINE('',#22430,#22450);
#22470=CARTESIAN_POINT('',(124.93890173317,-51.5251147901442,-145.6));
#22480=VERTEX_POINT('',#22470);
#22490=EDGE_CURVE('',#22400,#22480,#22460,.T.);
#22500=ORIENTED_EDGE('',*,*,#22490,.F.);
#22510=CARTESIAN_POINT('',(121.83890173317,-51.5251147901442,-145.6));
#22520=DIRECTION('',(0.,1.,0.));
#22530=DIRECTION('',(0.,0.,-1.));
#22540=AXIS2_PLACEMENT_3D('',#22510,#22520,#22530);
#22550=CIRCLE('',#22540,3.1);
#22560=EDGE_CURVE('',#22290,#22480,#22550,.T.);
#22570=ORIENTED_EDGE('',*,*,#22560,.T.);
#22580=EDGE_LOOP('',(#22570,#22500,#22420,#22330));
#22590=FACE_BOUND('',#22580,.T.);
#22600=CARTESIAN_POINT('',(121.83890173317,-51.5251147901442,-1720.6));
#22610=DIRECTION('',(0.,1.,0.));
#22620=DIRECTION('',(0.,0.,-1.));
#22630=AXIS2_PLACEMENT_3D('',#22600,#22610,#22620);
#22640=CIRCLE('',#22630,3.1);
#22650=CARTESIAN_POINT('',(118.73890173317,-51.5251147901442,-1720.6));
#22660=VERTEX_POINT('',#22650);
#22670=CARTESIAN_POINT('',(124.93890173317,-51.5251147901442,-1720.6));
#22680=VERTEX_POINT('',#22670);
#22690=EDGE_CURVE('',#22660,#22680,#22640,.T.);
#22700=ORIENTED_EDGE('',*,*,#22690,.T.);
#22710=CARTESIAN_POINT('',(118.73890173317,-51.5251147901442,0.));
#22720=DIRECTION('',(0.,0.,-1.));
#22730=VECTOR('',#22720,1.);
#22740=LINE('',#22710,#22730);
#22750=CARTESIAN_POINT('',(118.73890173317,-51.5251147901442,-1729.4));
#22760=VERTEX_POINT('',#22750);
#22770=EDGE_CURVE('',#22660,#22760,#22740,.T.);
#22780=ORIENTED_EDGE('',*,*,#22770,.F.);
#22790=CARTESIAN_POINT('',(121.83890173317,-51.5251147901442,-1729.4));
#22800=DIRECTION('',(0.,1.,0.));
#22810=DIRECTION('',(0.,0.,-1.));
#22820=AXIS2_PLACEMENT_3D('',#22790,#22800,#22810);
#22830=CIRCLE('',#22820,3.1);
#22840=CARTESIAN_POINT('',(124.93890173317,-51.5251147901442,-1729.4));
#22850=VERTEX_POINT('',#22840);
#22860=EDGE_CURVE('',#22850,#22760,#22830,.T.);
#22870=ORIENTED_EDGE('',*,*,#22860,.T.);
#22880=CARTESIAN_POINT('',(124.93890173317,-51.5251147901442,0.));
#22890=DIRECTION('',(0.,0.,1.));
#22900=VECTOR('',#22890,1.);
#22910=LINE('',#22880,#22900);
#22920=EDGE_CURVE('',#22850,#22680,#22910,.T.);
#22930=ORIENTED_EDGE('',*,*,#22920,.F.);
#22940=EDGE_LOOP('',(#22930,#22870,#22780,#22700));
#22950=FACE_BOUND('',#22940,.T.);
#22960=CARTESIAN_POINT('',(118.73890173317,-51.5251147901442,0.));
#22970=DIRECTION('',(0.,0.,-1.));
#22980=VECTOR('',#22970,1.);
#22990=LINE('',#22960,#22980);
#23000=CARTESIAN_POINT('',(118.73890173317,-51.5251147901442,-620.6));
#23010=VERTEX_POINT('',#23000);
#23020=CARTESIAN_POINT('',(118.73890173317,-51.5251147901442,-629.4));
#23030=VERTEX_POINT('',#23020);
#23040=EDGE_CURVE('',#23010,#23030,#22990,.T.);
#23050=ORIENTED_EDGE('',*,*,#23040,.F.);
#23060=CARTESIAN_POINT('',(121.83890173317,-51.5251147901442,-629.4));
#23070=DIRECTION('',(0.,1.,0.));
#23080=DIRECTION('',(0.,0.,-1.));
#23090=AXIS2_PLACEMENT_3D('',#23060,#23070,#23080);
#23100=CIRCLE('',#23090,3.1);
#23110=CARTESIAN_POINT('',(124.93890173317,-51.5251147901442,-629.4));
#23120=VERTEX_POINT('',#23110);
#23130=EDGE_CURVE('',#23120,#23030,#23100,.T.);
#23140=ORIENTED_EDGE('',*,*,#23130,.T.);
#23150=CARTESIAN_POINT('',(124.93890173317,-51.5251147901442,0.));
#23160=DIRECTION('',(0.,0.,1.));
#23170=VECTOR('',#23160,1.);
#23180=LINE('',#23150,#23170);
#23190=CARTESIAN_POINT('',(124.93890173317,-51.5251147901442,-620.6));
#23200=VERTEX_POINT('',#23190);
#23210=EDGE_CURVE('',#23120,#23200,#23180,.T.);
#23220=ORIENTED_EDGE('',*,*,#23210,.F.);
#23230=CARTESIAN_POINT('',(121.83890173317,-51.5251147901442,-620.6));
#23240=DIRECTION('',(0.,1.,0.));
#23250=DIRECTION('',(0.,0.,-1.));
#23260=AXIS2_PLACEMENT_3D('',#23230,#23240,#23250);
#23270=CIRCLE('',#23260,3.1);
#23280=EDGE_CURVE('',#23010,#23200,#23270,.T.);
#23290=ORIENTED_EDGE('',*,*,#23280,.T.);
#23300=EDGE_LOOP('',(#23290,#23220,#23140,#23050));
#23310=FACE_BOUND('',#23300,.T.);
#23320=CARTESIAN_POINT('',(118.73890173317,-51.5251147901442,0.));
#23330=DIRECTION('',(0.,0.,-1.));
#23340=VECTOR('',#23330,1.);
#23350=LINE('',#23320,#23340);
#23360=CARTESIAN_POINT('',(118.73890173317,-51.5251147901442,-1495.6));
#23370=VERTEX_POINT('',#23360);
#23380=CARTESIAN_POINT('',(118.73890173317,-51.5251147901442,-1504.4));
#23390=VERTEX_POINT('',#23380);
#23400=EDGE_CURVE('',#23370,#23390,#23350,.T.);
#23410=ORIENTED_EDGE('',*,*,#23400,.F.);
#23420=CARTESIAN_POINT('',(121.83890173317,-51.5251147901442,-1504.4));
#23430=DIRECTION('',(0.,1.,0.));
#23440=DIRECTION('',(0.,0.,-1.));
#23450=AXIS2_PLACEMENT_3D('',#23420,#23430,#23440);
#23460=CIRCLE('',#23450,3.1);
#23470=CARTESIAN_POINT('',(124.93890173317,-51.5251147901442,-1504.4));
#23480=VERTEX_POINT('',#23470);
#23490=EDGE_CURVE('',#23480,#23390,#23460,.T.);
#23500=ORIENTED_EDGE('',*,*,#23490,.T.);
#23510=CARTESIAN_POINT('',(124.93890173317,-51.5251147901442,0.));
#23520=DIRECTION('',(0.,0.,1.));
#23530=VECTOR('',#23520,1.);
#23540=LINE('',#23510,#23530);
#23550=CARTESIAN_POINT('',(124.93890173317,-51.5251147901442,-1495.6));
#23560=VERTEX_POINT('',#23550);
#23570=EDGE_CURVE('',#23480,#23560,#23540,.T.);
#23580=ORIENTED_EDGE('',*,*,#23570,.F.);
#23590=CARTESIAN_POINT('',(121.83890173317,-51.5251147901442,-1495.6));
#23600=DIRECTION('',(0.,1.,0.));
#23610=DIRECTION('',(0.,0.,-1.));
#23620=AXIS2_PLACEMENT_3D('',#23590,#23600,#23610);
#23630=CIRCLE('',#23620,3.1);
#23640=EDGE_CURVE('',#23370,#23560,#23630,.T.);
#23650=ORIENTED_EDGE('',*,*,#23640,.T.);
#23660=EDGE_LOOP('',(#23650,#23580,#23500,#23410));
#23670=FACE_BOUND('',#23660,.T.);
#23680=CARTESIAN_POINT('',(121.83890173317,-51.5251147901442,-1004.4));
#23690=DIRECTION('',(0.,1.,0.));
#23700=DIRECTION('',(0.,0.,-1.));
#23710=AXIS2_PLACEMENT_3D('',#23680,#23690,#23700);
#23720=CIRCLE('',#23710,3.1);
#23730=CARTESIAN_POINT('',(124.93890173317,-51.5251147901442,-1004.4));
#23740=VERTEX_POINT('',#23730);
#23750=CARTESIAN_POINT('',(118.73890173317,-51.5251147901442,-1004.4));
#23760=VERTEX_POINT('',#23750);
#23770=EDGE_CURVE('',#23740,#23760,#23720,.T.);
#23780=ORIENTED_EDGE('',*,*,#23770,.T.);
#23790=CARTESIAN_POINT('',(124.93890173317,-51.5251147901442,0.));
#23800=DIRECTION('',(0.,0.,1.));
#23810=VECTOR('',#23800,1.);
#23820=LINE('',#23790,#23810);
#23830=CARTESIAN_POINT('',(124.93890173317,-51.5251147901442,-995.6));
#23840=VERTEX_POINT('',#23830);
#23850=EDGE_CURVE('',#23740,#23840,#23820,.T.);
#23860=ORIENTED_EDGE('',*,*,#23850,.F.);
#23870=CARTESIAN_POINT('',(121.83890173317,-51.5251147901442,-995.6));
#23880=DIRECTION('',(0.,1.,0.));
#23890=DIRECTION('',(0.,0.,-1.));
#23900=AXIS2_PLACEMENT_3D('',#23870,#23880,#23890);
#23910=CIRCLE('',#23900,3.1);
#23920=CARTESIAN_POINT('',(118.73890173317,-51.5251147901442,-995.6));
#23930=VERTEX_POINT('',#23920);
#23940=EDGE_CURVE('',#23930,#23840,#23910,.T.);
#23950=ORIENTED_EDGE('',*,*,#23940,.T.);
#23960=CARTESIAN_POINT('',(118.73890173317,-51.5251147901442,0.));
#23970=DIRECTION('',(0.,0.,-1.));
#23980=VECTOR('',#23970,1.);
#23990=LINE('',#23960,#23980);
#24000=EDGE_CURVE('',#23930,#23760,#23990,.T.);
#24010=ORIENTED_EDGE('',*,*,#24000,.F.);
#24020=EDGE_LOOP('',(#24010,#23950,#23860,#23780));
#24030=FACE_BOUND('',#24020,.T.);
#24040=CARTESIAN_POINT('',(121.83890173317,-51.5251147901442,20.6));
#24050=DIRECTION('',(0.,1.,0.));
#24060=DIRECTION('',(0.,0.,-1.));
#24070=AXIS2_PLACEMENT_3D('',#24040,#24050,#24060);
#24080=CIRCLE('',#24070,3.1);
#24090=CARTESIAN_POINT('',(124.93890173317,-51.5251147901442,20.6));
#24100=VERTEX_POINT('',#24090);
#24110=CARTESIAN_POINT('',(118.73890173317,-51.5251147901442,20.6));
#24120=VERTEX_POINT('',#24110);
#24130=EDGE_CURVE('',#24100,#24120,#24080,.T.);
#24140=ORIENTED_EDGE('',*,*,#24130,.T.);
#24150=CARTESIAN_POINT('',(124.93890173317,-51.5251147901442,0.));
#24160=DIRECTION('',(0.,0.,1.));
#24170=VECTOR('',#24160,1.);
#24180=LINE('',#24150,#24170);
#24190=CARTESIAN_POINT('',(124.93890173317,-51.5251147901442,29.4));
#24200=VERTEX_POINT('',#24190);
#24210=EDGE_CURVE('',#24100,#24200,#24180,.T.);
#24220=ORIENTED_EDGE('',*,*,#24210,.F.);
#24230=CARTESIAN_POINT('',(121.83890173317,-51.5251147901442,29.4));
#24240=DIRECTION('',(0.,1.,0.));
#24250=DIRECTION('',(0.,0.,-1.));
#24260=AXIS2_PLACEMENT_3D('',#24230,#24240,#24250);
#24270=CIRCLE('',#24260,3.1);
#24280=CARTESIAN_POINT('',(118.73890173317,-51.5251147901442,29.4));
#24290=VERTEX_POINT('',#24280);
#24300=EDGE_CURVE('',#24290,#24200,#24270,.T.);
#24310=ORIENTED_EDGE('',*,*,#24300,.T.);
#24320=CARTESIAN_POINT('',(118.73890173317,-51.5251147901442,0.));
#24330=DIRECTION('',(0.,0.,-1.));
#24340=VECTOR('',#24330,1.);
#24350=LINE('',#24320,#24340);
#24360=EDGE_CURVE('',#24290,#24120,#24350,.T.);
#24370=ORIENTED_EDGE('',*,*,#24360,.F.);
#24380=EDGE_LOOP('',(#24370,#24310,#24220,#24140));
#24390=FACE_BOUND('',#24380,.T.);
#24400=CARTESIAN_POINT('',(121.83890173317,-51.5251147901442,-1154.4));
#24410=DIRECTION('',(0.,1.,0.));
#24420=DIRECTION('',(0.,0.,-1.));
#24430=AXIS2_PLACEMENT_3D('',#24400,#24410,#24420);
#24440=CIRCLE('',#24430,3.1);
#24450=CARTESIAN_POINT('',(124.93890173317,-51.5251147901442,-1154.4));
#24460=VERTEX_POINT('',#24450);
#24470=CARTESIAN_POINT('',(118.73890173317,-51.5251147901442,-1154.4));
#24480=VERTEX_POINT('',#24470);
#24490=EDGE_CURVE('',#24460,#24480,#24440,.T.);
#24500=ORIENTED_EDGE('',*,*,#24490,.T.);
#24510=CARTESIAN_POINT('',(124.93890173317,-51.5251147901442,0.));
#24520=DIRECTION('',(0.,0.,1.));
#24530=VECTOR('',#24520,1.);
#24540=LINE('',#24510,#24530);
#24550=CARTESIAN_POINT('',(124.93890173317,-51.5251147901442,-1145.6));
#24560=VERTEX_POINT('',#24550);
#24570=EDGE_CURVE('',#24460,#24560,#24540,.T.);
#24580=ORIENTED_EDGE('',*,*,#24570,.F.);
#24590=CARTESIAN_POINT('',(121.83890173317,-51.5251147901442,-1145.6));
#24600=DIRECTION('',(0.,1.,0.));
#24610=DIRECTION('',(0.,0.,-1.));
#24620=AXIS2_PLACEMENT_3D('',#24590,#24600,#24610);
#24630=CIRCLE('',#24620,3.1);
#24640=CARTESIAN_POINT('',(118.73890173317,-51.5251147901442,-1145.6));
#24650=VERTEX_POINT('',#24640);
#24660=EDGE_CURVE('',#24650,#24560,#24630,.T.);
#24670=ORIENTED_EDGE('',*,*,#24660,.T.);
#24680=CARTESIAN_POINT('',(118.73890173317,-51.5251147901442,0.));
#24690=DIRECTION('',(0.,0.,-1.));
#24700=VECTOR('',#24690,1.);
#24710=LINE('',#24680,#24700);
#24720=EDGE_CURVE('',#24650,#24480,#24710,.T.);
#24730=ORIENTED_EDGE('',*,*,#24720,.F.);
#24740=EDGE_LOOP('',(#24730,#24670,#24580,#24500));
#24750=FACE_BOUND('',#24740,.T.);
#24760=CARTESIAN_POINT('',(121.83890173317,-51.5251147901442,-1645.6));
#24770=DIRECTION('',(0.,1.,0.));
#24780=DIRECTION('',(0.,0.,-1.));
#24790=AXIS2_PLACEMENT_3D('',#24760,#24770,#24780);
#24800=CIRCLE('',#24790,3.1);
#24810=CARTESIAN_POINT('',(118.73890173317,-51.5251147901442,-1645.6));
#24820=VERTEX_POINT('',#24810);
#24830=CARTESIAN_POINT('',(124.93890173317,-51.5251147901442,-1645.6));
#24840=VERTEX_POINT('',#24830);
#24850=EDGE_CURVE('',#24820,#24840,#24800,.T.);
#24860=ORIENTED_EDGE('',*,*,#24850,.T.);
#24870=CARTESIAN_POINT('',(118.73890173317,-51.5251147901442,0.));
#24880=DIRECTION('',(0.,0.,-1.));
#24890=VECTOR('',#24880,1.);
#24900=LINE('',#24870,#24890);
#24910=CARTESIAN_POINT('',(118.73890173317,-51.5251147901442,-1654.4));
#24920=VERTEX_POINT('',#24910);
#24930=EDGE_CURVE('',#24820,#24920,#24900,.T.);
#24940=ORIENTED_EDGE('',*,*,#24930,.F.);
#24950=CARTESIAN_POINT('',(121.83890173317,-51.5251147901442,-1654.4));
#24960=DIRECTION('',(0.,1.,0.));
#24970=DIRECTION('',(0.,0.,-1.));
#24980=AXIS2_PLACEMENT_3D('',#24950,#24960,#24970);
#24990=CIRCLE('',#24980,3.1);
#25000=CARTESIAN_POINT('',(124.93890173317,-51.5251147901442,-1654.4));
#25010=VERTEX_POINT('',#25000);
#25020=EDGE_CURVE('',#25010,#24920,#24990,.T.);
#25030=ORIENTED_EDGE('',*,*,#25020,.T.);
#25040=CARTESIAN_POINT('',(124.93890173317,-51.5251147901442,0.));
#25050=DIRECTION('',(0.,0.,1.));
#25060=VECTOR('',#25050,1.);
#25070=LINE('',#25040,#25060);
#25080=EDGE_CURVE('',#25010,#24840,#25070,.T.);
#25090=ORIENTED_EDGE('',*,*,#25080,.F.);
#25100=EDGE_LOOP('',(#25090,#25030,#24940,#24860));
#25110=FACE_BOUND('',#25100,.T.);
#25120=CARTESIAN_POINT('',(118.73890173317,-51.5251147901442,0.));
#25130=DIRECTION('',(0.,0.,-1.));
#25140=VECTOR('',#25130,1.);
#25150=LINE('',#25120,#25140);
#25160=CARTESIAN_POINT('',(118.73890173317,-51.5251147901442,-1695.6));
#25170=VERTEX_POINT('',#25160);
#25180=CARTESIAN_POINT('',(118.73890173317,-51.5251147901442,-1704.4));
#25190=VERTEX_POINT('',#25180);
#25200=EDGE_CURVE('',#25170,#25190,#25150,.T.);
#25210=ORIENTED_EDGE('',*,*,#25200,.F.);
#25220=CARTESIAN_POINT('',(121.83890173317,-51.5251147901442,-1704.4));
#25230=DIRECTION('',(0.,1.,0.));
#25240=DIRECTION('',(0.,0.,-1.));
#25250=AXIS2_PLACEMENT_3D('',#25220,#25230,#25240);
#25260=CIRCLE('',#25250,3.1);
#25270=CARTESIAN_POINT('',(124.93890173317,-51.5251147901442,-1704.4));
#25280=VERTEX_POINT('',#25270);
#25290=EDGE_CURVE('',#25280,#25190,#25260,.T.);
#25300=ORIENTED_EDGE('',*,*,#25290,.T.);
#25310=CARTESIAN_POINT('',(124.93890173317,-51.5251147901442,0.));
#25320=DIRECTION('',(0.,0.,1.));
#25330=VECTOR('',#25320,1.);
#25340=LINE('',#25310,#25330);
#25350=CARTESIAN_POINT('',(124.93890173317,-51.5251147901442,-1695.6));
#25360=VERTEX_POINT('',#25350);
#25370=EDGE_CURVE('',#25280,#25360,#25340,.T.);
#25380=ORIENTED_EDGE('',*,*,#25370,.F.);
#25390=CARTESIAN_POINT('',(121.83890173317,-51.5251147901442,-1695.6));
#25400=DIRECTION('',(0.,1.,0.));
#25410=DIRECTION('',(0.,0.,-1.));
#25420=AXIS2_PLACEMENT_3D('',#25390,#25400,#25410);
#25430=CIRCLE('',#25420,3.1);
#25440=EDGE_CURVE('',#25170,#25360,#25430,.T.);
#25450=ORIENTED_EDGE('',*,*,#25440,.T.);
#25460=EDGE_LOOP('',(#25450,#25380,#25300,#25210));
#25470=FACE_BOUND('',#25460,.T.);
#25480=CARTESIAN_POINT('',(121.83890173317,-51.5251147901442,-1629.4));
#25490=DIRECTION('',(0.,1.,0.));
#25500=DIRECTION('',(0.,0.,-1.));
#25510=AXIS2_PLACEMENT_3D('',#25480,#25490,#25500);
#25520=CIRCLE('',#25510,3.1);
#25530=CARTESIAN_POINT('',(124.93890173317,-51.5251147901442,-1629.4));
#25540=VERTEX_POINT('',#25530);
#25550=CARTESIAN_POINT('',(118.73890173317,-51.5251147901442,-1629.4));
#25560=VERTEX_POINT('',#25550);
#25570=EDGE_CURVE('',#25540,#25560,#25520,.T.);
#25580=ORIENTED_EDGE('',*,*,#25570,.T.);
#25590=CARTESIAN_POINT('',(124.93890173317,-51.5251147901442,0.));
#25600=DIRECTION('',(0.,0.,1.));
#25610=VECTOR('',#25600,1.);
#25620=LINE('',#25590,#25610);
#25630=CARTESIAN_POINT('',(124.93890173317,-51.5251147901442,-1620.6));
#25640=VERTEX_POINT('',#25630);
#25650=EDGE_CURVE('',#25540,#25640,#25620,.T.);
#25660=ORIENTED_EDGE('',*,*,#25650,.F.);
#25670=CARTESIAN_POINT('',(121.83890173317,-51.5251147901442,-1620.6));
#25680=DIRECTION('',(0.,1.,0.));
#25690=DIRECTION('',(0.,0.,-1.));
#25700=AXIS2_PLACEMENT_3D('',#25670,#25680,#25690);
#25710=CIRCLE('',#25700,3.1);
#25720=CARTESIAN_POINT('',(118.73890173317,-51.5251147901442,-1620.6));
#25730=VERTEX_POINT('',#25720);
#25740=EDGE_CURVE('',#25730,#25640,#25710,.T.);
#25750=ORIENTED_EDGE('',*,*,#25740,.T.);
#25760=CARTESIAN_POINT('',(118.73890173317,-51.5251147901442,0.));
#25770=DIRECTION('',(0.,0.,-1.));
#25780=VECTOR('',#25770,1.);
#25790=LINE('',#25760,#25780);
#25800=EDGE_CURVE('',#25730,#25560,#25790,.T.);
#25810=ORIENTED_EDGE('',*,*,#25800,.F.);
#25820=EDGE_LOOP('',(#25810,#25750,#25660,#25580));
#25830=FACE_BOUND('',#25820,.T.);
#25840=CARTESIAN_POINT('',(118.73890173317,-51.5251147901442,0.));
#25850=DIRECTION('',(0.,0.,-1.));
#25860=VECTOR('',#25850,1.);
#25870=LINE('',#25840,#25860);
#25880=CARTESIAN_POINT('',(118.73890173317,-51.5251147901442,-845.6));
#25890=VERTEX_POINT('',#25880);
#25900=CARTESIAN_POINT('',(118.73890173317,-51.5251147901442,-854.4));
#25910=VERTEX_POINT('',#25900);
#25920=EDGE_CURVE('',#25890,#25910,#25870,.T.);
#25930=ORIENTED_EDGE('',*,*,#25920,.F.);
#25940=CARTESIAN_POINT('',(121.83890173317,-51.5251147901442,-854.4));
#25950=DIRECTION('',(0.,1.,0.));
#25960=DIRECTION('',(0.,0.,-1.));
#25970=AXIS2_PLACEMENT_3D('',#25940,#25950,#25960);
#25980=CIRCLE('',#25970,3.1);
#25990=CARTESIAN_POINT('',(124.93890173317,-51.5251147901442,-854.4));
#26000=VERTEX_POINT('',#25990);
#26010=EDGE_CURVE('',#26000,#25910,#25980,.T.);
#26020=ORIENTED_EDGE('',*,*,#26010,.T.);
#26030=CARTESIAN_POINT('',(124.93890173317,-51.5251147901442,0.));
#26040=DIRECTION('',(0.,0.,1.));
#26050=VECTOR('',#26040,1.);
#26060=LINE('',#26030,#26050);
#26070=CARTESIAN_POINT('',(124.93890173317,-51.5251147901442,-845.6));
#26080=VERTEX_POINT('',#26070);
#26090=EDGE_CURVE('',#26000,#26080,#26060,.T.);
#26100=ORIENTED_EDGE('',*,*,#26090,.F.);
#26110=CARTESIAN_POINT('',(121.83890173317,-51.5251147901442,-845.6));
#26120=DIRECTION('',(0.,1.,0.));
#26130=DIRECTION('',(0.,0.,-1.));
#26140=AXIS2_PLACEMENT_3D('',#26110,#26120,#26130);
#26150=CIRCLE('',#26140,3.1);
#26160=EDGE_CURVE('',#25890,#26080,#26150,.T.);
#26170=ORIENTED_EDGE('',*,*,#26160,.T.);
#26180=EDGE_LOOP('',(#26170,#26100,#26020,#25930));
#26190=FACE_BOUND('',#26180,.T.);
#26200=CARTESIAN_POINT('',(118.73890173317,-51.5251147901442,0.));
#26210=DIRECTION('',(0.,0.,-1.));
#26220=VECTOR('',#26210,1.);
#26230=LINE('',#26200,#26220);
#26240=CARTESIAN_POINT('',(118.73890173317,-51.5251147901442,-1545.6));
#26250=VERTEX_POINT('',#26240);
#26260=CARTESIAN_POINT('',(118.73890173317,-51.5251147901442,-1554.4));
#26270=VERTEX_POINT('',#26260);
#26280=EDGE_CURVE('',#26250,#26270,#26230,.T.);
#26290=ORIENTED_EDGE('',*,*,#26280,.F.);
#26300=CARTESIAN_POINT('',(121.83890173317,-51.5251147901442,-1554.4));
#26310=DIRECTION('',(0.,1.,0.));
#26320=DIRECTION('',(0.,0.,-1.));
#26330=AXIS2_PLACEMENT_3D('',#26300,#26310,#26320);
#26340=CIRCLE('',#26330,3.1);
#26350=CARTESIAN_POINT('',(124.93890173317,-51.5251147901442,-1554.4));
#26360=VERTEX_POINT('',#26350);
#26370=EDGE_CURVE('',#26360,#26270,#26340,.T.);
#26380=ORIENTED_EDGE('',*,*,#26370,.T.);
#26390=CARTESIAN_POINT('',(124.93890173317,-51.5251147901442,0.));
#26400=DIRECTION('',(0.,0.,1.));
#26410=VECTOR('',#26400,1.);
#26420=LINE('',#26390,#26410);
#26430=CARTESIAN_POINT('',(124.93890173317,-51.5251147901442,-1545.6));
#26440=VERTEX_POINT('',#26430);
#26450=EDGE_CURVE('',#26360,#26440,#26420,.T.);
#26460=ORIENTED_EDGE('',*,*,#26450,.F.);
#26470=CARTESIAN_POINT('',(121.83890173317,-51.5251147901442,-1545.6));
#26480=DIRECTION('',(0.,1.,0.));
#26490=DIRECTION('',(0.,0.,-1.));
#26500=AXIS2_PLACEMENT_3D('',#26470,#26480,#26490);
#26510=CIRCLE('',#26500,3.1);
#26520=EDGE_CURVE('',#26250,#26440,#26510,.T.);
#26530=ORIENTED_EDGE('',*,*,#26520,.T.);
#26540=EDGE_LOOP('',(#26530,#26460,#26380,#26290));
#26550=FACE_BOUND('',#26540,.T.);
#26560=CARTESIAN_POINT('',(121.83890173317,-51.5251147901442,-1779.4));
#26570=DIRECTION('',(0.,1.,0.));
#26580=DIRECTION('',(0.,0.,-1.));
#26590=AXIS2_PLACEMENT_3D('',#26560,#26570,#26580);
#26600=CIRCLE('',#26590,3.1);
#26610=CARTESIAN_POINT('',(124.93890173317,-51.5251147901442,-1779.4));
#26620=VERTEX_POINT('',#26610);
#26630=CARTESIAN_POINT('',(118.73890173317,-51.5251147901442,-1779.4));
#26640=VERTEX_POINT('',#26630);
#26650=EDGE_CURVE('',#26620,#26640,#26600,.T.);
#26660=ORIENTED_EDGE('',*,*,#26650,.T.);
#26670=CARTESIAN_POINT('',(124.93890173317,-51.5251147901442,0.));
#26680=DIRECTION('',(0.,0.,1.));
#26690=VECTOR('',#26680,1.);
#26700=LINE('',#26670,#26690);
#26710=CARTESIAN_POINT('',(124.93890173317,-51.5251147901442,-1770.6));
#26720=VERTEX_POINT('',#26710);
#26730=EDGE_CURVE('',#26620,#26720,#26700,.T.);
#26740=ORIENTED_EDGE('',*,*,#26730,.F.);
#26750=CARTESIAN_POINT('',(121.83890173317,-51.5251147901442,-1770.6));
#26760=DIRECTION('',(0.,1.,0.));
#26770=DIRECTION('',(0.,0.,-1.));
#26780=AXIS2_PLACEMENT_3D('',#26750,#26760,#26770);
#26790=CIRCLE('',#26780,3.1);
#26800=CARTESIAN_POINT('',(118.73890173317,-51.5251147901442,-1770.6));
#26810=VERTEX_POINT('',#26800);
#26820=EDGE_CURVE('',#26810,#26720,#26790,.T.);
#26830=ORIENTED_EDGE('',*,*,#26820,.T.);
#26840=CARTESIAN_POINT('',(118.73890173317,-51.5251147901442,0.));
#26850=DIRECTION('',(0.,0.,-1.));
#26860=VECTOR('',#26850,1.);
#26870=LINE('',#26840,#26860);
#26880=EDGE_CURVE('',#26810,#26640,#26870,.T.);
#26890=ORIENTED_EDGE('',*,*,#26880,.F.);
#26900=EDGE_LOOP('',(#26890,#26830,#26740,#26660));
#26910=FACE_BOUND('',#26900,.T.);
#26920=CARTESIAN_POINT('',(121.83890173317,-51.5251147901442,-1470.6));
#26930=DIRECTION('',(0.,1.,0.));
#26940=DIRECTION('',(0.,0.,-1.));
#26950=AXIS2_PLACEMENT_3D('',#26920,#26930,#26940);
#26960=CIRCLE('',#26950,3.1);
#26970=CARTESIAN_POINT('',(118.73890173317,-51.5251147901442,-1470.6));
#26980=VERTEX_POINT('',#26970);
#26990=CARTESIAN_POINT('',(124.93890173317,-51.5251147901442,-1470.6));
#27000=VERTEX_POINT('',#26990);
#27010=EDGE_CURVE('',#26980,#27000,#26960,.T.);
#27020=ORIENTED_EDGE('',*,*,#27010,.T.);
#27030=CARTESIAN_POINT('',(118.73890173317,-51.5251147901442,0.));
#27040=DIRECTION('',(0.,0.,-1.));
#27050=VECTOR('',#27040,1.);
#27060=LINE('',#27030,#27050);
#27070=CARTESIAN_POINT('',(118.73890173317,-51.5251147901442,-1479.4));
#27080=VERTEX_POINT('',#27070);
#27090=EDGE_CURVE('',#26980,#27080,#27060,.T.);
#27100=ORIENTED_EDGE('',*,*,#27090,.F.);
#27110=CARTESIAN_POINT('',(121.83890173317,-51.5251147901442,-1479.4));
#27120=DIRECTION('',(0.,1.,0.));
#27130=DIRECTION('',(0.,0.,-1.));
#27140=AXIS2_PLACEMENT_3D('',#27110,#27120,#27130);
#27150=CIRCLE('',#27140,3.1);
#27160=CARTESIAN_POINT('',(124.93890173317,-51.5251147901442,-1479.4));
#27170=VERTEX_POINT('',#27160);
#27180=EDGE_CURVE('',#27170,#27080,#27150,.T.);
#27190=ORIENTED_EDGE('',*,*,#27180,.T.);
#27200=CARTESIAN_POINT('',(124.93890173317,-51.5251147901442,0.));
#27210=DIRECTION('',(0.,0.,1.));
#27220=VECTOR('',#27210,1.);
#27230=LINE('',#27200,#27220);
#27240=EDGE_CURVE('',#27170,#27000,#27230,.T.);
#27250=ORIENTED_EDGE('',*,*,#27240,.F.);
#27260=EDGE_LOOP('',(#27250,#27190,#27100,#27020));
#27270=FACE_BOUND('',#27260,.T.);
#27280=CARTESIAN_POINT('',(118.73890173317,-51.5251147901442,0.));
#27290=DIRECTION('',(0.,0.,-1.));
#27300=VECTOR('',#27290,1.);
#27310=LINE('',#27280,#27300);
#27320=CARTESIAN_POINT('',(118.73890173317,-51.5251147901442,-720.6));
#27330=VERTEX_POINT('',#27320);
#27340=CARTESIAN_POINT('',(118.73890173317,-51.5251147901442,-729.4));
#27350=VERTEX_POINT('',#27340);
#27360=EDGE_CURVE('',#27330,#27350,#27310,.T.);
#27370=ORIENTED_EDGE('',*,*,#27360,.F.);
#27380=CARTESIAN_POINT('',(121.83890173317,-51.5251147901442,-729.4));
#27390=DIRECTION('',(0.,1.,0.));
#27400=DIRECTION('',(0.,0.,-1.));
#27410=AXIS2_PLACEMENT_3D('',#27380,#27390,#27400);
#27420=CIRCLE('',#27410,3.1);
#27430=CARTESIAN_POINT('',(124.93890173317,-51.5251147901442,-729.4));
#27440=VERTEX_POINT('',#27430);
#27450=EDGE_CURVE('',#27440,#27350,#27420,.T.);
#27460=ORIENTED_EDGE('',*,*,#27450,.T.);
#27470=CARTESIAN_POINT('',(124.93890173317,-51.5251147901442,0.));
#27480=DIRECTION('',(0.,0.,1.));
#27490=VECTOR('',#27480,1.);
#27500=LINE('',#27470,#27490);
#27510=CARTESIAN_POINT('',(124.93890173317,-51.5251147901442,-720.6));
#27520=VERTEX_POINT('',#27510);
#27530=EDGE_CURVE('',#27440,#27520,#27500,.T.);
#27540=ORIENTED_EDGE('',*,*,#27530,.F.);
#27550=CARTESIAN_POINT('',(121.83890173317,-51.5251147901442,-720.6));
#27560=DIRECTION('',(0.,1.,0.));
#27570=DIRECTION('',(0.,0.,-1.));
#27580=AXIS2_PLACEMENT_3D('',#27550,#27560,#27570);
#27590=CIRCLE('',#27580,3.1);
#27600=EDGE_CURVE('',#27330,#27520,#27590,.T.);
#27610=ORIENTED_EDGE('',*,*,#27600,.T.);
#27620=EDGE_LOOP('',(#27610,#27540,#27460,#27370));
#27630=FACE_BOUND('',#27620,.T.);
#27640=CARTESIAN_POINT('',(121.83890173317,-51.5251147901442,-304.4));
#27650=DIRECTION('',(0.,1.,0.));
#27660=DIRECTION('',(0.,0.,-1.));
#27670=AXIS2_PLACEMENT_3D('',#27640,#27650,#27660);
#27680=CIRCLE('',#27670,3.1);
#27690=CARTESIAN_POINT('',(124.93890173317,-51.5251147901442,-304.4));
#27700=VERTEX_POINT('',#27690);
#27710=CARTESIAN_POINT('',(118.73890173317,-51.5251147901442,-304.4));
#27720=VERTEX_POINT('',#27710);
#27730=EDGE_CURVE('',#27700,#27720,#27680,.T.);
#27740=ORIENTED_EDGE('',*,*,#27730,.T.);
#27750=CARTESIAN_POINT('',(124.93890173317,-51.5251147901442,0.));
#27760=DIRECTION('',(0.,0.,1.));
#27770=VECTOR('',#27760,1.);
#27780=LINE('',#27750,#27770);
#27790=CARTESIAN_POINT('',(124.93890173317,-51.5251147901442,-295.6));
#27800=VERTEX_POINT('',#27790);
#27810=EDGE_CURVE('',#27700,#27800,#27780,.T.);
#27820=ORIENTED_EDGE('',*,*,#27810,.F.);
#27830=CARTESIAN_POINT('',(121.83890173317,-51.5251147901442,-295.6));
#27840=DIRECTION('',(0.,1.,0.));
#27850=DIRECTION('',(0.,0.,-1.));
#27860=AXIS2_PLACEMENT_3D('',#27830,#27840,#27850);
#27870=CIRCLE('',#27860,3.1);
#27880=CARTESIAN_POINT('',(118.73890173317,-51.5251147901442,-295.6));
#27890=VERTEX_POINT('',#27880);
#27900=EDGE_CURVE('',#27890,#27800,#27870,.T.);
#27910=ORIENTED_EDGE('',*,*,#27900,.T.);
#27920=CARTESIAN_POINT('',(118.73890173317,-51.5251147901442,0.));
#27930=DIRECTION('',(0.,0.,-1.));
#27940=VECTOR('',#27930,1.);
#27950=LINE('',#27920,#27940);
#27960=EDGE_CURVE('',#27890,#27720,#27950,.T.);
#27970=ORIENTED_EDGE('',*,*,#27960,.F.);
#27980=EDGE_LOOP('',(#27970,#27910,#27820,#27740));
#27990=FACE_BOUND('',#27980,.T.);
#28000=CARTESIAN_POINT('',(121.83890173317,-51.5251147901442,-1345.6));
#28010=DIRECTION('',(0.,1.,0.));
#28020=DIRECTION('',(0.,0.,-1.));
#28030=AXIS2_PLACEMENT_3D('',#28000,#28010,#28020);
#28040=CIRCLE('',#28030,3.1);
#28050=CARTESIAN_POINT('',(118.73890173317,-51.5251147901442,-1345.6));
#28060=VERTEX_POINT('',#28050);
#28070=CARTESIAN_POINT('',(124.93890173317,-51.5251147901442,-1345.6));
#28080=VERTEX_POINT('',#28070);
#28090=EDGE_CURVE('',#28060,#28080,#28040,.T.);
#28100=ORIENTED_EDGE('',*,*,#28090,.T.);
#28110=CARTESIAN_POINT('',(118.73890173317,-51.5251147901442,0.));
#28120=DIRECTION('',(0.,0.,-1.));
#28130=VECTOR('',#28120,1.);
#28140=LINE('',#28110,#28130);
#28150=CARTESIAN_POINT('',(118.73890173317,-51.5251147901442,-1354.4));
#28160=VERTEX_POINT('',#28150);
#28170=EDGE_CURVE('',#28060,#28160,#28140,.T.);
#28180=ORIENTED_EDGE('',*,*,#28170,.F.);
#28190=CARTESIAN_POINT('',(121.83890173317,-51.5251147901442,-1354.4));
#28200=DIRECTION('',(0.,1.,0.));
#28210=DIRECTION('',(0.,0.,-1.));
#28220=AXIS2_PLACEMENT_3D('',#28190,#28200,#28210);
#28230=CIRCLE('',#28220,3.1);
#28240=CARTESIAN_POINT('',(124.93890173317,-51.5251147901442,-1354.4));
#28250=VERTEX_POINT('',#28240);
#28260=EDGE_CURVE('',#28250,#28160,#28230,.T.);
#28270=ORIENTED_EDGE('',*,*,#28260,.T.);
#28280=CARTESIAN_POINT('',(124.93890173317,-51.5251147901442,0.));
#28290=DIRECTION('',(0.,0.,1.));
#28300=VECTOR('',#28290,1.);
#28310=LINE('',#28280,#28300);
#28320=EDGE_CURVE('',#28250,#28080,#28310,.T.);
#28330=ORIENTED_EDGE('',*,*,#28320,.F.);
#28340=EDGE_LOOP('',(#28330,#28270,#28180,#28100));
#28350=FACE_BOUND('',#28340,.T.);
#28360=CARTESIAN_POINT('',(121.83890173317,-51.5251147901442,-829.4));
#28370=DIRECTION('',(0.,1.,0.));
#28380=DIRECTION('',(0.,0.,-1.));
#28390=AXIS2_PLACEMENT_3D('',#28360,#28370,#28380);
#28400=CIRCLE('',#28390,3.1);
#28410=CARTESIAN_POINT('',(124.93890173317,-51.5251147901442,-829.4));
#28420=VERTEX_POINT('',#28410);
#28430=CARTESIAN_POINT('',(118.73890173317,-51.5251147901442,-829.4));
#28440=VERTEX_POINT('',#28430);
#28450=EDGE_CURVE('',#28420,#28440,#28400,.T.);
#28460=ORIENTED_EDGE('',*,*,#28450,.T.);
#28470=CARTESIAN_POINT('',(124.93890173317,-51.5251147901442,0.));
#28480=DIRECTION('',(0.,0.,1.));
#28490=VECTOR('',#28480,1.);
#28500=LINE('',#28470,#28490);
#28510=CARTESIAN_POINT('',(124.93890173317,-51.5251147901442,-820.6));
#28520=VERTEX_POINT('',#28510);
#28530=EDGE_CURVE('',#28420,#28520,#28500,.T.);
#28540=ORIENTED_EDGE('',*,*,#28530,.F.);
#28550=CARTESIAN_POINT('',(121.83890173317,-51.5251147901442,-820.6));
#28560=DIRECTION('',(0.,1.,0.));
#28570=DIRECTION('',(0.,0.,-1.));
#28580=AXIS2_PLACEMENT_3D('',#28550,#28560,#28570);
#28590=CIRCLE('',#28580,3.1);
#28600=CARTESIAN_POINT('',(118.73890173317,-51.5251147901442,-820.6));
#28610=VERTEX_POINT('',#28600);
#28620=EDGE_CURVE('',#28610,#28520,#28590,.T.);
#28630=ORIENTED_EDGE('',*,*,#28620,.T.);
#28640=CARTESIAN_POINT('',(118.73890173317,-51.5251147901442,0.));
#28650=DIRECTION('',(0.,0.,-1.));
#28660=VECTOR('',#28650,1.);
#28670=LINE('',#28640,#28660);
#28680=EDGE_CURVE('',#28610,#28440,#28670,.T.);
#28690=ORIENTED_EDGE('',*,*,#28680,.F.);
#28700=EDGE_LOOP('',(#28690,#28630,#28540,#28460));
#28710=FACE_BOUND('',#28700,.T.);
#28720=CARTESIAN_POINT('',(118.73890173317,-51.5251147901442,0.));
#28730=DIRECTION('',(0.,0.,-1.));
#28740=VECTOR('',#28730,1.);
#28750=LINE('',#28720,#28740);
#28760=CARTESIAN_POINT('',(118.73890173317,-51.5251147901442,-1795.6));
#28770=VERTEX_POINT('',#28760);
#28780=CARTESIAN_POINT('',(118.73890173317,-51.5251147901442,-1804.4));
#28790=VERTEX_POINT('',#28780);
#28800=EDGE_CURVE('',#28770,#28790,#28750,.T.);
#28810=ORIENTED_EDGE('',*,*,#28800,.F.);
#28820=CARTESIAN_POINT('',(121.83890173317,-51.5251147901442,-1804.4));
#28830=DIRECTION('',(0.,1.,0.));
#28840=DIRECTION('',(0.,0.,-1.));
#28850=AXIS2_PLACEMENT_3D('',#28820,#28830,#28840);
#28860=CIRCLE('',#28850,3.1);
#28870=CARTESIAN_POINT('',(124.93890173317,-51.5251147901442,-1804.4));
#28880=VERTEX_POINT('',#28870);
#28890=EDGE_CURVE('',#28880,#28790,#28860,.T.);
#28900=ORIENTED_EDGE('',*,*,#28890,.T.);
#28910=CARTESIAN_POINT('',(124.93890173317,-51.5251147901442,0.));
#28920=DIRECTION('',(0.,0.,1.));
#28930=VECTOR('',#28920,1.);
#28940=LINE('',#28910,#28930);
#28950=CARTESIAN_POINT('',(124.93890173317,-51.5251147901442,-1795.6));
#28960=VERTEX_POINT('',#28950);
#28970=EDGE_CURVE('',#28880,#28960,#28940,.T.);
#28980=ORIENTED_EDGE('',*,*,#28970,.F.);
#28990=CARTESIAN_POINT('',(121.83890173317,-51.5251147901442,-1795.6));
#29000=DIRECTION('',(0.,1.,0.));
#29010=DIRECTION('',(0.,0.,-1.));
#29020=AXIS2_PLACEMENT_3D('',#28990,#29000,#29010);
#29030=CIRCLE('',#29020,3.1);
#29040=EDGE_CURVE('',#28770,#28960,#29030,.T.);
#29050=ORIENTED_EDGE('',*,*,#29040,.T.);
#29060=EDGE_LOOP('',(#29050,#28980,#28900,#28810));
#29070=FACE_BOUND('',#29060,.T.);
#29080=CARTESIAN_POINT('',(121.83890173317,-51.5251147901442,-1445.6));
#29090=DIRECTION('',(0.,1.,0.));
#29100=DIRECTION('',(0.,0.,-1.));
#29110=AXIS2_PLACEMENT_3D('',#29080,#29090,#29100);
#29120=CIRCLE('',#29110,3.1);
#29130=CARTESIAN_POINT('',(118.73890173317,-51.5251147901442,-1445.6));
#29140=VERTEX_POINT('',#29130);
#29150=CARTESIAN_POINT('',(124.93890173317,-51.5251147901442,-1445.6));
#29160=VERTEX_POINT('',#29150);
#29170=EDGE_CURVE('',#29140,#29160,#29120,.T.);
#29180=ORIENTED_EDGE('',*,*,#29170,.T.);
#29190=CARTESIAN_POINT('',(118.73890173317,-51.5251147901442,0.));
#29200=DIRECTION('',(0.,0.,-1.));
#29210=VECTOR('',#29200,1.);
#29220=LINE('',#29190,#29210);
#29230=CARTESIAN_POINT('',(118.73890173317,-51.5251147901442,-1454.4));
#29240=VERTEX_POINT('',#29230);
#29250=EDGE_CURVE('',#29140,#29240,#29220,.T.);
#29260=ORIENTED_EDGE('',*,*,#29250,.F.);
#29270=CARTESIAN_POINT('',(121.83890173317,-51.5251147901442,-1454.4));
#29280=DIRECTION('',(0.,1.,0.));
#29290=DIRECTION('',(0.,0.,-1.));
#29300=AXIS2_PLACEMENT_3D('',#29270,#29280,#29290);
#29310=CIRCLE('',#29300,3.1);
#29320=CARTESIAN_POINT('',(124.93890173317,-51.5251147901442,-1454.4));
#29330=VERTEX_POINT('',#29320);
#29340=EDGE_CURVE('',#29330,#29240,#29310,.T.);
#29350=ORIENTED_EDGE('',*,*,#29340,.T.);
#29360=CARTESIAN_POINT('',(124.93890173317,-51.5251147901442,0.));
#29370=DIRECTION('',(0.,0.,1.));
#29380=VECTOR('',#29370,1.);
#29390=LINE('',#29360,#29380);
#29400=EDGE_CURVE('',#29330,#29160,#29390,.T.);
#29410=ORIENTED_EDGE('',*,*,#29400,.F.);
#29420=EDGE_LOOP('',(#29410,#29350,#29260,#29180));
#29430=FACE_BOUND('',#29420,.T.);
#29440=CARTESIAN_POINT('',(118.73890173317,-51.5251147901442,0.));
#29450=DIRECTION('',(0.,0.,-1.));
#29460=VECTOR('',#29450,1.);
#29470=LINE('',#29440,#29460);
#29480=CARTESIAN_POINT('',(118.73890173317,-51.5251147901442,-570.6));
#29490=VERTEX_POINT('',#29480);
#29500=CARTESIAN_POINT('',(118.73890173317,-51.5251147901442,-579.4));
#29510=VERTEX_POINT('',#29500);
#29520=EDGE_CURVE('',#29490,#29510,#29470,.T.);
#29530=ORIENTED_EDGE('',*,*,#29520,.F.);
#29540=CARTESIAN_POINT('',(121.83890173317,-51.5251147901442,-579.4));
#29550=DIRECTION('',(0.,1.,0.));
#29560=DIRECTION('',(0.,0.,-1.));
#29570=AXIS2_PLACEMENT_3D('',#29540,#29550,#29560);
#29580=CIRCLE('',#29570,3.1);
#29590=CARTESIAN_POINT('',(124.93890173317,-51.5251147901442,-579.4));
#29600=VERTEX_POINT('',#29590);
#29610=EDGE_CURVE('',#29600,#29510,#29580,.T.);
#29620=ORIENTED_EDGE('',*,*,#29610,.T.);
#29630=CARTESIAN_POINT('',(124.93890173317,-51.5251147901442,0.));
#29640=DIRECTION('',(0.,0.,1.));
#29650=VECTOR('',#29640,1.);
#29660=LINE('',#29630,#29650);
#29670=CARTESIAN_POINT('',(124.93890173317,-51.5251147901442,-570.6));
#29680=VERTEX_POINT('',#29670);
#29690=EDGE_CURVE('',#29600,#29680,#29660,.T.);
#29700=ORIENTED_EDGE('',*,*,#29690,.F.);
#29710=CARTESIAN_POINT('',(121.83890173317,-51.5251147901442,-570.6));
#29720=DIRECTION('',(0.,1.,0.));
#29730=DIRECTION('',(0.,0.,-1.));
#29740=AXIS2_PLACEMENT_3D('',#29710,#29720,#29730);
#29750=CIRCLE('',#29740,3.1);
#29760=EDGE_CURVE('',#29490,#29680,#29750,.T.);
#29770=ORIENTED_EDGE('',*,*,#29760,.T.);
#29780=EDGE_LOOP('',(#29770,#29700,#29620,#29530));
#29790=FACE_BOUND('',#29780,.T.);
#29800=CARTESIAN_POINT('',(121.83890173317,-51.5251147901442,-1195.6));
#29810=DIRECTION('',(0.,1.,0.));
#29820=DIRECTION('',(0.,0.,-1.));
#29830=AXIS2_PLACEMENT_3D('',#29800,#29810,#29820);
#29840=CIRCLE('',#29830,3.1);
#29850=CARTESIAN_POINT('',(118.73890173317,-51.5251147901442,-1195.6));
#29860=VERTEX_POINT('',#29850);
#29870=CARTESIAN_POINT('',(124.93890173317,-51.5251147901442,-1195.6));
#29880=VERTEX_POINT('',#29870);
#29890=EDGE_CURVE('',#29860,#29880,#29840,.T.);
#29900=ORIENTED_EDGE('',*,*,#29890,.T.);
#29910=CARTESIAN_POINT('',(118.73890173317,-51.5251147901442,0.));
#29920=DIRECTION('',(0.,0.,-1.));
#29930=VECTOR('',#29920,1.);
#29940=LINE('',#29910,#29930);
#29950=CARTESIAN_POINT('',(118.73890173317,-51.5251147901442,-1204.4));
#29960=VERTEX_POINT('',#29950);
#29970=EDGE_CURVE('',#29860,#29960,#29940,.T.);
#29980=ORIENTED_EDGE('',*,*,#29970,.F.);
#29990=CARTESIAN_POINT('',(121.83890173317,-51.5251147901442,-1204.4));
#30000=DIRECTION('',(0.,1.,0.));
#30010=DIRECTION('',(0.,0.,-1.));
#30020=AXIS2_PLACEMENT_3D('',#29990,#30000,#30010);
#30030=CIRCLE('',#30020,3.1);
#30040=CARTESIAN_POINT('',(124.93890173317,-51.5251147901442,-1204.4));
#30050=VERTEX_POINT('',#30040);
#30060=EDGE_CURVE('',#30050,#29960,#30030,.T.);
#30070=ORIENTED_EDGE('',*,*,#30060,.T.);
#30080=CARTESIAN_POINT('',(124.93890173317,-51.5251147901442,0.));
#30090=DIRECTION('',(0.,0.,1.));
#30100=VECTOR('',#30090,1.);
#30110=LINE('',#30080,#30100);
#30120=EDGE_CURVE('',#30050,#29880,#30110,.T.);
#30130=ORIENTED_EDGE('',*,*,#30120,.F.);
#30140=EDGE_LOOP('',(#30130,#30070,#29980,#29900));
#30150=FACE_BOUND('',#30140,.T.);
#30160=CARTESIAN_POINT('',(121.83890173317,-51.5251147901442,-1120.6));
#30170=DIRECTION('',(0.,1.,0.));
#30180=DIRECTION('',(0.,0.,-1.));
#30190=AXIS2_PLACEMENT_3D('',#30160,#30170,#30180);
#30200=CIRCLE('',#30190,3.1);
#30210=CARTESIAN_POINT('',(118.73890173317,-51.5251147901442,-1120.6));
#30220=VERTEX_POINT('',#30210);
#30230=CARTESIAN_POINT('',(124.93890173317,-51.5251147901442,-1120.6));
#30240=VERTEX_POINT('',#30230);
#30250=EDGE_CURVE('',#30220,#30240,#30200,.T.);
#30260=ORIENTED_EDGE('',*,*,#30250,.T.);
#30270=CARTESIAN_POINT('',(118.73890173317,-51.5251147901442,0.));
#30280=DIRECTION('',(0.,0.,-1.));
#30290=VECTOR('',#30280,1.);
#30300=LINE('',#30270,#30290);
#30310=CARTESIAN_POINT('',(118.73890173317,-51.5251147901442,-1129.4));
#30320=VERTEX_POINT('',#30310);
#30330=EDGE_CURVE('',#30220,#30320,#30300,.T.);
#30340=ORIENTED_EDGE('',*,*,#30330,.F.);
#30350=CARTESIAN_POINT('',(121.83890173317,-51.5251147901442,-1129.4));
#30360=DIRECTION('',(0.,1.,0.));
#30370=DIRECTION('',(0.,0.,-1.));
#30380=AXIS2_PLACEMENT_3D('',#30350,#30360,#30370);
#30390=CIRCLE('',#30380,3.1);
#30400=CARTESIAN_POINT('',(124.93890173317,-51.5251147901442,-1129.4));
#30410=VERTEX_POINT('',#30400);
#30420=EDGE_CURVE('',#30410,#30320,#30390,.T.);
#30430=ORIENTED_EDGE('',*,*,#30420,.T.);
#30440=CARTESIAN_POINT('',(124.93890173317,-51.5251147901442,0.));
#30450=DIRECTION('',(0.,0.,1.));
#30460=VECTOR('',#30450,1.);
#30470=LINE('',#30440,#30460);
#30480=EDGE_CURVE('',#30410,#30240,#30470,.T.);
#30490=ORIENTED_EDGE('',*,*,#30480,.F.);
#30500=EDGE_LOOP('',(#30490,#30430,#30340,#30260));
#30510=FACE_BOUND('',#30500,.T.);
#30520=CARTESIAN_POINT('',(121.83890173317,-51.5251147901442,-1329.4));
#30530=DIRECTION('',(0.,1.,0.));
#30540=DIRECTION('',(0.,0.,-1.));
#30550=AXIS2_PLACEMENT_3D('',#30520,#30530,#30540);
#30560=CIRCLE('',#30550,3.1);
#30570=CARTESIAN_POINT('',(124.93890173317,-51.5251147901442,-1329.4));
#30580=VERTEX_POINT('',#30570);
#30590=CARTESIAN_POINT('',(118.73890173317,-51.5251147901442,-1329.4));
#30600=VERTEX_POINT('',#30590);
#30610=EDGE_CURVE('',#30580,#30600,#30560,.T.);
#30620=ORIENTED_EDGE('',*,*,#30610,.T.);
#30630=CARTESIAN_POINT('',(124.93890173317,-51.5251147901442,0.));
#30640=DIRECTION('',(0.,0.,1.));
#30650=VECTOR('',#30640,1.);
#30660=LINE('',#30630,#30650);
#30670=CARTESIAN_POINT('',(124.93890173317,-51.5251147901442,-1320.6));
#30680=VERTEX_POINT('',#30670);
#30690=EDGE_CURVE('',#30580,#30680,#30660,.T.);
#30700=ORIENTED_EDGE('',*,*,#30690,.F.);
#30710=CARTESIAN_POINT('',(121.83890173317,-51.5251147901442,-1320.6));
#30720=DIRECTION('',(0.,1.,0.));
#30730=DIRECTION('',(0.,0.,-1.));
#30740=AXIS2_PLACEMENT_3D('',#30710,#30720,#30730);
#30750=CIRCLE('',#30740,3.1);
#30760=CARTESIAN_POINT('',(118.73890173317,-51.5251147901442,-1320.6));
#30770=VERTEX_POINT('',#30760);
#30780=EDGE_CURVE('',#30770,#30680,#30750,.T.);
#30790=ORIENTED_EDGE('',*,*,#30780,.T.);
#30800=CARTESIAN_POINT('',(118.73890173317,-51.5251147901442,0.));
#30810=DIRECTION('',(0.,0.,-1.));
#30820=VECTOR('',#30810,1.);
#30830=LINE('',#30800,#30820);
#30840=EDGE_CURVE('',#30770,#30600,#30830,.T.);
#30850=ORIENTED_EDGE('',*,*,#30840,.F.);
#30860=EDGE_LOOP('',(#30850,#30790,#30700,#30620));
#30870=FACE_BOUND('',#30860,.T.);
#30880=CARTESIAN_POINT('',(121.83890173317,-51.5251147901442,-520.6));
#30890=DIRECTION('',(0.,1.,0.));
#30900=DIRECTION('',(0.,0.,-1.));
#30910=AXIS2_PLACEMENT_3D('',#30880,#30890,#30900);
#30920=CIRCLE('',#30910,3.1);
#30930=CARTESIAN_POINT('',(118.73890173317,-51.5251147901442,-520.6));
#30940=VERTEX_POINT('',#30930);
#30950=CARTESIAN_POINT('',(124.93890173317,-51.5251147901442,-520.6));
#30960=VERTEX_POINT('',#30950);
#30970=EDGE_CURVE('',#30940,#30960,#30920,.T.);
#30980=ORIENTED_EDGE('',*,*,#30970,.T.);
#30990=CARTESIAN_POINT('',(118.73890173317,-51.5251147901442,0.));
#31000=DIRECTION('',(0.,0.,-1.));
#31010=VECTOR('',#31000,1.);
#31020=LINE('',#30990,#31010);
#31030=CARTESIAN_POINT('',(118.73890173317,-51.5251147901442,-529.4));
#31040=VERTEX_POINT('',#31030);
#31050=EDGE_CURVE('',#30940,#31040,#31020,.T.);
#31060=ORIENTED_EDGE('',*,*,#31050,.F.);
#31070=CARTESIAN_POINT('',(121.83890173317,-51.5251147901442,-529.4));
#31080=DIRECTION('',(0.,1.,0.));
#31090=DIRECTION('',(0.,0.,-1.));
#31100=AXIS2_PLACEMENT_3D('',#31070,#31080,#31090);
#31110=CIRCLE('',#31100,3.1);
#31120=CARTESIAN_POINT('',(124.93890173317,-51.5251147901442,-529.4));
#31130=VERTEX_POINT('',#31120);
#31140=EDGE_CURVE('',#31130,#31040,#31110,.T.);
#31150=ORIENTED_EDGE('',*,*,#31140,.T.);
#31160=CARTESIAN_POINT('',(124.93890173317,-51.5251147901442,0.));
#31170=DIRECTION('',(0.,0.,1.));
#31180=VECTOR('',#31170,1.);
#31190=LINE('',#31160,#31180);
#31200=EDGE_CURVE('',#31130,#30960,#31190,.T.);
#31210=ORIENTED_EDGE('',*,*,#31200,.F.);
#31220=EDGE_LOOP('',(#31210,#31150,#31060,#30980));
#31230=FACE_BOUND('',#31220,.T.);
#31240=CARTESIAN_POINT('',(121.83890173317,-51.5251147901442,-1570.6));
#31250=DIRECTION('',(0.,1.,0.));
#31260=DIRECTION('',(0.,0.,-1.));
#31270=AXIS2_PLACEMENT_3D('',#31240,#31250,#31260);
#31280=CIRCLE('',#31270,3.1);
#31290=CARTESIAN_POINT('',(118.73890173317,-51.5251147901442,-1570.6));
#31300=VERTEX_POINT('',#31290);
#31310=CARTESIAN_POINT('',(124.93890173317,-51.5251147901442,-1570.6));
#31320=VERTEX_POINT('',#31310);
#31330=EDGE_CURVE('',#31300,#31320,#31280,.T.);
#31340=ORIENTED_EDGE('',*,*,#31330,.T.);
#31350=CARTESIAN_POINT('',(118.73890173317,-51.5251147901442,0.));
#31360=DIRECTION('',(0.,0.,-1.));
#31370=VECTOR('',#31360,1.);
#31380=LINE('',#31350,#31370);
#31390=CARTESIAN_POINT('',(118.73890173317,-51.5251147901442,-1579.4));
#31400=VERTEX_POINT('',#31390);
#31410=EDGE_CURVE('',#31300,#31400,#31380,.T.);
#31420=ORIENTED_EDGE('',*,*,#31410,.F.);
#31430=CARTESIAN_POINT('',(121.83890173317,-51.5251147901442,-1579.4));
#31440=DIRECTION('',(0.,1.,0.));
#31450=DIRECTION('',(0.,0.,-1.));
#31460=AXIS2_PLACEMENT_3D('',#31430,#31440,#31450);
#31470=CIRCLE('',#31460,3.1);
#31480=CARTESIAN_POINT('',(124.93890173317,-51.5251147901442,-1579.4));
#31490=VERTEX_POINT('',#31480);
#31500=EDGE_CURVE('',#31490,#31400,#31470,.T.);
#31510=ORIENTED_EDGE('',*,*,#31500,.T.);
#31520=CARTESIAN_POINT('',(124.93890173317,-51.5251147901442,0.));
#31530=DIRECTION('',(0.,0.,1.));
#31540=VECTOR('',#31530,1.);
#31550=LINE('',#31520,#31540);
#31560=EDGE_CURVE('',#31490,#31320,#31550,.T.);
#31570=ORIENTED_EDGE('',*,*,#31560,.F.);
#31580=EDGE_LOOP('',(#31570,#31510,#31420,#31340));
#31590=FACE_BOUND('',#31580,.T.);
#31600=CARTESIAN_POINT('',(121.83890173317,-51.5251147901442,-770.6));
#31610=DIRECTION('',(0.,1.,0.));
#31620=DIRECTION('',(0.,0.,-1.));
#31630=AXIS2_PLACEMENT_3D('',#31600,#31610,#31620);
#31640=CIRCLE('',#31630,3.1);
#31650=CARTESIAN_POINT('',(118.73890173317,-51.5251147901442,-770.6));
#31660=VERTEX_POINT('',#31650);
#31670=CARTESIAN_POINT('',(124.93890173317,-51.5251147901442,-770.6));
#31680=VERTEX_POINT('',#31670);
#31690=EDGE_CURVE('',#31660,#31680,#31640,.T.);
#31700=ORIENTED_EDGE('',*,*,#31690,.T.);
#31710=CARTESIAN_POINT('',(118.73890173317,-51.5251147901442,0.));
#31720=DIRECTION('',(0.,0.,-1.));
#31730=VECTOR('',#31720,1.);
#31740=LINE('',#31710,#31730);
#31750=CARTESIAN_POINT('',(118.73890173317,-51.5251147901442,-779.4));
#31760=VERTEX_POINT('',#31750);
#31770=EDGE_CURVE('',#31660,#31760,#31740,.T.);
#31780=ORIENTED_EDGE('',*,*,#31770,.F.);
#31790=CARTESIAN_POINT('',(121.83890173317,-51.5251147901442,-779.4));
#31800=DIRECTION('',(0.,1.,0.));
#31810=DIRECTION('',(0.,0.,-1.));
#31820=AXIS2_PLACEMENT_3D('',#31790,#31800,#31810);
#31830=CIRCLE('',#31820,3.1);
#31840=CARTESIAN_POINT('',(124.93890173317,-51.5251147901442,-779.4));
#31850=VERTEX_POINT('',#31840);
#31860=EDGE_CURVE('',#31850,#31760,#31830,.T.);
#31870=ORIENTED_EDGE('',*,*,#31860,.T.);
#31880=CARTESIAN_POINT('',(124.93890173317,-51.5251147901442,0.));
#31890=DIRECTION('',(0.,0.,1.));
#31900=VECTOR('',#31890,1.);
#31910=LINE('',#31880,#31900);
#31920=EDGE_CURVE('',#31850,#31680,#31910,.T.);
#31930=ORIENTED_EDGE('',*,*,#31920,.F.);
#31940=EDGE_LOOP('',(#31930,#31870,#31780,#31700));
#31950=FACE_BOUND('',#31940,.T.);
#31960=CARTESIAN_POINT('',(121.83890173317,-51.5251147901442,-1520.6));
#31970=DIRECTION('',(0.,1.,0.));
#31980=DIRECTION('',(0.,0.,-1.));
#31990=AXIS2_PLACEMENT_3D('',#31960,#31970,#31980);
#32000=CIRCLE('',#31990,3.1);
#32010=CARTESIAN_POINT('',(118.73890173317,-51.5251147901442,-1520.6));
#32020=VERTEX_POINT('',#32010);
#32030=CARTESIAN_POINT('',(124.93890173317,-51.5251147901442,-1520.6));
#32040=VERTEX_POINT('',#32030);
#32050=EDGE_CURVE('',#32020,#32040,#32000,.T.);
#32060=ORIENTED_EDGE('',*,*,#32050,.T.);
#32070=CARTESIAN_POINT('',(118.73890173317,-51.5251147901442,0.));
#32080=DIRECTION('',(0.,0.,-1.));
#32090=VECTOR('',#32080,1.);
#32100=LINE('',#32070,#32090);
#32110=CARTESIAN_POINT('',(118.73890173317,-51.5251147901442,-1529.4));
#32120=VERTEX_POINT('',#32110);
#32130=EDGE_CURVE('',#32020,#32120,#32100,.T.);
#32140=ORIENTED_EDGE('',*,*,#32130,.F.);
#32150=CARTESIAN_POINT('',(121.83890173317,-51.5251147901442,-1529.4));
#32160=DIRECTION('',(0.,1.,0.));
#32170=DIRECTION('',(0.,0.,-1.));
#32180=AXIS2_PLACEMENT_3D('',#32150,#32160,#32170);
#32190=CIRCLE('',#32180,3.1);
#32200=CARTESIAN_POINT('',(124.93890173317,-51.5251147901442,-1529.4));
#32210=VERTEX_POINT('',#32200);
#32220=EDGE_CURVE('',#32210,#32120,#32190,.T.);
#32230=ORIENTED_EDGE('',*,*,#32220,.T.);
#32240=CARTESIAN_POINT('',(124.93890173317,-51.5251147901442,0.));
#32250=DIRECTION('',(0.,0.,1.));
#32260=VECTOR('',#32250,1.);
#32270=LINE('',#32240,#32260);
#32280=EDGE_CURVE('',#32210,#32040,#32270,.T.);
#32290=ORIENTED_EDGE('',*,*,#32280,.F.);
#32300=EDGE_LOOP('',(#32290,#32230,#32140,#32060));
#32310=FACE_BOUND('',#32300,.T.);
#32320=CARTESIAN_POINT('',(0.,-51.5251147901442,-1900.));
#32330=DIRECTION('',(-1.,0.,0.));
#32340=VECTOR('',#32330,1.);
#32350=LINE('',#32320,#32340);
#32360=CARTESIAN_POINT('',(135.33890173317,-51.5251147901442,-1900.));
#32370=VERTEX_POINT('',#32360);
#32380=EDGE_CURVE('',#32370,#2020,#32350,.T.);
#32390=ORIENTED_EDGE('',*,*,#32380,.F.);
#32400=ORIENTED_EDGE('',*,*,#2030,.F.);
#32410=ORIENTED_EDGE('',*,*,#2490,.T.);
#32420=ORIENTED_EDGE('',*,*,#2950,.F.);
#32430=EDGE_CURVE('',#2880,#3180,#32350,.T.);
#32440=ORIENTED_EDGE('',*,*,#32430,.F.);
#32450=ORIENTED_EDGE('',*,*,#3190,.T.);
#32460=ORIENTED_EDGE('',*,*,#1020,.F.);
#32470=CARTESIAN_POINT('',(118.73890173317,-51.5251147901442,0.));
#32480=DIRECTION('',(0.,0.,-1.));
#32490=VECTOR('',#32480,1.);
#32500=LINE('',#32470,#32490);
#32510=CARTESIAN_POINT('',(118.73890173317,-51.5251147901442,95.6));
#32520=VERTEX_POINT('',#32510);
#32530=EDGE_CURVE('',#1010,#32520,#32500,.T.);
#32540=ORIENTED_EDGE('',*,*,#32530,.F.);
#32550=CARTESIAN_POINT('',(121.83890173317,-51.5251147901442,95.6));
#32560=DIRECTION('',(0.,1.,0.));
#32570=DIRECTION('',(0.,0.,-1.));
#32580=AXIS2_PLACEMENT_3D('',#32550,#32560,#32570);
#32590=CIRCLE('',#32580,3.1);
#32600=CARTESIAN_POINT('',(124.93890173317,-51.5251147901442,95.6));
#32610=VERTEX_POINT('',#32600);
#32620=EDGE_CURVE('',#32610,#32520,#32590,.T.);
#32630=ORIENTED_EDGE('',*,*,#32620,.T.);
#32640=CARTESIAN_POINT('',(124.93890173317,-51.5251147901442,0.));
#32650=DIRECTION('',(0.,0.,1.));
#32660=VECTOR('',#32650,1.);
#32670=LINE('',#32640,#32660);
#32680=EDGE_CURVE('',#32610,#110,#32670,.T.);
#32690=ORIENTED_EDGE('',*,*,#32680,.F.);
#32700=ORIENTED_EDGE('',*,*,#140,.F.);
#32710=CARTESIAN_POINT('',(135.33890173317,-51.5251147901442,0.));
#32720=DIRECTION('',(0.,0.,-1.));
#32730=VECTOR('',#32720,1.);
#32740=LINE('',#32710,#32730);
#32750=EDGE_CURVE('',#130,#32370,#32740,.T.);
#32760=ORIENTED_EDGE('',*,*,#32750,.F.);
#32770=EDGE_LOOP('',(#32760,#32700,#32690,#32630,#32540,#32460,#32450,
#32440,#32420,#32410,#32400,#32390));
#32780=FACE_OUTER_BOUND('',#32770,.T.);
#32790=ADVANCED_FACE('',(#4230,#4590,#4950,#5310,#5670,#6030,#6390,#6750
,#7110,#7470,#7830,#8190,#8550,#8910,#9270,#9630,#9990,#10350,#10710,
#11070,#11430,#11790,#12150,#12510,#12870,#13230,#13590,#13950,#14310,
#14670,#15030,#15390,#15750,#16110,#16470,#16830,#17190,#17550,#17910,
#18270,#18630,#18990,#19350,#19710,#20070,#20430,#20790,#21150,#21510,
#21870,#22230,#22590,#22950,#23310,#23670,#24030,#24390,#24750,#25110,
#25470,#25830,#26190,#26550,#26910,#27270,#27630,#27990,#28350,#28710,
#29070,#29430,#29790,#30150,#30510,#30870,#31230,#31590,#31950,#32310,
#32780),#3870,.T.);
#32800=COLOUR_RGB('',0.823529481887817,0.823529481887817,
0.784313797950745);
#32810=FILL_AREA_STYLE_COLOUR('',#32800);
#32820=FILL_AREA_STYLE('',(#32810));
#32830=SURFACE_STYLE_FILL_AREA(#32820);
#32840=SURFACE_SIDE_STYLE('',(#32830));
#32850=SURFACE_STYLE_USAGE(.BOTH.,#32840);
#32860=PRESENTATION_STYLE_ASSIGNMENT((#32850));
#32870=CARTESIAN_POINT('',(110.13890173317,-50.5251147901442,0.));
#32880=DIRECTION('',(-0.,1.,0.));
#32890=DIRECTION('',(1.,0.,0.));
#32900=AXIS2_PLACEMENT_3D('',#32870,#32880,#32890);
#32910=PLANE('',#32900);
#32920=CARTESIAN_POINT('',(124.93890173317,-50.5251147901442,0.));
#32930=DIRECTION('',(0.,0.,-1.));
#32940=VECTOR('',#32930,1.);
#32950=LINE('',#32920,#32940);
#32960=CARTESIAN_POINT('',(124.93890173317,-50.5251147901442,-1145.6));
#32970=VERTEX_POINT('',#32960);
#32980=CARTESIAN_POINT('',(124.93890173317,-50.5251147901442,-1154.4));
#32990=VERTEX_POINT('',#32980);
#33000=EDGE_CURVE('',#32970,#32990,#32950,.T.);
#33010=ORIENTED_EDGE('',*,*,#33000,.F.);
#33020=CARTESIAN_POINT('',(121.83890173317,-50.5251147901442,-1154.4));
#33030=DIRECTION('',(0.,1.,0.));
#33040=DIRECTION('',(0.,0.,-1.));
#33050=AXIS2_PLACEMENT_3D('',#33020,#33030,#33040);
#33060=CIRCLE('',#33050,3.1);
#33070=CARTESIAN_POINT('',(118.73890173317,-50.5251147901442,-1154.4));
#33080=VERTEX_POINT('',#33070);
#33090=EDGE_CURVE('',#32990,#33080,#33060,.T.);
#33100=ORIENTED_EDGE('',*,*,#33090,.F.);
#33110=CARTESIAN_POINT('',(118.73890173317,-50.5251147901442,0.));
#33120=DIRECTION('',(0.,0.,1.));
#33130=VECTOR('',#33120,1.);
#33140=LINE('',#33110,#33130);
#33150=CARTESIAN_POINT('',(118.73890173317,-50.5251147901442,-1145.6));
#33160=VERTEX_POINT('',#33150);
#33170=EDGE_CURVE('',#33080,#33160,#33140,.T.);
#33180=ORIENTED_EDGE('',*,*,#33170,.F.);
#33190=CARTESIAN_POINT('',(121.83890173317,-50.5251147901442,-1145.6));
#33200=DIRECTION('',(0.,1.,0.));
#33210=DIRECTION('',(0.,0.,-1.));
#33220=AXIS2_PLACEMENT_3D('',#33190,#33200,#33210);
#33230=CIRCLE('',#33220,3.1);
#33240=EDGE_CURVE('',#33160,#32970,#33230,.T.);
#33250=ORIENTED_EDGE('',*,*,#33240,.F.);
#33260=EDGE_LOOP('',(#33250,#33180,#33100,#33010));
#33270=FACE_BOUND('',#33260,.T.);
#33280=CARTESIAN_POINT('',(118.73890173317,-50.5251147901442,0.));
#33290=DIRECTION('',(0.,0.,1.));
#33300=VECTOR('',#33290,1.);
#33310=LINE('',#33280,#33300);
#33320=CARTESIAN_POINT('',(118.73890173317,-50.5251147901442,-1879.4));
#33330=VERTEX_POINT('',#33320);
#33340=CARTESIAN_POINT('',(118.73890173317,-50.5251147901442,-1870.6));
#33350=VERTEX_POINT('',#33340);
#33360=EDGE_CURVE('',#33330,#33350,#33310,.T.);
#33370=ORIENTED_EDGE('',*,*,#33360,.F.);
#33380=CARTESIAN_POINT('',(121.83890173317,-50.5251147901442,-1870.6));
#33390=DIRECTION('',(0.,1.,0.));
#33400=DIRECTION('',(0.,0.,-1.));
#33410=AXIS2_PLACEMENT_3D('',#33380,#33390,#33400);
#33420=CIRCLE('',#33410,3.1);
#33430=CARTESIAN_POINT('',(124.93890173317,-50.5251147901442,-1870.6));
#33440=VERTEX_POINT('',#33430);
#33450=EDGE_CURVE('',#33350,#33440,#33420,.T.);
#33460=ORIENTED_EDGE('',*,*,#33450,.F.);
#33470=CARTESIAN_POINT('',(124.93890173317,-50.5251147901442,0.));
#33480=DIRECTION('',(0.,0.,-1.));
#33490=VECTOR('',#33480,1.);
#33500=LINE('',#33470,#33490);
#33510=CARTESIAN_POINT('',(124.93890173317,-50.5251147901442,-1879.4));
#33520=VERTEX_POINT('',#33510);
#33530=EDGE_CURVE('',#33440,#33520,#33500,.T.);
#33540=ORIENTED_EDGE('',*,*,#33530,.F.);
#33550=CARTESIAN_POINT('',(121.83890173317,-50.5251147901442,-1879.4));
#33560=DIRECTION('',(0.,1.,0.));
#33570=DIRECTION('',(0.,0.,-1.));
#33580=AXIS2_PLACEMENT_3D('',#33550,#33560,#33570);
#33590=CIRCLE('',#33580,3.1);
#33600=EDGE_CURVE('',#33520,#33330,#33590,.T.);
#33610=ORIENTED_EDGE('',*,*,#33600,.F.);
#33620=EDGE_LOOP('',(#33610,#33540,#33460,#33370));
#33630=FACE_BOUND('',#33620,.T.);
#33640=CARTESIAN_POINT('',(124.93890173317,-50.5251147901442,0.));
#33650=DIRECTION('',(0.,0.,-1.));
#33660=VECTOR('',#33650,1.);
#33670=LINE('',#33640,#33660);
#33680=CARTESIAN_POINT('',(124.93890173317,-50.5251147901442,-120.6));
#33690=VERTEX_POINT('',#33680);
#33700=CARTESIAN_POINT('',(124.93890173317,-50.5251147901442,-129.4));
#33710=VERTEX_POINT('',#33700);
#33720=EDGE_CURVE('',#33690,#33710,#33670,.T.);
#33730=ORIENTED_EDGE('',*,*,#33720,.F.);
#33740=CARTESIAN_POINT('',(121.83890173317,-50.5251147901442,-129.4));
#33750=DIRECTION('',(0.,1.,0.));
#33760=DIRECTION('',(0.,0.,-1.));
#33770=AXIS2_PLACEMENT_3D('',#33740,#33750,#33760);
#33780=CIRCLE('',#33770,3.1);
#33790=CARTESIAN_POINT('',(118.73890173317,-50.5251147901442,-129.4));
#33800=VERTEX_POINT('',#33790);
#33810=EDGE_CURVE('',#33710,#33800,#33780,.T.);
#33820=ORIENTED_EDGE('',*,*,#33810,.F.);
#33830=CARTESIAN_POINT('',(118.73890173317,-50.5251147901442,0.));
#33840=DIRECTION('',(0.,0.,1.));
#33850=VECTOR('',#33840,1.);
#33860=LINE('',#33830,#33850);
#33870=CARTESIAN_POINT('',(118.73890173317,-50.5251147901442,-120.6));
#33880=VERTEX_POINT('',#33870);
#33890=EDGE_CURVE('',#33800,#33880,#33860,.T.);
#33900=ORIENTED_EDGE('',*,*,#33890,.F.);
#33910=CARTESIAN_POINT('',(121.83890173317,-50.5251147901442,-120.6));
#33920=DIRECTION('',(0.,1.,0.));
#33930=DIRECTION('',(0.,0.,-1.));
#33940=AXIS2_PLACEMENT_3D('',#33910,#33920,#33930);
#33950=CIRCLE('',#33940,3.1);
#33960=EDGE_CURVE('',#33880,#33690,#33950,.T.);
#33970=ORIENTED_EDGE('',*,*,#33960,.F.);
#33980=EDGE_LOOP('',(#33970,#33900,#33820,#33730));
#33990=FACE_BOUND('',#33980,.T.);
#34000=CARTESIAN_POINT('',(124.93890173317,-50.5251147901442,0.));
#34010=DIRECTION('',(0.,0.,-1.));
#34020=VECTOR('',#34010,1.);
#34030=LINE('',#34000,#34020);
#34040=CARTESIAN_POINT('',(124.93890173317,-50.5251147901442,-495.6));
#34050=VERTEX_POINT('',#34040);
#34060=CARTESIAN_POINT('',(124.93890173317,-50.5251147901442,-504.4));
#34070=VERTEX_POINT('',#34060);
#34080=EDGE_CURVE('',#34050,#34070,#34030,.T.);
#34090=ORIENTED_EDGE('',*,*,#34080,.F.);
#34100=CARTESIAN_POINT('',(121.83890173317,-50.5251147901442,-504.4));
#34110=DIRECTION('',(0.,1.,0.));
#34120=DIRECTION('',(0.,0.,-1.));
#34130=AXIS2_PLACEMENT_3D('',#34100,#34110,#34120);
#34140=CIRCLE('',#34130,3.1);
#34150=CARTESIAN_POINT('',(118.73890173317,-50.5251147901442,-504.4));
#34160=VERTEX_POINT('',#34150);
#34170=EDGE_CURVE('',#34070,#34160,#34140,.T.);
#34180=ORIENTED_EDGE('',*,*,#34170,.F.);
#34190=CARTESIAN_POINT('',(118.73890173317,-50.5251147901442,0.));
#34200=DIRECTION('',(0.,0.,1.));
#34210=VECTOR('',#34200,1.);
#34220=LINE('',#34190,#34210);
#34230=CARTESIAN_POINT('',(118.73890173317,-50.5251147901442,-495.6));
#34240=VERTEX_POINT('',#34230);
#34250=EDGE_CURVE('',#34160,#34240,#34220,.T.);
#34260=ORIENTED_EDGE('',*,*,#34250,.F.);
#34270=CARTESIAN_POINT('',(121.83890173317,-50.5251147901442,-495.6));
#34280=DIRECTION('',(0.,1.,0.));
#34290=DIRECTION('',(0.,0.,-1.));
#34300=AXIS2_PLACEMENT_3D('',#34270,#34280,#34290);
#34310=CIRCLE('',#34300,3.1);
#34320=EDGE_CURVE('',#34240,#34050,#34310,.T.);
#34330=ORIENTED_EDGE('',*,*,#34320,.F.);
#34340=EDGE_LOOP('',(#34330,#34260,#34180,#34090));
#34350=FACE_BOUND('',#34340,.T.);
#34360=CARTESIAN_POINT('',(124.93890173317,-50.5251147901442,0.));
#34370=DIRECTION('',(0.,0.,-1.));
#34380=VECTOR('',#34370,1.);
#34390=LINE('',#34360,#34380);
#34400=CARTESIAN_POINT('',(124.93890173317,-50.5251147901442,-1070.6));
#34410=VERTEX_POINT('',#34400);
#34420=CARTESIAN_POINT('',(124.93890173317,-50.5251147901442,-1079.4));
#34430=VERTEX_POINT('',#34420);
#34440=EDGE_CURVE('',#34410,#34430,#34390,.T.);
#34450=ORIENTED_EDGE('',*,*,#34440,.F.);
#34460=CARTESIAN_POINT('',(121.83890173317,-50.5251147901442,-1079.4));
#34470=DIRECTION('',(0.,1.,0.));
#34480=DIRECTION('',(0.,0.,-1.));
#34490=AXIS2_PLACEMENT_3D('',#34460,#34470,#34480);
#34500=CIRCLE('',#34490,3.1);
#34510=CARTESIAN_POINT('',(118.73890173317,-50.5251147901442,-1079.4));
#34520=VERTEX_POINT('',#34510);
#34530=EDGE_CURVE('',#34430,#34520,#34500,.T.);
#34540=ORIENTED_EDGE('',*,*,#34530,.F.);
#34550=CARTESIAN_POINT('',(118.73890173317,-50.5251147901442,0.));
#34560=DIRECTION('',(0.,0.,1.));
#34570=VECTOR('',#34560,1.);
#34580=LINE('',#34550,#34570);
#34590=CARTESIAN_POINT('',(118.73890173317,-50.5251147901442,-1070.6));
#34600=VERTEX_POINT('',#34590);
#34610=EDGE_CURVE('',#34520,#34600,#34580,.T.);
#34620=ORIENTED_EDGE('',*,*,#34610,.F.);
#34630=CARTESIAN_POINT('',(121.83890173317,-50.5251147901442,-1070.6));
#34640=DIRECTION('',(0.,1.,0.));
#34650=DIRECTION('',(0.,0.,-1.));
#34660=AXIS2_PLACEMENT_3D('',#34630,#34640,#34650);
#34670=CIRCLE('',#34660,3.1);
#34680=EDGE_CURVE('',#34600,#34410,#34670,.T.);
#34690=ORIENTED_EDGE('',*,*,#34680,.F.);
#34700=EDGE_LOOP('',(#34690,#34620,#34540,#34450));
#34710=FACE_BOUND('',#34700,.T.);
#34720=CARTESIAN_POINT('',(121.83890173317,-50.5251147901442,-354.4));
#34730=DIRECTION('',(0.,1.,0.));
#34740=DIRECTION('',(0.,0.,-1.));
#34750=AXIS2_PLACEMENT_3D('',#34720,#34730,#34740);
#34760=CIRCLE('',#34750,3.1);
#34770=CARTESIAN_POINT('',(124.93890173317,-50.5251147901442,-354.4));
#34780=VERTEX_POINT('',#34770);
#34790=CARTESIAN_POINT('',(118.73890173317,-50.5251147901442,-354.4));
#34800=VERTEX_POINT('',#34790);
#34810=EDGE_CURVE('',#34780,#34800,#34760,.T.);
#34820=ORIENTED_EDGE('',*,*,#34810,.F.);
#34830=CARTESIAN_POINT('',(118.73890173317,-50.5251147901442,0.));
#34840=DIRECTION('',(0.,0.,1.));
#34850=VECTOR('',#34840,1.);
#34860=LINE('',#34830,#34850);
#34870=CARTESIAN_POINT('',(118.73890173317,-50.5251147901442,-345.6));
#34880=VERTEX_POINT('',#34870);
#34890=EDGE_CURVE('',#34800,#34880,#34860,.T.);
#34900=ORIENTED_EDGE('',*,*,#34890,.F.);
#34910=CARTESIAN_POINT('',(121.83890173317,-50.5251147901442,-345.6));
#34920=DIRECTION('',(0.,1.,0.));
#34930=DIRECTION('',(0.,0.,-1.));
#34940=AXIS2_PLACEMENT_3D('',#34910,#34920,#34930);
#34950=CIRCLE('',#34940,3.1);
#34960=CARTESIAN_POINT('',(124.93890173317,-50.5251147901442,-345.6));
#34970=VERTEX_POINT('',#34960);
#34980=EDGE_CURVE('',#34880,#34970,#34950,.T.);
#34990=ORIENTED_EDGE('',*,*,#34980,.F.);
#35000=CARTESIAN_POINT('',(124.93890173317,-50.5251147901442,0.));
#35010=DIRECTION('',(0.,0.,-1.));
#35020=VECTOR('',#35010,1.);
#35030=LINE('',#35000,#35020);
#35040=EDGE_CURVE('',#34970,#34780,#35030,.T.);
#35050=ORIENTED_EDGE('',*,*,#35040,.F.);
#35060=EDGE_LOOP('',(#35050,#34990,#34900,#34820));
#35070=FACE_BOUND('',#35060,.T.);
#35080=CARTESIAN_POINT('',(124.93890173317,-50.5251147901442,0.));
#35090=DIRECTION('',(0.,0.,-1.));
#35100=VECTOR('',#35090,1.);
#35110=LINE('',#35080,#35100);
#35120=CARTESIAN_POINT('',(124.93890173317,-50.5251147901442,-170.6));
#35130=VERTEX_POINT('',#35120);
#35140=CARTESIAN_POINT('',(124.93890173317,-50.5251147901442,-179.4));
#35150=VERTEX_POINT('',#35140);
#35160=EDGE_CURVE('',#35130,#35150,#35110,.T.);
#35170=ORIENTED_EDGE('',*,*,#35160,.F.);
#35180=CARTESIAN_POINT('',(121.83890173317,-50.5251147901442,-179.4));
#35190=DIRECTION('',(0.,1.,0.));
#35200=DIRECTION('',(0.,0.,-1.));
#35210=AXIS2_PLACEMENT_3D('',#35180,#35190,#35200);
#35220=CIRCLE('',#35210,3.1);
#35230=CARTESIAN_POINT('',(118.73890173317,-50.5251147901442,-179.4));
#35240=VERTEX_POINT('',#35230);
#35250=EDGE_CURVE('',#35150,#35240,#35220,.T.);
#35260=ORIENTED_EDGE('',*,*,#35250,.F.);
#35270=CARTESIAN_POINT('',(118.73890173317,-50.5251147901442,0.));
#35280=DIRECTION('',(0.,0.,1.));
#35290=VECTOR('',#35280,1.);
#35300=LINE('',#35270,#35290);
#35310=CARTESIAN_POINT('',(118.73890173317,-50.5251147901442,-170.6));
#35320=VERTEX_POINT('',#35310);
#35330=EDGE_CURVE('',#35240,#35320,#35300,.T.);
#35340=ORIENTED_EDGE('',*,*,#35330,.F.);
#35350=CARTESIAN_POINT('',(121.83890173317,-50.5251147901442,-170.6));
#35360=DIRECTION('',(0.,1.,0.));
#35370=DIRECTION('',(0.,0.,-1.));
#35380=AXIS2_PLACEMENT_3D('',#35350,#35360,#35370);
#35390=CIRCLE('',#35380,3.1);
#35400=EDGE_CURVE('',#35320,#35130,#35390,.T.);
#35410=ORIENTED_EDGE('',*,*,#35400,.F.);
#35420=EDGE_LOOP('',(#35410,#35340,#35260,#35170));
#35430=FACE_BOUND('',#35420,.T.);
#35440=CARTESIAN_POINT('',(121.83890173317,-50.5251147901442,-1304.4));
#35450=DIRECTION('',(0.,1.,0.));
#35460=DIRECTION('',(0.,0.,-1.));
#35470=AXIS2_PLACEMENT_3D('',#35440,#35450,#35460);
#35480=CIRCLE('',#35470,3.1);
#35490=CARTESIAN_POINT('',(124.93890173317,-50.5251147901442,-1304.4));
#35500=VERTEX_POINT('',#35490);
#35510=CARTESIAN_POINT('',(118.73890173317,-50.5251147901442,-1304.4));
#35520=VERTEX_POINT('',#35510);
#35530=EDGE_CURVE('',#35500,#35520,#35480,.T.);
#35540=ORIENTED_EDGE('',*,*,#35530,.F.);
#35550=CARTESIAN_POINT('',(118.73890173317,-50.5251147901442,0.));
#35560=DIRECTION('',(0.,0.,1.));
#35570=VECTOR('',#35560,1.);
#35580=LINE('',#35550,#35570);
#35590=CARTESIAN_POINT('',(118.73890173317,-50.5251147901442,-1295.6));
#35600=VERTEX_POINT('',#35590);
#35610=EDGE_CURVE('',#35520,#35600,#35580,.T.);
#35620=ORIENTED_EDGE('',*,*,#35610,.F.);
#35630=CARTESIAN_POINT('',(121.83890173317,-50.5251147901442,-1295.6));
#35640=DIRECTION('',(0.,1.,0.));
#35650=DIRECTION('',(0.,0.,-1.));
#35660=AXIS2_PLACEMENT_3D('',#35630,#35640,#35650);
#35670=CIRCLE('',#35660,3.1);
#35680=CARTESIAN_POINT('',(124.93890173317,-50.5251147901442,-1295.6));
#35690=VERTEX_POINT('',#35680);
#35700=EDGE_CURVE('',#35600,#35690,#35670,.T.);
#35710=ORIENTED_EDGE('',*,*,#35700,.F.);
#35720=CARTESIAN_POINT('',(124.93890173317,-50.5251147901442,0.));
#35730=DIRECTION('',(0.,0.,-1.));
#35740=VECTOR('',#35730,1.);
#35750=LINE('',#35720,#35740);
#35760=EDGE_CURVE('',#35690,#35500,#35750,.T.);
#35770=ORIENTED_EDGE('',*,*,#35760,.F.);
#35780=EDGE_LOOP('',(#35770,#35710,#35620,#35540));
#35790=FACE_BOUND('',#35780,.T.);
#35800=CARTESIAN_POINT('',(118.73890173317,-50.5251147901442,0.));
#35810=DIRECTION('',(0.,0.,1.));
#35820=VECTOR('',#35810,1.);
#35830=LINE('',#35800,#35820);
#35840=CARTESIAN_POINT('',(118.73890173317,-50.5251147901442,-1429.4));
#35850=VERTEX_POINT('',#35840);
#35860=CARTESIAN_POINT('',(118.73890173317,-50.5251147901442,-1420.6));
#35870=VERTEX_POINT('',#35860);
#35880=EDGE_CURVE('',#35850,#35870,#35830,.T.);
#35890=ORIENTED_EDGE('',*,*,#35880,.F.);
#35900=CARTESIAN_POINT('',(121.83890173317,-50.5251147901442,-1420.6));
#35910=DIRECTION('',(0.,1.,0.));
#35920=DIRECTION('',(0.,0.,-1.));
#35930=AXIS2_PLACEMENT_3D('',#35900,#35910,#35920);
#35940=CIRCLE('',#35930,3.1);
#35950=CARTESIAN_POINT('',(124.93890173317,-50.5251147901442,-1420.6));
#35960=VERTEX_POINT('',#35950);
#35970=EDGE_CURVE('',#35870,#35960,#35940,.T.);
#35980=ORIENTED_EDGE('',*,*,#35970,.F.);
#35990=CARTESIAN_POINT('',(124.93890173317,-50.5251147901442,0.));
#36000=DIRECTION('',(0.,0.,-1.));
#36010=VECTOR('',#36000,1.);
#36020=LINE('',#35990,#36010);
#36030=CARTESIAN_POINT('',(124.93890173317,-50.5251147901442,-1429.4));
#36040=VERTEX_POINT('',#36030);
#36050=EDGE_CURVE('',#35960,#36040,#36020,.T.);
#36060=ORIENTED_EDGE('',*,*,#36050,.F.);
#36070=CARTESIAN_POINT('',(121.83890173317,-50.5251147901442,-1429.4));
#36080=DIRECTION('',(0.,1.,0.));
#36090=DIRECTION('',(0.,0.,-1.));
#36100=AXIS2_PLACEMENT_3D('',#36070,#36080,#36090);
#36110=CIRCLE('',#36100,3.1);
#36120=EDGE_CURVE('',#36040,#35850,#36110,.T.);
#36130=ORIENTED_EDGE('',*,*,#36120,.F.);
#36140=EDGE_LOOP('',(#36130,#36060,#35980,#35890));
#36150=FACE_BOUND('',#36140,.T.);
#36160=CARTESIAN_POINT('',(118.73890173317,-50.5251147901442,0.));
#36170=DIRECTION('',(0.,0.,1.));
#36180=VECTOR('',#36170,1.);
#36190=LINE('',#36160,#36180);
#36200=CARTESIAN_POINT('',(118.73890173317,-50.5251147901442,-1754.4));
#36210=VERTEX_POINT('',#36200);
#36220=CARTESIAN_POINT('',(118.73890173317,-50.5251147901442,-1745.6));
#36230=VERTEX_POINT('',#36220);
#36240=EDGE_CURVE('',#36210,#36230,#36190,.T.);
#36250=ORIENTED_EDGE('',*,*,#36240,.F.);
#36260=CARTESIAN_POINT('',(121.83890173317,-50.5251147901442,-1745.6));
#36270=DIRECTION('',(0.,1.,0.));
#36280=DIRECTION('',(0.,0.,-1.));
#36290=AXIS2_PLACEMENT_3D('',#36260,#36270,#36280);
#36300=CIRCLE('',#36290,3.1);
#36310=CARTESIAN_POINT('',(124.93890173317,-50.5251147901442,-1745.6));
#36320=VERTEX_POINT('',#36310);
#36330=EDGE_CURVE('',#36230,#36320,#36300,.T.);
#36340=ORIENTED_EDGE('',*,*,#36330,.F.);
#36350=CARTESIAN_POINT('',(124.93890173317,-50.5251147901442,0.));
#36360=DIRECTION('',(0.,0.,-1.));
#36370=VECTOR('',#36360,1.);
#36380=LINE('',#36350,#36370);
#36390=CARTESIAN_POINT('',(124.93890173317,-50.5251147901442,-1754.4));
#36400=VERTEX_POINT('',#36390);
#36410=EDGE_CURVE('',#36320,#36400,#36380,.T.);
#36420=ORIENTED_EDGE('',*,*,#36410,.F.);
#36430=CARTESIAN_POINT('',(121.83890173317,-50.5251147901442,-1754.4));
#36440=DIRECTION('',(0.,1.,0.));
#36450=DIRECTION('',(0.,0.,-1.));
#36460=AXIS2_PLACEMENT_3D('',#36430,#36440,#36450);
#36470=CIRCLE('',#36460,3.1);
#36480=EDGE_CURVE('',#36400,#36210,#36470,.T.);
#36490=ORIENTED_EDGE('',*,*,#36480,.F.);
#36500=EDGE_LOOP('',(#36490,#36420,#36340,#36250));
#36510=FACE_BOUND('',#36500,.T.);
#36520=CARTESIAN_POINT('',(124.93890173317,-50.5251147901442,0.));
#36530=DIRECTION('',(0.,0.,-1.));
#36540=VECTOR('',#36530,1.);
#36550=LINE('',#36520,#36540);
#36560=CARTESIAN_POINT('',(124.93890173317,-50.5251147901442,-595.6));
#36570=VERTEX_POINT('',#36560);
#36580=CARTESIAN_POINT('',(124.93890173317,-50.5251147901442,-604.4));
#36590=VERTEX_POINT('',#36580);
#36600=EDGE_CURVE('',#36570,#36590,#36550,.T.);
#36610=ORIENTED_EDGE('',*,*,#36600,.F.);
#36620=CARTESIAN_POINT('',(121.83890173317,-50.5251147901442,-604.4));
#36630=DIRECTION('',(0.,1.,0.));
#36640=DIRECTION('',(0.,0.,-1.));
#36650=AXIS2_PLACEMENT_3D('',#36620,#36630,#36640);
#36660=CIRCLE('',#36650,3.1);
#36670=CARTESIAN_POINT('',(118.73890173317,-50.5251147901442,-604.4));
#36680=VERTEX_POINT('',#36670);
#36690=EDGE_CURVE('',#36590,#36680,#36660,.T.);
#36700=ORIENTED_EDGE('',*,*,#36690,.F.);
#36710=CARTESIAN_POINT('',(118.73890173317,-50.5251147901442,0.));
#36720=DIRECTION('',(0.,0.,1.));
#36730=VECTOR('',#36720,1.);
#36740=LINE('',#36710,#36730);
#36750=CARTESIAN_POINT('',(118.73890173317,-50.5251147901442,-595.6));
#36760=VERTEX_POINT('',#36750);
#36770=EDGE_CURVE('',#36680,#36760,#36740,.T.);
#36780=ORIENTED_EDGE('',*,*,#36770,.F.);
#36790=CARTESIAN_POINT('',(121.83890173317,-50.5251147901442,-595.6));
#36800=DIRECTION('',(0.,1.,0.));
#36810=DIRECTION('',(0.,0.,-1.));
#36820=AXIS2_PLACEMENT_3D('',#36790,#36800,#36810);
#36830=CIRCLE('',#36820,3.1);
#36840=EDGE_CURVE('',#36760,#36570,#36830,.T.);
#36850=ORIENTED_EDGE('',*,*,#36840,.F.);
#36860=EDGE_LOOP('',(#36850,#36780,#36700,#36610));
#36870=FACE_BOUND('',#36860,.T.);
#36880=CARTESIAN_POINT('',(124.93890173317,-50.5251147901442,0.));
#36890=DIRECTION('',(0.,0.,-1.));
#36900=VECTOR('',#36890,1.);
#36910=LINE('',#36880,#36900);
#36920=CARTESIAN_POINT('',(124.93890173317,-50.5251147901442,-620.6));
#36930=VERTEX_POINT('',#36920);
#36940=CARTESIAN_POINT('',(124.93890173317,-50.5251147901442,-629.4));
#36950=VERTEX_POINT('',#36940);
#36960=EDGE_CURVE('',#36930,#36950,#36910,.T.);
#36970=ORIENTED_EDGE('',*,*,#36960,.F.);
#36980=CARTESIAN_POINT('',(121.83890173317,-50.5251147901442,-629.4));
#36990=DIRECTION('',(0.,1.,0.));
#37000=DIRECTION('',(0.,0.,-1.));
#37010=AXIS2_PLACEMENT_3D('',#36980,#36990,#37000);
#37020=CIRCLE('',#37010,3.1);
#37030=CARTESIAN_POINT('',(118.73890173317,-50.5251147901442,-629.4));
#37040=VERTEX_POINT('',#37030);
#37050=EDGE_CURVE('',#36950,#37040,#37020,.T.);
#37060=ORIENTED_EDGE('',*,*,#37050,.F.);
#37070=CARTESIAN_POINT('',(118.73890173317,-50.5251147901442,0.));
#37080=DIRECTION('',(0.,0.,1.));
#37090=VECTOR('',#37080,1.);
#37100=LINE('',#37070,#37090);
#37110=CARTESIAN_POINT('',(118.73890173317,-50.5251147901442,-620.6));
#37120=VERTEX_POINT('',#37110);
#37130=EDGE_CURVE('',#37040,#37120,#37100,.T.);
#37140=ORIENTED_EDGE('',*,*,#37130,.F.);
#37150=CARTESIAN_POINT('',(121.83890173317,-50.5251147901442,-620.6));
#37160=DIRECTION('',(0.,1.,0.));
#37170=DIRECTION('',(0.,0.,-1.));
#37180=AXIS2_PLACEMENT_3D('',#37150,#37160,#37170);
#37190=CIRCLE('',#37180,3.1);
#37200=EDGE_CURVE('',#37120,#36930,#37190,.T.);
#37210=ORIENTED_EDGE('',*,*,#37200,.F.);
#37220=EDGE_LOOP('',(#37210,#37140,#37060,#36970));
#37230=FACE_BOUND('',#37220,.T.);
#37240=CARTESIAN_POINT('',(124.93890173317,-50.5251147901442,0.));
#37250=DIRECTION('',(0.,0.,-1.));
#37260=VECTOR('',#37250,1.);
#37270=LINE('',#37240,#37260);
#37280=CARTESIAN_POINT('',(124.93890173317,-50.5251147901442,-1220.6));
#37290=VERTEX_POINT('',#37280);
#37300=CARTESIAN_POINT('',(124.93890173317,-50.5251147901442,-1229.4));
#37310=VERTEX_POINT('',#37300);
#37320=EDGE_CURVE('',#37290,#37310,#37270,.T.);
#37330=ORIENTED_EDGE('',*,*,#37320,.F.);
#37340=CARTESIAN_POINT('',(121.83890173317,-50.5251147901442,-1229.4));
#37350=DIRECTION('',(0.,1.,0.));
#37360=DIRECTION('',(0.,0.,-1.));
#37370=AXIS2_PLACEMENT_3D('',#37340,#37350,#37360);
#37380=CIRCLE('',#37370,3.1);
#37390=CARTESIAN_POINT('',(118.73890173317,-50.5251147901442,-1229.4));
#37400=VERTEX_POINT('',#37390);
#37410=EDGE_CURVE('',#37310,#37400,#37380,.T.);
#37420=ORIENTED_EDGE('',*,*,#37410,.F.);
#37430=CARTESIAN_POINT('',(118.73890173317,-50.5251147901442,0.));
#37440=DIRECTION('',(0.,0.,1.));
#37450=VECTOR('',#37440,1.);
#37460=LINE('',#37430,#37450);
#37470=CARTESIAN_POINT('',(118.73890173317,-50.5251147901442,-1220.6));
#37480=VERTEX_POINT('',#37470);
#37490=EDGE_CURVE('',#37400,#37480,#37460,.T.);
#37500=ORIENTED_EDGE('',*,*,#37490,.F.);
#37510=CARTESIAN_POINT('',(121.83890173317,-50.5251147901442,-1220.6));
#37520=DIRECTION('',(0.,1.,0.));
#37530=DIRECTION('',(0.,0.,-1.));
#37540=AXIS2_PLACEMENT_3D('',#37510,#37520,#37530);
#37550=CIRCLE('',#37540,3.1);
#37560=EDGE_CURVE('',#37480,#37290,#37550,.T.);
#37570=ORIENTED_EDGE('',*,*,#37560,.F.);
#37580=EDGE_LOOP('',(#37570,#37500,#37420,#37330));
#37590=FACE_BOUND('',#37580,.T.);
#37600=CARTESIAN_POINT('',(121.83890173317,-50.5251147901442,-370.6));
#37610=DIRECTION('',(0.,1.,0.));
#37620=DIRECTION('',(0.,0.,-1.));
#37630=AXIS2_PLACEMENT_3D('',#37600,#37610,#37620);
#37640=CIRCLE('',#37630,3.1);
#37650=CARTESIAN_POINT('',(118.73890173317,-50.5251147901442,-370.6));
#37660=VERTEX_POINT('',#37650);
#37670=CARTESIAN_POINT('',(124.93890173317,-50.5251147901442,-370.6));
#37680=VERTEX_POINT('',#37670);
#37690=EDGE_CURVE('',#37660,#37680,#37640,.T.);
#37700=ORIENTED_EDGE('',*,*,#37690,.F.);
#37710=CARTESIAN_POINT('',(124.93890173317,-50.5251147901442,0.));
#37720=DIRECTION('',(0.,0.,-1.));
#37730=VECTOR('',#37720,1.);
#37740=LINE('',#37710,#37730);
#37750=CARTESIAN_POINT('',(124.93890173317,-50.5251147901442,-379.4));
#37760=VERTEX_POINT('',#37750);
#37770=EDGE_CURVE('',#37680,#37760,#37740,.T.);
#37780=ORIENTED_EDGE('',*,*,#37770,.F.);
#37790=CARTESIAN_POINT('',(121.83890173317,-50.5251147901442,-379.4));
#37800=DIRECTION('',(0.,1.,0.));
#37810=DIRECTION('',(0.,0.,-1.));
#37820=AXIS2_PLACEMENT_3D('',#37790,#37800,#37810);
#37830=CIRCLE('',#37820,3.1);
#37840=CARTESIAN_POINT('',(118.73890173317,-50.5251147901442,-379.4));
#37850=VERTEX_POINT('',#37840);
#37860=EDGE_CURVE('',#37760,#37850,#37830,.T.);
#37870=ORIENTED_EDGE('',*,*,#37860,.F.);
#37880=CARTESIAN_POINT('',(118.73890173317,-50.5251147901442,0.));
#37890=DIRECTION('',(0.,0.,1.));
#37900=VECTOR('',#37890,1.);
#37910=LINE('',#37880,#37900);
#37920=EDGE_CURVE('',#37850,#37660,#37910,.T.);
#37930=ORIENTED_EDGE('',*,*,#37920,.F.);
#37940=EDGE_LOOP('',(#37930,#37870,#37780,#37700));
#37950=FACE_BOUND('',#37940,.T.);
#37960=CARTESIAN_POINT('',(124.93890173317,-50.5251147901442,0.));
#37970=DIRECTION('',(0.,0.,-1.));
#37980=VECTOR('',#37970,1.);
#37990=LINE('',#37960,#37980);
#38000=CARTESIAN_POINT('',(124.93890173317,-50.5251147901442,-545.6));
#38010=VERTEX_POINT('',#38000);
#38020=CARTESIAN_POINT('',(124.93890173317,-50.5251147901442,-554.4));
#38030=VERTEX_POINT('',#38020);
#38040=EDGE_CURVE('',#38010,#38030,#37990,.T.);
#38050=ORIENTED_EDGE('',*,*,#38040,.F.);
#38060=CARTESIAN_POINT('',(121.83890173317,-50.5251147901442,-554.4));
#38070=DIRECTION('',(0.,1.,0.));
#38080=DIRECTION('',(0.,0.,-1.));
#38090=AXIS2_PLACEMENT_3D('',#38060,#38070,#38080);
#38100=CIRCLE('',#38090,3.1);
#38110=CARTESIAN_POINT('',(118.73890173317,-50.5251147901442,-554.4));
#38120=VERTEX_POINT('',#38110);
#38130=EDGE_CURVE('',#38030,#38120,#38100,.T.);
#38140=ORIENTED_EDGE('',*,*,#38130,.F.);
#38150=CARTESIAN_POINT('',(118.73890173317,-50.5251147901442,0.));
#38160=DIRECTION('',(0.,0.,1.));
#38170=VECTOR('',#38160,1.);
#38180=LINE('',#38150,#38170);
#38190=CARTESIAN_POINT('',(118.73890173317,-50.5251147901442,-545.6));
#38200=VERTEX_POINT('',#38190);
#38210=EDGE_CURVE('',#38120,#38200,#38180,.T.);
#38220=ORIENTED_EDGE('',*,*,#38210,.F.);
#38230=CARTESIAN_POINT('',(121.83890173317,-50.5251147901442,-545.6));
#38240=DIRECTION('',(0.,1.,0.));
#38250=DIRECTION('',(0.,0.,-1.));
#38260=AXIS2_PLACEMENT_3D('',#38230,#38240,#38250);
#38270=CIRCLE('',#38260,3.1);
#38280=EDGE_CURVE('',#38200,#38010,#38270,.T.);
#38290=ORIENTED_EDGE('',*,*,#38280,.F.);
#38300=EDGE_LOOP('',(#38290,#38220,#38140,#38050));
#38310=FACE_BOUND('',#38300,.T.);
#38320=CARTESIAN_POINT('',(124.93890173317,-50.5251147901442,0.));
#38330=DIRECTION('',(0.,0.,-1.));
#38340=VECTOR('',#38330,1.);
#38350=LINE('',#38320,#38340);
#38360=CARTESIAN_POINT('',(124.93890173317,-50.5251147901442,-320.6));
#38370=VERTEX_POINT('',#38360);
#38380=CARTESIAN_POINT('',(124.93890173317,-50.5251147901442,-329.4));
#38390=VERTEX_POINT('',#38380);
#38400=EDGE_CURVE('',#38370,#38390,#38350,.T.);
#38410=ORIENTED_EDGE('',*,*,#38400,.F.);
#38420=CARTESIAN_POINT('',(121.83890173317,-50.5251147901442,-329.4));
#38430=DIRECTION('',(0.,1.,0.));
#38440=DIRECTION('',(0.,0.,-1.));
#38450=AXIS2_PLACEMENT_3D('',#38420,#38430,#38440);
#38460=CIRCLE('',#38450,3.1);
#38470=CARTESIAN_POINT('',(118.73890173317,-50.5251147901442,-329.4));
#38480=VERTEX_POINT('',#38470);
#38490=EDGE_CURVE('',#38390,#38480,#38460,.T.);
#38500=ORIENTED_EDGE('',*,*,#38490,.F.);
#38510=CARTESIAN_POINT('',(118.73890173317,-50.5251147901442,0.));
#38520=DIRECTION('',(0.,0.,1.));
#38530=VECTOR('',#38520,1.);
#38540=LINE('',#38510,#38530);
#38550=CARTESIAN_POINT('',(118.73890173317,-50.5251147901442,-320.6));
#38560=VERTEX_POINT('',#38550);
#38570=EDGE_CURVE('',#38480,#38560,#38540,.T.);
#38580=ORIENTED_EDGE('',*,*,#38570,.F.);
#38590=CARTESIAN_POINT('',(121.83890173317,-50.5251147901442,-320.6));
#38600=DIRECTION('',(0.,1.,0.));
#38610=DIRECTION('',(0.,0.,-1.));
#38620=AXIS2_PLACEMENT_3D('',#38590,#38600,#38610);
#38630=CIRCLE('',#38620,3.1);
#38640=EDGE_CURVE('',#38560,#38370,#38630,.T.);
#38650=ORIENTED_EDGE('',*,*,#38640,.F.);
#38660=EDGE_LOOP('',(#38650,#38580,#38500,#38410));
#38670=FACE_BOUND('',#38660,.T.);
#38680=CARTESIAN_POINT('',(124.93890173317,-50.5251147901442,0.));
#38690=DIRECTION('',(0.,0.,-1.));
#38700=VECTOR('',#38690,1.);
#38710=LINE('',#38680,#38700);
#38720=CARTESIAN_POINT('',(124.93890173317,-50.5251147901442,-1695.6));
#38730=VERTEX_POINT('',#38720);
#38740=CARTESIAN_POINT('',(124.93890173317,-50.5251147901442,-1704.4));
#38750=VERTEX_POINT('',#38740);
#38760=EDGE_CURVE('',#38730,#38750,#38710,.T.);
#38770=ORIENTED_EDGE('',*,*,#38760,.F.);
#38780=CARTESIAN_POINT('',(121.83890173317,-50.5251147901442,-1704.4));
#38790=DIRECTION('',(0.,1.,0.));
#38800=DIRECTION('',(0.,0.,-1.));
#38810=AXIS2_PLACEMENT_3D('',#38780,#38790,#38800);
#38820=CIRCLE('',#38810,3.1);
#38830=CARTESIAN_POINT('',(118.73890173317,-50.5251147901442,-1704.4));
#38840=VERTEX_POINT('',#38830);
#38850=EDGE_CURVE('',#38750,#38840,#38820,.T.);
#38860=ORIENTED_EDGE('',*,*,#38850,.F.);
#38870=CARTESIAN_POINT('',(118.73890173317,-50.5251147901442,0.));
#38880=DIRECTION('',(0.,0.,1.));
#38890=VECTOR('',#38880,1.);
#38900=LINE('',#38870,#38890);
#38910=CARTESIAN_POINT('',(118.73890173317,-50.5251147901442,-1695.6));
#38920=VERTEX_POINT('',#38910);
#38930=EDGE_CURVE('',#38840,#38920,#38900,.T.);
#38940=ORIENTED_EDGE('',*,*,#38930,.F.);
#38950=CARTESIAN_POINT('',(121.83890173317,-50.5251147901442,-1695.6));
#38960=DIRECTION('',(0.,1.,0.));
#38970=DIRECTION('',(0.,0.,-1.));
#38980=AXIS2_PLACEMENT_3D('',#38950,#38960,#38970);
#38990=CIRCLE('',#38980,3.1);
#39000=EDGE_CURVE('',#38920,#38730,#38990,.T.);
#39010=ORIENTED_EDGE('',*,*,#39000,.F.);
#39020=EDGE_LOOP('',(#39010,#38940,#38860,#38770));
#39030=FACE_BOUND('',#39020,.T.);
#39040=CARTESIAN_POINT('',(121.83890173317,-50.5251147901442,-1204.4));
#39050=DIRECTION('',(0.,1.,0.));
#39060=DIRECTION('',(0.,0.,-1.));
#39070=AXIS2_PLACEMENT_3D('',#39040,#39050,#39060);
#39080=CIRCLE('',#39070,3.1);
#39090=CARTESIAN_POINT('',(124.93890173317,-50.5251147901442,-1204.4));
#39100=VERTEX_POINT('',#39090);
#39110=CARTESIAN_POINT('',(118.73890173317,-50.5251147901442,-1204.4));
#39120=VERTEX_POINT('',#39110);
#39130=EDGE_CURVE('',#39100,#39120,#39080,.T.);
#39140=ORIENTED_EDGE('',*,*,#39130,.F.);
#39150=CARTESIAN_POINT('',(118.73890173317,-50.5251147901442,0.));
#39160=DIRECTION('',(0.,0.,1.));
#39170=VECTOR('',#39160,1.);
#39180=LINE('',#39150,#39170);
#39190=CARTESIAN_POINT('',(118.73890173317,-50.5251147901442,-1195.6));
#39200=VERTEX_POINT('',#39190);
#39210=EDGE_CURVE('',#39120,#39200,#39180,.T.);
#39220=ORIENTED_EDGE('',*,*,#39210,.F.);
#39230=CARTESIAN_POINT('',(121.83890173317,-50.5251147901442,-1195.6));
#39240=DIRECTION('',(0.,1.,0.));
#39250=DIRECTION('',(0.,0.,-1.));
#39260=AXIS2_PLACEMENT_3D('',#39230,#39240,#39250);
#39270=CIRCLE('',#39260,3.1);
#39280=CARTESIAN_POINT('',(124.93890173317,-50.5251147901442,-1195.6));
#39290=VERTEX_POINT('',#39280);
#39300=EDGE_CURVE('',#39200,#39290,#39270,.T.);
#39310=ORIENTED_EDGE('',*,*,#39300,.F.);
#39320=CARTESIAN_POINT('',(124.93890173317,-50.5251147901442,0.));
#39330=DIRECTION('',(0.,0.,-1.));
#39340=VECTOR('',#39330,1.);
#39350=LINE('',#39320,#39340);
#39360=EDGE_CURVE('',#39290,#39100,#39350,.T.);
#39370=ORIENTED_EDGE('',*,*,#39360,.F.);
#39380=EDGE_LOOP('',(#39370,#39310,#39220,#39140));
#39390=FACE_BOUND('',#39380,.T.);
#39400=CARTESIAN_POINT('',(124.93890173317,-50.5251147901442,0.));
#39410=DIRECTION('',(0.,0.,-1.));
#39420=VECTOR('',#39410,1.);
#39430=LINE('',#39400,#39420);
#39440=CARTESIAN_POINT('',(124.93890173317,-50.5251147901442,-770.6));
#39450=VERTEX_POINT('',#39440);
#39460=CARTESIAN_POINT('',(124.93890173317,-50.5251147901442,-779.4));
#39470=VERTEX_POINT('',#39460);
#39480=EDGE_CURVE('',#39450,#39470,#39430,.T.);
#39490=ORIENTED_EDGE('',*,*,#39480,.F.);
#39500=CARTESIAN_POINT('',(121.83890173317,-50.5251147901442,-779.4));
#39510=DIRECTION('',(0.,1.,0.));
#39520=DIRECTION('',(0.,0.,-1.));
#39530=AXIS2_PLACEMENT_3D('',#39500,#39510,#39520);
#39540=CIRCLE('',#39530,3.1);
#39550=CARTESIAN_POINT('',(118.73890173317,-50.5251147901442,-779.4));
#39560=VERTEX_POINT('',#39550);
#39570=EDGE_CURVE('',#39470,#39560,#39540,.T.);
#39580=ORIENTED_EDGE('',*,*,#39570,.F.);
#39590=CARTESIAN_POINT('',(118.73890173317,-50.5251147901442,0.));
#39600=DIRECTION('',(0.,0.,1.));
#39610=VECTOR('',#39600,1.);
#39620=LINE('',#39590,#39610);
#39630=CARTESIAN_POINT('',(118.73890173317,-50.5251147901442,-770.6));
#39640=VERTEX_POINT('',#39630);
#39650=EDGE_CURVE('',#39560,#39640,#39620,.T.);
#39660=ORIENTED_EDGE('',*,*,#39650,.F.);
#39670=CARTESIAN_POINT('',(121.83890173317,-50.5251147901442,-770.6));
#39680=DIRECTION('',(0.,1.,0.));
#39690=DIRECTION('',(0.,0.,-1.));
#39700=AXIS2_PLACEMENT_3D('',#39670,#39680,#39690);
#39710=CIRCLE('',#39700,3.1);
#39720=EDGE_CURVE('',#39640,#39450,#39710,.T.);
#39730=ORIENTED_EDGE('',*,*,#39720,.F.);
#39740=EDGE_LOOP('',(#39730,#39660,#39580,#39490));
#39750=FACE_BOUND('',#39740,.T.);
#39760=CARTESIAN_POINT('',(118.73890173317,-50.5251147901442,0.));
#39770=DIRECTION('',(0.,0.,1.));
#39780=VECTOR('',#39770,1.);
#39790=LINE('',#39760,#39780);
#39800=CARTESIAN_POINT('',(118.73890173317,-50.5251147901442,-1729.4));
#39810=VERTEX_POINT('',#39800);
#39820=CARTESIAN_POINT('',(118.73890173317,-50.5251147901442,-1720.6));
#39830=VERTEX_POINT('',#39820);
#39840=EDGE_CURVE('',#39810,#39830,#39790,.T.);
#39850=ORIENTED_EDGE('',*,*,#39840,.F.);
#39860=CARTESIAN_POINT('',(121.83890173317,-50.5251147901442,-1720.6));
#39870=DIRECTION('',(0.,1.,0.));
#39880=DIRECTION('',(0.,0.,-1.));
#39890=AXIS2_PLACEMENT_3D('',#39860,#39870,#39880);
#39900=CIRCLE('',#39890,3.1);
#39910=CARTESIAN_POINT('',(124.93890173317,-50.5251147901442,-1720.6));
#39920=VERTEX_POINT('',#39910);
#39930=EDGE_CURVE('',#39830,#39920,#39900,.T.);
#39940=ORIENTED_EDGE('',*,*,#39930,.F.);
#39950=CARTESIAN_POINT('',(124.93890173317,-50.5251147901442,0.));
#39960=DIRECTION('',(0.,0.,-1.));
#39970=VECTOR('',#39960,1.);
#39980=LINE('',#39950,#39970);
#39990=CARTESIAN_POINT('',(124.93890173317,-50.5251147901442,-1729.4));
#40000=VERTEX_POINT('',#39990);
#40010=EDGE_CURVE('',#39920,#40000,#39980,.T.);
#40020=ORIENTED_EDGE('',*,*,#40010,.F.);
#40030=CARTESIAN_POINT('',(121.83890173317,-50.5251147901442,-1729.4));
#40040=DIRECTION('',(0.,1.,0.));
#40050=DIRECTION('',(0.,0.,-1.));
#40060=AXIS2_PLACEMENT_3D('',#40030,#40040,#40050);
#40070=CIRCLE('',#40060,3.1);
#40080=EDGE_CURVE('',#40000,#39810,#40070,.T.);
#40090=ORIENTED_EDGE('',*,*,#40080,.F.);
#40100=EDGE_LOOP('',(#40090,#40020,#39940,#39850));
#40110=FACE_BOUND('',#40100,.T.);
#40120=CARTESIAN_POINT('',(124.93890173317,-50.5251147901442,0.));
#40130=DIRECTION('',(0.,0.,-1.));
#40140=VECTOR('',#40130,1.);
#40150=LINE('',#40120,#40140);
#40160=CARTESIAN_POINT('',(124.93890173317,-50.5251147901442,-1170.6));
#40170=VERTEX_POINT('',#40160);
#40180=CARTESIAN_POINT('',(124.93890173317,-50.5251147901442,-1179.4));
#40190=VERTEX_POINT('',#40180);
#40200=EDGE_CURVE('',#40170,#40190,#40150,.T.);
#40210=ORIENTED_EDGE('',*,*,#40200,.F.);
#40220=CARTESIAN_POINT('',(121.83890173317,-50.5251147901442,-1179.4));
#40230=DIRECTION('',(0.,1.,0.));
#40240=DIRECTION('',(0.,0.,-1.));
#40250=AXIS2_PLACEMENT_3D('',#40220,#40230,#40240);
#40260=CIRCLE('',#40250,3.1);
#40270=CARTESIAN_POINT('',(118.73890173317,-50.5251147901442,-1179.4));
#40280=VERTEX_POINT('',#40270);
#40290=EDGE_CURVE('',#40190,#40280,#40260,.T.);
#40300=ORIENTED_EDGE('',*,*,#40290,.F.);
#40310=CARTESIAN_POINT('',(118.73890173317,-50.5251147901442,0.));
#40320=DIRECTION('',(0.,0.,1.));
#40330=VECTOR('',#40320,1.);
#40340=LINE('',#40310,#40330);
#40350=CARTESIAN_POINT('',(118.73890173317,-50.5251147901442,-1170.6));
#40360=VERTEX_POINT('',#40350);
#40370=EDGE_CURVE('',#40280,#40360,#40340,.T.);
#40380=ORIENTED_EDGE('',*,*,#40370,.F.);
#40390=CARTESIAN_POINT('',(121.83890173317,-50.5251147901442,-1170.6));
#40400=DIRECTION('',(0.,1.,0.));
#40410=DIRECTION('',(0.,0.,-1.));
#40420=AXIS2_PLACEMENT_3D('',#40390,#40400,#40410);
#40430=CIRCLE('',#40420,3.1);
#40440=EDGE_CURVE('',#40360,#40170,#40430,.T.);
#40450=ORIENTED_EDGE('',*,*,#40440,.F.);
#40460=EDGE_LOOP('',(#40450,#40380,#40300,#40210));
#40470=FACE_BOUND('',#40460,.T.);
#40480=CARTESIAN_POINT('',(124.93890173317,-50.5251147901442,0.));
#40490=DIRECTION('',(0.,0.,-1.));
#40500=VECTOR('',#40490,1.);
#40510=LINE('',#40480,#40500);
#40520=CARTESIAN_POINT('',(124.93890173317,-50.5251147901442,-845.6));
#40530=VERTEX_POINT('',#40520);
#40540=CARTESIAN_POINT('',(124.93890173317,-50.5251147901442,-854.4));
#40550=VERTEX_POINT('',#40540);
#40560=EDGE_CURVE('',#40530,#40550,#40510,.T.);
#40570=ORIENTED_EDGE('',*,*,#40560,.F.);
#40580=CARTESIAN_POINT('',(121.83890173317,-50.5251147901442,-854.4));
#40590=DIRECTION('',(0.,1.,0.));
#40600=DIRECTION('',(0.,0.,-1.));
#40610=AXIS2_PLACEMENT_3D('',#40580,#40590,#40600);
#40620=CIRCLE('',#40610,3.1);
#40630=CARTESIAN_POINT('',(118.73890173317,-50.5251147901442,-854.4));
#40640=VERTEX_POINT('',#40630);
#40650=EDGE_CURVE('',#40550,#40640,#40620,.T.);
#40660=ORIENTED_EDGE('',*,*,#40650,.F.);
#40670=CARTESIAN_POINT('',(118.73890173317,-50.5251147901442,0.));
#40680=DIRECTION('',(0.,0.,1.));
#40690=VECTOR('',#40680,1.);
#40700=LINE('',#40670,#40690);
#40710=CARTESIAN_POINT('',(118.73890173317,-50.5251147901442,-845.6));
#40720=VERTEX_POINT('',#40710);
#40730=EDGE_CURVE('',#40640,#40720,#40700,.T.);
#40740=ORIENTED_EDGE('',*,*,#40730,.F.);
#40750=CARTESIAN_POINT('',(121.83890173317,-50.5251147901442,-845.6));
#40760=DIRECTION('',(0.,1.,0.));
#40770=DIRECTION('',(0.,0.,-1.));
#40780=AXIS2_PLACEMENT_3D('',#40750,#40760,#40770);
#40790=CIRCLE('',#40780,3.1);
#40800=EDGE_CURVE('',#40720,#40530,#40790,.T.);
#40810=ORIENTED_EDGE('',*,*,#40800,.F.);
#40820=EDGE_LOOP('',(#40810,#40740,#40660,#40570));
#40830=FACE_BOUND('',#40820,.T.);
#40840=CARTESIAN_POINT('',(124.93890173317,-50.5251147901442,0.));
#40850=DIRECTION('',(0.,0.,-1.));
#40860=VECTOR('',#40850,1.);
#40870=LINE('',#40840,#40860);
#40880=CARTESIAN_POINT('',(124.93890173317,-50.5251147901442,-695.6));
#40890=VERTEX_POINT('',#40880);
#40900=CARTESIAN_POINT('',(124.93890173317,-50.5251147901442,-704.4));
#40910=VERTEX_POINT('',#40900);
#40920=EDGE_CURVE('',#40890,#40910,#40870,.T.);
#40930=ORIENTED_EDGE('',*,*,#40920,.F.);
#40940=CARTESIAN_POINT('',(121.83890173317,-50.5251147901442,-704.4));
#40950=DIRECTION('',(0.,1.,0.));
#40960=DIRECTION('',(0.,0.,-1.));
#40970=AXIS2_PLACEMENT_3D('',#40940,#40950,#40960);
#40980=CIRCLE('',#40970,3.1);
#40990=CARTESIAN_POINT('',(118.73890173317,-50.5251147901442,-704.4));
#41000=VERTEX_POINT('',#40990);
#41010=EDGE_CURVE('',#40910,#41000,#40980,.T.);
#41020=ORIENTED_EDGE('',*,*,#41010,.F.);
#41030=CARTESIAN_POINT('',(118.73890173317,-50.5251147901442,0.));
#41040=DIRECTION('',(0.,0.,1.));
#41050=VECTOR('',#41040,1.);
#41060=LINE('',#41030,#41050);
#41070=CARTESIAN_POINT('',(118.73890173317,-50.5251147901442,-695.6));
#41080=VERTEX_POINT('',#41070);
#41090=EDGE_CURVE('',#41000,#41080,#41060,.T.);
#41100=ORIENTED_EDGE('',*,*,#41090,.F.);
#41110=CARTESIAN_POINT('',(121.83890173317,-50.5251147901442,-695.6));
#41120=DIRECTION('',(0.,1.,0.));
#41130=DIRECTION('',(0.,0.,-1.));
#41140=AXIS2_PLACEMENT_3D('',#41110,#41120,#41130);
#41150=CIRCLE('',#41140,3.1);
#41160=EDGE_CURVE('',#41080,#40890,#41150,.T.);
#41170=ORIENTED_EDGE('',*,*,#41160,.F.);
#41180=EDGE_LOOP('',(#41170,#41100,#41020,#40930));
#41190=FACE_BOUND('',#41180,.T.);
#41200=CARTESIAN_POINT('',(121.83890173317,-50.5251147901442,-1779.4));
#41210=DIRECTION('',(0.,1.,0.));
#41220=DIRECTION('',(0.,0.,-1.));
#41230=AXIS2_PLACEMENT_3D('',#41200,#41210,#41220);
#41240=CIRCLE('',#41230,3.1);
#41250=CARTESIAN_POINT('',(124.93890173317,-50.5251147901442,-1779.4));
#41260=VERTEX_POINT('',#41250);
#41270=CARTESIAN_POINT('',(118.73890173317,-50.5251147901442,-1779.4));
#41280=VERTEX_POINT('',#41270);
#41290=EDGE_CURVE('',#41260,#41280,#41240,.T.);
#41300=ORIENTED_EDGE('',*,*,#41290,.F.);
#41310=CARTESIAN_POINT('',(118.73890173317,-50.5251147901442,0.));
#41320=DIRECTION('',(0.,0.,1.));
#41330=VECTOR('',#41320,1.);
#41340=LINE('',#41310,#41330);
#41350=CARTESIAN_POINT('',(118.73890173317,-50.5251147901442,-1770.6));
#41360=VERTEX_POINT('',#41350);
#41370=EDGE_CURVE('',#41280,#41360,#41340,.T.);
#41380=ORIENTED_EDGE('',*,*,#41370,.F.);
#41390=CARTESIAN_POINT('',(121.83890173317,-50.5251147901442,-1770.6));
#41400=DIRECTION('',(0.,1.,0.));
#41410=DIRECTION('',(0.,0.,-1.));
#41420=AXIS2_PLACEMENT_3D('',#41390,#41400,#41410);
#41430=CIRCLE('',#41420,3.1);
#41440=CARTESIAN_POINT('',(124.93890173317,-50.5251147901442,-1770.6));
#41450=VERTEX_POINT('',#41440);
#41460=EDGE_CURVE('',#41360,#41450,#41430,.T.);
#41470=ORIENTED_EDGE('',*,*,#41460,.F.);
#41480=CARTESIAN_POINT('',(124.93890173317,-50.5251147901442,0.));
#41490=DIRECTION('',(0.,0.,-1.));
#41500=VECTOR('',#41490,1.);
#41510=LINE('',#41480,#41500);
#41520=EDGE_CURVE('',#41450,#41260,#41510,.T.);
#41530=ORIENTED_EDGE('',*,*,#41520,.F.);
#41540=EDGE_LOOP('',(#41530,#41470,#41380,#41300));
#41550=FACE_BOUND('',#41540,.T.);
#41560=CARTESIAN_POINT('',(124.93890173317,-50.5251147901442,0.));
#41570=DIRECTION('',(0.,0.,-1.));
#41580=VECTOR('',#41570,1.);
#41590=LINE('',#41560,#41580);
#41600=CARTESIAN_POINT('',(124.93890173317,-50.5251147901442,-470.6));
#41610=VERTEX_POINT('',#41600);
#41620=CARTESIAN_POINT('',(124.93890173317,-50.5251147901442,-479.4));
#41630=VERTEX_POINT('',#41620);
#41640=EDGE_CURVE('',#41610,#41630,#41590,.T.);
#41650=ORIENTED_EDGE('',*,*,#41640,.F.);
#41660=CARTESIAN_POINT('',(121.83890173317,-50.5251147901442,-479.4));
#41670=DIRECTION('',(0.,1.,0.));
#41680=DIRECTION('',(0.,0.,-1.));
#41690=AXIS2_PLACEMENT_3D('',#41660,#41670,#41680);
#41700=CIRCLE('',#41690,3.1);
#41710=CARTESIAN_POINT('',(118.73890173317,-50.5251147901442,-479.4));
#41720=VERTEX_POINT('',#41710);
#41730=EDGE_CURVE('',#41630,#41720,#41700,.T.);
#41740=ORIENTED_EDGE('',*,*,#41730,.F.);
#41750=CARTESIAN_POINT('',(118.73890173317,-50.5251147901442,0.));
#41760=DIRECTION('',(0.,0.,1.));
#41770=VECTOR('',#41760,1.);
#41780=LINE('',#41750,#41770);
#41790=CARTESIAN_POINT('',(118.73890173317,-50.5251147901442,-470.6));
#41800=VERTEX_POINT('',#41790);
#41810=EDGE_CURVE('',#41720,#41800,#41780,.T.);
#41820=ORIENTED_EDGE('',*,*,#41810,.F.);
#41830=CARTESIAN_POINT('',(121.83890173317,-50.5251147901442,-470.6));
#41840=DIRECTION('',(0.,1.,0.));
#41850=DIRECTION('',(0.,0.,-1.));
#41860=AXIS2_PLACEMENT_3D('',#41830,#41840,#41850);
#41870=CIRCLE('',#41860,3.1);
#41880=EDGE_CURVE('',#41800,#41610,#41870,.T.);
#41890=ORIENTED_EDGE('',*,*,#41880,.F.);
#41900=EDGE_LOOP('',(#41890,#41820,#41740,#41650));
#41910=FACE_BOUND('',#41900,.T.);
#41920=CARTESIAN_POINT('',(118.73890173317,-50.5251147901442,0.));
#41930=DIRECTION('',(0.,0.,1.));
#41940=VECTOR('',#41930,1.);
#41950=LINE('',#41920,#41940);
#41960=CARTESIAN_POINT('',(118.73890173317,-50.5251147901442,-1654.4));
#41970=VERTEX_POINT('',#41960);
#41980=CARTESIAN_POINT('',(118.73890173317,-50.5251147901442,-1645.6));
#41990=VERTEX_POINT('',#41980);
#42000=EDGE_CURVE('',#41970,#41990,#41950,.T.);
#42010=ORIENTED_EDGE('',*,*,#42000,.F.);
#42020=CARTESIAN_POINT('',(121.83890173317,-50.5251147901442,-1645.6));
#42030=DIRECTION('',(0.,1.,0.));
#42040=DIRECTION('',(0.,0.,-1.));
#42050=AXIS2_PLACEMENT_3D('',#42020,#42030,#42040);
#42060=CIRCLE('',#42050,3.1);
#42070=CARTESIAN_POINT('',(124.93890173317,-50.5251147901442,-1645.6));
#42080=VERTEX_POINT('',#42070);
#42090=EDGE_CURVE('',#41990,#42080,#42060,.T.);
#42100=ORIENTED_EDGE('',*,*,#42090,.F.);
#42110=CARTESIAN_POINT('',(124.93890173317,-50.5251147901442,0.));
#42120=DIRECTION('',(0.,0.,-1.));
#42130=VECTOR('',#42120,1.);
#42140=LINE('',#42110,#42130);
#42150=CARTESIAN_POINT('',(124.93890173317,-50.5251147901442,-1654.4));
#42160=VERTEX_POINT('',#42150);
#42170=EDGE_CURVE('',#42080,#42160,#42140,.T.);
#42180=ORIENTED_EDGE('',*,*,#42170,.F.);
#42190=CARTESIAN_POINT('',(121.83890173317,-50.5251147901442,-1654.4));
#42200=DIRECTION('',(0.,1.,0.));
#42210=DIRECTION('',(0.,0.,-1.));
#42220=AXIS2_PLACEMENT_3D('',#42190,#42200,#42210);
#42230=CIRCLE('',#42220,3.1);
#42240=EDGE_CURVE('',#42160,#41970,#42230,.T.);
#42250=ORIENTED_EDGE('',*,*,#42240,.F.);
#42260=EDGE_LOOP('',(#42250,#42180,#42100,#42010));
#42270=FACE_BOUND('',#42260,.T.);
#42280=CARTESIAN_POINT('',(118.73890173317,-50.5251147901442,0.));
#42290=DIRECTION('',(0.,0.,1.));
#42300=VECTOR('',#42290,1.);
#42310=LINE('',#42280,#42300);
#42320=CARTESIAN_POINT('',(118.73890173317,-50.5251147901442,-654.4));
#42330=VERTEX_POINT('',#42320);
#42340=CARTESIAN_POINT('',(118.73890173317,-50.5251147901442,-645.6));
#42350=VERTEX_POINT('',#42340);
#42360=EDGE_CURVE('',#42330,#42350,#42310,.T.);
#42370=ORIENTED_EDGE('',*,*,#42360,.F.);
#42380=CARTESIAN_POINT('',(121.83890173317,-50.5251147901442,-645.6));
#42390=DIRECTION('',(0.,1.,0.));
#42400=DIRECTION('',(0.,0.,-1.));
#42410=AXIS2_PLACEMENT_3D('',#42380,#42390,#42400);
#42420=CIRCLE('',#42410,3.1);
#42430=CARTESIAN_POINT('',(124.93890173317,-50.5251147901442,-645.6));
#42440=VERTEX_POINT('',#42430);
#42450=EDGE_CURVE('',#42350,#42440,#42420,.T.);
#42460=ORIENTED_EDGE('',*,*,#42450,.F.);
#42470=CARTESIAN_POINT('',(124.93890173317,-50.5251147901442,0.));
#42480=DIRECTION('',(0.,0.,-1.));
#42490=VECTOR('',#42480,1.);
#42500=LINE('',#42470,#42490);
#42510=CARTESIAN_POINT('',(124.93890173317,-50.5251147901442,-654.4));
#42520=VERTEX_POINT('',#42510);
#42530=EDGE_CURVE('',#42440,#42520,#42500,.T.);
#42540=ORIENTED_EDGE('',*,*,#42530,.F.);
#42550=CARTESIAN_POINT('',(121.83890173317,-50.5251147901442,-654.4));
#42560=DIRECTION('',(0.,1.,0.));
#42570=DIRECTION('',(0.,0.,-1.));
#42580=AXIS2_PLACEMENT_3D('',#42550,#42560,#42570);
#42590=CIRCLE('',#42580,3.1);
#42600=EDGE_CURVE('',#42520,#42330,#42590,.T.);
#42610=ORIENTED_EDGE('',*,*,#42600,.F.);
#42620=EDGE_LOOP('',(#42610,#42540,#42460,#42370));
#42630=FACE_BOUND('',#42620,.T.);
#42640=CARTESIAN_POINT('',(124.93890173317,-50.5251147901442,0.));
#42650=DIRECTION('',(0.,0.,-1.));
#42660=VECTOR('',#42650,1.);
#42670=LINE('',#42640,#42660);
#42680=CARTESIAN_POINT('',(124.93890173317,-50.5251147901442,-720.6));
#42690=VERTEX_POINT('',#42680);
#42700=CARTESIAN_POINT('',(124.93890173317,-50.5251147901442,-729.4));
#42710=VERTEX_POINT('',#42700);
#42720=EDGE_CURVE('',#42690,#42710,#42670,.T.);
#42730=ORIENTED_EDGE('',*,*,#42720,.F.);
#42740=CARTESIAN_POINT('',(121.83890173317,-50.5251147901442,-729.4));
#42750=DIRECTION('',(0.,1.,0.));
#42760=DIRECTION('',(0.,0.,-1.));
#42770=AXIS2_PLACEMENT_3D('',#42740,#42750,#42760);
#42780=CIRCLE('',#42770,3.1);
#42790=CARTESIAN_POINT('',(118.73890173317,-50.5251147901442,-729.4));
#42800=VERTEX_POINT('',#42790);
#42810=EDGE_CURVE('',#42710,#42800,#42780,.T.);
#42820=ORIENTED_EDGE('',*,*,#42810,.F.);
#42830=CARTESIAN_POINT('',(118.73890173317,-50.5251147901442,0.));
#42840=DIRECTION('',(0.,0.,1.));
#42850=VECTOR('',#42840,1.);
#42860=LINE('',#42830,#42850);
#42870=CARTESIAN_POINT('',(118.73890173317,-50.5251147901442,-720.6));
#42880=VERTEX_POINT('',#42870);
#42890=EDGE_CURVE('',#42800,#42880,#42860,.T.);
#42900=ORIENTED_EDGE('',*,*,#42890,.F.);
#42910=CARTESIAN_POINT('',(121.83890173317,-50.5251147901442,-720.6));
#42920=DIRECTION('',(0.,1.,0.));
#42930=DIRECTION('',(0.,0.,-1.));
#42940=AXIS2_PLACEMENT_3D('',#42910,#42920,#42930);
#42950=CIRCLE('',#42940,3.1);
#42960=EDGE_CURVE('',#42880,#42690,#42950,.T.);
#42970=ORIENTED_EDGE('',*,*,#42960,.F.);
#42980=EDGE_LOOP('',(#42970,#42900,#42820,#42730));
#42990=FACE_BOUND('',#42980,.T.);
#43000=CARTESIAN_POINT('',(124.93890173317,-50.5251147901442,0.));
#43010=DIRECTION('',(0.,0.,-1.));
#43020=VECTOR('',#43010,1.);
#43030=LINE('',#43000,#43020);
#43040=CARTESIAN_POINT('',(124.93890173317,-50.5251147901442,-1270.6));
#43050=VERTEX_POINT('',#43040);
#43060=CARTESIAN_POINT('',(124.93890173317,-50.5251147901442,-1279.4));
#43070=VERTEX_POINT('',#43060);
#43080=EDGE_CURVE('',#43050,#43070,#43030,.T.);
#43090=ORIENTED_EDGE('',*,*,#43080,.F.);
#43100=CARTESIAN_POINT('',(121.83890173317,-50.5251147901442,-1279.4));
#43110=DIRECTION('',(0.,1.,0.));
#43120=DIRECTION('',(0.,0.,-1.));
#43130=AXIS2_PLACEMENT_3D('',#43100,#43110,#43120);
#43140=CIRCLE('',#43130,3.1);
#43150=CARTESIAN_POINT('',(118.73890173317,-50.5251147901442,-1279.4));
#43160=VERTEX_POINT('',#43150);
#43170=EDGE_CURVE('',#43070,#43160,#43140,.T.);
#43180=ORIENTED_EDGE('',*,*,#43170,.F.);
#43190=CARTESIAN_POINT('',(118.73890173317,-50.5251147901442,0.));
#43200=DIRECTION('',(0.,0.,1.));
#43210=VECTOR('',#43200,1.);
#43220=LINE('',#43190,#43210);
#43230=CARTESIAN_POINT('',(118.73890173317,-50.5251147901442,-1270.6));
#43240=VERTEX_POINT('',#43230);
#43250=EDGE_CURVE('',#43160,#43240,#43220,.T.);
#43260=ORIENTED_EDGE('',*,*,#43250,.F.);
#43270=CARTESIAN_POINT('',(121.83890173317,-50.5251147901442,-1270.6));
#43280=DIRECTION('',(0.,1.,0.));
#43290=DIRECTION('',(0.,0.,-1.));
#43300=AXIS2_PLACEMENT_3D('',#43270,#43280,#43290);
#43310=CIRCLE('',#43300,3.1);
#43320=EDGE_CURVE('',#43240,#43050,#43310,.T.);
#43330=ORIENTED_EDGE('',*,*,#43320,.F.);
#43340=EDGE_LOOP('',(#43330,#43260,#43180,#43090));
#43350=FACE_BOUND('',#43340,.T.);
#43360=CARTESIAN_POINT('',(121.83890173317,-50.5251147901442,-1004.4));
#43370=DIRECTION('',(0.,1.,0.));
#43380=DIRECTION('',(0.,0.,-1.));
#43390=AXIS2_PLACEMENT_3D('',#43360,#43370,#43380);
#43400=CIRCLE('',#43390,3.1);
#43410=CARTESIAN_POINT('',(124.93890173317,-50.5251147901442,-1004.4));
#43420=VERTEX_POINT('',#43410);
#43430=CARTESIAN_POINT('',(118.73890173317,-50.5251147901442,-1004.4));
#43440=VERTEX_POINT('',#43430);
#43450=EDGE_CURVE('',#43420,#43440,#43400,.T.);
#43460=ORIENTED_EDGE('',*,*,#43450,.F.);
#43470=CARTESIAN_POINT('',(118.73890173317,-50.5251147901442,0.));
#43480=DIRECTION('',(0.,0.,1.));
#43490=VECTOR('',#43480,1.);
#43500=LINE('',#43470,#43490);
#43510=CARTESIAN_POINT('',(118.73890173317,-50.5251147901442,-995.6));
#43520=VERTEX_POINT('',#43510);
#43530=EDGE_CURVE('',#43440,#43520,#43500,.T.);
#43540=ORIENTED_EDGE('',*,*,#43530,.F.);
#43550=CARTESIAN_POINT('',(121.83890173317,-50.5251147901442,-995.6));
#43560=DIRECTION('',(0.,1.,0.));
#43570=DIRECTION('',(0.,0.,-1.));
#43580=AXIS2_PLACEMENT_3D('',#43550,#43560,#43570);
#43590=CIRCLE('',#43580,3.1);
#43600=CARTESIAN_POINT('',(124.93890173317,-50.5251147901442,-995.6));
#43610=VERTEX_POINT('',#43600);
#43620=EDGE_CURVE('',#43520,#43610,#43590,.T.);
#43630=ORIENTED_EDGE('',*,*,#43620,.F.);
#43640=CARTESIAN_POINT('',(124.93890173317,-50.5251147901442,0.));
#43650=DIRECTION('',(0.,0.,-1.));
#43660=VECTOR('',#43650,1.);
#43670=LINE('',#43640,#43660);
#43680=EDGE_CURVE('',#43610,#43420,#43670,.T.);
#43690=ORIENTED_EDGE('',*,*,#43680,.F.);
#43700=EDGE_LOOP('',(#43690,#43630,#43540,#43460));
#43710=FACE_BOUND('',#43700,.T.);
#43720=CARTESIAN_POINT('',(124.93890173317,-50.5251147901442,0.));
#43730=DIRECTION('',(0.,0.,-1.));
#43740=VECTOR('',#43730,1.);
#43750=LINE('',#43720,#43740);
#43760=CARTESIAN_POINT('',(124.93890173317,-50.5251147901442,-445.6));
#43770=VERTEX_POINT('',#43760);
#43780=CARTESIAN_POINT('',(124.93890173317,-50.5251147901442,-454.4));
#43790=VERTEX_POINT('',#43780);
#43800=EDGE_CURVE('',#43770,#43790,#43750,.T.);
#43810=ORIENTED_EDGE('',*,*,#43800,.F.);
#43820=CARTESIAN_POINT('',(121.83890173317,-50.5251147901442,-454.4));
#43830=DIRECTION('',(0.,1.,0.));
#43840=DIRECTION('',(0.,0.,-1.));
#43850=AXIS2_PLACEMENT_3D('',#43820,#43830,#43840);
#43860=CIRCLE('',#43850,3.1);
#43870=CARTESIAN_POINT('',(118.73890173317,-50.5251147901442,-454.4));
#43880=VERTEX_POINT('',#43870);
#43890=EDGE_CURVE('',#43790,#43880,#43860,.T.);
#43900=ORIENTED_EDGE('',*,*,#43890,.F.);
#43910=CARTESIAN_POINT('',(118.73890173317,-50.5251147901442,0.));
#43920=DIRECTION('',(0.,0.,1.));
#43930=VECTOR('',#43920,1.);
#43940=LINE('',#43910,#43930);
#43950=CARTESIAN_POINT('',(118.73890173317,-50.5251147901442,-445.6));
#43960=VERTEX_POINT('',#43950);
#43970=EDGE_CURVE('',#43880,#43960,#43940,.T.);
#43980=ORIENTED_EDGE('',*,*,#43970,.F.);
#43990=CARTESIAN_POINT('',(121.83890173317,-50.5251147901442,-445.6));
#44000=DIRECTION('',(0.,1.,0.));
#44010=DIRECTION('',(0.,0.,-1.));
#44020=AXIS2_PLACEMENT_3D('',#43990,#44000,#44010);
#44030=CIRCLE('',#44020,3.1);
#44040=EDGE_CURVE('',#43960,#43770,#44030,.T.);
#44050=ORIENTED_EDGE('',*,*,#44040,.F.);
#44060=EDGE_LOOP('',(#44050,#43980,#43900,#43810));
#44070=FACE_BOUND('',#44060,.T.);
#44080=CARTESIAN_POINT('',(118.73890173317,-50.5251147901442,0.));
#44090=DIRECTION('',(0.,0.,1.));
#44100=VECTOR('',#44090,1.);
#44110=LINE('',#44080,#44100);
#44120=CARTESIAN_POINT('',(118.73890173317,-50.5251147901442,-1479.4));
#44130=VERTEX_POINT('',#44120);
#44140=CARTESIAN_POINT('',(118.73890173317,-50.5251147901442,-1470.6));
#44150=VERTEX_POINT('',#44140);
#44160=EDGE_CURVE('',#44130,#44150,#44110,.T.);
#44170=ORIENTED_EDGE('',*,*,#44160,.F.);
#44180=CARTESIAN_POINT('',(121.83890173317,-50.5251147901442,-1470.6));
#44190=DIRECTION('',(0.,1.,0.));
#44200=DIRECTION('',(0.,0.,-1.));
#44210=AXIS2_PLACEMENT_3D('',#44180,#44190,#44200);
#44220=CIRCLE('',#44210,3.1);
#44230=CARTESIAN_POINT('',(124.93890173317,-50.5251147901442,-1470.6));
#44240=VERTEX_POINT('',#44230);
#44250=EDGE_CURVE('',#44150,#44240,#44220,.T.);
#44260=ORIENTED_EDGE('',*,*,#44250,.F.);
#44270=CARTESIAN_POINT('',(124.93890173317,-50.5251147901442,0.));
#44280=DIRECTION('',(0.,0.,-1.));
#44290=VECTOR('',#44280,1.);
#44300=LINE('',#44270,#44290);
#44310=CARTESIAN_POINT('',(124.93890173317,-50.5251147901442,-1479.4));
#44320=VERTEX_POINT('',#44310);
#44330=EDGE_CURVE('',#44240,#44320,#44300,.T.);
#44340=ORIENTED_EDGE('',*,*,#44330,.F.);
#44350=CARTESIAN_POINT('',(121.83890173317,-50.5251147901442,-1479.4));
#44360=DIRECTION('',(0.,1.,0.));
#44370=DIRECTION('',(0.,0.,-1.));
#44380=AXIS2_PLACEMENT_3D('',#44350,#44360,#44370);
#44390=CIRCLE('',#44380,3.1);
#44400=EDGE_CURVE('',#44320,#44130,#44390,.T.);
#44410=ORIENTED_EDGE('',*,*,#44400,.F.);
#44420=EDGE_LOOP('',(#44410,#44340,#44260,#44170));
#44430=FACE_BOUND('',#44420,.T.);
#44440=CARTESIAN_POINT('',(124.93890173317,-50.5251147901442,0.));
#44450=DIRECTION('',(0.,0.,-1.));
#44460=VECTOR('',#44450,1.);
#44470=LINE('',#44440,#44460);
#44480=CARTESIAN_POINT('',(124.93890173317,-50.5251147901442,-1670.6));
#44490=VERTEX_POINT('',#44480);
#44500=CARTESIAN_POINT('',(124.93890173317,-50.5251147901442,-1679.4));
#44510=VERTEX_POINT('',#44500);
#44520=EDGE_CURVE('',#44490,#44510,#44470,.T.);
#44530=ORIENTED_EDGE('',*,*,#44520,.F.);
#44540=CARTESIAN_POINT('',(121.83890173317,-50.5251147901442,-1679.4));
#44550=DIRECTION('',(0.,1.,0.));
#44560=DIRECTION('',(0.,0.,-1.));
#44570=AXIS2_PLACEMENT_3D('',#44540,#44550,#44560);
#44580=CIRCLE('',#44570,3.1);
#44590=CARTESIAN_POINT('',(118.73890173317,-50.5251147901442,-1679.4));
#44600=VERTEX_POINT('',#44590);
#44610=EDGE_CURVE('',#44510,#44600,#44580,.T.);
#44620=ORIENTED_EDGE('',*,*,#44610,.F.);
#44630=CARTESIAN_POINT('',(118.73890173317,-50.5251147901442,0.));
#44640=DIRECTION('',(0.,0.,1.));
#44650=VECTOR('',#44640,1.);
#44660=LINE('',#44630,#44650);
#44670=CARTESIAN_POINT('',(118.73890173317,-50.5251147901442,-1670.6));
#44680=VERTEX_POINT('',#44670);
#44690=EDGE_CURVE('',#44600,#44680,#44660,.T.);
#44700=ORIENTED_EDGE('',*,*,#44690,.F.);
#44710=CARTESIAN_POINT('',(121.83890173317,-50.5251147901442,-1670.6));
#44720=DIRECTION('',(0.,1.,0.));
#44730=DIRECTION('',(0.,0.,-1.));
#44740=AXIS2_PLACEMENT_3D('',#44710,#44720,#44730);
#44750=CIRCLE('',#44740,3.1);
#44760=EDGE_CURVE('',#44680,#44490,#44750,.T.);
#44770=ORIENTED_EDGE('',*,*,#44760,.F.);
#44780=EDGE_LOOP('',(#44770,#44700,#44620,#44530));
#44790=FACE_BOUND('',#44780,.T.);
#44800=CARTESIAN_POINT('',(124.93890173317,-50.5251147901442,0.));
#44810=DIRECTION('',(0.,0.,-1.));
#44820=VECTOR('',#44810,1.);
#44830=LINE('',#44800,#44820);
#44840=CARTESIAN_POINT('',(124.93890173317,-50.5251147901442,-570.6));
#44850=VERTEX_POINT('',#44840);
#44860=CARTESIAN_POINT('',(124.93890173317,-50.5251147901442,-579.4));
#44870=VERTEX_POINT('',#44860);
#44880=EDGE_CURVE('',#44850,#44870,#44830,.T.);
#44890=ORIENTED_EDGE('',*,*,#44880,.F.);
#44900=CARTESIAN_POINT('',(121.83890173317,-50.5251147901442,-579.4));
#44910=DIRECTION('',(0.,1.,0.));
#44920=DIRECTION('',(0.,0.,-1.));
#44930=AXIS2_PLACEMENT_3D('',#44900,#44910,#44920);
#44940=CIRCLE('',#44930,3.1);
#44950=CARTESIAN_POINT('',(118.73890173317,-50.5251147901442,-579.4));
#44960=VERTEX_POINT('',#44950);
#44970=EDGE_CURVE('',#44870,#44960,#44940,.T.);
#44980=ORIENTED_EDGE('',*,*,#44970,.F.);
#44990=CARTESIAN_POINT('',(118.73890173317,-50.5251147901442,0.));
#45000=DIRECTION('',(0.,0.,1.));
#45010=VECTOR('',#45000,1.);
#45020=LINE('',#44990,#45010);
#45030=CARTESIAN_POINT('',(118.73890173317,-50.5251147901442,-570.6));
#45040=VERTEX_POINT('',#45030);
#45050=EDGE_CURVE('',#44960,#45040,#45020,.T.);
#45060=ORIENTED_EDGE('',*,*,#45050,.F.);
#45070=CARTESIAN_POINT('',(121.83890173317,-50.5251147901442,-570.6));
#45080=DIRECTION('',(0.,1.,0.));
#45090=DIRECTION('',(0.,0.,-1.));
#45100=AXIS2_PLACEMENT_3D('',#45070,#45080,#45090);
#45110=CIRCLE('',#45100,3.1);
#45120=EDGE_CURVE('',#45040,#44850,#45110,.T.);
#45130=ORIENTED_EDGE('',*,*,#45120,.F.);
#45140=EDGE_LOOP('',(#45130,#45060,#44980,#44890));
#45150=FACE_BOUND('',#45140,.T.);
#45160=CARTESIAN_POINT('',(124.93890173317,-50.5251147901442,0.));
#45170=DIRECTION('',(0.,0.,-1.));
#45180=VECTOR('',#45170,1.);
#45190=LINE('',#45160,#45180);
#45200=CARTESIAN_POINT('',(124.93890173317,-50.5251147901442,79.4));
#45210=VERTEX_POINT('',#45200);
#45220=CARTESIAN_POINT('',(124.93890173317,-50.5251147901442,70.6));
#45230=VERTEX_POINT('',#45220);
#45240=EDGE_CURVE('',#45210,#45230,#45190,.T.);
#45250=ORIENTED_EDGE('',*,*,#45240,.F.);
#45260=CARTESIAN_POINT('',(121.83890173317,-50.5251147901442,70.6));
#45270=DIRECTION('',(0.,1.,0.));
#45280=DIRECTION('',(0.,0.,-1.));
#45290=AXIS2_PLACEMENT_3D('',#45260,#45270,#45280);
#45300=CIRCLE('',#45290,3.1);
#45310=CARTESIAN_POINT('',(118.73890173317,-50.5251147901442,70.6));
#45320=VERTEX_POINT('',#45310);
#45330=EDGE_CURVE('',#45230,#45320,#45300,.T.);
#45340=ORIENTED_EDGE('',*,*,#45330,.F.);
#45350=CARTESIAN_POINT('',(118.73890173317,-50.5251147901442,0.));
#45360=DIRECTION('',(0.,0.,1.));
#45370=VECTOR('',#45360,1.);
#45380=LINE('',#45350,#45370);
#45390=CARTESIAN_POINT('',(118.73890173317,-50.5251147901442,79.4));
#45400=VERTEX_POINT('',#45390);
#45410=EDGE_CURVE('',#45320,#45400,#45380,.T.);
#45420=ORIENTED_EDGE('',*,*,#45410,.F.);
#45430=CARTESIAN_POINT('',(121.83890173317,-50.5251147901442,79.4));
#45440=DIRECTION('',(0.,1.,0.));
#45450=DIRECTION('',(0.,0.,-1.));
#45460=AXIS2_PLACEMENT_3D('',#45430,#45440,#45450);
#45470=CIRCLE('',#45460,3.1);
#45480=EDGE_CURVE('',#45400,#45210,#45470,.T.);
#45490=ORIENTED_EDGE('',*,*,#45480,.F.);
#45500=EDGE_LOOP('',(#45490,#45420,#45340,#45250));
#45510=FACE_BOUND('',#45500,.T.);
#45520=CARTESIAN_POINT('',(121.83890173317,-50.5251147901442,-804.4));
#45530=DIRECTION('',(0.,1.,0.));
#45540=DIRECTION('',(0.,0.,-1.));
#45550=AXIS2_PLACEMENT_3D('',#45520,#45530,#45540);
#45560=CIRCLE('',#45550,3.1);
#45570=CARTESIAN_POINT('',(124.93890173317,-50.5251147901442,-804.4));
#45580=VERTEX_POINT('',#45570);
#45590=CARTESIAN_POINT('',(118.73890173317,-50.5251147901442,-804.4));
#45600=VERTEX_POINT('',#45590);
#45610=EDGE_CURVE('',#45580,#45600,#45560,.T.);
#45620=ORIENTED_EDGE('',*,*,#45610,.F.);
#45630=CARTESIAN_POINT('',(118.73890173317,-50.5251147901442,0.));
#45640=DIRECTION('',(0.,0.,1.));
#45650=VECTOR('',#45640,1.);
#45660=LINE('',#45630,#45650);
#45670=CARTESIAN_POINT('',(118.73890173317,-50.5251147901442,-795.6));
#45680=VERTEX_POINT('',#45670);
#45690=EDGE_CURVE('',#45600,#45680,#45660,.T.);
#45700=ORIENTED_EDGE('',*,*,#45690,.F.);
#45710=CARTESIAN_POINT('',(121.83890173317,-50.5251147901442,-795.6));
#45720=DIRECTION('',(0.,1.,0.));
#45730=DIRECTION('',(0.,0.,-1.));
#45740=AXIS2_PLACEMENT_3D('',#45710,#45720,#45730);
#45750=CIRCLE('',#45740,3.1);
#45760=CARTESIAN_POINT('',(124.93890173317,-50.5251147901442,-795.6));
#45770=VERTEX_POINT('',#45760);
#45780=EDGE_CURVE('',#45680,#45770,#45750,.T.);
#45790=ORIENTED_EDGE('',*,*,#45780,.F.);
#45800=CARTESIAN_POINT('',(124.93890173317,-50.5251147901442,0.));
#45810=DIRECTION('',(0.,0.,-1.));
#45820=VECTOR('',#45810,1.);
#45830=LINE('',#45800,#45820);
#45840=EDGE_CURVE('',#45770,#45580,#45830,.T.);
#45850=ORIENTED_EDGE('',*,*,#45840,.F.);
#45860=EDGE_LOOP('',(#45850,#45790,#45700,#45620));
#45870=FACE_BOUND('',#45860,.T.);
#45880=CARTESIAN_POINT('',(124.93890173317,-50.5251147901442,0.));
#45890=DIRECTION('',(0.,0.,-1.));
#45900=VECTOR('',#45890,1.);
#45910=LINE('',#45880,#45900);
#45920=CARTESIAN_POINT('',(124.93890173317,-50.5251147901442,-1045.6));
#45930=VERTEX_POINT('',#45920);
#45940=CARTESIAN_POINT('',(124.93890173317,-50.5251147901442,-1054.4));
#45950=VERTEX_POINT('',#45940);
#45960=EDGE_CURVE('',#45930,#45950,#45910,.T.);
#45970=ORIENTED_EDGE('',*,*,#45960,.F.);
#45980=CARTESIAN_POINT('',(121.83890173317,-50.5251147901442,-1054.4));
#45990=DIRECTION('',(0.,1.,0.));
#46000=DIRECTION('',(0.,0.,-1.));
#46010=AXIS2_PLACEMENT_3D('',#45980,#45990,#46000);
#46020=CIRCLE('',#46010,3.1);
#46030=CARTESIAN_POINT('',(118.73890173317,-50.5251147901442,-1054.4));
#46040=VERTEX_POINT('',#46030);
#46050=EDGE_CURVE('',#45950,#46040,#46020,.T.);
#46060=ORIENTED_EDGE('',*,*,#46050,.F.);
#46070=CARTESIAN_POINT('',(118.73890173317,-50.5251147901442,0.));
#46080=DIRECTION('',(0.,0.,1.));
#46090=VECTOR('',#46080,1.);
#46100=LINE('',#46070,#46090);
#46110=CARTESIAN_POINT('',(118.73890173317,-50.5251147901442,-1045.6));
#46120=VERTEX_POINT('',#46110);
#46130=EDGE_CURVE('',#46040,#46120,#46100,.T.);
#46140=ORIENTED_EDGE('',*,*,#46130,.F.);
#46150=CARTESIAN_POINT('',(121.83890173317,-50.5251147901442,-1045.6));
#46160=DIRECTION('',(0.,1.,0.));
#46170=DIRECTION('',(0.,0.,-1.));
#46180=AXIS2_PLACEMENT_3D('',#46150,#46160,#46170);
#46190=CIRCLE('',#46180,3.1);
#46200=EDGE_CURVE('',#46120,#45930,#46190,.T.);
#46210=ORIENTED_EDGE('',*,*,#46200,.F.);
#46220=EDGE_LOOP('',(#46210,#46140,#46060,#45970));
#46230=FACE_BOUND('',#46220,.T.);
#46240=CARTESIAN_POINT('',(118.73890173317,-50.5251147901442,0.));
#46250=DIRECTION('',(0.,0.,1.));
#46260=VECTOR('',#46250,1.);
#46270=LINE('',#46240,#46260);
#46280=CARTESIAN_POINT('',(118.73890173317,-50.5251147901442,-1454.4));
#46290=VERTEX_POINT('',#46280);
#46300=CARTESIAN_POINT('',(118.73890173317,-50.5251147901442,-1445.6));
#46310=VERTEX_POINT('',#46300);
#46320=EDGE_CURVE('',#46290,#46310,#46270,.T.);
#46330=ORIENTED_EDGE('',*,*,#46320,.F.);
#46340=CARTESIAN_POINT('',(121.83890173317,-50.5251147901442,-1445.6));
#46350=DIRECTION('',(0.,1.,0.));
#46360=DIRECTION('',(0.,0.,-1.));
#46370=AXIS2_PLACEMENT_3D('',#46340,#46350,#46360);
#46380=CIRCLE('',#46370,3.1);
#46390=CARTESIAN_POINT('',(124.93890173317,-50.5251147901442,-1445.6));
#46400=VERTEX_POINT('',#46390);
#46410=EDGE_CURVE('',#46310,#46400,#46380,.T.);
#46420=ORIENTED_EDGE('',*,*,#46410,.F.);
#46430=CARTESIAN_POINT('',(124.93890173317,-50.5251147901442,0.));
#46440=DIRECTION('',(0.,0.,-1.));
#46450=VECTOR('',#46440,1.);
#46460=LINE('',#46430,#46450);
#46470=CARTESIAN_POINT('',(124.93890173317,-50.5251147901442,-1454.4));
#46480=VERTEX_POINT('',#46470);
#46490=EDGE_CURVE('',#46400,#46480,#46460,.T.);
#46500=ORIENTED_EDGE('',*,*,#46490,.F.);
#46510=CARTESIAN_POINT('',(121.83890173317,-50.5251147901442,-1454.4));
#46520=DIRECTION('',(0.,1.,0.));
#46530=DIRECTION('',(0.,0.,-1.));
#46540=AXIS2_PLACEMENT_3D('',#46510,#46520,#46530);
#46550=CIRCLE('',#46540,3.1);
#46560=EDGE_CURVE('',#46480,#46290,#46550,.T.);
#46570=ORIENTED_EDGE('',*,*,#46560,.F.);
#46580=EDGE_LOOP('',(#46570,#46500,#46420,#46330));
#46590=FACE_BOUND('',#46580,.T.);
#46600=CARTESIAN_POINT('',(124.93890173317,-50.5251147901442,0.));
#46610=DIRECTION('',(0.,0.,-1.));
#46620=VECTOR('',#46610,1.);
#46630=LINE('',#46600,#46620);
#46640=CARTESIAN_POINT('',(124.93890173317,-50.5251147901442,-20.6));
#46650=VERTEX_POINT('',#46640);
#46660=CARTESIAN_POINT('',(124.93890173317,-50.5251147901442,-29.4));
#46670=VERTEX_POINT('',#46660);
#46680=EDGE_CURVE('',#46650,#46670,#46630,.T.);
#46690=ORIENTED_EDGE('',*,*,#46680,.F.);
#46700=CARTESIAN_POINT('',(121.83890173317,-50.5251147901442,-29.4));
#46710=DIRECTION('',(0.,1.,0.));
#46720=DIRECTION('',(0.,0.,-1.));
#46730=AXIS2_PLACEMENT_3D('',#46700,#46710,#46720);
#46740=CIRCLE('',#46730,3.1);
#46750=CARTESIAN_POINT('',(118.73890173317,-50.5251147901442,-29.4));
#46760=VERTEX_POINT('',#46750);
#46770=EDGE_CURVE('',#46670,#46760,#46740,.T.);
#46780=ORIENTED_EDGE('',*,*,#46770,.F.);
#46790=CARTESIAN_POINT('',(118.73890173317,-50.5251147901442,0.));
#46800=DIRECTION('',(0.,0.,1.));
#46810=VECTOR('',#46800,1.);
#46820=LINE('',#46790,#46810);
#46830=CARTESIAN_POINT('',(118.73890173317,-50.5251147901442,-20.6));
#46840=VERTEX_POINT('',#46830);
#46850=EDGE_CURVE('',#46760,#46840,#46820,.T.);
#46860=ORIENTED_EDGE('',*,*,#46850,.F.);
#46870=CARTESIAN_POINT('',(121.83890173317,-50.5251147901442,-20.6));
#46880=DIRECTION('',(0.,1.,0.));
#46890=DIRECTION('',(0.,0.,-1.));
#46900=AXIS2_PLACEMENT_3D('',#46870,#46880,#46890);
#46910=CIRCLE('',#46900,3.1);
#46920=EDGE_CURVE('',#46840,#46650,#46910,.T.);
#46930=ORIENTED_EDGE('',*,*,#46920,.F.);
#46940=EDGE_LOOP('',(#46930,#46860,#46780,#46690));
#46950=FACE_BOUND('',#46940,.T.);
#46960=CARTESIAN_POINT('',(124.93890173317,-50.5251147901442,0.));
#46970=DIRECTION('',(0.,0.,-1.));
#46980=VECTOR('',#46970,1.);
#46990=LINE('',#46960,#46980);
#47000=CARTESIAN_POINT('',(124.93890173317,-50.5251147901442,-220.6));
#47010=VERTEX_POINT('',#47000);
#47020=CARTESIAN_POINT('',(124.93890173317,-50.5251147901442,-229.4));
#47030=VERTEX_POINT('',#47020);
#47040=EDGE_CURVE('',#47010,#47030,#46990,.T.);
#47050=ORIENTED_EDGE('',*,*,#47040,.F.);
#47060=CARTESIAN_POINT('',(121.83890173317,-50.5251147901442,-229.4));
#47070=DIRECTION('',(0.,1.,0.));
#47080=DIRECTION('',(0.,0.,-1.));
#47090=AXIS2_PLACEMENT_3D('',#47060,#47070,#47080);
#47100=CIRCLE('',#47090,3.1);
#47110=CARTESIAN_POINT('',(118.73890173317,-50.5251147901442,-229.4));
#47120=VERTEX_POINT('',#47110);
#47130=EDGE_CURVE('',#47030,#47120,#47100,.T.);
#47140=ORIENTED_EDGE('',*,*,#47130,.F.);
#47150=CARTESIAN_POINT('',(118.73890173317,-50.5251147901442,0.));
#47160=DIRECTION('',(0.,0.,1.));
#47170=VECTOR('',#47160,1.);
#47180=LINE('',#47150,#47170);
#47190=CARTESIAN_POINT('',(118.73890173317,-50.5251147901442,-220.6));
#47200=VERTEX_POINT('',#47190);
#47210=EDGE_CURVE('',#47120,#47200,#47180,.T.);
#47220=ORIENTED_EDGE('',*,*,#47210,.F.);
#47230=CARTESIAN_POINT('',(121.83890173317,-50.5251147901442,-220.6));
#47240=DIRECTION('',(0.,1.,0.));
#47250=DIRECTION('',(0.,0.,-1.));
#47260=AXIS2_PLACEMENT_3D('',#47230,#47240,#47250);
#47270=CIRCLE('',#47260,3.1);
#47280=EDGE_CURVE('',#47200,#47010,#47270,.T.);
#47290=ORIENTED_EDGE('',*,*,#47280,.F.);
#47300=EDGE_LOOP('',(#47290,#47220,#47140,#47050));
#47310=FACE_BOUND('',#47300,.T.);
#47320=CARTESIAN_POINT('',(124.93890173317,-50.5251147901442,0.));
#47330=DIRECTION('',(0.,0.,-1.));
#47340=VECTOR('',#47330,1.);
#47350=LINE('',#47320,#47340);
#47360=CARTESIAN_POINT('',(124.93890173317,-50.5251147901442,-1795.6));
#47370=VERTEX_POINT('',#47360);
#47380=CARTESIAN_POINT('',(124.93890173317,-50.5251147901442,-1804.4));
#47390=VERTEX_POINT('',#47380);
#47400=EDGE_CURVE('',#47370,#47390,#47350,.T.);
#47410=ORIENTED_EDGE('',*,*,#47400,.F.);
#47420=CARTESIAN_POINT('',(121.83890173317,-50.5251147901442,-1804.4));
#47430=DIRECTION('',(0.,1.,0.));
#47440=DIRECTION('',(0.,0.,-1.));
#47450=AXIS2_PLACEMENT_3D('',#47420,#47430,#47440);
#47460=CIRCLE('',#47450,3.1);
#47470=CARTESIAN_POINT('',(118.73890173317,-50.5251147901442,-1804.4));
#47480=VERTEX_POINT('',#47470);
#47490=EDGE_CURVE('',#47390,#47480,#47460,.T.);
#47500=ORIENTED_EDGE('',*,*,#47490,.F.);
#47510=CARTESIAN_POINT('',(118.73890173317,-50.5251147901442,0.));
#47520=DIRECTION('',(0.,0.,1.));
#47530=VECTOR('',#47520,1.);
#47540=LINE('',#47510,#47530);
#47550=CARTESIAN_POINT('',(118.73890173317,-50.5251147901442,-1795.6));
#47560=VERTEX_POINT('',#47550);
#47570=EDGE_CURVE('',#47480,#47560,#47540,.T.);
#47580=ORIENTED_EDGE('',*,*,#47570,.F.);
#47590=CARTESIAN_POINT('',(121.83890173317,-50.5251147901442,-1795.6));
#47600=DIRECTION('',(0.,1.,0.));
#47610=DIRECTION('',(0.,0.,-1.));
#47620=AXIS2_PLACEMENT_3D('',#47590,#47600,#47610);
#47630=CIRCLE('',#47620,3.1);
#47640=EDGE_CURVE('',#47560,#47370,#47630,.T.);
#47650=ORIENTED_EDGE('',*,*,#47640,.F.);
#47660=EDGE_LOOP('',(#47650,#47580,#47500,#47410));
#47670=FACE_BOUND('',#47660,.T.);
#47680=CARTESIAN_POINT('',(121.83890173317,-50.5251147901442,-679.4));
#47690=DIRECTION('',(0.,1.,0.));
#47700=DIRECTION('',(0.,0.,-1.));
#47710=AXIS2_PLACEMENT_3D('',#47680,#47690,#47700);
#47720=CIRCLE('',#47710,3.1);
#47730=CARTESIAN_POINT('',(124.93890173317,-50.5251147901442,-679.4));
#47740=VERTEX_POINT('',#47730);
#47750=CARTESIAN_POINT('',(118.73890173317,-50.5251147901442,-679.4));
#47760=VERTEX_POINT('',#47750);
#47770=EDGE_CURVE('',#47740,#47760,#47720,.T.);
#47780=ORIENTED_EDGE('',*,*,#47770,.F.);
#47790=CARTESIAN_POINT('',(118.73890173317,-50.5251147901442,0.));
#47800=DIRECTION('',(0.,0.,1.));
#47810=VECTOR('',#47800,1.);
#47820=LINE('',#47790,#47810);
#47830=CARTESIAN_POINT('',(118.73890173317,-50.5251147901442,-670.6));
#47840=VERTEX_POINT('',#47830);
#47850=EDGE_CURVE('',#47760,#47840,#47820,.T.);
#47860=ORIENTED_EDGE('',*,*,#47850,.F.);
#47870=CARTESIAN_POINT('',(121.83890173317,-50.5251147901442,-670.6));
#47880=DIRECTION('',(0.,1.,0.));
#47890=DIRECTION('',(0.,0.,-1.));
#47900=AXIS2_PLACEMENT_3D('',#47870,#47880,#47890);
#47910=CIRCLE('',#47900,3.1);
#47920=CARTESIAN_POINT('',(124.93890173317,-50.5251147901442,-670.6));
#47930=VERTEX_POINT('',#47920);
#47940=EDGE_CURVE('',#47840,#47930,#47910,.T.);
#47950=ORIENTED_EDGE('',*,*,#47940,.F.);
#47960=CARTESIAN_POINT('',(124.93890173317,-50.5251147901442,0.));
#47970=DIRECTION('',(0.,0.,-1.));
#47980=VECTOR('',#47970,1.);
#47990=LINE('',#47960,#47980);
#48000=EDGE_CURVE('',#47930,#47740,#47990,.T.);
#48010=ORIENTED_EDGE('',*,*,#48000,.F.);
#48020=EDGE_LOOP('',(#48010,#47950,#47860,#47780));
#48030=FACE_BOUND('',#48020,.T.);
#48040=CARTESIAN_POINT('',(124.93890173317,-50.5251147901442,0.));
#48050=DIRECTION('',(0.,0.,-1.));
#48060=VECTOR('',#48050,1.);
#48070=LINE('',#48040,#48060);
#48080=CARTESIAN_POINT('',(124.93890173317,-50.5251147901442,-1845.6));
#48090=VERTEX_POINT('',#48080);
#48100=CARTESIAN_POINT('',(124.93890173317,-50.5251147901442,-1854.4));
#48110=VERTEX_POINT('',#48100);
#48120=EDGE_CURVE('',#48090,#48110,#48070,.T.);
#48130=ORIENTED_EDGE('',*,*,#48120,.F.);
#48140=CARTESIAN_POINT('',(121.83890173317,-50.5251147901442,-1854.4));
#48150=DIRECTION('',(0.,1.,0.));
#48160=DIRECTION('',(0.,0.,-1.));
#48170=AXIS2_PLACEMENT_3D('',#48140,#48150,#48160);
#48180=CIRCLE('',#48170,3.1);
#48190=CARTESIAN_POINT('',(118.73890173317,-50.5251147901442,-1854.4));
#48200=VERTEX_POINT('',#48190);
#48210=EDGE_CURVE('',#48110,#48200,#48180,.T.);
#48220=ORIENTED_EDGE('',*,*,#48210,.F.);
#48230=CARTESIAN_POINT('',(118.73890173317,-50.5251147901442,0.));
#48240=DIRECTION('',(0.,0.,1.));
#48250=VECTOR('',#48240,1.);
#48260=LINE('',#48230,#48250);
#48270=CARTESIAN_POINT('',(118.73890173317,-50.5251147901442,-1845.6));
#48280=VERTEX_POINT('',#48270);
#48290=EDGE_CURVE('',#48200,#48280,#48260,.T.);
#48300=ORIENTED_EDGE('',*,*,#48290,.F.);
#48310=CARTESIAN_POINT('',(121.83890173317,-50.5251147901442,-1845.6));
#48320=DIRECTION('',(0.,1.,0.));
#48330=DIRECTION('',(0.,0.,-1.));
#48340=AXIS2_PLACEMENT_3D('',#48310,#48320,#48330);
#48350=CIRCLE('',#48340,3.1);
#48360=EDGE_CURVE('',#48280,#48090,#48350,.T.);
#48370=ORIENTED_EDGE('',*,*,#48360,.F.);
#48380=EDGE_LOOP('',(#48370,#48300,#48220,#48130));
#48390=FACE_BOUND('',#48380,.T.);
#48400=CARTESIAN_POINT('',(121.83890173317,-50.5251147901442,-895.6));
#48410=DIRECTION('',(0.,1.,0.));
#48420=DIRECTION('',(0.,0.,-1.));
#48430=AXIS2_PLACEMENT_3D('',#48400,#48410,#48420);
#48440=CIRCLE('',#48430,3.1);
#48450=CARTESIAN_POINT('',(118.73890173317,-50.5251147901442,-895.6));
#48460=VERTEX_POINT('',#48450);
#48470=CARTESIAN_POINT('',(124.93890173317,-50.5251147901442,-895.6));
#48480=VERTEX_POINT('',#48470);
#48490=EDGE_CURVE('',#48460,#48480,#48440,.T.);
#48500=ORIENTED_EDGE('',*,*,#48490,.F.);
#48510=CARTESIAN_POINT('',(124.93890173317,-50.5251147901442,0.));
#48520=DIRECTION('',(0.,0.,-1.));
#48530=VECTOR('',#48520,1.);
#48540=LINE('',#48510,#48530);
#48550=CARTESIAN_POINT('',(124.93890173317,-50.5251147901442,-904.4));
#48560=VERTEX_POINT('',#48550);
#48570=EDGE_CURVE('',#48480,#48560,#48540,.T.);
#48580=ORIENTED_EDGE('',*,*,#48570,.F.);
#48590=CARTESIAN_POINT('',(121.83890173317,-50.5251147901442,-904.4));
#48600=DIRECTION('',(0.,1.,0.));
#48610=DIRECTION('',(0.,0.,-1.));
#48620=AXIS2_PLACEMENT_3D('',#48590,#48600,#48610);
#48630=CIRCLE('',#48620,3.1);
#48640=CARTESIAN_POINT('',(118.73890173317,-50.5251147901442,-904.4));
#48650=VERTEX_POINT('',#48640);
#48660=EDGE_CURVE('',#48560,#48650,#48630,.T.);
#48670=ORIENTED_EDGE('',*,*,#48660,.F.);
#48680=CARTESIAN_POINT('',(118.73890173317,-50.5251147901442,0.));
#48690=DIRECTION('',(0.,0.,1.));
#48700=VECTOR('',#48690,1.);
#48710=LINE('',#48680,#48700);
#48720=EDGE_CURVE('',#48650,#48460,#48710,.T.);
#48730=ORIENTED_EDGE('',*,*,#48720,.F.);
#48740=EDGE_LOOP('',(#48730,#48670,#48580,#48500));
#48750=FACE_BOUND('',#48740,.T.);
#48760=CARTESIAN_POINT('',(121.83890173317,-50.5251147901442,-1320.6));
#48770=DIRECTION('',(0.,1.,0.));
#48780=DIRECTION('',(0.,0.,-1.));
#48790=AXIS2_PLACEMENT_3D('',#48760,#48770,#48780);
#48800=CIRCLE('',#48790,3.1);
#48810=CARTESIAN_POINT('',(118.73890173317,-50.5251147901442,-1320.6));
#48820=VERTEX_POINT('',#48810);
#48830=CARTESIAN_POINT('',(124.93890173317,-50.5251147901442,-1320.6));
#48840=VERTEX_POINT('',#48830);
#48850=EDGE_CURVE('',#48820,#48840,#48800,.T.);
#48860=ORIENTED_EDGE('',*,*,#48850,.F.);
#48870=CARTESIAN_POINT('',(124.93890173317,-50.5251147901442,0.));
#48880=DIRECTION('',(0.,0.,-1.));
#48890=VECTOR('',#48880,1.);
#48900=LINE('',#48870,#48890);
#48910=CARTESIAN_POINT('',(124.93890173317,-50.5251147901442,-1329.4));
#48920=VERTEX_POINT('',#48910);
#48930=EDGE_CURVE('',#48840,#48920,#48900,.T.);
#48940=ORIENTED_EDGE('',*,*,#48930,.F.);
#48950=CARTESIAN_POINT('',(121.83890173317,-50.5251147901442,-1329.4));
#48960=DIRECTION('',(0.,1.,0.));
#48970=DIRECTION('',(0.,0.,-1.));
#48980=AXIS2_PLACEMENT_3D('',#48950,#48960,#48970);
#48990=CIRCLE('',#48980,3.1);
#49000=CARTESIAN_POINT('',(118.73890173317,-50.5251147901442,-1329.4));
#49010=VERTEX_POINT('',#49000);
#49020=EDGE_CURVE('',#48920,#49010,#48990,.T.);
#49030=ORIENTED_EDGE('',*,*,#49020,.F.);
#49040=CARTESIAN_POINT('',(118.73890173317,-50.5251147901442,0.));
#49050=DIRECTION('',(0.,0.,1.));
#49060=VECTOR('',#49050,1.);
#49070=LINE('',#49040,#49060);
#49080=EDGE_CURVE('',#49010,#48820,#49070,.T.);
#49090=ORIENTED_EDGE('',*,*,#49080,.F.);
#49100=EDGE_LOOP('',(#49090,#49030,#48940,#48860));
#49110=FACE_BOUND('',#49100,.T.);
#49120=CARTESIAN_POINT('',(124.93890173317,-50.5251147901442,0.));
#49130=DIRECTION('',(0.,0.,-1.));
#49140=VECTOR('',#49130,1.);
#49150=LINE('',#49120,#49140);
#49160=CARTESIAN_POINT('',(124.93890173317,-50.5251147901442,-1395.6));
#49170=VERTEX_POINT('',#49160);
#49180=CARTESIAN_POINT('',(124.93890173317,-50.5251147901442,-1404.4));
#49190=VERTEX_POINT('',#49180);
#49200=EDGE_CURVE('',#49170,#49190,#49150,.T.);
#49210=ORIENTED_EDGE('',*,*,#49200,.F.);
#49220=CARTESIAN_POINT('',(121.83890173317,-50.5251147901442,-1404.4));
#49230=DIRECTION('',(0.,1.,0.));
#49240=DIRECTION('',(0.,0.,-1.));
#49250=AXIS2_PLACEMENT_3D('',#49220,#49230,#49240);
#49260=CIRCLE('',#49250,3.1);
#49270=CARTESIAN_POINT('',(118.73890173317,-50.5251147901442,-1404.4));
#49280=VERTEX_POINT('',#49270);
#49290=EDGE_CURVE('',#49190,#49280,#49260,.T.);
#49300=ORIENTED_EDGE('',*,*,#49290,.F.);
#49310=CARTESIAN_POINT('',(118.73890173317,-50.5251147901442,0.));
#49320=DIRECTION('',(0.,0.,1.));
#49330=VECTOR('',#49320,1.);
#49340=LINE('',#49310,#49330);
#49350=CARTESIAN_POINT('',(118.73890173317,-50.5251147901442,-1395.6));
#49360=VERTEX_POINT('',#49350);
#49370=EDGE_CURVE('',#49280,#49360,#49340,.T.);
#49380=ORIENTED_EDGE('',*,*,#49370,.F.);
#49390=CARTESIAN_POINT('',(121.83890173317,-50.5251147901442,-1395.6));
#49400=DIRECTION('',(0.,1.,0.));
#49410=DIRECTION('',(0.,0.,-1.));
#49420=AXIS2_PLACEMENT_3D('',#49390,#49400,#49410);
#49430=CIRCLE('',#49420,3.1);
#49440=EDGE_CURVE('',#49360,#49170,#49430,.T.);
#49450=ORIENTED_EDGE('',*,*,#49440,.F.);
#49460=EDGE_LOOP('',(#49450,#49380,#49300,#49210));
#49470=FACE_BOUND('',#49460,.T.);
#49480=CARTESIAN_POINT('',(118.73890173317,-50.5251147901442,0.));
#49490=DIRECTION('',(0.,0.,1.));
#49500=VECTOR('',#49490,1.);
#49510=LINE('',#49480,#49500);
#49520=CARTESIAN_POINT('',(118.73890173317,-50.5251147901442,-1579.4));
#49530=VERTEX_POINT('',#49520);
#49540=CARTESIAN_POINT('',(118.73890173317,-50.5251147901442,-1570.6));
#49550=VERTEX_POINT('',#49540);
#49560=EDGE_CURVE('',#49530,#49550,#49510,.T.);
#49570=ORIENTED_EDGE('',*,*,#49560,.F.);
#49580=CARTESIAN_POINT('',(121.83890173317,-50.5251147901442,-1570.6));
#49590=DIRECTION('',(0.,1.,0.));
#49600=DIRECTION('',(0.,0.,-1.));
#49610=AXIS2_PLACEMENT_3D('',#49580,#49590,#49600);
#49620=CIRCLE('',#49610,3.1);
#49630=CARTESIAN_POINT('',(124.93890173317,-50.5251147901442,-1570.6));
#49640=VERTEX_POINT('',#49630);
#49650=EDGE_CURVE('',#49550,#49640,#49620,.T.);
#49660=ORIENTED_EDGE('',*,*,#49650,.F.);
#49670=CARTESIAN_POINT('',(124.93890173317,-50.5251147901442,0.));
#49680=DIRECTION('',(0.,0.,-1.));
#49690=VECTOR('',#49680,1.);
#49700=LINE('',#49670,#49690);
#49710=CARTESIAN_POINT('',(124.93890173317,-50.5251147901442,-1579.4));
#49720=VERTEX_POINT('',#49710);
#49730=EDGE_CURVE('',#49640,#49720,#49700,.T.);
#49740=ORIENTED_EDGE('',*,*,#49730,.F.);
#49750=CARTESIAN_POINT('',(121.83890173317,-50.5251147901442,-1579.4));
#49760=DIRECTION('',(0.,1.,0.));
#49770=DIRECTION('',(0.,0.,-1.));
#49780=AXIS2_PLACEMENT_3D('',#49750,#49760,#49770);
#49790=CIRCLE('',#49780,3.1);
#49800=EDGE_CURVE('',#49720,#49530,#49790,.T.);
#49810=ORIENTED_EDGE('',*,*,#49800,.F.);
#49820=EDGE_LOOP('',(#49810,#49740,#49660,#49570));
#49830=FACE_BOUND('',#49820,.T.);
#49840=CARTESIAN_POINT('',(121.83890173317,-50.5251147901442,-745.6));
#49850=DIRECTION('',(0.,1.,0.));
#49860=DIRECTION('',(0.,0.,-1.));
#49870=AXIS2_PLACEMENT_3D('',#49840,#49850,#49860);
#49880=CIRCLE('',#49870,3.1);
#49890=CARTESIAN_POINT('',(118.73890173317,-50.5251147901442,-745.6));
#49900=VERTEX_POINT('',#49890);
#49910=CARTESIAN_POINT('',(124.93890173317,-50.5251147901442,-745.6));
#49920=VERTEX_POINT('',#49910);
#49930=EDGE_CURVE('',#49900,#49920,#49880,.T.);
#49940=ORIENTED_EDGE('',*,*,#49930,.F.);
#49950=CARTESIAN_POINT('',(124.93890173317,-50.5251147901442,0.));
#49960=DIRECTION('',(0.,0.,-1.));
#49970=VECTOR('',#49960,1.);
#49980=LINE('',#49950,#49970);
#49990=CARTESIAN_POINT('',(124.93890173317,-50.5251147901442,-754.4));
#50000=VERTEX_POINT('',#49990);
#50010=EDGE_CURVE('',#49920,#50000,#49980,.T.);
#50020=ORIENTED_EDGE('',*,*,#50010,.F.);
#50030=CARTESIAN_POINT('',(121.83890173317,-50.5251147901442,-754.4));
#50040=DIRECTION('',(0.,1.,0.));
#50050=DIRECTION('',(0.,0.,-1.));
#50060=AXIS2_PLACEMENT_3D('',#50030,#50040,#50050);
#50070=CIRCLE('',#50060,3.1);
#50080=CARTESIAN_POINT('',(118.73890173317,-50.5251147901442,-754.4));
#50090=VERTEX_POINT('',#50080);
#50100=EDGE_CURVE('',#50000,#50090,#50070,.T.);
#50110=ORIENTED_EDGE('',*,*,#50100,.F.);
#50120=CARTESIAN_POINT('',(118.73890173317,-50.5251147901442,0.));
#50130=DIRECTION('',(0.,0.,1.));
#50140=VECTOR('',#50130,1.);
#50150=LINE('',#50120,#50140);
#50160=EDGE_CURVE('',#50090,#49900,#50150,.T.);
#50170=ORIENTED_EDGE('',*,*,#50160,.F.);
#50180=EDGE_LOOP('',(#50170,#50110,#50020,#49940));
#50190=FACE_BOUND('',#50180,.T.);
#50200=CARTESIAN_POINT('',(124.93890173317,-50.5251147901442,0.));
#50210=DIRECTION('',(0.,0.,-1.));
#50220=VECTOR('',#50210,1.);
#50230=LINE('',#50200,#50220);
#50240=CARTESIAN_POINT('',(124.93890173317,-50.5251147901442,-95.6));
#50250=VERTEX_POINT('',#50240);
#50260=CARTESIAN_POINT('',(124.93890173317,-50.5251147901442,-104.4));
#50270=VERTEX_POINT('',#50260);
#50280=EDGE_CURVE('',#50250,#50270,#50230,.T.);
#50290=ORIENTED_EDGE('',*,*,#50280,.F.);
#50300=CARTESIAN_POINT('',(121.83890173317,-50.5251147901442,-104.4));
#50310=DIRECTION('',(0.,1.,0.));
#50320=DIRECTION('',(0.,0.,-1.));
#50330=AXIS2_PLACEMENT_3D('',#50300,#50310,#50320);
#50340=CIRCLE('',#50330,3.1);
#50350=CARTESIAN_POINT('',(118.73890173317,-50.5251147901442,-104.4));
#50360=VERTEX_POINT('',#50350);
#50370=EDGE_CURVE('',#50270,#50360,#50340,.T.);
#50380=ORIENTED_EDGE('',*,*,#50370,.F.);
#50390=CARTESIAN_POINT('',(118.73890173317,-50.5251147901442,0.));
#50400=DIRECTION('',(0.,0.,1.));
#50410=VECTOR('',#50400,1.);
#50420=LINE('',#50390,#50410);
#50430=CARTESIAN_POINT('',(118.73890173317,-50.5251147901442,-95.6));
#50440=VERTEX_POINT('',#50430);
#50450=EDGE_CURVE('',#50360,#50440,#50420,.T.);
#50460=ORIENTED_EDGE('',*,*,#50450,.F.);
#50470=CARTESIAN_POINT('',(121.83890173317,-50.5251147901442,-95.6));
#50480=DIRECTION('',(0.,1.,0.));
#50490=DIRECTION('',(0.,0.,-1.));
#50500=AXIS2_PLACEMENT_3D('',#50470,#50480,#50490);
#50510=CIRCLE('',#50500,3.1);
#50520=EDGE_CURVE('',#50440,#50250,#50510,.T.);
#50530=ORIENTED_EDGE('',*,*,#50520,.F.);
#50540=EDGE_LOOP('',(#50530,#50460,#50380,#50290));
#50550=FACE_BOUND('',#50540,.T.);
#50560=CARTESIAN_POINT('',(124.93890173317,-50.5251147901442,0.));
#50570=DIRECTION('',(0.,0.,-1.));
#50580=VECTOR('',#50570,1.);
#50590=LINE('',#50560,#50580);
#50600=CARTESIAN_POINT('',(124.93890173317,-50.5251147901442,
4.39999999999998));
#50610=VERTEX_POINT('',#50600);
#50620=CARTESIAN_POINT('',(124.93890173317,-50.5251147901442,
-4.39999999999998));
#50630=VERTEX_POINT('',#50620);
#50640=EDGE_CURVE('',#50610,#50630,#50590,.T.);
#50650=ORIENTED_EDGE('',*,*,#50640,.F.);
#50660=CARTESIAN_POINT('',(121.83890173317,-50.5251147901442,
-4.39999999999998));
#50670=DIRECTION('',(0.,1.,0.));
#50680=DIRECTION('',(0.,0.,-1.));
#50690=AXIS2_PLACEMENT_3D('',#50660,#50670,#50680);
#50700=CIRCLE('',#50690,3.1);
#50710=CARTESIAN_POINT('',(118.73890173317,-50.5251147901442,
-4.39999999999998));
#50720=VERTEX_POINT('',#50710);
#50730=EDGE_CURVE('',#50630,#50720,#50700,.T.);
#50740=ORIENTED_EDGE('',*,*,#50730,.F.);
#50750=CARTESIAN_POINT('',(118.73890173317,-50.5251147901442,0.));
#50760=DIRECTION('',(0.,0.,1.));
#50770=VECTOR('',#50760,1.);
#50780=LINE('',#50750,#50770);
#50790=CARTESIAN_POINT('',(118.73890173317,-50.5251147901442,
4.39999999999998));
#50800=VERTEX_POINT('',#50790);
#50810=EDGE_CURVE('',#50720,#50800,#50780,.T.);
#50820=ORIENTED_EDGE('',*,*,#50810,.F.);
#50830=CARTESIAN_POINT('',(121.83890173317,-50.5251147901442,
4.39999999999998));
#50840=DIRECTION('',(0.,1.,0.));
#50850=DIRECTION('',(0.,0.,-1.));
#50860=AXIS2_PLACEMENT_3D('',#50830,#50840,#50850);
#50870=CIRCLE('',#50860,3.1);
#50880=EDGE_CURVE('',#50800,#50610,#50870,.T.);
#50890=ORIENTED_EDGE('',*,*,#50880,.F.);
#50900=EDGE_LOOP('',(#50890,#50820,#50740,#50650));
#50910=FACE_BOUND('',#50900,.T.);
#50920=CARTESIAN_POINT('',(121.83890173317,-50.5251147901442,-879.4));
#50930=DIRECTION('',(0.,1.,0.));
#50940=DIRECTION('',(0.,0.,-1.));
#50950=AXIS2_PLACEMENT_3D('',#50920,#50930,#50940);
#50960=CIRCLE('',#50950,3.1);
#50970=CARTESIAN_POINT('',(124.93890173317,-50.5251147901442,-879.4));
#50980=VERTEX_POINT('',#50970);
#50990=CARTESIAN_POINT('',(118.73890173317,-50.5251147901442,-879.4));
#51000=VERTEX_POINT('',#50990);
#51010=EDGE_CURVE('',#50980,#51000,#50960,.T.);
#51020=ORIENTED_EDGE('',*,*,#51010,.F.);
#51030=CARTESIAN_POINT('',(118.73890173317,-50.5251147901442,0.));
#51040=DIRECTION('',(0.,0.,1.));
#51050=VECTOR('',#51040,1.);
#51060=LINE('',#51030,#51050);
#51070=CARTESIAN_POINT('',(118.73890173317,-50.5251147901442,-870.6));
#51080=VERTEX_POINT('',#51070);
#51090=EDGE_CURVE('',#51000,#51080,#51060,.T.);
#51100=ORIENTED_EDGE('',*,*,#51090,.F.);
#51110=CARTESIAN_POINT('',(121.83890173317,-50.5251147901442,-870.6));
#51120=DIRECTION('',(0.,1.,0.));
#51130=DIRECTION('',(0.,0.,-1.));
#51140=AXIS2_PLACEMENT_3D('',#51110,#51120,#51130);
#51150=CIRCLE('',#51140,3.1);
#51160=CARTESIAN_POINT('',(124.93890173317,-50.5251147901442,-870.6));
#51170=VERTEX_POINT('',#51160);
#51180=EDGE_CURVE('',#51080,#51170,#51150,.T.);
#51190=ORIENTED_EDGE('',*,*,#51180,.F.);
#51200=CARTESIAN_POINT('',(124.93890173317,-50.5251147901442,0.));
#51210=DIRECTION('',(0.,0.,-1.));
#51220=VECTOR('',#51210,1.);
#51230=LINE('',#51200,#51220);
#51240=EDGE_CURVE('',#51170,#50980,#51230,.T.);
#51250=ORIENTED_EDGE('',*,*,#51240,.F.);
#51260=EDGE_LOOP('',(#51250,#51190,#51100,#51020));
#51270=FACE_BOUND('',#51260,.T.);
#51280=CARTESIAN_POINT('',(121.83890173317,-50.5251147901442,-820.6));
#51290=DIRECTION('',(0.,1.,0.));
#51300=DIRECTION('',(0.,0.,-1.));
#51310=AXIS2_PLACEMENT_3D('',#51280,#51290,#51300);
#51320=CIRCLE('',#51310,3.1);
#51330=CARTESIAN_POINT('',(118.73890173317,-50.5251147901442,-820.6));
#51340=VERTEX_POINT('',#51330);
#51350=CARTESIAN_POINT('',(124.93890173317,-50.5251147901442,-820.6));
#51360=VERTEX_POINT('',#51350);
#51370=EDGE_CURVE('',#51340,#51360,#51320,.T.);
#51380=ORIENTED_EDGE('',*,*,#51370,.F.);
#51390=CARTESIAN_POINT('',(124.93890173317,-50.5251147901442,0.));
#51400=DIRECTION('',(0.,0.,-1.));
#51410=VECTOR('',#51400,1.);
#51420=LINE('',#51390,#51410);
#51430=CARTESIAN_POINT('',(124.93890173317,-50.5251147901442,-829.4));
#51440=VERTEX_POINT('',#51430);
#51450=EDGE_CURVE('',#51360,#51440,#51420,.T.);
#51460=ORIENTED_EDGE('',*,*,#51450,.F.);
#51470=CARTESIAN_POINT('',(121.83890173317,-50.5251147901442,-829.4));
#51480=DIRECTION('',(0.,1.,0.));
#51490=DIRECTION('',(0.,0.,-1.));
#51500=AXIS2_PLACEMENT_3D('',#51470,#51480,#51490);
#51510=CIRCLE('',#51500,3.1);
#51520=CARTESIAN_POINT('',(118.73890173317,-50.5251147901442,-829.4));
#51530=VERTEX_POINT('',#51520);
#51540=EDGE_CURVE('',#51440,#51530,#51510,.T.);
#51550=ORIENTED_EDGE('',*,*,#51540,.F.);
#51560=CARTESIAN_POINT('',(118.73890173317,-50.5251147901442,0.));
#51570=DIRECTION('',(0.,0.,1.));
#51580=VECTOR('',#51570,1.);
#51590=LINE('',#51560,#51580);
#51600=EDGE_CURVE('',#51530,#51340,#51590,.T.);
#51610=ORIENTED_EDGE('',*,*,#51600,.F.);
#51620=EDGE_LOOP('',(#51610,#51550,#51460,#51380));
#51630=FACE_BOUND('',#51620,.T.);
#51640=CARTESIAN_POINT('',(124.93890173317,-50.5251147901442,0.));
#51650=DIRECTION('',(0.,0.,-1.));
#51660=VECTOR('',#51650,1.);
#51670=LINE('',#51640,#51660);
#51680=CARTESIAN_POINT('',(124.93890173317,-50.5251147901442,-420.6));
#51690=VERTEX_POINT('',#51680);
#51700=CARTESIAN_POINT('',(124.93890173317,-50.5251147901442,-429.4));
#51710=VERTEX_POINT('',#51700);
#51720=EDGE_CURVE('',#51690,#51710,#51670,.T.);
#51730=ORIENTED_EDGE('',*,*,#51720,.F.);
#51740=CARTESIAN_POINT('',(121.83890173317,-50.5251147901442,-429.4));
#51750=DIRECTION('',(0.,1.,0.));
#51760=DIRECTION('',(0.,0.,-1.));
#51770=AXIS2_PLACEMENT_3D('',#51740,#51750,#51760);
#51780=CIRCLE('',#51770,3.1);
#51790=CARTESIAN_POINT('',(118.73890173317,-50.5251147901442,-429.4));
#51800=VERTEX_POINT('',#51790);
#51810=EDGE_CURVE('',#51710,#51800,#51780,.T.);
#51820=ORIENTED_EDGE('',*,*,#51810,.F.);
#51830=CARTESIAN_POINT('',(118.73890173317,-50.5251147901442,0.));
#51840=DIRECTION('',(0.,0.,1.));
#51850=VECTOR('',#51840,1.);
#51860=LINE('',#51830,#51850);
#51870=CARTESIAN_POINT('',(118.73890173317,-50.5251147901442,-420.6));
#51880=VERTEX_POINT('',#51870);
#51890=EDGE_CURVE('',#51800,#51880,#51860,.T.);
#51900=ORIENTED_EDGE('',*,*,#51890,.F.);
#51910=CARTESIAN_POINT('',(121.83890173317,-50.5251147901442,-420.6));
#51920=DIRECTION('',(0.,1.,0.));
#51930=DIRECTION('',(0.,0.,-1.));
#51940=AXIS2_PLACEMENT_3D('',#51910,#51920,#51930);
#51950=CIRCLE('',#51940,3.1);
#51960=EDGE_CURVE('',#51880,#51690,#51950,.T.);
#51970=ORIENTED_EDGE('',*,*,#51960,.F.);
#51980=EDGE_LOOP('',(#51970,#51900,#51820,#51730));
#51990=FACE_BOUND('',#51980,.T.);
#52000=CARTESIAN_POINT('',(124.93890173317,-50.5251147901442,0.));
#52010=DIRECTION('',(0.,0.,-1.));
#52020=VECTOR('',#52010,1.);
#52030=LINE('',#52000,#52020);
#52040=CARTESIAN_POINT('',(124.93890173317,-50.5251147901442,-1095.6));
#52050=VERTEX_POINT('',#52040);
#52060=CARTESIAN_POINT('',(124.93890173317,-50.5251147901442,-1104.4));
#52070=VERTEX_POINT('',#52060);
#52080=EDGE_CURVE('',#52050,#52070,#52030,.T.);
#52090=ORIENTED_EDGE('',*,*,#52080,.F.);
#52100=CARTESIAN_POINT('',(121.83890173317,-50.5251147901442,-1104.4));
#52110=DIRECTION('',(0.,1.,0.));
#52120=DIRECTION('',(0.,0.,-1.));
#52130=AXIS2_PLACEMENT_3D('',#52100,#52110,#52120);
#52140=CIRCLE('',#52130,3.1);
#52150=CARTESIAN_POINT('',(118.73890173317,-50.5251147901442,-1104.4));
#52160=VERTEX_POINT('',#52150);
#52170=EDGE_CURVE('',#52070,#52160,#52140,.T.);
#52180=ORIENTED_EDGE('',*,*,#52170,.F.);
#52190=CARTESIAN_POINT('',(118.73890173317,-50.5251147901442,0.));
#52200=DIRECTION('',(0.,0.,1.));
#52210=VECTOR('',#52200,1.);
#52220=LINE('',#52190,#52210);
#52230=CARTESIAN_POINT('',(118.73890173317,-50.5251147901442,-1095.6));
#52240=VERTEX_POINT('',#52230);
#52250=EDGE_CURVE('',#52160,#52240,#52220,.T.);
#52260=ORIENTED_EDGE('',*,*,#52250,.F.);
#52270=CARTESIAN_POINT('',(121.83890173317,-50.5251147901442,-1095.6));
#52280=DIRECTION('',(0.,1.,0.));
#52290=DIRECTION('',(0.,0.,-1.));
#52300=AXIS2_PLACEMENT_3D('',#52270,#52280,#52290);
#52310=CIRCLE('',#52300,3.1);
#52320=EDGE_CURVE('',#52240,#52050,#52310,.T.);
#52330=ORIENTED_EDGE('',*,*,#52320,.F.);
#52340=EDGE_LOOP('',(#52330,#52260,#52180,#52090));
#52350=FACE_BOUND('',#52340,.T.);
#52360=CARTESIAN_POINT('',(124.93890173317,-50.5251147901442,0.));
#52370=DIRECTION('',(0.,0.,-1.));
#52380=VECTOR('',#52370,1.);
#52390=LINE('',#52360,#52380);
#52400=CARTESIAN_POINT('',(124.93890173317,-50.5251147901442,-520.6));
#52410=VERTEX_POINT('',#52400);
#52420=CARTESIAN_POINT('',(124.93890173317,-50.5251147901442,-529.4));
#52430=VERTEX_POINT('',#52420);
#52440=EDGE_CURVE('',#52410,#52430,#52390,.T.);
#52450=ORIENTED_EDGE('',*,*,#52440,.F.);
#52460=CARTESIAN_POINT('',(121.83890173317,-50.5251147901442,-529.4));
#52470=DIRECTION('',(0.,1.,0.));
#52480=DIRECTION('',(0.,0.,-1.));
#52490=AXIS2_PLACEMENT_3D('',#52460,#52470,#52480);
#52500=CIRCLE('',#52490,3.1);
#52510=CARTESIAN_POINT('',(118.73890173317,-50.5251147901442,-529.4));
#52520=VERTEX_POINT('',#52510);
#52530=EDGE_CURVE('',#52430,#52520,#52500,.T.);
#52540=ORIENTED_EDGE('',*,*,#52530,.F.);
#52550=CARTESIAN_POINT('',(118.73890173317,-50.5251147901442,0.));
#52560=DIRECTION('',(0.,0.,1.));
#52570=VECTOR('',#52560,1.);
#52580=LINE('',#52550,#52570);
#52590=CARTESIAN_POINT('',(118.73890173317,-50.5251147901442,-520.6));
#52600=VERTEX_POINT('',#52590);
#52610=EDGE_CURVE('',#52520,#52600,#52580,.T.);
#52620=ORIENTED_EDGE('',*,*,#52610,.F.);
#52630=CARTESIAN_POINT('',(121.83890173317,-50.5251147901442,-520.6));
#52640=DIRECTION('',(0.,1.,0.));
#52650=DIRECTION('',(0.,0.,-1.));
#52660=AXIS2_PLACEMENT_3D('',#52630,#52640,#52650);
#52670=CIRCLE('',#52660,3.1);
#52680=EDGE_CURVE('',#52600,#52410,#52670,.T.);
#52690=ORIENTED_EDGE('',*,*,#52680,.F.);
#52700=EDGE_LOOP('',(#52690,#52620,#52540,#52450));
#52710=FACE_BOUND('',#52700,.T.);
#52720=CARTESIAN_POINT('',(121.83890173317,-50.5251147901442,-1620.6));
#52730=DIRECTION('',(0.,1.,0.));
#52740=DIRECTION('',(0.,0.,-1.));
#52750=AXIS2_PLACEMENT_3D('',#52720,#52730,#52740);
#52760=CIRCLE('',#52750,3.1);
#52770=CARTESIAN_POINT('',(118.73890173317,-50.5251147901442,-1620.6));
#52780=VERTEX_POINT('',#52770);
#52790=CARTESIAN_POINT('',(124.93890173317,-50.5251147901442,-1620.6));
#52800=VERTEX_POINT('',#52790);
#52810=EDGE_CURVE('',#52780,#52800,#52760,.T.);
#52820=ORIENTED_EDGE('',*,*,#52810,.F.);
#52830=CARTESIAN_POINT('',(124.93890173317,-50.5251147901442,0.));
#52840=DIRECTION('',(0.,0.,-1.));
#52850=VECTOR('',#52840,1.);
#52860=LINE('',#52830,#52850);
#52870=CARTESIAN_POINT('',(124.93890173317,-50.5251147901442,-1629.4));
#52880=VERTEX_POINT('',#52870);
#52890=EDGE_CURVE('',#52800,#52880,#52860,.T.);
#52900=ORIENTED_EDGE('',*,*,#52890,.F.);
#52910=CARTESIAN_POINT('',(121.83890173317,-50.5251147901442,-1629.4));
#52920=DIRECTION('',(0.,1.,0.));
#52930=DIRECTION('',(0.,0.,-1.));
#52940=AXIS2_PLACEMENT_3D('',#52910,#52920,#52930);
#52950=CIRCLE('',#52940,3.1);
#52960=CARTESIAN_POINT('',(118.73890173317,-50.5251147901442,-1629.4));
#52970=VERTEX_POINT('',#52960);
#52980=EDGE_CURVE('',#52880,#52970,#52950,.T.);
#52990=ORIENTED_EDGE('',*,*,#52980,.F.);
#53000=CARTESIAN_POINT('',(118.73890173317,-50.5251147901442,0.));
#53010=DIRECTION('',(0.,0.,1.));
#53020=VECTOR('',#53010,1.);
#53030=LINE('',#53000,#53020);
#53040=EDGE_CURVE('',#52970,#52780,#53030,.T.);
#53050=ORIENTED_EDGE('',*,*,#53040,.F.);
#53060=EDGE_LOOP('',(#53050,#52990,#52900,#52820));
#53070=FACE_BOUND('',#53060,.T.);
#53080=CARTESIAN_POINT('',(118.73890173317,-50.5251147901442,0.));
#53090=DIRECTION('',(0.,0.,1.));
#53100=VECTOR('',#53090,1.);
#53110=LINE('',#53080,#53100);
#53120=CARTESIAN_POINT('',(118.73890173317,-50.5251147901442,-1029.4));
#53130=VERTEX_POINT('',#53120);
#53140=CARTESIAN_POINT('',(118.73890173317,-50.5251147901442,-1020.6));
#53150=VERTEX_POINT('',#53140);
#53160=EDGE_CURVE('',#53130,#53150,#53110,.T.);
#53170=ORIENTED_EDGE('',*,*,#53160,.F.);
#53180=CARTESIAN_POINT('',(121.83890173317,-50.5251147901442,-1020.6));
#53190=DIRECTION('',(0.,1.,0.));
#53200=DIRECTION('',(0.,0.,-1.));
#53210=AXIS2_PLACEMENT_3D('',#53180,#53190,#53200);
#53220=CIRCLE('',#53210,3.1);
#53230=CARTESIAN_POINT('',(124.93890173317,-50.5251147901442,-1020.6));
#53240=VERTEX_POINT('',#53230);
#53250=EDGE_CURVE('',#53150,#53240,#53220,.T.);
#53260=ORIENTED_EDGE('',*,*,#53250,.F.);
#53270=CARTESIAN_POINT('',(124.93890173317,-50.5251147901442,0.));
#53280=DIRECTION('',(0.,0.,-1.));
#53290=VECTOR('',#53280,1.);
#53300=LINE('',#53270,#53290);
#53310=CARTESIAN_POINT('',(124.93890173317,-50.5251147901442,-1029.4));
#53320=VERTEX_POINT('',#53310);
#53330=EDGE_CURVE('',#53240,#53320,#53300,.T.);
#53340=ORIENTED_EDGE('',*,*,#53330,.F.);
#53350=CARTESIAN_POINT('',(121.83890173317,-50.5251147901442,-1029.4));
#53360=DIRECTION('',(0.,1.,0.));
#53370=DIRECTION('',(0.,0.,-1.));
#53380=AXIS2_PLACEMENT_3D('',#53350,#53360,#53370);
#53390=CIRCLE('',#53380,3.1);
#53400=EDGE_CURVE('',#53320,#53130,#53390,.T.);
#53410=ORIENTED_EDGE('',*,*,#53400,.F.);
#53420=EDGE_LOOP('',(#53410,#53340,#53260,#53170));
#53430=FACE_BOUND('',#53420,.T.);
#53440=CARTESIAN_POINT('',(124.93890173317,-50.5251147901442,0.));
#53450=DIRECTION('',(0.,0.,-1.));
#53460=VECTOR('',#53450,1.);
#53470=LINE('',#53440,#53460);
#53480=CARTESIAN_POINT('',(124.93890173317,-50.5251147901442,-1545.6));
#53490=VERTEX_POINT('',#53480);
#53500=CARTESIAN_POINT('',(124.93890173317,-50.5251147901442,-1554.4));
#53510=VERTEX_POINT('',#53500);
#53520=EDGE_CURVE('',#53490,#53510,#53470,.T.);
#53530=ORIENTED_EDGE('',*,*,#53520,.F.);
#53540=CARTESIAN_POINT('',(121.83890173317,-50.5251147901442,-1554.4));
#53550=DIRECTION('',(0.,1.,0.));
#53560=DIRECTION('',(0.,0.,-1.));
#53570=AXIS2_PLACEMENT_3D('',#53540,#53550,#53560);
#53580=CIRCLE('',#53570,3.1);
#53590=CARTESIAN_POINT('',(118.73890173317,-50.5251147901442,-1554.4));
#53600=VERTEX_POINT('',#53590);
#53610=EDGE_CURVE('',#53510,#53600,#53580,.T.);
#53620=ORIENTED_EDGE('',*,*,#53610,.F.);
#53630=CARTESIAN_POINT('',(118.73890173317,-50.5251147901442,0.));
#53640=DIRECTION('',(0.,0.,1.));
#53650=VECTOR('',#53640,1.);
#53660=LINE('',#53630,#53650);
#53670=CARTESIAN_POINT('',(118.73890173317,-50.5251147901442,-1545.6));
#53680=VERTEX_POINT('',#53670);
#53690=EDGE_CURVE('',#53600,#53680,#53660,.T.);
#53700=ORIENTED_EDGE('',*,*,#53690,.F.);
#53710=CARTESIAN_POINT('',(121.83890173317,-50.5251147901442,-1545.6));
#53720=DIRECTION('',(0.,1.,0.));
#53730=DIRECTION('',(0.,0.,-1.));
#53740=AXIS2_PLACEMENT_3D('',#53710,#53720,#53730);
#53750=CIRCLE('',#53740,3.1);
#53760=EDGE_CURVE('',#53680,#53490,#53750,.T.);
#53770=ORIENTED_EDGE('',*,*,#53760,.F.);
#53780=EDGE_LOOP('',(#53770,#53700,#53620,#53530));
#53790=FACE_BOUND('',#53780,.T.);
#53800=CARTESIAN_POINT('',(124.93890173317,-50.5251147901442,0.));
#53810=DIRECTION('',(0.,0.,-1.));
#53820=VECTOR('',#53810,1.);
#53830=LINE('',#53800,#53820);
#53840=CARTESIAN_POINT('',(124.93890173317,-50.5251147901442,-145.6));
#53850=VERTEX_POINT('',#53840);
#53860=CARTESIAN_POINT('',(124.93890173317,-50.5251147901442,-154.4));
#53870=VERTEX_POINT('',#53860);
#53880=EDGE_CURVE('',#53850,#53870,#53830,.T.);
#53890=ORIENTED_EDGE('',*,*,#53880,.F.);
#53900=CARTESIAN_POINT('',(121.83890173317,-50.5251147901442,-154.4));
#53910=DIRECTION('',(0.,1.,0.));
#53920=DIRECTION('',(0.,0.,-1.));
#53930=AXIS2_PLACEMENT_3D('',#53900,#53910,#53920);
#53940=CIRCLE('',#53930,3.1);
#53950=CARTESIAN_POINT('',(118.73890173317,-50.5251147901442,-154.4));
#53960=VERTEX_POINT('',#53950);
#53970=EDGE_CURVE('',#53870,#53960,#53940,.T.);
#53980=ORIENTED_EDGE('',*,*,#53970,.F.);
#53990=CARTESIAN_POINT('',(118.73890173317,-50.5251147901442,0.));
#54000=DIRECTION('',(0.,0.,1.));
#54010=VECTOR('',#54000,1.);
#54020=LINE('',#53990,#54010);
#54030=CARTESIAN_POINT('',(118.73890173317,-50.5251147901442,-145.6));
#54040=VERTEX_POINT('',#54030);
#54050=EDGE_CURVE('',#53960,#54040,#54020,.T.);
#54060=ORIENTED_EDGE('',*,*,#54050,.F.);
#54070=CARTESIAN_POINT('',(121.83890173317,-50.5251147901442,-145.6));
#54080=DIRECTION('',(0.,1.,0.));
#54090=DIRECTION('',(0.,0.,-1.));
#54100=AXIS2_PLACEMENT_3D('',#54070,#54080,#54090);
#54110=CIRCLE('',#54100,3.1);
#54120=EDGE_CURVE('',#54040,#53850,#54110,.T.);
#54130=ORIENTED_EDGE('',*,*,#54120,.F.);
#54140=EDGE_LOOP('',(#54130,#54060,#53980,#53890));
#54150=FACE_BOUND('',#54140,.T.);
#54160=CARTESIAN_POINT('',(121.83890173317,-50.5251147901442,-1245.6));
#54170=DIRECTION('',(0.,1.,0.));
#54180=DIRECTION('',(0.,0.,-1.));
#54190=AXIS2_PLACEMENT_3D('',#54160,#54170,#54180);
#54200=CIRCLE('',#54190,3.1);
#54210=CARTESIAN_POINT('',(118.73890173317,-50.5251147901442,-1245.6));
#54220=VERTEX_POINT('',#54210);
#54230=CARTESIAN_POINT('',(124.93890173317,-50.5251147901442,-1245.6));
#54240=VERTEX_POINT('',#54230);
#54250=EDGE_CURVE('',#54220,#54240,#54200,.T.);
#54260=ORIENTED_EDGE('',*,*,#54250,.F.);
#54270=CARTESIAN_POINT('',(124.93890173317,-50.5251147901442,0.));
#54280=DIRECTION('',(0.,0.,-1.));
#54290=VECTOR('',#54280,1.);
#54300=LINE('',#54270,#54290);
#54310=CARTESIAN_POINT('',(124.93890173317,-50.5251147901442,-1254.4));
#54320=VERTEX_POINT('',#54310);
#54330=EDGE_CURVE('',#54240,#54320,#54300,.T.);
#54340=ORIENTED_EDGE('',*,*,#54330,.F.);
#54350=CARTESIAN_POINT('',(121.83890173317,-50.5251147901442,-1254.4));
#54360=DIRECTION('',(0.,1.,0.));
#54370=DIRECTION('',(0.,0.,-1.));
#54380=AXIS2_PLACEMENT_3D('',#54350,#54360,#54370);
#54390=CIRCLE('',#54380,3.1);
#54400=CARTESIAN_POINT('',(118.73890173317,-50.5251147901442,-1254.4));
#54410=VERTEX_POINT('',#54400);
#54420=EDGE_CURVE('',#54320,#54410,#54390,.T.);
#54430=ORIENTED_EDGE('',*,*,#54420,.F.);
#54440=CARTESIAN_POINT('',(118.73890173317,-50.5251147901442,0.));
#54450=DIRECTION('',(0.,0.,1.));
#54460=VECTOR('',#54450,1.);
#54470=LINE('',#54440,#54460);
#54480=EDGE_CURVE('',#54410,#54220,#54470,.T.);
#54490=ORIENTED_EDGE('',*,*,#54480,.F.);
#54500=EDGE_LOOP('',(#54490,#54430,#54340,#54260));
#54510=FACE_BOUND('',#54500,.T.);
#54520=CARTESIAN_POINT('',(121.83890173317,-50.5251147901442,-1595.6));
#54530=DIRECTION('',(0.,1.,0.));
#54540=DIRECTION('',(0.,0.,-1.));
#54550=AXIS2_PLACEMENT_3D('',#54520,#54530,#54540);
#54560=CIRCLE('',#54550,3.1);
#54570=CARTESIAN_POINT('',(118.73890173317,-50.5251147901442,-1595.6));
#54580=VERTEX_POINT('',#54570);
#54590=CARTESIAN_POINT('',(124.93890173317,-50.5251147901442,-1595.6));
#54600=VERTEX_POINT('',#54590);
#54610=EDGE_CURVE('',#54580,#54600,#54560,.T.);
#54620=ORIENTED_EDGE('',*,*,#54610,.F.);
#54630=CARTESIAN_POINT('',(124.93890173317,-50.5251147901442,0.));
#54640=DIRECTION('',(0.,0.,-1.));
#54650=VECTOR('',#54640,1.);
#54660=LINE('',#54630,#54650);
#54670=CARTESIAN_POINT('',(124.93890173317,-50.5251147901442,-1604.4));
#54680=VERTEX_POINT('',#54670);
#54690=EDGE_CURVE('',#54600,#54680,#54660,.T.);
#54700=ORIENTED_EDGE('',*,*,#54690,.F.);
#54710=CARTESIAN_POINT('',(121.83890173317,-50.5251147901442,-1604.4));
#54720=DIRECTION('',(0.,1.,0.));
#54730=DIRECTION('',(0.,0.,-1.));
#54740=AXIS2_PLACEMENT_3D('',#54710,#54720,#54730);
#54750=CIRCLE('',#54740,3.1);
#54760=CARTESIAN_POINT('',(118.73890173317,-50.5251147901442,-1604.4));
#54770=VERTEX_POINT('',#54760);
#54780=EDGE_CURVE('',#54680,#54770,#54750,.T.);
#54790=ORIENTED_EDGE('',*,*,#54780,.F.);
#54800=CARTESIAN_POINT('',(118.73890173317,-50.5251147901442,0.));
#54810=DIRECTION('',(0.,0.,1.));
#54820=VECTOR('',#54810,1.);
#54830=LINE('',#54800,#54820);
#54840=EDGE_CURVE('',#54770,#54580,#54830,.T.);
#54850=ORIENTED_EDGE('',*,*,#54840,.F.);
#54860=EDGE_LOOP('',(#54850,#54790,#54700,#54620));
#54870=FACE_BOUND('',#54860,.T.);
#54880=CARTESIAN_POINT('',(124.93890173317,-50.5251147901442,0.));
#54890=DIRECTION('',(0.,0.,-1.));
#54900=VECTOR('',#54890,1.);
#54910=LINE('',#54880,#54900);
#54920=CARTESIAN_POINT('',(124.93890173317,-50.5251147901442,-1370.6));
#54930=VERTEX_POINT('',#54920);
#54940=CARTESIAN_POINT('',(124.93890173317,-50.5251147901442,-1379.4));
#54950=VERTEX_POINT('',#54940);
#54960=EDGE_CURVE('',#54930,#54950,#54910,.T.);
#54970=ORIENTED_EDGE('',*,*,#54960,.F.);
#54980=CARTESIAN_POINT('',(121.83890173317,-50.5251147901442,-1379.4));
#54990=DIRECTION('',(0.,1.,0.));
#55000=DIRECTION('',(0.,0.,-1.));
#55010=AXIS2_PLACEMENT_3D('',#54980,#54990,#55000);
#55020=CIRCLE('',#55010,3.1);
#55030=CARTESIAN_POINT('',(118.73890173317,-50.5251147901442,-1379.4));
#55040=VERTEX_POINT('',#55030);
#55050=EDGE_CURVE('',#54950,#55040,#55020,.T.);
#55060=ORIENTED_EDGE('',*,*,#55050,.F.);
#55070=CARTESIAN_POINT('',(118.73890173317,-50.5251147901442,0.));
#55080=DIRECTION('',(0.,0.,1.));
#55090=VECTOR('',#55080,1.);
#55100=LINE('',#55070,#55090);
#55110=CARTESIAN_POINT('',(118.73890173317,-50.5251147901442,-1370.6));
#55120=VERTEX_POINT('',#55110);
#55130=EDGE_CURVE('',#55040,#55120,#55100,.T.);
#55140=ORIENTED_EDGE('',*,*,#55130,.F.);
#55150=CARTESIAN_POINT('',(121.83890173317,-50.5251147901442,-1370.6));
#55160=DIRECTION('',(0.,1.,0.));
#55170=DIRECTION('',(0.,0.,-1.));
#55180=AXIS2_PLACEMENT_3D('',#55150,#55160,#55170);
#55190=CIRCLE('',#55180,3.1);
#55200=EDGE_CURVE('',#55120,#54930,#55190,.T.);
#55210=ORIENTED_EDGE('',*,*,#55200,.F.);
#55220=EDGE_LOOP('',(#55210,#55140,#55060,#54970));
#55230=FACE_BOUND('',#55220,.T.);
#55240=CARTESIAN_POINT('',(124.93890173317,-50.5251147901442,0.));
#55250=DIRECTION('',(0.,0.,-1.));
#55260=VECTOR('',#55250,1.);
#55270=LINE('',#55240,#55260);
#55280=CARTESIAN_POINT('',(124.93890173317,-50.5251147901442,-70.6));
#55290=VERTEX_POINT('',#55280);
#55300=CARTESIAN_POINT('',(124.93890173317,-50.5251147901442,-79.4));
#55310=VERTEX_POINT('',#55300);
#55320=EDGE_CURVE('',#55290,#55310,#55270,.T.);
#55330=ORIENTED_EDGE('',*,*,#55320,.F.);
#55340=CARTESIAN_POINT('',(121.83890173317,-50.5251147901442,-79.4));
#55350=DIRECTION('',(0.,1.,0.));
#55360=DIRECTION('',(0.,0.,-1.));
#55370=AXIS2_PLACEMENT_3D('',#55340,#55350,#55360);
#55380=CIRCLE('',#55370,3.1);
#55390=CARTESIAN_POINT('',(118.73890173317,-50.5251147901442,-79.4));
#55400=VERTEX_POINT('',#55390);
#55410=EDGE_CURVE('',#55310,#55400,#55380,.T.);
#55420=ORIENTED_EDGE('',*,*,#55410,.F.);
#55430=CARTESIAN_POINT('',(118.73890173317,-50.5251147901442,0.));
#55440=DIRECTION('',(0.,0.,1.));
#55450=VECTOR('',#55440,1.);
#55460=LINE('',#55430,#55450);
#55470=CARTESIAN_POINT('',(118.73890173317,-50.5251147901442,-70.6));
#55480=VERTEX_POINT('',#55470);
#55490=EDGE_CURVE('',#55400,#55480,#55460,.T.);
#55500=ORIENTED_EDGE('',*,*,#55490,.F.);
#55510=CARTESIAN_POINT('',(121.83890173317,-50.5251147901442,-70.6));
#55520=DIRECTION('',(0.,1.,0.));
#55530=DIRECTION('',(0.,0.,-1.));
#55540=AXIS2_PLACEMENT_3D('',#55510,#55520,#55530);
#55550=CIRCLE('',#55540,3.1);
#55560=EDGE_CURVE('',#55480,#55290,#55550,.T.);
#55570=ORIENTED_EDGE('',*,*,#55560,.F.);
#55580=EDGE_LOOP('',(#55570,#55500,#55420,#55330));
#55590=FACE_BOUND('',#55580,.T.);
#55600=CARTESIAN_POINT('',(121.83890173317,-50.5251147901442,-195.6));
#55610=DIRECTION('',(0.,1.,0.));
#55620=DIRECTION('',(0.,0.,-1.));
#55630=AXIS2_PLACEMENT_3D('',#55600,#55610,#55620);
#55640=CIRCLE('',#55630,3.1);
#55650=CARTESIAN_POINT('',(118.73890173317,-50.5251147901442,-195.6));
#55660=VERTEX_POINT('',#55650);
#55670=CARTESIAN_POINT('',(124.93890173317,-50.5251147901442,-195.6));
#55680=VERTEX_POINT('',#55670);
#55690=EDGE_CURVE('',#55660,#55680,#55640,.T.);
#55700=ORIENTED_EDGE('',*,*,#55690,.F.);
#55710=CARTESIAN_POINT('',(124.93890173317,-50.5251147901442,0.));
#55720=DIRECTION('',(0.,0.,-1.));
#55730=VECTOR('',#55720,1.);
#55740=LINE('',#55710,#55730);
#55750=CARTESIAN_POINT('',(124.93890173317,-50.5251147901442,-204.4));
#55760=VERTEX_POINT('',#55750);
#55770=EDGE_CURVE('',#55680,#55760,#55740,.T.);
#55780=ORIENTED_EDGE('',*,*,#55770,.F.);
#55790=CARTESIAN_POINT('',(121.83890173317,-50.5251147901442,-204.4));
#55800=DIRECTION('',(0.,1.,0.));
#55810=DIRECTION('',(0.,0.,-1.));
#55820=AXIS2_PLACEMENT_3D('',#55790,#55800,#55810);
#55830=CIRCLE('',#55820,3.1);
#55840=CARTESIAN_POINT('',(118.73890173317,-50.5251147901442,-204.4));
#55850=VERTEX_POINT('',#55840);
#55860=EDGE_CURVE('',#55760,#55850,#55830,.T.);
#55870=ORIENTED_EDGE('',*,*,#55860,.F.);
#55880=CARTESIAN_POINT('',(118.73890173317,-50.5251147901442,0.));
#55890=DIRECTION('',(0.,0.,1.));
#55900=VECTOR('',#55890,1.);
#55910=LINE('',#55880,#55900);
#55920=EDGE_CURVE('',#55850,#55660,#55910,.T.);
#55930=ORIENTED_EDGE('',*,*,#55920,.F.);
#55940=EDGE_LOOP('',(#55930,#55870,#55780,#55700));
#55950=FACE_BOUND('',#55940,.T.);
#55960=CARTESIAN_POINT('',(118.73890173317,-50.5251147901442,0.));
#55970=DIRECTION('',(0.,0.,1.));
#55980=VECTOR('',#55970,1.);
#55990=LINE('',#55960,#55980);
#56000=CARTESIAN_POINT('',(118.73890173317,-50.5251147901442,-979.4));
#56010=VERTEX_POINT('',#56000);
#56020=CARTESIAN_POINT('',(118.73890173317,-50.5251147901442,-970.6));
#56030=VERTEX_POINT('',#56020);
#56040=EDGE_CURVE('',#56010,#56030,#55990,.T.);
#56050=ORIENTED_EDGE('',*,*,#56040,.F.);
#56060=CARTESIAN_POINT('',(121.83890173317,-50.5251147901442,-970.6));
#56070=DIRECTION('',(0.,1.,0.));
#56080=DIRECTION('',(0.,0.,-1.));
#56090=AXIS2_PLACEMENT_3D('',#56060,#56070,#56080);
#56100=CIRCLE('',#56090,3.1);
#56110=CARTESIAN_POINT('',(124.93890173317,-50.5251147901442,-970.6));
#56120=VERTEX_POINT('',#56110);
#56130=EDGE_CURVE('',#56030,#56120,#56100,.T.);
#56140=ORIENTED_EDGE('',*,*,#56130,.F.);
#56150=CARTESIAN_POINT('',(124.93890173317,-50.5251147901442,0.));
#56160=DIRECTION('',(0.,0.,-1.));
#56170=VECTOR('',#56160,1.);
#56180=LINE('',#56150,#56170);
#56190=CARTESIAN_POINT('',(124.93890173317,-50.5251147901442,-979.4));
#56200=VERTEX_POINT('',#56190);
#56210=EDGE_CURVE('',#56120,#56200,#56180,.T.);
#56220=ORIENTED_EDGE('',*,*,#56210,.F.);
#56230=CARTESIAN_POINT('',(121.83890173317,-50.5251147901442,-979.4));
#56240=DIRECTION('',(0.,1.,0.));
#56250=DIRECTION('',(0.,0.,-1.));
#56260=AXIS2_PLACEMENT_3D('',#56230,#56240,#56250);
#56270=CIRCLE('',#56260,3.1);
#56280=EDGE_CURVE('',#56200,#56010,#56270,.T.);
#56290=ORIENTED_EDGE('',*,*,#56280,.F.);
#56300=EDGE_LOOP('',(#56290,#56220,#56140,#56050));
#56310=FACE_BOUND('',#56300,.T.);
#56320=CARTESIAN_POINT('',(124.93890173317,-50.5251147901442,0.));
#56330=DIRECTION('',(0.,0.,-1.));
#56340=VECTOR('',#56330,1.);
#56350=LINE('',#56320,#56340);
#56360=CARTESIAN_POINT('',(124.93890173317,-50.5251147901442,-1495.6));
#56370=VERTEX_POINT('',#56360);
#56380=CARTESIAN_POINT('',(124.93890173317,-50.5251147901442,-1504.4));
#56390=VERTEX_POINT('',#56380);
#56400=EDGE_CURVE('',#56370,#56390,#56350,.T.);
#56410=ORIENTED_EDGE('',*,*,#56400,.F.);
#56420=CARTESIAN_POINT('',(121.83890173317,-50.5251147901442,-1504.4));
#56430=DIRECTION('',(0.,1.,0.));
#56440=DIRECTION('',(0.,0.,-1.));
#56450=AXIS2_PLACEMENT_3D('',#56420,#56430,#56440);
#56460=CIRCLE('',#56450,3.1);
#56470=CARTESIAN_POINT('',(118.73890173317,-50.5251147901442,-1504.4));
#56480=VERTEX_POINT('',#56470);
#56490=EDGE_CURVE('',#56390,#56480,#56460,.T.);
#56500=ORIENTED_EDGE('',*,*,#56490,.F.);
#56510=CARTESIAN_POINT('',(118.73890173317,-50.5251147901442,0.));
#56520=DIRECTION('',(0.,0.,1.));
#56530=VECTOR('',#56520,1.);
#56540=LINE('',#56510,#56530);
#56550=CARTESIAN_POINT('',(118.73890173317,-50.5251147901442,-1495.6));
#56560=VERTEX_POINT('',#56550);
#56570=EDGE_CURVE('',#56480,#56560,#56540,.T.);
#56580=ORIENTED_EDGE('',*,*,#56570,.F.);
#56590=CARTESIAN_POINT('',(121.83890173317,-50.5251147901442,-1495.6));
#56600=DIRECTION('',(0.,1.,0.));
#56610=DIRECTION('',(0.,0.,-1.));
#56620=AXIS2_PLACEMENT_3D('',#56590,#56600,#56610);
#56630=CIRCLE('',#56620,3.1);
#56640=EDGE_CURVE('',#56560,#56370,#56630,.T.);
#56650=ORIENTED_EDGE('',*,*,#56640,.F.);
#56660=EDGE_LOOP('',(#56650,#56580,#56500,#56410));
#56670=FACE_BOUND('',#56660,.T.);
#56680=CARTESIAN_POINT('',(118.73890173317,-50.5251147901442,0.));
#56690=DIRECTION('',(0.,0.,1.));
#56700=VECTOR('',#56690,1.);
#56710=LINE('',#56680,#56700);
#56720=CARTESIAN_POINT('',(118.73890173317,-50.5251147901442,-929.4));
#56730=VERTEX_POINT('',#56720);
#56740=CARTESIAN_POINT('',(118.73890173317,-50.5251147901442,-920.6));
#56750=VERTEX_POINT('',#56740);
#56760=EDGE_CURVE('',#56730,#56750,#56710,.T.);
#56770=ORIENTED_EDGE('',*,*,#56760,.F.);
#56780=CARTESIAN_POINT('',(121.83890173317,-50.5251147901442,-920.6));
#56790=DIRECTION('',(0.,1.,0.));
#56800=DIRECTION('',(0.,0.,-1.));
#56810=AXIS2_PLACEMENT_3D('',#56780,#56790,#56800);
#56820=CIRCLE('',#56810,3.1);
#56830=CARTESIAN_POINT('',(124.93890173317,-50.5251147901442,-920.6));
#56840=VERTEX_POINT('',#56830);
#56850=EDGE_CURVE('',#56750,#56840,#56820,.T.);
#56860=ORIENTED_EDGE('',*,*,#56850,.F.);
#56870=CARTESIAN_POINT('',(124.93890173317,-50.5251147901442,0.));
#56880=DIRECTION('',(0.,0.,-1.));
#56890=VECTOR('',#56880,1.);
#56900=LINE('',#56870,#56890);
#56910=CARTESIAN_POINT('',(124.93890173317,-50.5251147901442,-929.4));
#56920=VERTEX_POINT('',#56910);
#56930=EDGE_CURVE('',#56840,#56920,#56900,.T.);
#56940=ORIENTED_EDGE('',*,*,#56930,.F.);
#56950=CARTESIAN_POINT('',(121.83890173317,-50.5251147901442,-929.4));
#56960=DIRECTION('',(0.,1.,0.));
#56970=DIRECTION('',(0.,0.,-1.));
#56980=AXIS2_PLACEMENT_3D('',#56950,#56960,#56970);
#56990=CIRCLE('',#56980,3.1);
#57000=EDGE_CURVE('',#56920,#56730,#56990,.T.);
#57010=ORIENTED_EDGE('',*,*,#57000,.F.);
#57020=EDGE_LOOP('',(#57010,#56940,#56860,#56770));
#57030=FACE_BOUND('',#57020,.T.);
#57040=CARTESIAN_POINT('',(121.83890173317,-50.5251147901442,-270.6));
#57050=DIRECTION('',(0.,1.,0.));
#57060=DIRECTION('',(0.,0.,-1.));
#57070=AXIS2_PLACEMENT_3D('',#57040,#57050,#57060);
#57080=CIRCLE('',#57070,3.1);
#57090=CARTESIAN_POINT('',(118.73890173317,-50.5251147901442,-270.6));
#57100=VERTEX_POINT('',#57090);
#57110=CARTESIAN_POINT('',(124.93890173317,-50.5251147901442,-270.6));
#57120=VERTEX_POINT('',#57110);
#57130=EDGE_CURVE('',#57100,#57120,#57080,.T.);
#57140=ORIENTED_EDGE('',*,*,#57130,.F.);
#57150=CARTESIAN_POINT('',(124.93890173317,-50.5251147901442,0.));
#57160=DIRECTION('',(0.,0.,-1.));
#57170=VECTOR('',#57160,1.);
#57180=LINE('',#57150,#57170);
#57190=CARTESIAN_POINT('',(124.93890173317,-50.5251147901442,-279.4));
#57200=VERTEX_POINT('',#57190);
#57210=EDGE_CURVE('',#57120,#57200,#57180,.T.);
#57220=ORIENTED_EDGE('',*,*,#57210,.F.);
#57230=CARTESIAN_POINT('',(121.83890173317,-50.5251147901442,-279.4));
#57240=DIRECTION('',(0.,1.,0.));
#57250=DIRECTION('',(0.,0.,-1.));
#57260=AXIS2_PLACEMENT_3D('',#57230,#57240,#57250);
#57270=CIRCLE('',#57260,3.1);
#57280=CARTESIAN_POINT('',(118.73890173317,-50.5251147901442,-279.4));
#57290=VERTEX_POINT('',#57280);
#57300=EDGE_CURVE('',#57200,#57290,#57270,.T.);
#57310=ORIENTED_EDGE('',*,*,#57300,.F.);
#57320=CARTESIAN_POINT('',(118.73890173317,-50.5251147901442,0.));
#57330=DIRECTION('',(0.,0.,1.));
#57340=VECTOR('',#57330,1.);
#57350=LINE('',#57320,#57340);
#57360=EDGE_CURVE('',#57290,#57100,#57350,.T.);
#57370=ORIENTED_EDGE('',*,*,#57360,.F.);
#57380=EDGE_LOOP('',(#57370,#57310,#57220,#57140));
#57390=FACE_BOUND('',#57380,.T.);
#57400=CARTESIAN_POINT('',(124.93890173317,-50.5251147901442,0.));
#57410=DIRECTION('',(0.,0.,-1.));
#57420=VECTOR('',#57410,1.);
#57430=LINE('',#57400,#57420);
#57440=CARTESIAN_POINT('',(124.93890173317,-50.5251147901442,54.4));
#57450=VERTEX_POINT('',#57440);
#57460=CARTESIAN_POINT('',(124.93890173317,-50.5251147901442,45.6));
#57470=VERTEX_POINT('',#57460);
#57480=EDGE_CURVE('',#57450,#57470,#57430,.T.);
#57490=ORIENTED_EDGE('',*,*,#57480,.F.);
#57500=CARTESIAN_POINT('',(121.83890173317,-50.5251147901442,45.6));
#57510=DIRECTION('',(0.,1.,0.));
#57520=DIRECTION('',(0.,0.,-1.));
#57530=AXIS2_PLACEMENT_3D('',#57500,#57510,#57520);
#57540=CIRCLE('',#57530,3.1);
#57550=CARTESIAN_POINT('',(118.73890173317,-50.5251147901442,45.6));
#57560=VERTEX_POINT('',#57550);
#57570=EDGE_CURVE('',#57470,#57560,#57540,.T.);
#57580=ORIENTED_EDGE('',*,*,#57570,.F.);
#57590=CARTESIAN_POINT('',(118.73890173317,-50.5251147901442,0.));
#57600=DIRECTION('',(0.,0.,1.));
#57610=VECTOR('',#57600,1.);
#57620=LINE('',#57590,#57610);
#57630=CARTESIAN_POINT('',(118.73890173317,-50.5251147901442,54.4));
#57640=VERTEX_POINT('',#57630);
#57650=EDGE_CURVE('',#57560,#57640,#57620,.T.);
#57660=ORIENTED_EDGE('',*,*,#57650,.F.);
#57670=CARTESIAN_POINT('',(121.83890173317,-50.5251147901442,54.4));
#57680=DIRECTION('',(0.,1.,0.));
#57690=DIRECTION('',(0.,0.,-1.));
#57700=AXIS2_PLACEMENT_3D('',#57670,#57680,#57690);
#57710=CIRCLE('',#57700,3.1);
#57720=EDGE_CURVE('',#57640,#57450,#57710,.T.);
#57730=ORIENTED_EDGE('',*,*,#57720,.F.);
#57740=EDGE_LOOP('',(#57730,#57660,#57580,#57490));
#57750=FACE_BOUND('',#57740,.T.);
#57760=CARTESIAN_POINT('',(118.73890173317,-50.5251147901442,0.));
#57770=DIRECTION('',(0.,0.,1.));
#57780=VECTOR('',#57770,1.);
#57790=LINE('',#57760,#57780);
#57800=CARTESIAN_POINT('',(118.73890173317,-50.5251147901442,-254.4));
#57810=VERTEX_POINT('',#57800);
#57820=CARTESIAN_POINT('',(118.73890173317,-50.5251147901442,-245.6));
#57830=VERTEX_POINT('',#57820);
#57840=EDGE_CURVE('',#57810,#57830,#57790,.T.);
#57850=ORIENTED_EDGE('',*,*,#57840,.F.);
#57860=CARTESIAN_POINT('',(121.83890173317,-50.5251147901442,-245.6));
#57870=DIRECTION('',(0.,1.,0.));
#57880=DIRECTION('',(0.,0.,-1.));
#57890=AXIS2_PLACEMENT_3D('',#57860,#57870,#57880);
#57900=CIRCLE('',#57890,3.1);
#57910=CARTESIAN_POINT('',(124.93890173317,-50.5251147901442,-245.6));
#57920=VERTEX_POINT('',#57910);
#57930=EDGE_CURVE('',#57830,#57920,#57900,.T.);
#57940=ORIENTED_EDGE('',*,*,#57930,.F.);
#57950=CARTESIAN_POINT('',(124.93890173317,-50.5251147901442,0.));
#57960=DIRECTION('',(0.,0.,-1.));
#57970=VECTOR('',#57960,1.);
#57980=LINE('',#57950,#57970);
#57990=CARTESIAN_POINT('',(124.93890173317,-50.5251147901442,-254.4));
#58000=VERTEX_POINT('',#57990);
#58010=EDGE_CURVE('',#57920,#58000,#57980,.T.);
#58020=ORIENTED_EDGE('',*,*,#58010,.F.);
#58030=CARTESIAN_POINT('',(121.83890173317,-50.5251147901442,-254.4));
#58040=DIRECTION('',(0.,1.,0.));
#58050=DIRECTION('',(0.,0.,-1.));
#58060=AXIS2_PLACEMENT_3D('',#58030,#58040,#58050);
#58070=CIRCLE('',#58060,3.1);
#58080=EDGE_CURVE('',#58000,#57810,#58070,.T.);
#58090=ORIENTED_EDGE('',*,*,#58080,.F.);
#58100=EDGE_LOOP('',(#58090,#58020,#57940,#57850));
#58110=FACE_BOUND('',#58100,.T.);
#58120=CARTESIAN_POINT('',(124.93890173317,-50.5251147901442,0.));
#58130=DIRECTION('',(0.,0.,-1.));
#58140=VECTOR('',#58130,1.);
#58150=LINE('',#58120,#58140);
#58160=CARTESIAN_POINT('',(124.93890173317,-50.5251147901442,-295.6));
#58170=VERTEX_POINT('',#58160);
#58180=CARTESIAN_POINT('',(124.93890173317,-50.5251147901442,-304.4));
#58190=VERTEX_POINT('',#58180);
#58200=EDGE_CURVE('',#58170,#58190,#58150,.T.);
#58210=ORIENTED_EDGE('',*,*,#58200,.F.);
#58220=CARTESIAN_POINT('',(121.83890173317,-50.5251147901442,-304.4));
#58230=DIRECTION('',(0.,1.,0.));
#58240=DIRECTION('',(0.,0.,-1.));
#58250=AXIS2_PLACEMENT_3D('',#58220,#58230,#58240);
#58260=CIRCLE('',#58250,3.1);
#58270=CARTESIAN_POINT('',(118.73890173317,-50.5251147901442,-304.4));
#58280=VERTEX_POINT('',#58270);
#58290=EDGE_CURVE('',#58190,#58280,#58260,.T.);
#58300=ORIENTED_EDGE('',*,*,#58290,.F.);
#58310=CARTESIAN_POINT('',(118.73890173317,-50.5251147901442,0.));
#58320=DIRECTION('',(0.,0.,1.));
#58330=VECTOR('',#58320,1.);
#58340=LINE('',#58310,#58330);
#58350=CARTESIAN_POINT('',(118.73890173317,-50.5251147901442,-295.6));
#58360=VERTEX_POINT('',#58350);
#58370=EDGE_CURVE('',#58280,#58360,#58340,.T.);
#58380=ORIENTED_EDGE('',*,*,#58370,.F.);
#58390=CARTESIAN_POINT('',(121.83890173317,-50.5251147901442,-295.6));
#58400=DIRECTION('',(0.,1.,0.));
#58410=DIRECTION('',(0.,0.,-1.));
#58420=AXIS2_PLACEMENT_3D('',#58390,#58400,#58410);
#58430=CIRCLE('',#58420,3.1);
#58440=EDGE_CURVE('',#58360,#58170,#58430,.T.);
#58450=ORIENTED_EDGE('',*,*,#58440,.F.);
#58460=EDGE_LOOP('',(#58450,#58380,#58300,#58210));
#58470=FACE_BOUND('',#58460,.T.);
#58480=CARTESIAN_POINT('',(121.83890173317,-50.5251147901442,-395.6));
#58490=DIRECTION('',(0.,1.,0.));
#58500=DIRECTION('',(0.,0.,-1.));
#58510=AXIS2_PLACEMENT_3D('',#58480,#58490,#58500);
#58520=CIRCLE('',#58510,3.1);
#58530=CARTESIAN_POINT('',(118.73890173317,-50.5251147901442,-395.6));
#58540=VERTEX_POINT('',#58530);
#58550=CARTESIAN_POINT('',(124.93890173317,-50.5251147901442,-395.6));
#58560=VERTEX_POINT('',#58550);
#58570=EDGE_CURVE('',#58540,#58560,#58520,.T.);
#58580=ORIENTED_EDGE('',*,*,#58570,.F.);
#58590=CARTESIAN_POINT('',(124.93890173317,-50.5251147901442,0.));
#58600=DIRECTION('',(0.,0.,-1.));
#58610=VECTOR('',#58600,1.);
#58620=LINE('',#58590,#58610);
#58630=CARTESIAN_POINT('',(124.93890173317,-50.5251147901442,-404.4));
#58640=VERTEX_POINT('',#58630);
#58650=EDGE_CURVE('',#58560,#58640,#58620,.T.);
#58660=ORIENTED_EDGE('',*,*,#58650,.F.);
#58670=CARTESIAN_POINT('',(121.83890173317,-50.5251147901442,-404.4));
#58680=DIRECTION('',(0.,1.,0.));
#58690=DIRECTION('',(0.,0.,-1.));
#58700=AXIS2_PLACEMENT_3D('',#58670,#58680,#58690);
#58710=CIRCLE('',#58700,3.1);
#58720=CARTESIAN_POINT('',(118.73890173317,-50.5251147901442,-404.4));
#58730=VERTEX_POINT('',#58720);
#58740=EDGE_CURVE('',#58640,#58730,#58710,.T.);
#58750=ORIENTED_EDGE('',*,*,#58740,.F.);
#58760=CARTESIAN_POINT('',(118.73890173317,-50.5251147901442,0.));
#58770=DIRECTION('',(0.,0.,1.));
#58780=VECTOR('',#58770,1.);
#58790=LINE('',#58760,#58780);
#58800=EDGE_CURVE('',#58730,#58540,#58790,.T.);
#58810=ORIENTED_EDGE('',*,*,#58800,.F.);
#58820=EDGE_LOOP('',(#58810,#58750,#58660,#58580));
#58830=FACE_BOUND('',#58820,.T.);
#58840=CARTESIAN_POINT('',(118.73890173317,-50.5251147901442,0.));
#58850=DIRECTION('',(0.,0.,1.));
#58860=VECTOR('',#58850,1.);
#58870=LINE('',#58840,#58860);
#58880=CARTESIAN_POINT('',(118.73890173317,-50.5251147901442,-1129.4));
#58890=VERTEX_POINT('',#58880);
#58900=CARTESIAN_POINT('',(118.73890173317,-50.5251147901442,-1120.6));
#58910=VERTEX_POINT('',#58900);
#58920=EDGE_CURVE('',#58890,#58910,#58870,.T.);
#58930=ORIENTED_EDGE('',*,*,#58920,.F.);
#58940=CARTESIAN_POINT('',(121.83890173317,-50.5251147901442,-1120.6));
#58950=DIRECTION('',(0.,1.,0.));
#58960=DIRECTION('',(0.,0.,-1.));
#58970=AXIS2_PLACEMENT_3D('',#58940,#58950,#58960);
#58980=CIRCLE('',#58970,3.1);
#58990=CARTESIAN_POINT('',(124.93890173317,-50.5251147901442,-1120.6));
#59000=VERTEX_POINT('',#58990);
#59010=EDGE_CURVE('',#58910,#59000,#58980,.T.);
#59020=ORIENTED_EDGE('',*,*,#59010,.F.);
#59030=CARTESIAN_POINT('',(124.93890173317,-50.5251147901442,0.));
#59040=DIRECTION('',(0.,0.,-1.));
#59050=VECTOR('',#59040,1.);
#59060=LINE('',#59030,#59050);
#59070=CARTESIAN_POINT('',(124.93890173317,-50.5251147901442,-1129.4));
#59080=VERTEX_POINT('',#59070);
#59090=EDGE_CURVE('',#59000,#59080,#59060,.T.);
#59100=ORIENTED_EDGE('',*,*,#59090,.F.);
#59110=CARTESIAN_POINT('',(121.83890173317,-50.5251147901442,-1129.4));
#59120=DIRECTION('',(0.,1.,0.));
#59130=DIRECTION('',(0.,0.,-1.));
#59140=AXIS2_PLACEMENT_3D('',#59110,#59120,#59130);
#59150=CIRCLE('',#59140,3.1);
#59160=EDGE_CURVE('',#59080,#58890,#59150,.T.);
#59170=ORIENTED_EDGE('',*,*,#59160,.F.);
#59180=EDGE_LOOP('',(#59170,#59100,#59020,#58930));
#59190=FACE_BOUND('',#59180,.T.);
#59200=CARTESIAN_POINT('',(124.93890173317,-50.5251147901442,0.));
#59210=DIRECTION('',(0.,0.,-1.));
#59220=VECTOR('',#59210,1.);
#59230=LINE('',#59200,#59220);
#59240=CARTESIAN_POINT('',(124.93890173317,-50.5251147901442,-1520.6));
#59250=VERTEX_POINT('',#59240);
#59260=CARTESIAN_POINT('',(124.93890173317,-50.5251147901442,-1529.4));
#59270=VERTEX_POINT('',#59260);
#59280=EDGE_CURVE('',#59250,#59270,#59230,.T.);
#59290=ORIENTED_EDGE('',*,*,#59280,.F.);
#59300=CARTESIAN_POINT('',(121.83890173317,-50.5251147901442,-1529.4));
#59310=DIRECTION('',(0.,1.,0.));
#59320=DIRECTION('',(0.,0.,-1.));
#59330=AXIS2_PLACEMENT_3D('',#59300,#59310,#59320);
#59340=CIRCLE('',#59330,3.1);
#59350=CARTESIAN_POINT('',(118.73890173317,-50.5251147901442,-1529.4));
#59360=VERTEX_POINT('',#59350);
#59370=EDGE_CURVE('',#59270,#59360,#59340,.T.);
#59380=ORIENTED_EDGE('',*,*,#59370,.F.);
#59390=CARTESIAN_POINT('',(118.73890173317,-50.5251147901442,0.));
#59400=DIRECTION('',(0.,0.,1.));
#59410=VECTOR('',#59400,1.);
#59420=LINE('',#59390,#59410);
#59430=CARTESIAN_POINT('',(118.73890173317,-50.5251147901442,-1520.6));
#59440=VERTEX_POINT('',#59430);
#59450=EDGE_CURVE('',#59360,#59440,#59420,.T.);
#59460=ORIENTED_EDGE('',*,*,#59450,.F.);
#59470=CARTESIAN_POINT('',(121.83890173317,-50.5251147901442,-1520.6));
#59480=DIRECTION('',(0.,1.,0.));
#59490=DIRECTION('',(0.,0.,-1.));
#59500=AXIS2_PLACEMENT_3D('',#59470,#59480,#59490);
#59510=CIRCLE('',#59500,3.1);
#59520=EDGE_CURVE('',#59440,#59250,#59510,.T.);
#59530=ORIENTED_EDGE('',*,*,#59520,.F.);
#59540=EDGE_LOOP('',(#59530,#59460,#59380,#59290));
#59550=FACE_BOUND('',#59540,.T.);
#59560=CARTESIAN_POINT('',(124.93890173317,-50.5251147901442,0.));
#59570=DIRECTION('',(0.,0.,-1.));
#59580=VECTOR('',#59570,1.);
#59590=LINE('',#59560,#59580);
#59600=CARTESIAN_POINT('',(124.93890173317,-50.5251147901442,-1820.6));
#59610=VERTEX_POINT('',#59600);
#59620=CARTESIAN_POINT('',(124.93890173317,-50.5251147901442,-1829.4));
#59630=VERTEX_POINT('',#59620);
#59640=EDGE_CURVE('',#59610,#59630,#59590,.T.);
#59650=ORIENTED_EDGE('',*,*,#59640,.F.);
#59660=CARTESIAN_POINT('',(121.83890173317,-50.5251147901442,-1829.4));
#59670=DIRECTION('',(0.,1.,0.));
#59680=DIRECTION('',(0.,0.,-1.));
#59690=AXIS2_PLACEMENT_3D('',#59660,#59670,#59680);
#59700=CIRCLE('',#59690,3.1);
#59710=CARTESIAN_POINT('',(118.73890173317,-50.5251147901442,-1829.4));
#59720=VERTEX_POINT('',#59710);
#59730=EDGE_CURVE('',#59630,#59720,#59700,.T.);
#59740=ORIENTED_EDGE('',*,*,#59730,.F.);
#59750=CARTESIAN_POINT('',(118.73890173317,-50.5251147901442,0.));
#59760=DIRECTION('',(0.,0.,1.));
#59770=VECTOR('',#59760,1.);
#59780=LINE('',#59750,#59770);
#59790=CARTESIAN_POINT('',(118.73890173317,-50.5251147901442,-1820.6));
#59800=VERTEX_POINT('',#59790);
#59810=EDGE_CURVE('',#59720,#59800,#59780,.T.);
#59820=ORIENTED_EDGE('',*,*,#59810,.F.);
#59830=CARTESIAN_POINT('',(121.83890173317,-50.5251147901442,-1820.6));
#59840=DIRECTION('',(0.,1.,0.));
#59850=DIRECTION('',(0.,0.,-1.));
#59860=AXIS2_PLACEMENT_3D('',#59830,#59840,#59850);
#59870=CIRCLE('',#59860,3.1);
#59880=EDGE_CURVE('',#59800,#59610,#59870,.T.);
#59890=ORIENTED_EDGE('',*,*,#59880,.F.);
#59900=EDGE_LOOP('',(#59890,#59820,#59740,#59650));
#59910=FACE_BOUND('',#59900,.T.);
#59920=CARTESIAN_POINT('',(121.83890173317,-50.5251147901442,20.6));
#59930=DIRECTION('',(0.,1.,0.));
#59940=DIRECTION('',(0.,0.,-1.));
#59950=AXIS2_PLACEMENT_3D('',#59920,#59930,#59940);
#59960=CIRCLE('',#59950,3.1);
#59970=CARTESIAN_POINT('',(124.93890173317,-50.5251147901442,20.6));
#59980=VERTEX_POINT('',#59970);
#59990=CARTESIAN_POINT('',(118.73890173317,-50.5251147901442,20.6));
#60000=VERTEX_POINT('',#59990);
#60010=EDGE_CURVE('',#59980,#60000,#59960,.T.);
#60020=ORIENTED_EDGE('',*,*,#60010,.F.);
#60030=CARTESIAN_POINT('',(118.73890173317,-50.5251147901442,0.));
#60040=DIRECTION('',(0.,0.,1.));
#60050=VECTOR('',#60040,1.);
#60060=LINE('',#60030,#60050);
#60070=CARTESIAN_POINT('',(118.73890173317,-50.5251147901442,29.4));
#60080=VERTEX_POINT('',#60070);
#60090=EDGE_CURVE('',#60000,#60080,#60060,.T.);
#60100=ORIENTED_EDGE('',*,*,#60090,.F.);
#60110=CARTESIAN_POINT('',(121.83890173317,-50.5251147901442,29.4));
#60120=DIRECTION('',(0.,1.,0.));
#60130=DIRECTION('',(0.,0.,-1.));
#60140=AXIS2_PLACEMENT_3D('',#60110,#60120,#60130);
#60150=CIRCLE('',#60140,3.1);
#60160=CARTESIAN_POINT('',(124.93890173317,-50.5251147901442,29.4));
#60170=VERTEX_POINT('',#60160);
#60180=EDGE_CURVE('',#60080,#60170,#60150,.T.);
#60190=ORIENTED_EDGE('',*,*,#60180,.F.);
#60200=CARTESIAN_POINT('',(124.93890173317,-50.5251147901442,0.));
#60210=DIRECTION('',(0.,0.,-1.));
#60220=VECTOR('',#60210,1.);
#60230=LINE('',#60200,#60220);
#60240=EDGE_CURVE('',#60170,#59980,#60230,.T.);
#60250=ORIENTED_EDGE('',*,*,#60240,.F.);
#60260=EDGE_LOOP('',(#60250,#60190,#60100,#60020));
#60270=FACE_BOUND('',#60260,.T.);
#60280=CARTESIAN_POINT('',(124.93890173317,-50.5251147901442,0.));
#60290=DIRECTION('',(0.,0.,-1.));
#60300=VECTOR('',#60290,1.);
#60310=LINE('',#60280,#60300);
#60320=CARTESIAN_POINT('',(124.93890173317,-50.5251147901442,-45.6));
#60330=VERTEX_POINT('',#60320);
#60340=CARTESIAN_POINT('',(124.93890173317,-50.5251147901442,-54.4));
#60350=VERTEX_POINT('',#60340);
#60360=EDGE_CURVE('',#60330,#60350,#60310,.T.);
#60370=ORIENTED_EDGE('',*,*,#60360,.F.);
#60380=CARTESIAN_POINT('',(121.83890173317,-50.5251147901442,-54.4));
#60390=DIRECTION('',(0.,1.,0.));
#60400=DIRECTION('',(0.,0.,-1.));
#60410=AXIS2_PLACEMENT_3D('',#60380,#60390,#60400);
#60420=CIRCLE('',#60410,3.1);
#60430=CARTESIAN_POINT('',(118.73890173317,-50.5251147901442,-54.4));
#60440=VERTEX_POINT('',#60430);
#60450=EDGE_CURVE('',#60350,#60440,#60420,.T.);
#60460=ORIENTED_EDGE('',*,*,#60450,.F.);
#60470=CARTESIAN_POINT('',(118.73890173317,-50.5251147901442,0.));
#60480=DIRECTION('',(0.,0.,1.));
#60490=VECTOR('',#60480,1.);
#60500=LINE('',#60470,#60490);
#60510=CARTESIAN_POINT('',(118.73890173317,-50.5251147901442,-45.6));
#60520=VERTEX_POINT('',#60510);
#60530=EDGE_CURVE('',#60440,#60520,#60500,.T.);
#60540=ORIENTED_EDGE('',*,*,#60530,.F.);
#60550=CARTESIAN_POINT('',(121.83890173317,-50.5251147901442,-45.6));
#60560=DIRECTION('',(0.,1.,0.));
#60570=DIRECTION('',(0.,0.,-1.));
#60580=AXIS2_PLACEMENT_3D('',#60550,#60560,#60570);
#60590=CIRCLE('',#60580,3.1);
#60600=EDGE_CURVE('',#60520,#60330,#60590,.T.);
#60610=ORIENTED_EDGE('',*,*,#60600,.F.);
#60620=EDGE_LOOP('',(#60610,#60540,#60460,#60370));
#60630=FACE_BOUND('',#60620,.T.);
#60640=CARTESIAN_POINT('',(124.93890173317,-50.5251147901442,0.));
#60650=DIRECTION('',(0.,0.,-1.));
#60660=VECTOR('',#60650,1.);
#60670=LINE('',#60640,#60660);
#60680=CARTESIAN_POINT('',(124.93890173317,-50.5251147901442,-945.6));
#60690=VERTEX_POINT('',#60680);
#60700=CARTESIAN_POINT('',(124.93890173317,-50.5251147901442,-954.4));
#60710=VERTEX_POINT('',#60700);
#60720=EDGE_CURVE('',#60690,#60710,#60670,.T.);
#60730=ORIENTED_EDGE('',*,*,#60720,.F.);
#60740=CARTESIAN_POINT('',(121.83890173317,-50.5251147901442,-954.4));
#60750=DIRECTION('',(0.,1.,0.));
#60760=DIRECTION('',(0.,0.,-1.));
#60770=AXIS2_PLACEMENT_3D('',#60740,#60750,#60760);
#60780=CIRCLE('',#60770,3.1);
#60790=CARTESIAN_POINT('',(118.73890173317,-50.5251147901442,-954.4));
#60800=VERTEX_POINT('',#60790);
#60810=EDGE_CURVE('',#60710,#60800,#60780,.T.);
#60820=ORIENTED_EDGE('',*,*,#60810,.F.);
#60830=CARTESIAN_POINT('',(118.73890173317,-50.5251147901442,0.));
#60840=DIRECTION('',(0.,0.,1.));
#60850=VECTOR('',#60840,1.);
#60860=LINE('',#60830,#60850);
#60870=CARTESIAN_POINT('',(118.73890173317,-50.5251147901442,-945.6));
#60880=VERTEX_POINT('',#60870);
#60890=EDGE_CURVE('',#60800,#60880,#60860,.T.);
#60900=ORIENTED_EDGE('',*,*,#60890,.F.);
#60910=CARTESIAN_POINT('',(121.83890173317,-50.5251147901442,-945.6));
#60920=DIRECTION('',(0.,1.,0.));
#60930=DIRECTION('',(0.,0.,-1.));
#60940=AXIS2_PLACEMENT_3D('',#60910,#60920,#60930);
#60950=CIRCLE('',#60940,3.1);
#60960=EDGE_CURVE('',#60880,#60690,#60950,.T.);
#60970=ORIENTED_EDGE('',*,*,#60960,.F.);
#60980=EDGE_LOOP('',(#60970,#60900,#60820,#60730));
#60990=FACE_BOUND('',#60980,.T.);
#61000=CARTESIAN_POINT('',(121.83890173317,-50.5251147901442,-1354.4));
#61010=DIRECTION('',(0.,1.,0.));
#61020=DIRECTION('',(0.,0.,-1.));
#61030=AXIS2_PLACEMENT_3D('',#61000,#61010,#61020);
#61040=CIRCLE('',#61030,3.1);
#61050=CARTESIAN_POINT('',(124.93890173317,-50.5251147901442,-1354.4));
#61060=VERTEX_POINT('',#61050);
#61070=CARTESIAN_POINT('',(118.73890173317,-50.5251147901442,-1354.4));
#61080=VERTEX_POINT('',#61070);
#61090=EDGE_CURVE('',#61060,#61080,#61040,.T.);
#61100=ORIENTED_EDGE('',*,*,#61090,.F.);
#61110=CARTESIAN_POINT('',(118.73890173317,-50.5251147901442,0.));
#61120=DIRECTION('',(0.,0.,1.));
#61130=VECTOR('',#61120,1.);
#61140=LINE('',#61110,#61130);
#61150=CARTESIAN_POINT('',(118.73890173317,-50.5251147901442,-1345.6));
#61160=VERTEX_POINT('',#61150);
#61170=EDGE_CURVE('',#61080,#61160,#61140,.T.);
#61180=ORIENTED_EDGE('',*,*,#61170,.F.);
#61190=CARTESIAN_POINT('',(121.83890173317,-50.5251147901442,-1345.6));
#61200=DIRECTION('',(0.,1.,0.));
#61210=DIRECTION('',(0.,0.,-1.));
#61220=AXIS2_PLACEMENT_3D('',#61190,#61200,#61210);
#61230=CIRCLE('',#61220,3.1);
#61240=CARTESIAN_POINT('',(124.93890173317,-50.5251147901442,-1345.6));
#61250=VERTEX_POINT('',#61240);
#61260=EDGE_CURVE('',#61160,#61250,#61230,.T.);
#61270=ORIENTED_EDGE('',*,*,#61260,.F.);
#61280=CARTESIAN_POINT('',(124.93890173317,-50.5251147901442,0.));
#61290=DIRECTION('',(0.,0.,-1.));
#61300=VECTOR('',#61290,1.);
#61310=LINE('',#61280,#61300);
#61320=EDGE_CURVE('',#61250,#61060,#61310,.T.);
#61330=ORIENTED_EDGE('',*,*,#61320,.F.);
#61340=EDGE_LOOP('',(#61330,#61270,#61180,#61100));
#61350=FACE_BOUND('',#61340,.T.);
#61360=CARTESIAN_POINT('',(134.33890173317,-50.5251147901442,0.));
#61370=DIRECTION('',(0.,0.,-1.));
#61380=VECTOR('',#61370,1.);
#61390=LINE('',#61360,#61380);
#61400=CARTESIAN_POINT('',(134.33890173317,-50.5251147901442,-1900.));
#61410=VERTEX_POINT('',#61400);
#61420=EDGE_CURVE('',#290,#61410,#61390,.T.);
#61430=ORIENTED_EDGE('',*,*,#61420,.T.);
#61440=ORIENTED_EDGE('',*,*,#300,.F.);
#61450=CARTESIAN_POINT('',(124.93890173317,-50.5251147901442,0.));
#61460=DIRECTION('',(0.,0.,-1.));
#61470=VECTOR('',#61460,1.);
#61480=LINE('',#61450,#61470);
#61490=CARTESIAN_POINT('',(124.93890173317,-50.5251147901442,95.6));
#61500=VERTEX_POINT('',#61490);
#61510=EDGE_CURVE('',#210,#61500,#61480,.T.);
#61520=ORIENTED_EDGE('',*,*,#61510,.F.);
#61530=CARTESIAN_POINT('',(121.83890173317,-50.5251147901442,95.6));
#61540=DIRECTION('',(0.,1.,0.));
#61550=DIRECTION('',(0.,0.,-1.));
#61560=AXIS2_PLACEMENT_3D('',#61530,#61540,#61550);
#61570=CIRCLE('',#61560,3.1);
#61580=CARTESIAN_POINT('',(118.73890173317,-50.5251147901442,95.6));
#61590=VERTEX_POINT('',#61580);
#61600=EDGE_CURVE('',#61500,#61590,#61570,.T.);
#61610=ORIENTED_EDGE('',*,*,#61600,.F.);
#61620=CARTESIAN_POINT('',(118.73890173317,-50.5251147901442,0.));
#61630=DIRECTION('',(0.,0.,1.));
#61640=VECTOR('',#61630,1.);
#61650=LINE('',#61620,#61640);
#61660=EDGE_CURVE('',#61590,#1630,#61650,.T.);
#61670=ORIENTED_EDGE('',*,*,#61660,.F.);
#61680=ORIENTED_EDGE('',*,*,#1640,.F.);
#61690=CARTESIAN_POINT('',(109.338901733169,-50.5251147901442,0.));
#61700=DIRECTION('',(0.,0.,-1.));
#61710=VECTOR('',#61700,1.);
#61720=LINE('',#61690,#61710);
#61730=CARTESIAN_POINT('',(109.338901733169,-50.5251147901442,-1900.));
#61740=VERTEX_POINT('',#61730);
#61750=EDGE_CURVE('',#1590,#61740,#61720,.T.);
#61760=ORIENTED_EDGE('',*,*,#61750,.F.);
#61770=CARTESIAN_POINT('',(0.,-50.5251147901442,-1900.));
#61780=DIRECTION('',(1.,0.,0.));
#61790=VECTOR('',#61780,1.);
#61800=LINE('',#61770,#61790);
#61810=EDGE_CURVE('',#61740,#2800,#61800,.T.);
#61820=ORIENTED_EDGE('',*,*,#61810,.F.);
#61830=ORIENTED_EDGE('',*,*,#2810,.F.);
#61840=ORIENTED_EDGE('',*,*,#2570,.F.);
#61850=ORIENTED_EDGE('',*,*,#2170,.F.);
#61860=EDGE_CURVE('',#2100,#61410,#61800,.T.);
#61870=ORIENTED_EDGE('',*,*,#61860,.F.);
#61880=EDGE_LOOP('',(#61870,#61850,#61840,#61830,#61820,#61760,#61680,
#61670,#61610,#61520,#61440,#61430));
#61890=FACE_OUTER_BOUND('',#61880,.T.);
#61900=ADVANCED_FACE('',(#33270,#33630,#33990,#34350,#34710,#35070,
#35430,#35790,#36150,#36510,#36870,#37230,#37590,#37950,#38310,#38670,
#39030,#39390,#39750,#40110,#40470,#40830,#41190,#41550,#41910,#42270,
#42630,#42990,#43350,#43710,#44070,#44430,#44790,#45150,#45510,#45870,
#46230,#46590,#46950,#47310,#47670,#48030,#48390,#48750,#49110,#49470,
#49830,#50190,#50550,#50910,#51270,#51630,#51990,#52350,#52710,#53070,
#53430,#53790,#54150,#54510,#54870,#55230,#55590,#55950,#56310,#56670,
#57030,#57390,#57750,#58110,#58470,#58830,#59190,#59550,#59910,#60270,
#60630,#60990,#61350,#61890),#32910,.T.);
#61910=COLOUR_RGB('',0.823529481887817,0.823529481887817,
0.784313797950745);
#61920=FILL_AREA_STYLE_COLOUR('',#61910);
#61930=FILL_AREA_STYLE('',(#61920));
#61940=SURFACE_STYLE_FILL_AREA(#61930);
#61950=SURFACE_SIDE_STYLE('',(#61940));
#61960=SURFACE_STYLE_USAGE(.BOTH.,#61950);
#61970=PRESENTATION_STYLE_ASSIGNMENT((#61960));
#61980=CARTESIAN_POINT('',(135.33890173317,-45.8251147901442,0.));
#61990=DIRECTION('',(1.,0.,0.));
#62000=DIRECTION('',(0.,-1.,0.));
#62010=AXIS2_PLACEMENT_3D('',#61980,#61990,#62000);
#62020=PLANE('',#62010);
#62030=ORIENTED_EDGE('',*,*,#32750,.T.);
#62040=ORIENTED_EDGE('',*,*,#860,.F.);
#62050=CARTESIAN_POINT('',(135.33890173317,-45.8251147901442,0.));
#62060=DIRECTION('',(0.,0.,-1.));
#62070=VECTOR('',#62060,1.);
#62080=LINE('',#62050,#62070);
#62090=CARTESIAN_POINT('',(135.33890173317,-45.8251147901442,-1900.));
#62100=VERTEX_POINT('',#62090);
#62110=EDGE_CURVE('',#790,#62100,#62080,.T.);
#62120=ORIENTED_EDGE('',*,*,#62110,.F.);
#62130=CARTESIAN_POINT('',(135.33890173317,0.,-1900.));
#62140=DIRECTION('',(0.,-1.,0.));
#62150=VECTOR('',#62140,1.);
#62160=LINE('',#62130,#62150);
#62170=EDGE_CURVE('',#62100,#32370,#62160,.T.);
#62180=ORIENTED_EDGE('',*,*,#62170,.F.);
#62190=EDGE_LOOP('',(#62180,#62120,#62040,#62030));
#62200=FACE_OUTER_BOUND('',#62190,.T.);
#62210=ADVANCED_FACE('',(#62200),#62020,.T.);
#62220=COLOUR_RGB('',0.823529481887817,0.823529481887817,
0.784313797950745);
#62230=FILL_AREA_STYLE_COLOUR('',#62220);
#62240=FILL_AREA_STYLE('',(#62230));
#62250=SURFACE_STYLE_FILL_AREA(#62240);
#62260=SURFACE_SIDE_STYLE('',(#62250));
#62270=SURFACE_STYLE_USAGE(.BOTH.,#62260);
#62280=PRESENTATION_STYLE_ASSIGNMENT((#62270));
#62290=CARTESIAN_POINT('',(104.338901733169,-44.0251147901442,0.));
#62300=DIRECTION('',(-0.,1.,0.));
#62310=DIRECTION('',(1.,0.,0.));
#62320=AXIS2_PLACEMENT_3D('',#62290,#62300,#62310);
#62330=PLANE('',#62320);
#62340=ORIENTED_EDGE('',*,*,#1430,.F.);
#62350=ORIENTED_EDGE('',*,*,#3640,.F.);
#62360=CARTESIAN_POINT('',(0.,-44.0251147901442,-1900.));
#62370=DIRECTION('',(1.,0.,0.));
#62380=VECTOR('',#62370,1.);
#62390=LINE('',#62360,#62380);
#62400=CARTESIAN_POINT('',(107.53890173317,-44.0251147901442,-1900.));
#62410=VERTEX_POINT('',#62400);
#62420=EDGE_CURVE('',#3550,#62410,#62390,.T.);
#62430=ORIENTED_EDGE('',*,*,#62420,.F.);
#62440=CARTESIAN_POINT('',(107.53890173317,-44.0251147901442,0.));
#62450=DIRECTION('',(0.,0.,-1.));
#62460=VECTOR('',#62450,1.);
#62470=LINE('',#62440,#62460);
#62480=EDGE_CURVE('',#1420,#62410,#62470,.T.);
#62490=ORIENTED_EDGE('',*,*,#62480,.T.);
#62500=EDGE_LOOP('',(#62490,#62430,#62350,#62340));
#62510=FACE_OUTER_BOUND('',#62500,.T.);
#62520=ADVANCED_FACE('',(#62510),#62330,.T.);
#62530=COLOUR_RGB('',0.823529481887817,0.823529481887817,
0.784313797950745);
#62540=FILL_AREA_STYLE_COLOUR('',#62530);
#62550=FILL_AREA_STYLE('',(#62540));
#62560=SURFACE_STYLE_FILL_AREA(#62550);
#62570=SURFACE_SIDE_STYLE('',(#62560));
#62580=SURFACE_STYLE_USAGE(.BOTH.,#62570);
#62590=PRESENTATION_STYLE_ASSIGNMENT((#62580));
#62600=CARTESIAN_POINT('',(139.33890173317,-45.0251147901442,0.));
#62610=DIRECTION('',(-0.,-1.,-0.));
#62620=DIRECTION('',(-1.,0.,0.));
#62630=AXIS2_PLACEMENT_3D('',#62600,#62610,#62620);
#62640=PLANE('',#62630);
#62650=ORIENTED_EDGE('',*,*,#710,.F.);
#62660=CARTESIAN_POINT('',(139.33890173317,-45.0251147901442,0.));
#62670=DIRECTION('',(0.,0.,-1.));
#62680=VECTOR('',#62670,1.);
#62690=LINE('',#62660,#62680);
#62700=CARTESIAN_POINT('',(139.33890173317,-45.0251147901442,-1900.));
#62710=VERTEX_POINT('',#62700);
#62720=EDGE_CURVE('',#620,#62710,#62690,.T.);
#62730=ORIENTED_EDGE('',*,*,#62720,.F.);
#62740=CARTESIAN_POINT('',(0.,-45.0251147901442,-1900.));
#62750=DIRECTION('',(-1.,0.,0.));
#62760=VECTOR('',#62750,1.);
#62770=LINE('',#62740,#62760);
#62780=CARTESIAN_POINT('',(136.13890173317,-45.0251147901442,-1900.));
#62790=VERTEX_POINT('',#62780);
#62800=EDGE_CURVE('',#62710,#62790,#62770,.T.);
#62810=ORIENTED_EDGE('',*,*,#62800,.F.);
#62820=CARTESIAN_POINT('',(136.13890173317,-45.0251147901442,0.));
#62830=DIRECTION('',(0.,0.,-1.));
#62840=VECTOR('',#62830,1.);
#62850=LINE('',#62820,#62840);
#62860=EDGE_CURVE('',#700,#62790,#62850,.T.);
#62870=ORIENTED_EDGE('',*,*,#62860,.T.);
#62880=EDGE_LOOP('',(#62870,#62810,#62730,#62650));
#62890=FACE_OUTER_BOUND('',#62880,.T.);
#62900=ADVANCED_FACE('',(#62890),#62640,.T.);
#62910=COLOUR_RGB('',0.823529481887817,0.823529481887817,
0.784313797950745);
#62920=FILL_AREA_STYLE_COLOUR('',#62910);
#62930=FILL_AREA_STYLE('',(#62920));
#62940=SURFACE_STYLE_FILL_AREA(#62930);
#62950=SURFACE_SIDE_STYLE('',(#62940));
#62960=SURFACE_STYLE_USAGE(.BOTH.,#62950);
#62970=PRESENTATION_STYLE_ASSIGNMENT((#62960));
#62980=CARTESIAN_POINT('',(139.33890173317,-44.0251147901442,0.));
#62990=DIRECTION('',(1.,0.,0.));
#63000=DIRECTION('',(0.,-1.,0.));
#63010=AXIS2_PLACEMENT_3D('',#62980,#62990,#63000);
#63020=PLANE('',#63010);
#63030=CARTESIAN_POINT('',(139.33890173317,0.,-1900.));
#63040=DIRECTION('',(0.,-1.,0.));
#63050=VECTOR('',#63040,1.);
#63060=LINE('',#63030,#63050);
#63070=CARTESIAN_POINT('',(139.33890173317,-44.0251147901442,-1900.));
#63080=VERTEX_POINT('',#63070);
#63090=EDGE_CURVE('',#63080,#62710,#63060,.T.);
#63100=ORIENTED_EDGE('',*,*,#63090,.F.);
#63110=ORIENTED_EDGE('',*,*,#62720,.T.);
#63120=ORIENTED_EDGE('',*,*,#630,.F.);
#63130=CARTESIAN_POINT('',(139.33890173317,-44.0251147901442,-200.));
#63140=DIRECTION('',(0.,0.,-1.));
#63150=VECTOR('',#63140,1.);
#63160=LINE('',#63130,#63150);
#63170=EDGE_CURVE('',#540,#63080,#63160,.T.);
#63180=ORIENTED_EDGE('',*,*,#63170,.F.);
#63190=EDGE_LOOP('',(#63180,#63120,#63110,#63100));
#63200=FACE_OUTER_BOUND('',#63190,.T.);
#63210=ADVANCED_FACE('',(#63200),#63020,.T.);
#63220=COLOUR_RGB('',0.823529481887817,0.823529481887817,
0.784313797950745);
#63230=FILL_AREA_STYLE_COLOUR('',#63220);
#63240=FILL_AREA_STYLE('',(#63230));
#63250=SURFACE_STYLE_FILL_AREA(#63240);
#63260=SURFACE_SIDE_STYLE('',(#63250));
#63270=SURFACE_STYLE_USAGE(.BOTH.,#63260);
#63280=PRESENTATION_STYLE_ASSIGNMENT((#63270));
#63290=CARTESIAN_POINT('',(136.138901733169,-44.0251147901442,0.));
#63300=DIRECTION('',(-0.,1.,0.));
#63310=DIRECTION('',(1.,0.,0.));
#63320=AXIS2_PLACEMENT_3D('',#63290,#63300,#63310);
#63330=PLANE('',#63320);
#63340=CARTESIAN_POINT('',(0.,-44.0251147901442,-1900.));
#63350=DIRECTION('',(-1.,0.,0.));
#63360=VECTOR('',#63350,1.);
#63370=LINE('',#63340,#63360);
#63380=CARTESIAN_POINT('',(136.13890173317,-44.0251147901442,-1900.));
#63390=VERTEX_POINT('',#63380);
#63400=EDGE_CURVE('',#63080,#63390,#63370,.T.);
#63410=ORIENTED_EDGE('',*,*,#63400,.T.);
#63420=ORIENTED_EDGE('',*,*,#63170,.T.);
#63430=ORIENTED_EDGE('',*,*,#550,.F.);
#63440=CARTESIAN_POINT('',(136.13890173317,-44.0251147901442,0.));
#63450=DIRECTION('',(0.,0.,-1.));
#63460=VECTOR('',#63450,1.);
#63470=LINE('',#63440,#63460);
#63480=EDGE_CURVE('',#460,#63390,#63470,.T.);
#63490=ORIENTED_EDGE('',*,*,#63480,.F.);
#63500=EDGE_LOOP('',(#63490,#63430,#63420,#63410));
#63510=FACE_OUTER_BOUND('',#63500,.T.);
#63520=ADVANCED_FACE('',(#63510),#63330,.T.);
#63530=COLOUR_RGB('',0.823529481887817,0.823529481887817,
0.784313797950745);
#63540=FILL_AREA_STYLE_COLOUR('',#63530);
#63550=FILL_AREA_STYLE('',(#63540));
#63560=SURFACE_STYLE_FILL_AREA(#63550);
#63570=SURFACE_SIDE_STYLE('',(#63560));
#63580=SURFACE_STYLE_USAGE(.BOTH.,#63570);
#63590=PRESENTATION_STYLE_ASSIGNMENT((#63580));
#63600=CARTESIAN_POINT('',(109.338901733169,-45.8251147901442,0.));
#63610=DIRECTION('',(1.,0.,0.));
#63620=DIRECTION('',(0.,-1.,0.));
#63630=AXIS2_PLACEMENT_3D('',#63600,#63610,#63620);
#63640=PLANE('',#63630);
#63650=ORIENTED_EDGE('',*,*,#61750,.T.);
#63660=ORIENTED_EDGE('',*,*,#1600,.F.);
#63670=CARTESIAN_POINT('',(109.338901733169,-45.8251147901442,0.));
#63680=DIRECTION('',(0.,0.,-1.));
#63690=VECTOR('',#63680,1.);
#63700=LINE('',#63670,#63690);
#63710=CARTESIAN_POINT('',(109.338901733169,-45.8251147901442,-1900.));
#63720=VERTEX_POINT('',#63710);
#63730=EDGE_CURVE('',#1510,#63720,#63700,.T.);
#63740=ORIENTED_EDGE('',*,*,#63730,.F.);
#63750=CARTESIAN_POINT('',(109.338901733169,0.,-1900.));
#63760=DIRECTION('',(0.,-1.,0.));
#63770=VECTOR('',#63760,1.);
#63780=LINE('',#63750,#63770);
#63790=EDGE_CURVE('',#63720,#61740,#63780,.T.);
#63800=ORIENTED_EDGE('',*,*,#63790,.F.);
#63810=EDGE_LOOP('',(#63800,#63740,#63660,#63650));
#63820=FACE_OUTER_BOUND('',#63810,.T.);
#63830=ADVANCED_FACE('',(#63820),#63640,.T.);
#63840=COLOUR_RGB('',0.823529481887817,0.823529481887817,
0.784313797950745);
#63850=FILL_AREA_STYLE_COLOUR('',#63840);
#63860=FILL_AREA_STYLE('',(#63850));
#63870=SURFACE_STYLE_FILL_AREA(#63860);
#63880=SURFACE_SIDE_STYLE('',(#63870));
#63890=SURFACE_STYLE_USAGE(.BOTH.,#63880);
#63900=PRESENTATION_STYLE_ASSIGNMENT((#63890));
#63910=CARTESIAN_POINT('',(134.33890173317,-49.7251147901443,0.));
#63920=DIRECTION('',(-1.,0.,0.));
#63930=DIRECTION('',(0.,1.,0.));
#63940=AXIS2_PLACEMENT_3D('',#63910,#63920,#63930);
#63950=PLANE('',#63940);
#63960=ORIENTED_EDGE('',*,*,#380,.F.);
#63970=ORIENTED_EDGE('',*,*,#61420,.F.);
#63980=CARTESIAN_POINT('',(134.33890173317,0.,-1900.));
#63990=DIRECTION('',(0.,1.,0.));
#64000=VECTOR('',#63990,1.);
#64010=LINE('',#63980,#64000);
#64020=CARTESIAN_POINT('',(134.33890173317,-45.8251147901442,-1900.));
#64030=VERTEX_POINT('',#64020);
#64040=EDGE_CURVE('',#61410,#64030,#64010,.T.);
#64050=ORIENTED_EDGE('',*,*,#64040,.F.);
#64060=CARTESIAN_POINT('',(134.33890173317,-45.8251147901442,0.));
#64070=DIRECTION('',(0.,0.,-1.));
#64080=VECTOR('',#64070,1.);
#64090=LINE('',#64060,#64080);
#64100=EDGE_CURVE('',#370,#64030,#64090,.T.);
#64110=ORIENTED_EDGE('',*,*,#64100,.T.);
#64120=EDGE_LOOP('',(#64110,#64050,#63970,#63960));
#64130=FACE_OUTER_BOUND('',#64120,.T.);
#64140=ADVANCED_FACE('',(#64130),#63950,.T.);
#64150=COLOUR_RGB('',0.823529481887817,0.823529481887817,
0.784313797950745);
#64160=FILL_AREA_STYLE_COLOUR('',#64150);
#64170=FILL_AREA_STYLE('',(#64160));
#64180=SURFACE_STYLE_FILL_AREA(#64170);
#64190=SURFACE_SIDE_STYLE('',(#64180));
#64200=SURFACE_STYLE_USAGE(.BOTH.,#64190);
#64210=PRESENTATION_STYLE_ASSIGNMENT((#64200));
#64220=CARTESIAN_POINT('',(107.53890173317,-45.0251147901442,0.));
#64230=DIRECTION('',(-0.,-1.,-0.));
#64240=DIRECTION('',(-1.,0.,0.));
#64250=AXIS2_PLACEMENT_3D('',#64220,#64230,#64240);
#64260=PLANE('',#64250);
#64270=CARTESIAN_POINT('',(0.,-45.0251147901442,-1900.));
#64280=DIRECTION('',(-1.,0.,0.));
#64290=VECTOR('',#64280,1.);
#64300=LINE('',#64270,#64290);
#64310=CARTESIAN_POINT('',(107.53890173317,-45.0251147901442,-1900.));
#64320=VERTEX_POINT('',#64310);
#64330=EDGE_CURVE('',#64320,#3570,#64300,.T.);
#64340=ORIENTED_EDGE('',*,*,#64330,.F.);
#64350=ORIENTED_EDGE('',*,*,#3710,.T.);
#64360=ORIENTED_EDGE('',*,*,#1270,.F.);
#64370=CARTESIAN_POINT('',(107.53890173317,-45.0251147901442,0.));
#64380=DIRECTION('',(0.,0.,-1.));
#64390=VECTOR('',#64380,1.);
#64400=LINE('',#64370,#64390);
#64410=EDGE_CURVE('',#1180,#64320,#64400,.T.);
#64420=ORIENTED_EDGE('',*,*,#64410,.F.);
#64430=EDGE_LOOP('',(#64420,#64360,#64350,#64340));
#64440=FACE_OUTER_BOUND('',#64430,.T.);
#64450=ADVANCED_FACE('',(#64440),#64260,.T.);
#64460=COLOUR_RGB('',0.823529481887817,0.823529481887817,
0.784313797950745);
#64470=FILL_AREA_STYLE_COLOUR('',#64460);
#64480=FILL_AREA_STYLE('',(#64470));
#64490=SURFACE_STYLE_FILL_AREA(#64480);
#64500=SURFACE_SIDE_STYLE('',(#64490));
#64510=SURFACE_STYLE_USAGE(.BOTH.,#64500);
#64520=PRESENTATION_STYLE_ASSIGNMENT((#64510));
#64530=CARTESIAN_POINT('',(124.93890173317,-52.2751171901442,-779.4));
#64540=DIRECTION('',(1.,0.,-0.));
#64550=DIRECTION('',(0.,0.,1.));
#64560=AXIS2_PLACEMENT_3D('',#64530,#64540,#64550);
#64570=PLANE('',#64560);
#64580=CARTESIAN_POINT('',(124.93890173317,-52.2751171901442,-770.6));
#64590=DIRECTION('',(0.,1.,0.));
#64600=VECTOR('',#64590,1.);
#64610=LINE('',#64580,#64600);
#64620=EDGE_CURVE('',#31680,#39450,#64610,.T.);
#64630=ORIENTED_EDGE('',*,*,#64620,.T.);
#64640=ORIENTED_EDGE('',*,*,#31920,.T.);
#64650=CARTESIAN_POINT('',(124.93890173317,-52.2751171901442,-779.4));
#64660=DIRECTION('',(0.,1.,0.));
#64670=VECTOR('',#64660,1.);
#64680=LINE('',#64650,#64670);
#64690=EDGE_CURVE('',#31850,#39470,#64680,.T.);
#64700=ORIENTED_EDGE('',*,*,#64690,.F.);
#64710=ORIENTED_EDGE('',*,*,#39480,.T.);
#64720=EDGE_LOOP('',(#64710,#64700,#64640,#64630));
#64730=FACE_OUTER_BOUND('',#64720,.T.);
#64740=ADVANCED_FACE('',(#64730),#64570,.F.);
#64750=COLOUR_RGB('',0.823529481887817,0.823529481887817,
0.784313797950745);
#64760=FILL_AREA_STYLE_COLOUR('',#64750);
#64770=FILL_AREA_STYLE('',(#64760));
#64780=SURFACE_STYLE_FILL_AREA(#64770);
#64790=SURFACE_SIDE_STYLE('',(#64780));
#64800=SURFACE_STYLE_USAGE(.BOTH.,#64790);
#64810=PRESENTATION_STYLE_ASSIGNMENT((#64800));
#64820=CARTESIAN_POINT('',(121.83890173317,-52.2751171901442,-779.4));
#64830=DIRECTION('',(0.,1.,0.));
#64840=DIRECTION('',(0.,0.,-1.));
#64850=AXIS2_PLACEMENT_3D('',#64820,#64830,#64840);
#64860=CYLINDRICAL_SURFACE('',#64850,3.1);
#64870=ORIENTED_EDGE('',*,*,#64690,.T.);
#64880=ORIENTED_EDGE('',*,*,#31860,.F.);
#64890=CARTESIAN_POINT('',(118.73890173317,-52.2751171901442,-779.4));
#64900=DIRECTION('',(0.,1.,0.));
#64910=VECTOR('',#64900,1.);
#64920=LINE('',#64890,#64910);
#64930=EDGE_CURVE('',#31760,#39560,#64920,.T.);
#64940=ORIENTED_EDGE('',*,*,#64930,.F.);
#64950=ORIENTED_EDGE('',*,*,#39570,.T.);
#64960=EDGE_LOOP('',(#64950,#64940,#64880,#64870));
#64970=FACE_OUTER_BOUND('',#64960,.T.);
#64980=ADVANCED_FACE('',(#64970),#64860,.F.);
#64990=COLOUR_RGB('',0.823529481887817,0.823529481887817,
0.784313797950745);
#65000=FILL_AREA_STYLE_COLOUR('',#64990);
#65010=FILL_AREA_STYLE('',(#65000));
#65020=SURFACE_STYLE_FILL_AREA(#65010);
#65030=SURFACE_SIDE_STYLE('',(#65020));
#65040=SURFACE_STYLE_USAGE(.BOTH.,#65030);
#65050=PRESENTATION_STYLE_ASSIGNMENT((#65040));
#65060=CARTESIAN_POINT('',(118.73890173317,-52.2751171901442,-770.6));
#65070=DIRECTION('',(-1.,-0.,-0.));
#65080=DIRECTION('',(0.,0.,-1.));
#65090=AXIS2_PLACEMENT_3D('',#65060,#65070,#65080);
#65100=PLANE('',#65090);
#65110=ORIENTED_EDGE('',*,*,#64930,.T.);
#65120=ORIENTED_EDGE('',*,*,#31770,.T.);
#65130=CARTESIAN_POINT('',(118.73890173317,-52.2751171901442,-770.6));
#65140=DIRECTION('',(0.,1.,0.));
#65150=VECTOR('',#65140,1.);
#65160=LINE('',#65130,#65150);
#65170=EDGE_CURVE('',#31660,#39640,#65160,.T.);
#65180=ORIENTED_EDGE('',*,*,#65170,.F.);
#65190=ORIENTED_EDGE('',*,*,#39650,.T.);
#65200=EDGE_LOOP('',(#65190,#65180,#65120,#65110));
#65210=FACE_OUTER_BOUND('',#65200,.T.);
#65220=ADVANCED_FACE('',(#65210),#65100,.F.);
#65230=COLOUR_RGB('',0.823529481887817,0.823529481887817,
0.784313797950745);
#65240=FILL_AREA_STYLE_COLOUR('',#65230);
#65250=FILL_AREA_STYLE('',(#65240));
#65260=SURFACE_STYLE_FILL_AREA(#65250);
#65270=SURFACE_SIDE_STYLE('',(#65260));
#65280=SURFACE_STYLE_USAGE(.BOTH.,#65270);
#65290=PRESENTATION_STYLE_ASSIGNMENT((#65280));
#65300=CARTESIAN_POINT('',(121.83890173317,-52.2751171901442,-770.6));
#65310=DIRECTION('',(0.,1.,0.));
#65320=DIRECTION('',(0.,0.,-1.));
#65330=AXIS2_PLACEMENT_3D('',#65300,#65310,#65320);
#65340=CYLINDRICAL_SURFACE('',#65330,3.1);
#65350=ORIENTED_EDGE('',*,*,#65170,.T.);
#65360=ORIENTED_EDGE('',*,*,#31690,.F.);
#65370=ORIENTED_EDGE('',*,*,#64620,.F.);
#65380=ORIENTED_EDGE('',*,*,#39720,.T.);
#65390=EDGE_LOOP('',(#65380,#65370,#65360,#65350));
#65400=FACE_OUTER_BOUND('',#65390,.T.);
#65410=ADVANCED_FACE('',(#65400),#65340,.F.);
#65420=COLOUR_RGB('',0.823529481887817,0.823529481887817,
0.784313797950745);
#65430=FILL_AREA_STYLE_COLOUR('',#65420);
#65440=FILL_AREA_STYLE('',(#65430));
#65450=SURFACE_STYLE_FILL_AREA(#65440);
#65460=SURFACE_SIDE_STYLE('',(#65450));
#65470=SURFACE_STYLE_USAGE(.BOTH.,#65460);
#65480=PRESENTATION_STYLE_ASSIGNMENT((#65470));
#65490=CARTESIAN_POINT('',(124.93890173317,-52.2751171901442,-1529.4));
#65500=DIRECTION('',(1.,0.,-0.));
#65510=DIRECTION('',(0.,0.,1.));
#65520=AXIS2_PLACEMENT_3D('',#65490,#65500,#65510);
#65530=PLANE('',#65520);
#65540=CARTESIAN_POINT('',(124.93890173317,-52.2751171901442,-1520.6));
#65550=DIRECTION('',(0.,1.,0.));
#65560=VECTOR('',#65550,1.);
#65570=LINE('',#65540,#65560);
#65580=EDGE_CURVE('',#32040,#59250,#65570,.T.);
#65590=ORIENTED_EDGE('',*,*,#65580,.T.);
#65600=ORIENTED_EDGE('',*,*,#32280,.T.);
#65610=CARTESIAN_POINT('',(124.93890173317,-52.2751171901442,-1529.4));
#65620=DIRECTION('',(0.,1.,0.));
#65630=VECTOR('',#65620,1.);
#65640=LINE('',#65610,#65630);
#65650=EDGE_CURVE('',#32210,#59270,#65640,.T.);
#65660=ORIENTED_EDGE('',*,*,#65650,.F.);
#65670=ORIENTED_EDGE('',*,*,#59280,.T.);
#65680=EDGE_LOOP('',(#65670,#65660,#65600,#65590));
#65690=FACE_OUTER_BOUND('',#65680,.T.);
#65700=ADVANCED_FACE('',(#65690),#65530,.F.);
#65710=COLOUR_RGB('',0.823529481887817,0.823529481887817,
0.784313797950745);
#65720=FILL_AREA_STYLE_COLOUR('',#65710);
#65730=FILL_AREA_STYLE('',(#65720));
#65740=SURFACE_STYLE_FILL_AREA(#65730);
#65750=SURFACE_SIDE_STYLE('',(#65740));
#65760=SURFACE_STYLE_USAGE(.BOTH.,#65750);
#65770=PRESENTATION_STYLE_ASSIGNMENT((#65760));
#65780=CARTESIAN_POINT('',(121.83890173317,-52.2751171901442,-1529.4));
#65790=DIRECTION('',(0.,1.,0.));
#65800=DIRECTION('',(0.,0.,-1.));
#65810=AXIS2_PLACEMENT_3D('',#65780,#65790,#65800);
#65820=CYLINDRICAL_SURFACE('',#65810,3.1);
#65830=ORIENTED_EDGE('',*,*,#65650,.T.);
#65840=ORIENTED_EDGE('',*,*,#32220,.F.);
#65850=CARTESIAN_POINT('',(118.73890173317,-52.2751171901442,-1529.4));
#65860=DIRECTION('',(0.,1.,0.));
#65870=VECTOR('',#65860,1.);
#65880=LINE('',#65850,#65870);
#65890=EDGE_CURVE('',#32120,#59360,#65880,.T.);
#65900=ORIENTED_EDGE('',*,*,#65890,.F.);
#65910=ORIENTED_EDGE('',*,*,#59370,.T.);
#65920=EDGE_LOOP('',(#65910,#65900,#65840,#65830));
#65930=FACE_OUTER_BOUND('',#65920,.T.);
#65940=ADVANCED_FACE('',(#65930),#65820,.F.);
#65950=COLOUR_RGB('',0.823529481887817,0.823529481887817,
0.784313797950745);
#65960=FILL_AREA_STYLE_COLOUR('',#65950);
#65970=FILL_AREA_STYLE('',(#65960));
#65980=SURFACE_STYLE_FILL_AREA(#65970);
#65990=SURFACE_SIDE_STYLE('',(#65980));
#66000=SURFACE_STYLE_USAGE(.BOTH.,#65990);
#66010=PRESENTATION_STYLE_ASSIGNMENT((#66000));
#66020=CARTESIAN_POINT('',(118.73890173317,-52.2751171901442,-1520.6));
#66030=DIRECTION('',(-1.,-0.,-0.));
#66040=DIRECTION('',(0.,0.,-1.));
#66050=AXIS2_PLACEMENT_3D('',#66020,#66030,#66040);
#66060=PLANE('',#66050);
#66070=ORIENTED_EDGE('',*,*,#65890,.T.);
#66080=ORIENTED_EDGE('',*,*,#32130,.T.);
#66090=CARTESIAN_POINT('',(118.73890173317,-52.2751171901442,-1520.6));
#66100=DIRECTION('',(0.,1.,0.));
#66110=VECTOR('',#66100,1.);
#66120=LINE('',#66090,#66110);
#66130=EDGE_CURVE('',#32020,#59440,#66120,.T.);
#66140=ORIENTED_EDGE('',*,*,#66130,.F.);
#66150=ORIENTED_EDGE('',*,*,#59450,.T.);
#66160=EDGE_LOOP('',(#66150,#66140,#66080,#66070));
#66170=FACE_OUTER_BOUND('',#66160,.T.);
#66180=ADVANCED_FACE('',(#66170),#66060,.F.);
#66190=COLOUR_RGB('',0.823529481887817,0.823529481887817,
0.784313797950745);
#66200=FILL_AREA_STYLE_COLOUR('',#66190);
#66210=FILL_AREA_STYLE('',(#66200));
#66220=SURFACE_STYLE_FILL_AREA(#66210);
#66230=SURFACE_SIDE_STYLE('',(#66220));
#66240=SURFACE_STYLE_USAGE(.BOTH.,#66230);
#66250=PRESENTATION_STYLE_ASSIGNMENT((#66240));
#66260=CARTESIAN_POINT('',(121.83890173317,-52.2751171901442,-1520.6));
#66270=DIRECTION('',(0.,1.,0.));
#66280=DIRECTION('',(0.,0.,-1.));
#66290=AXIS2_PLACEMENT_3D('',#66260,#66270,#66280);
#66300=CYLINDRICAL_SURFACE('',#66290,3.1);
#66310=ORIENTED_EDGE('',*,*,#66130,.T.);
#66320=ORIENTED_EDGE('',*,*,#32050,.F.);
#66330=ORIENTED_EDGE('',*,*,#65580,.F.);
#66340=ORIENTED_EDGE('',*,*,#59520,.T.);
#66350=EDGE_LOOP('',(#66340,#66330,#66320,#66310));
#66360=FACE_OUTER_BOUND('',#66350,.T.);
#66370=ADVANCED_FACE('',(#66360),#66300,.F.);
#66380=COLOUR_RGB('',0.823529481887817,0.823529481887817,
0.784313797950745);
#66390=FILL_AREA_STYLE_COLOUR('',#66380);
#66400=FILL_AREA_STYLE('',(#66390));
#66410=SURFACE_STYLE_FILL_AREA(#66400);
#66420=SURFACE_SIDE_STYLE('',(#66410));
#66430=SURFACE_STYLE_USAGE(.BOTH.,#66420);
#66440=PRESENTATION_STYLE_ASSIGNMENT((#66430));
#66450=CARTESIAN_POINT('',(118.73890173317,-52.2751171901442,-920.6));
#66460=DIRECTION('',(-1.,-0.,-0.));
#66470=DIRECTION('',(0.,0.,-1.));
#66480=AXIS2_PLACEMENT_3D('',#66450,#66460,#66470);
#66490=PLANE('',#66480);
#66500=CARTESIAN_POINT('',(118.73890173317,-52.2751171901442,-929.4));
#66510=DIRECTION('',(0.,1.,0.));
#66520=VECTOR('',#66510,1.);
#66530=LINE('',#66500,#66520);
#66540=EDGE_CURVE('',#4120,#56730,#66530,.T.);
#66550=ORIENTED_EDGE('',*,*,#66540,.T.);
#66560=ORIENTED_EDGE('',*,*,#4130,.T.);
#66570=CARTESIAN_POINT('',(118.73890173317,-52.2751171901442,-920.6));
#66580=DIRECTION('',(0.,1.,0.));
#66590=VECTOR('',#66580,1.);
#66600=LINE('',#66570,#66590);
#66610=EDGE_CURVE('',#4040,#56750,#66600,.T.);
#66620=ORIENTED_EDGE('',*,*,#66610,.F.);
#66630=ORIENTED_EDGE('',*,*,#56760,.T.);
#66640=EDGE_LOOP('',(#66630,#66620,#66560,#66550));
#66650=FACE_OUTER_BOUND('',#66640,.T.);
#66660=ADVANCED_FACE('',(#66650),#66490,.F.);
#66670=COLOUR_RGB('',0.823529481887817,0.823529481887817,
0.784313797950745);
#66680=FILL_AREA_STYLE_COLOUR('',#66670);
#66690=FILL_AREA_STYLE('',(#66680));
#66700=SURFACE_STYLE_FILL_AREA(#66690);
#66710=SURFACE_SIDE_STYLE('',(#66700));
#66720=SURFACE_STYLE_USAGE(.BOTH.,#66710);
#66730=PRESENTATION_STYLE_ASSIGNMENT((#66720));
#66740=CARTESIAN_POINT('',(121.83890173317,-52.2751171901442,-920.6));
#66750=DIRECTION('',(0.,1.,0.));
#66760=DIRECTION('',(0.,0.,-1.));
#66770=AXIS2_PLACEMENT_3D('',#66740,#66750,#66760);
#66780=CYLINDRICAL_SURFACE('',#66770,3.1);
#66790=ORIENTED_EDGE('',*,*,#66610,.T.);
#66800=ORIENTED_EDGE('',*,*,#4050,.F.);
#66810=CARTESIAN_POINT('',(124.93890173317,-52.2751171901442,-920.6));
#66820=DIRECTION('',(0.,1.,0.));
#66830=VECTOR('',#66820,1.);
#66840=LINE('',#66810,#66830);
#66850=EDGE_CURVE('',#3950,#56840,#66840,.T.);
#66860=ORIENTED_EDGE('',*,*,#66850,.F.);
#66870=ORIENTED_EDGE('',*,*,#56850,.T.);
#66880=EDGE_LOOP('',(#66870,#66860,#66800,#66790));
#66890=FACE_OUTER_BOUND('',#66880,.T.);
#66900=ADVANCED_FACE('',(#66890),#66780,.F.);
#66910=COLOUR_RGB('',0.823529481887817,0.823529481887817,
0.784313797950745);
#66920=FILL_AREA_STYLE_COLOUR('',#66910);
#66930=FILL_AREA_STYLE('',(#66920));
#66940=SURFACE_STYLE_FILL_AREA(#66930);
#66950=SURFACE_SIDE_STYLE('',(#66940));
#66960=SURFACE_STYLE_USAGE(.BOTH.,#66950);
#66970=PRESENTATION_STYLE_ASSIGNMENT((#66960));
#66980=CARTESIAN_POINT('',(124.93890173317,-52.2751171901442,-929.4));
#66990=DIRECTION('',(1.,0.,-0.));
#67000=DIRECTION('',(0.,0.,1.));
#67010=AXIS2_PLACEMENT_3D('',#66980,#66990,#67000);
#67020=PLANE('',#67010);
#67030=ORIENTED_EDGE('',*,*,#66850,.T.);
#67040=ORIENTED_EDGE('',*,*,#3960,.T.);
#67050=CARTESIAN_POINT('',(124.93890173317,-52.2751171901442,-929.4));
#67060=DIRECTION('',(0.,1.,0.));
#67070=VECTOR('',#67060,1.);
#67080=LINE('',#67050,#67070);
#67090=EDGE_CURVE('',#3930,#56920,#67080,.T.);
#67100=ORIENTED_EDGE('',*,*,#67090,.F.);
#67110=ORIENTED_EDGE('',*,*,#56930,.T.);
#67120=EDGE_LOOP('',(#67110,#67100,#67040,#67030));
#67130=FACE_OUTER_BOUND('',#67120,.T.);
#67140=ADVANCED_FACE('',(#67130),#67020,.F.);
#67150=COLOUR_RGB('',0.823529481887817,0.823529481887817,
0.784313797950745);
#67160=FILL_AREA_STYLE_COLOUR('',#67150);
#67170=FILL_AREA_STYLE('',(#67160));
#67180=SURFACE_STYLE_FILL_AREA(#67170);
#67190=SURFACE_SIDE_STYLE('',(#67180));
#67200=SURFACE_STYLE_USAGE(.BOTH.,#67190);
#67210=PRESENTATION_STYLE_ASSIGNMENT((#67200));
#67220=CARTESIAN_POINT('',(121.83890173317,-52.2751171901442,-929.4));
#67230=DIRECTION('',(0.,1.,0.));
#67240=DIRECTION('',(0.,0.,-1.));
#67250=AXIS2_PLACEMENT_3D('',#67220,#67230,#67240);
#67260=CYLINDRICAL_SURFACE('',#67250,3.1);
#67270=ORIENTED_EDGE('',*,*,#67090,.T.);
#67280=ORIENTED_EDGE('',*,*,#4200,.F.);
#67290=ORIENTED_EDGE('',*,*,#66540,.F.);
#67300=ORIENTED_EDGE('',*,*,#57000,.T.);
#67310=EDGE_LOOP('',(#67300,#67290,#67280,#67270));
#67320=FACE_OUTER_BOUND('',#67310,.T.);
#67330=ADVANCED_FACE('',(#67320),#67260,.F.);
#67340=COLOUR_RGB('',0.823529481887817,0.823529481887817,
0.784313797950745);
#67350=FILL_AREA_STYLE_COLOUR('',#67340);
#67360=FILL_AREA_STYLE('',(#67350));
#67370=SURFACE_STYLE_FILL_AREA(#67360);
#67380=SURFACE_SIDE_STYLE('',(#67370));
#67390=SURFACE_STYLE_USAGE(.BOTH.,#67380);
#67400=PRESENTATION_STYLE_ASSIGNMENT((#67390));
#67410=CARTESIAN_POINT('',(124.93890173317,-52.2751171901442,-604.4));
#67420=DIRECTION('',(1.,0.,-0.));
#67430=DIRECTION('',(0.,0.,1.));
#67440=AXIS2_PLACEMENT_3D('',#67410,#67420,#67430);
#67450=PLANE('',#67440);
#67460=CARTESIAN_POINT('',(124.93890173317,-52.2751171901442,-595.6));
#67470=DIRECTION('',(0.,1.,0.));
#67480=VECTOR('',#67470,1.);
#67490=LINE('',#67460,#67480);
#67500=EDGE_CURVE('',#4320,#36570,#67490,.T.);
#67510=ORIENTED_EDGE('',*,*,#67500,.T.);
#67520=ORIENTED_EDGE('',*,*,#4560,.T.);
#67530=CARTESIAN_POINT('',(124.93890173317,-52.2751171901442,-604.4));
#67540=DIRECTION('',(0.,1.,0.));
#67550=VECTOR('',#67540,1.);
#67560=LINE('',#67530,#67550);
#67570=EDGE_CURVE('',#4490,#36590,#67560,.T.);
#67580=ORIENTED_EDGE('',*,*,#67570,.F.);
#67590=ORIENTED_EDGE('',*,*,#36600,.T.);
#67600=EDGE_LOOP('',(#67590,#67580,#67520,#67510));
#67610=FACE_OUTER_BOUND('',#67600,.T.);
#67620=ADVANCED_FACE('',(#67610),#67450,.F.);
#67630=COLOUR_RGB('',0.823529481887817,0.823529481887817,
0.784313797950745);
#67640=FILL_AREA_STYLE_COLOUR('',#67630);
#67650=FILL_AREA_STYLE('',(#67640));
#67660=SURFACE_STYLE_FILL_AREA(#67650);
#67670=SURFACE_SIDE_STYLE('',(#67660));
#67680=SURFACE_STYLE_USAGE(.BOTH.,#67670);
#67690=PRESENTATION_STYLE_ASSIGNMENT((#67680));
#67700=CARTESIAN_POINT('',(121.83890173317,-52.2751171901442,-604.4));
#67710=DIRECTION('',(0.,1.,0.));
#67720=DIRECTION('',(0.,0.,-1.));
#67730=AXIS2_PLACEMENT_3D('',#67700,#67710,#67720);
#67740=CYLINDRICAL_SURFACE('',#67730,3.1);
#67750=ORIENTED_EDGE('',*,*,#67570,.T.);
#67760=ORIENTED_EDGE('',*,*,#4500,.F.);
#67770=CARTESIAN_POINT('',(118.73890173317,-52.2751171901442,-604.4));
#67780=DIRECTION('',(0.,1.,0.));
#67790=VECTOR('',#67780,1.);
#67800=LINE('',#67770,#67790);
#67810=EDGE_CURVE('',#4400,#36680,#67800,.T.);
#67820=ORIENTED_EDGE('',*,*,#67810,.F.);
#67830=ORIENTED_EDGE('',*,*,#36690,.T.);
#67840=EDGE_LOOP('',(#67830,#67820,#67760,#67750));
#67850=FACE_OUTER_BOUND('',#67840,.T.);
#67860=ADVANCED_FACE('',(#67850),#67740,.F.);
#67870=COLOUR_RGB('',0.823529481887817,0.823529481887817,
0.784313797950745);
#67880=FILL_AREA_STYLE_COLOUR('',#67870);
#67890=FILL_AREA_STYLE('',(#67880));
#67900=SURFACE_STYLE_FILL_AREA(#67890);
#67910=SURFACE_SIDE_STYLE('',(#67900));
#67920=SURFACE_STYLE_USAGE(.BOTH.,#67910);
#67930=PRESENTATION_STYLE_ASSIGNMENT((#67920));
#67940=CARTESIAN_POINT('',(118.73890173317,-52.2751171901442,-595.6));
#67950=DIRECTION('',(-1.,-0.,-0.));
#67960=DIRECTION('',(0.,0.,-1.));
#67970=AXIS2_PLACEMENT_3D('',#67940,#67950,#67960);
#67980=PLANE('',#67970);
#67990=ORIENTED_EDGE('',*,*,#67810,.T.);
#68000=ORIENTED_EDGE('',*,*,#4410,.T.);
#68010=CARTESIAN_POINT('',(118.73890173317,-52.2751171901442,-595.6));
#68020=DIRECTION('',(0.,1.,0.));
#68030=VECTOR('',#68020,1.);
#68040=LINE('',#68010,#68030);
#68050=EDGE_CURVE('',#4300,#36760,#68040,.T.);
#68060=ORIENTED_EDGE('',*,*,#68050,.F.);
#68070=ORIENTED_EDGE('',*,*,#36770,.T.);
#68080=EDGE_LOOP('',(#68070,#68060,#68000,#67990));
#68090=FACE_OUTER_BOUND('',#68080,.T.);
#68100=ADVANCED_FACE('',(#68090),#67980,.F.);
#68110=COLOUR_RGB('',0.823529481887817,0.823529481887817,
0.784313797950745);
#68120=FILL_AREA_STYLE_COLOUR('',#68110);
#68130=FILL_AREA_STYLE('',(#68120));
#68140=SURFACE_STYLE_FILL_AREA(#68130);
#68150=SURFACE_SIDE_STYLE('',(#68140));
#68160=SURFACE_STYLE_USAGE(.BOTH.,#68150);
#68170=PRESENTATION_STYLE_ASSIGNMENT((#68160));
#68180=CARTESIAN_POINT('',(121.83890173317,-52.2751171901442,-595.6));
#68190=DIRECTION('',(0.,1.,0.));
#68200=DIRECTION('',(0.,0.,-1.));
#68210=AXIS2_PLACEMENT_3D('',#68180,#68190,#68200);
#68220=CYLINDRICAL_SURFACE('',#68210,3.1);
#68230=ORIENTED_EDGE('',*,*,#68050,.T.);
#68240=ORIENTED_EDGE('',*,*,#4330,.F.);
#68250=ORIENTED_EDGE('',*,*,#67500,.F.);
#68260=ORIENTED_EDGE('',*,*,#36840,.T.);
#68270=EDGE_LOOP('',(#68260,#68250,#68240,#68230));
#68280=FACE_OUTER_BOUND('',#68270,.T.);
#68290=ADVANCED_FACE('',(#68280),#68220,.F.);
#68300=COLOUR_RGB('',0.823529481887817,0.823529481887817,
0.784313797950745);
#68310=FILL_AREA_STYLE_COLOUR('',#68300);
#68320=FILL_AREA_STYLE('',(#68310));
#68330=SURFACE_STYLE_FILL_AREA(#68320);
#68340=SURFACE_SIDE_STYLE('',(#68330));
#68350=SURFACE_STYLE_USAGE(.BOTH.,#68340);
#68360=PRESENTATION_STYLE_ASSIGNMENT((#68350));
#68370=CARTESIAN_POINT('',(124.93890173317,-52.2751171901442,-704.4));
#68380=DIRECTION('',(1.,0.,-0.));
#68390=DIRECTION('',(0.,0.,1.));
#68400=AXIS2_PLACEMENT_3D('',#68370,#68380,#68390);
#68410=PLANE('',#68400);
#68420=CARTESIAN_POINT('',(124.93890173317,-52.2751171901442,-695.6));
#68430=DIRECTION('',(0.,1.,0.));
#68440=VECTOR('',#68430,1.);
#68450=LINE('',#68420,#68440);
#68460=EDGE_CURVE('',#4680,#40890,#68450,.T.);
#68470=ORIENTED_EDGE('',*,*,#68460,.T.);
#68480=ORIENTED_EDGE('',*,*,#4920,.T.);
#68490=CARTESIAN_POINT('',(124.93890173317,-52.2751171901442,-704.4));
#68500=DIRECTION('',(0.,1.,0.));
#68510=VECTOR('',#68500,1.);
#68520=LINE('',#68490,#68510);
#68530=EDGE_CURVE('',#4850,#40910,#68520,.T.);
#68540=ORIENTED_EDGE('',*,*,#68530,.F.);
#68550=ORIENTED_EDGE('',*,*,#40920,.T.);
#68560=EDGE_LOOP('',(#68550,#68540,#68480,#68470));
#68570=FACE_OUTER_BOUND('',#68560,.T.);
#68580=ADVANCED_FACE('',(#68570),#68410,.F.);
#68590=COLOUR_RGB('',0.823529481887817,0.823529481887817,
0.784313797950745);
#68600=FILL_AREA_STYLE_COLOUR('',#68590);
#68610=FILL_AREA_STYLE('',(#68600));
#68620=SURFACE_STYLE_FILL_AREA(#68610);
#68630=SURFACE_SIDE_STYLE('',(#68620));
#68640=SURFACE_STYLE_USAGE(.BOTH.,#68630);
#68650=PRESENTATION_STYLE_ASSIGNMENT((#68640));
#68660=CARTESIAN_POINT('',(121.83890173317,-52.2751171901442,-704.4));
#68670=DIRECTION('',(0.,1.,0.));
#68680=DIRECTION('',(0.,0.,-1.));
#68690=AXIS2_PLACEMENT_3D('',#68660,#68670,#68680);
#68700=CYLINDRICAL_SURFACE('',#68690,3.1);
#68710=ORIENTED_EDGE('',*,*,#68530,.T.);
#68720=ORIENTED_EDGE('',*,*,#4860,.F.);
#68730=CARTESIAN_POINT('',(118.73890173317,-52.2751171901442,-704.4));
#68740=DIRECTION('',(0.,1.,0.));
#68750=VECTOR('',#68740,1.);
#68760=LINE('',#68730,#68750);
#68770=EDGE_CURVE('',#4760,#41000,#68760,.T.);
#68780=ORIENTED_EDGE('',*,*,#68770,.F.);
#68790=ORIENTED_EDGE('',*,*,#41010,.T.);
#68800=EDGE_LOOP('',(#68790,#68780,#68720,#68710));
#68810=FACE_OUTER_BOUND('',#68800,.T.);
#68820=ADVANCED_FACE('',(#68810),#68700,.F.);
#68830=COLOUR_RGB('',0.823529481887817,0.823529481887817,
0.784313797950745);
#68840=FILL_AREA_STYLE_COLOUR('',#68830);
#68850=FILL_AREA_STYLE('',(#68840));
#68860=SURFACE_STYLE_FILL_AREA(#68850);
#68870=SURFACE_SIDE_STYLE('',(#68860));
#68880=SURFACE_STYLE_USAGE(.BOTH.,#68870);
#68890=PRESENTATION_STYLE_ASSIGNMENT((#68880));
#68900=CARTESIAN_POINT('',(118.73890173317,-52.2751171901442,-695.6));
#68910=DIRECTION('',(-1.,-0.,-0.));
#68920=DIRECTION('',(0.,0.,-1.));
#68930=AXIS2_PLACEMENT_3D('',#68900,#68910,#68920);
#68940=PLANE('',#68930);
#68950=ORIENTED_EDGE('',*,*,#68770,.T.);
#68960=ORIENTED_EDGE('',*,*,#4770,.T.);
#68970=CARTESIAN_POINT('',(118.73890173317,-52.2751171901442,-695.6));
#68980=DIRECTION('',(0.,1.,0.));
#68990=VECTOR('',#68980,1.);
#69000=LINE('',#68970,#68990);
#69010=EDGE_CURVE('',#4660,#41080,#69000,.T.);
#69020=ORIENTED_EDGE('',*,*,#69010,.F.);
#69030=ORIENTED_EDGE('',*,*,#41090,.T.);
#69040=EDGE_LOOP('',(#69030,#69020,#68960,#68950));
#69050=FACE_OUTER_BOUND('',#69040,.T.);
#69060=ADVANCED_FACE('',(#69050),#68940,.F.);
#69070=COLOUR_RGB('',0.823529481887817,0.823529481887817,
0.784313797950745);
#69080=FILL_AREA_STYLE_COLOUR('',#69070);
#69090=FILL_AREA_STYLE('',(#69080));
#69100=SURFACE_STYLE_FILL_AREA(#69090);
#69110=SURFACE_SIDE_STYLE('',(#69100));
#69120=SURFACE_STYLE_USAGE(.BOTH.,#69110);
#69130=PRESENTATION_STYLE_ASSIGNMENT((#69120));
#69140=CARTESIAN_POINT('',(121.83890173317,-52.2751171901442,-695.6));
#69150=DIRECTION('',(0.,1.,0.));
#69160=DIRECTION('',(0.,0.,-1.));
#69170=AXIS2_PLACEMENT_3D('',#69140,#69150,#69160);
#69180=CYLINDRICAL_SURFACE('',#69170,3.1);
#69190=ORIENTED_EDGE('',*,*,#69010,.T.);
#69200=ORIENTED_EDGE('',*,*,#4690,.F.);
#69210=ORIENTED_EDGE('',*,*,#68460,.F.);
#69220=ORIENTED_EDGE('',*,*,#41160,.T.);
#69230=EDGE_LOOP('',(#69220,#69210,#69200,#69190));
#69240=FACE_OUTER_BOUND('',#69230,.T.);
#69250=ADVANCED_FACE('',(#69240),#69180,.F.);
#69260=COLOUR_RGB('',0.823529481887817,0.823529481887817,
0.784313797950745);
#69270=FILL_AREA_STYLE_COLOUR('',#69260);
#69280=FILL_AREA_STYLE('',(#69270));
#69290=SURFACE_STYLE_FILL_AREA(#69280);
#69300=SURFACE_SIDE_STYLE('',(#69290));
#69310=SURFACE_STYLE_USAGE(.BOTH.,#69300);
#69320=PRESENTATION_STYLE_ASSIGNMENT((#69310));
#69330=CARTESIAN_POINT('',(124.93890173317,-52.2751171901442,-754.4));
#69340=DIRECTION('',(1.,0.,-0.));
#69350=DIRECTION('',(0.,0.,1.));
#69360=AXIS2_PLACEMENT_3D('',#69330,#69340,#69350);
#69370=PLANE('',#69360);
#69380=CARTESIAN_POINT('',(124.93890173317,-52.2751171901442,-745.6));
#69390=DIRECTION('',(0.,1.,0.));
#69400=VECTOR('',#69390,1.);
#69410=LINE('',#69380,#69400);
#69420=EDGE_CURVE('',#5040,#49920,#69410,.T.);
#69430=ORIENTED_EDGE('',*,*,#69420,.T.);
#69440=ORIENTED_EDGE('',*,*,#5280,.T.);
#69450=CARTESIAN_POINT('',(124.93890173317,-52.2751171901442,-754.4));
#69460=DIRECTION('',(0.,1.,0.));
#69470=VECTOR('',#69460,1.);
#69480=LINE('',#69450,#69470);
#69490=EDGE_CURVE('',#5210,#50000,#69480,.T.);
#69500=ORIENTED_EDGE('',*,*,#69490,.F.);
#69510=ORIENTED_EDGE('',*,*,#50010,.T.);
#69520=EDGE_LOOP('',(#69510,#69500,#69440,#69430));
#69530=FACE_OUTER_BOUND('',#69520,.T.);
#69540=ADVANCED_FACE('',(#69530),#69370,.F.);
#69550=COLOUR_RGB('',0.823529481887817,0.823529481887817,
0.784313797950745);
#69560=FILL_AREA_STYLE_COLOUR('',#69550);
#69570=FILL_AREA_STYLE('',(#69560));
#69580=SURFACE_STYLE_FILL_AREA(#69570);
#69590=SURFACE_SIDE_STYLE('',(#69580));
#69600=SURFACE_STYLE_USAGE(.BOTH.,#69590);
#69610=PRESENTATION_STYLE_ASSIGNMENT((#69600));
#69620=CARTESIAN_POINT('',(121.83890173317,-52.2751171901442,-754.4));
#69630=DIRECTION('',(0.,1.,0.));
#69640=DIRECTION('',(0.,0.,-1.));
#69650=AXIS2_PLACEMENT_3D('',#69620,#69630,#69640);
#69660=CYLINDRICAL_SURFACE('',#69650,3.1);
#69670=ORIENTED_EDGE('',*,*,#69490,.T.);
#69680=ORIENTED_EDGE('',*,*,#5220,.F.);
#69690=CARTESIAN_POINT('',(118.73890173317,-52.2751171901442,-754.4));
#69700=DIRECTION('',(0.,1.,0.));
#69710=VECTOR('',#69700,1.);
#69720=LINE('',#69690,#69710);
#69730=EDGE_CURVE('',#5120,#50090,#69720,.T.);
#69740=ORIENTED_EDGE('',*,*,#69730,.F.);
#69750=ORIENTED_EDGE('',*,*,#50100,.T.);
#69760=EDGE_LOOP('',(#69750,#69740,#69680,#69670));
#69770=FACE_OUTER_BOUND('',#69760,.T.);
#69780=ADVANCED_FACE('',(#69770),#69660,.F.);
#69790=COLOUR_RGB('',0.823529481887817,0.823529481887817,
0.784313797950745);
#69800=FILL_AREA_STYLE_COLOUR('',#69790);
#69810=FILL_AREA_STYLE('',(#69800));
#69820=SURFACE_STYLE_FILL_AREA(#69810);
#69830=SURFACE_SIDE_STYLE('',(#69820));
#69840=SURFACE_STYLE_USAGE(.BOTH.,#69830);
#69850=PRESENTATION_STYLE_ASSIGNMENT((#69840));
#69860=CARTESIAN_POINT('',(118.73890173317,-52.2751171901442,-745.6));
#69870=DIRECTION('',(-1.,-0.,-0.));
#69880=DIRECTION('',(0.,0.,-1.));
#69890=AXIS2_PLACEMENT_3D('',#69860,#69870,#69880);
#69900=PLANE('',#69890);
#69910=ORIENTED_EDGE('',*,*,#69730,.T.);
#69920=ORIENTED_EDGE('',*,*,#5130,.T.);
#69930=CARTESIAN_POINT('',(118.73890173317,-52.2751171901442,-745.6));
#69940=DIRECTION('',(0.,1.,0.));
#69950=VECTOR('',#69940,1.);
#69960=LINE('',#69930,#69950);
#69970=EDGE_CURVE('',#5020,#49900,#69960,.T.);
#69980=ORIENTED_EDGE('',*,*,#69970,.F.);
#69990=ORIENTED_EDGE('',*,*,#50160,.T.);
#70000=EDGE_LOOP('',(#69990,#69980,#69920,#69910));
#70010=FACE_OUTER_BOUND('',#70000,.T.);
#70020=ADVANCED_FACE('',(#70010),#69900,.F.);
#70030=COLOUR_RGB('',0.823529481887817,0.823529481887817,
0.784313797950745);
#70040=FILL_AREA_STYLE_COLOUR('',#70030);
#70050=FILL_AREA_STYLE('',(#70040));
#70060=SURFACE_STYLE_FILL_AREA(#70050);
#70070=SURFACE_SIDE_STYLE('',(#70060));
#70080=SURFACE_STYLE_USAGE(.BOTH.,#70070);
#70090=PRESENTATION_STYLE_ASSIGNMENT((#70080));
#70100=CARTESIAN_POINT('',(121.83890173317,-52.2751171901442,-745.6));
#70110=DIRECTION('',(0.,1.,0.));
#70120=DIRECTION('',(0.,0.,-1.));
#70130=AXIS2_PLACEMENT_3D('',#70100,#70110,#70120);
#70140=CYLINDRICAL_SURFACE('',#70130,3.1);
#70150=ORIENTED_EDGE('',*,*,#69970,.T.);
#70160=ORIENTED_EDGE('',*,*,#5050,.F.);
#70170=ORIENTED_EDGE('',*,*,#69420,.F.);
#70180=ORIENTED_EDGE('',*,*,#49930,.T.);
#70190=EDGE_LOOP('',(#70180,#70170,#70160,#70150));
#70200=FACE_OUTER_BOUND('',#70190,.T.);
#70210=ADVANCED_FACE('',(#70200),#70140,.F.);
#70220=COLOUR_RGB('',0.823529481887817,0.823529481887817,
0.784313797950745);
#70230=FILL_AREA_STYLE_COLOUR('',#70220);
#70240=FILL_AREA_STYLE('',(#70230));
#70250=SURFACE_STYLE_FILL_AREA(#70240);
#70260=SURFACE_SIDE_STYLE('',(#70250));
#70270=SURFACE_STYLE_USAGE(.BOTH.,#70260);
#70280=PRESENTATION_STYLE_ASSIGNMENT((#70270));
#70290=CARTESIAN_POINT('',(124.93890173317,-52.2751171901442,-1829.4));
#70300=DIRECTION('',(1.,0.,-0.));
#70310=DIRECTION('',(0.,0.,1.));
#70320=AXIS2_PLACEMENT_3D('',#70290,#70300,#70310);
#70330=PLANE('',#70320);
#70340=CARTESIAN_POINT('',(124.93890173317,-52.2751171901442,-1820.6));
#70350=DIRECTION('',(0.,1.,0.));
#70360=VECTOR('',#70350,1.);
#70370=LINE('',#70340,#70360);
#70380=EDGE_CURVE('',#5560,#59610,#70370,.T.);
#70390=ORIENTED_EDGE('',*,*,#70380,.T.);
#70400=ORIENTED_EDGE('',*,*,#5570,.T.);
#70410=CARTESIAN_POINT('',(124.93890173317,-52.2751171901442,-1829.4));
#70420=DIRECTION('',(0.,1.,0.));
#70430=VECTOR('',#70420,1.);
#70440=LINE('',#70410,#70430);
#70450=EDGE_CURVE('',#5480,#59630,#70440,.T.);
#70460=ORIENTED_EDGE('',*,*,#70450,.F.);
#70470=ORIENTED_EDGE('',*,*,#59640,.T.);
#70480=EDGE_LOOP('',(#70470,#70460,#70400,#70390));
#70490=FACE_OUTER_BOUND('',#70480,.T.);
#70500=ADVANCED_FACE('',(#70490),#70330,.F.);
#70510=COLOUR_RGB('',0.823529481887817,0.823529481887817,
0.784313797950745);
#70520=FILL_AREA_STYLE_COLOUR('',#70510);
#70530=FILL_AREA_STYLE('',(#70520));
#70540=SURFACE_STYLE_FILL_AREA(#70530);
#70550=SURFACE_SIDE_STYLE('',(#70540));
#70560=SURFACE_STYLE_USAGE(.BOTH.,#70550);
#70570=PRESENTATION_STYLE_ASSIGNMENT((#70560));
#70580=CARTESIAN_POINT('',(121.83890173317,-52.2751171901442,-1829.4));
#70590=DIRECTION('',(0.,1.,0.));
#70600=DIRECTION('',(0.,0.,-1.));
#70610=AXIS2_PLACEMENT_3D('',#70580,#70590,#70600);
#70620=CYLINDRICAL_SURFACE('',#70610,3.1);
#70630=ORIENTED_EDGE('',*,*,#70450,.T.);
#70640=ORIENTED_EDGE('',*,*,#5490,.F.);
#70650=CARTESIAN_POINT('',(118.73890173317,-52.2751171901442,-1829.4));
#70660=DIRECTION('',(0.,1.,0.));
#70670=VECTOR('',#70660,1.);
#70680=LINE('',#70650,#70670);
#70690=EDGE_CURVE('',#5390,#59720,#70680,.T.);
#70700=ORIENTED_EDGE('',*,*,#70690,.F.);
#70710=ORIENTED_EDGE('',*,*,#59730,.T.);
#70720=EDGE_LOOP('',(#70710,#70700,#70640,#70630));
#70730=FACE_OUTER_BOUND('',#70720,.T.);
#70740=ADVANCED_FACE('',(#70730),#70620,.F.);
#70750=COLOUR_RGB('',0.823529481887817,0.823529481887817,
0.784313797950745);
#70760=FILL_AREA_STYLE_COLOUR('',#70750);
#70770=FILL_AREA_STYLE('',(#70760));
#70780=SURFACE_STYLE_FILL_AREA(#70770);
#70790=SURFACE_SIDE_STYLE('',(#70780));
#70800=SURFACE_STYLE_USAGE(.BOTH.,#70790);
#70810=PRESENTATION_STYLE_ASSIGNMENT((#70800));
#70820=CARTESIAN_POINT('',(118.73890173317,-52.2751171901442,-1820.6));
#70830=DIRECTION('',(-1.,-0.,-0.));
#70840=DIRECTION('',(0.,0.,-1.));
#70850=AXIS2_PLACEMENT_3D('',#70820,#70830,#70840);
#70860=PLANE('',#70850);
#70870=ORIENTED_EDGE('',*,*,#70690,.T.);
#70880=ORIENTED_EDGE('',*,*,#5400,.T.);
#70890=CARTESIAN_POINT('',(118.73890173317,-52.2751171901442,-1820.6));
#70900=DIRECTION('',(0.,1.,0.));
#70910=VECTOR('',#70900,1.);
#70920=LINE('',#70890,#70910);
#70930=EDGE_CURVE('',#5370,#59800,#70920,.T.);
#70940=ORIENTED_EDGE('',*,*,#70930,.F.);
#70950=ORIENTED_EDGE('',*,*,#59810,.T.);
#70960=EDGE_LOOP('',(#70950,#70940,#70880,#70870));
#70970=FACE_OUTER_BOUND('',#70960,.T.);
#70980=ADVANCED_FACE('',(#70970),#70860,.F.);
#70990=COLOUR_RGB('',0.823529481887817,0.823529481887817,
0.784313797950745);
#71000=FILL_AREA_STYLE_COLOUR('',#70990);
#71010=FILL_AREA_STYLE('',(#71000));
#71020=SURFACE_STYLE_FILL_AREA(#71010);
#71030=SURFACE_SIDE_STYLE('',(#71020));
#71040=SURFACE_STYLE_USAGE(.BOTH.,#71030);
#71050=PRESENTATION_STYLE_ASSIGNMENT((#71040));
#71060=CARTESIAN_POINT('',(121.83890173317,-52.2751171901442,-1820.6));
#71070=DIRECTION('',(0.,1.,0.));
#71080=DIRECTION('',(0.,0.,-1.));
#71090=AXIS2_PLACEMENT_3D('',#71060,#71070,#71080);
#71100=CYLINDRICAL_SURFACE('',#71090,3.1);
#71110=ORIENTED_EDGE('',*,*,#70930,.T.);
#71120=ORIENTED_EDGE('',*,*,#5640,.F.);
#71130=ORIENTED_EDGE('',*,*,#70380,.F.);
#71140=ORIENTED_EDGE('',*,*,#59880,.T.);
#71150=EDGE_LOOP('',(#71140,#71130,#71120,#71110));
#71160=FACE_OUTER_BOUND('',#71150,.T.);
#71170=ADVANCED_FACE('',(#71160),#71100,.F.);
#71180=COLOUR_RGB('',0.823529481887817,0.823529481887817,
0.784313797950745);
#71190=FILL_AREA_STYLE_COLOUR('',#71180);
#71200=FILL_AREA_STYLE('',(#71190));
#71210=SURFACE_STYLE_FILL_AREA(#71200);
#71220=SURFACE_SIDE_STYLE('',(#71210));
#71230=SURFACE_STYLE_USAGE(.BOTH.,#71220);
#71240=PRESENTATION_STYLE_ASSIGNMENT((#71230));
#71250=CARTESIAN_POINT('',(121.83890173317,-52.2751171901442,-404.4));
#71260=DIRECTION('',(0.,1.,0.));
#71270=DIRECTION('',(0.,0.,-1.));
#71280=AXIS2_PLACEMENT_3D('',#71250,#71260,#71270);
#71290=CYLINDRICAL_SURFACE('',#71280,3.1);
#71300=CARTESIAN_POINT('',(124.93890173317,-52.2751171901442,-404.4));
#71310=DIRECTION('',(0.,1.,0.));
#71320=VECTOR('',#71310,1.);
#71330=LINE('',#71300,#71320);
#71340=EDGE_CURVE('',#5740,#58640,#71330,.T.);
#71350=ORIENTED_EDGE('',*,*,#71340,.T.);
#71360=ORIENTED_EDGE('',*,*,#5770,.F.);
#71370=CARTESIAN_POINT('',(118.73890173317,-52.2751171901442,-404.4));
#71380=DIRECTION('',(0.,1.,0.));
#71390=VECTOR('',#71380,1.);
#71400=LINE('',#71370,#71390);
#71410=EDGE_CURVE('',#5760,#58730,#71400,.T.);
#71420=ORIENTED_EDGE('',*,*,#71410,.F.);
#71430=ORIENTED_EDGE('',*,*,#58740,.T.);
#71440=EDGE_LOOP('',(#71430,#71420,#71360,#71350));
#71450=FACE_OUTER_BOUND('',#71440,.T.);
#71460=ADVANCED_FACE('',(#71450),#71290,.F.);
#71470=COLOUR_RGB('',0.823529481887817,0.823529481887817,
0.784313797950745);
#71480=FILL_AREA_STYLE_COLOUR('',#71470);
#71490=FILL_AREA_STYLE('',(#71480));
#71500=SURFACE_STYLE_FILL_AREA(#71490);
#71510=SURFACE_SIDE_STYLE('',(#71500));
#71520=SURFACE_STYLE_USAGE(.BOTH.,#71510);
#71530=PRESENTATION_STYLE_ASSIGNMENT((#71520));
#71540=CARTESIAN_POINT('',(124.93890173317,-52.2751171901442,-404.4));
#71550=DIRECTION('',(1.,0.,-0.));
#71560=DIRECTION('',(0.,0.,1.));
#71570=AXIS2_PLACEMENT_3D('',#71540,#71550,#71560);
#71580=PLANE('',#71570);
#71590=CARTESIAN_POINT('',(124.93890173317,-52.2751171901442,-395.6));
#71600=DIRECTION('',(0.,1.,0.));
#71610=VECTOR('',#71600,1.);
#71620=LINE('',#71590,#71610);
#71630=EDGE_CURVE('',#5840,#58560,#71620,.T.);
#71640=ORIENTED_EDGE('',*,*,#71630,.T.);
#71650=ORIENTED_EDGE('',*,*,#5850,.T.);
#71660=ORIENTED_EDGE('',*,*,#71340,.F.);
#71670=ORIENTED_EDGE('',*,*,#58650,.T.);
#71680=EDGE_LOOP('',(#71670,#71660,#71650,#71640));
#71690=FACE_OUTER_BOUND('',#71680,.T.);
#71700=ADVANCED_FACE('',(#71690),#71580,.F.);
#71710=COLOUR_RGB('',0.823529481887817,0.823529481887817,
0.784313797950745);
#71720=FILL_AREA_STYLE_COLOUR('',#71710);
#71730=FILL_AREA_STYLE('',(#71720));
#71740=SURFACE_STYLE_FILL_AREA(#71730);
#71750=SURFACE_SIDE_STYLE('',(#71740));
#71760=SURFACE_STYLE_USAGE(.BOTH.,#71750);
#71770=PRESENTATION_STYLE_ASSIGNMENT((#71760));
#71780=CARTESIAN_POINT('',(121.83890173317,-52.2751171901442,-395.6));
#71790=DIRECTION('',(0.,1.,0.));
#71800=DIRECTION('',(0.,0.,-1.));
#71810=AXIS2_PLACEMENT_3D('',#71780,#71790,#71800);
#71820=CYLINDRICAL_SURFACE('',#71810,3.1);
#71830=CARTESIAN_POINT('',(118.73890173317,-52.2751171901442,-395.6));
#71840=DIRECTION('',(0.,1.,0.));
#71850=VECTOR('',#71840,1.);
#71860=LINE('',#71830,#71850);
#71870=EDGE_CURVE('',#5930,#58540,#71860,.T.);
#71880=ORIENTED_EDGE('',*,*,#71870,.T.);
#71890=ORIENTED_EDGE('',*,*,#5940,.F.);
#71900=ORIENTED_EDGE('',*,*,#71630,.F.);
#71910=ORIENTED_EDGE('',*,*,#58570,.T.);
#71920=EDGE_LOOP('',(#71910,#71900,#71890,#71880));
#71930=FACE_OUTER_BOUND('',#71920,.T.);
#71940=ADVANCED_FACE('',(#71930),#71820,.F.);
#71950=COLOUR_RGB('',0.823529481887817,0.823529481887817,
0.784313797950745);
#71960=FILL_AREA_STYLE_COLOUR('',#71950);
#71970=FILL_AREA_STYLE('',(#71960));
#71980=SURFACE_STYLE_FILL_AREA(#71970);
#71990=SURFACE_SIDE_STYLE('',(#71980));
#72000=SURFACE_STYLE_USAGE(.BOTH.,#71990);
#72010=PRESENTATION_STYLE_ASSIGNMENT((#72000));
#72020=CARTESIAN_POINT('',(118.73890173317,-52.2751171901442,-395.6));
#72030=DIRECTION('',(-1.,-0.,-0.));
#72040=DIRECTION('',(0.,0.,-1.));
#72050=AXIS2_PLACEMENT_3D('',#72020,#72030,#72040);
#72060=PLANE('',#72050);
#72070=ORIENTED_EDGE('',*,*,#71410,.T.);
#72080=ORIENTED_EDGE('',*,*,#6000,.T.);
#72090=ORIENTED_EDGE('',*,*,#71870,.F.);
#72100=ORIENTED_EDGE('',*,*,#58800,.T.);
#72110=EDGE_LOOP('',(#72100,#72090,#72080,#72070));
#72120=FACE_OUTER_BOUND('',#72110,.T.);
#72130=ADVANCED_FACE('',(#72120),#72060,.F.);
#72140=COLOUR_RGB('',0.823529481887817,0.823529481887817,
0.784313797950745);
#72150=FILL_AREA_STYLE_COLOUR('',#72140);
#72160=FILL_AREA_STYLE('',(#72150));
#72170=SURFACE_STYLE_FILL_AREA(#72160);
#72180=SURFACE_SIDE_STYLE('',(#72170));
#72190=SURFACE_STYLE_USAGE(.BOTH.,#72180);
#72200=PRESENTATION_STYLE_ASSIGNMENT((#72190));
#72210=CARTESIAN_POINT('',(118.73890173317,-52.2751171901442,-645.6));
#72220=DIRECTION('',(-1.,-0.,-0.));
#72230=DIRECTION('',(0.,0.,-1.));
#72240=AXIS2_PLACEMENT_3D('',#72210,#72220,#72230);
#72250=PLANE('',#72240);
#72260=CARTESIAN_POINT('',(118.73890173317,-52.2751171901442,-654.4));
#72270=DIRECTION('',(0.,1.,0.));
#72280=VECTOR('',#72270,1.);
#72290=LINE('',#72260,#72280);
#72300=EDGE_CURVE('',#6120,#42330,#72290,.T.);
#72310=ORIENTED_EDGE('',*,*,#72300,.T.);
#72320=ORIENTED_EDGE('',*,*,#6360,.T.);
#72330=CARTESIAN_POINT('',(118.73890173317,-52.2751171901442,-645.6));
#72340=DIRECTION('',(0.,1.,0.));
#72350=VECTOR('',#72340,1.);
#72360=LINE('',#72330,#72350);
#72370=EDGE_CURVE('',#6290,#42350,#72360,.T.);
#72380=ORIENTED_EDGE('',*,*,#72370,.F.);
#72390=ORIENTED_EDGE('',*,*,#42360,.T.);
#72400=EDGE_LOOP('',(#72390,#72380,#72320,#72310));
#72410=FACE_OUTER_BOUND('',#72400,.T.);
#72420=ADVANCED_FACE('',(#72410),#72250,.F.);
#72430=COLOUR_RGB('',0.823529481887817,0.823529481887817,
0.784313797950745);
#72440=FILL_AREA_STYLE_COLOUR('',#72430);
#72450=FILL_AREA_STYLE('',(#72440));
#72460=SURFACE_STYLE_FILL_AREA(#72450);
#72470=SURFACE_SIDE_STYLE('',(#72460));
#72480=SURFACE_STYLE_USAGE(.BOTH.,#72470);
#72490=PRESENTATION_STYLE_ASSIGNMENT((#72480));
#72500=CARTESIAN_POINT('',(121.83890173317,-52.2751171901442,-645.6));
#72510=DIRECTION('',(0.,1.,0.));
#72520=DIRECTION('',(0.,0.,-1.));
#72530=AXIS2_PLACEMENT_3D('',#72500,#72510,#72520);
#72540=CYLINDRICAL_SURFACE('',#72530,3.1);
#72550=ORIENTED_EDGE('',*,*,#72370,.T.);
#72560=ORIENTED_EDGE('',*,*,#6300,.F.);
#72570=CARTESIAN_POINT('',(124.93890173317,-52.2751171901442,-645.6));
#72580=DIRECTION('',(0.,1.,0.));
#72590=VECTOR('',#72580,1.);
#72600=LINE('',#72570,#72590);
#72610=EDGE_CURVE('',#6200,#42440,#72600,.T.);
#72620=ORIENTED_EDGE('',*,*,#72610,.F.);
#72630=ORIENTED_EDGE('',*,*,#42450,.T.);
#72640=EDGE_LOOP('',(#72630,#72620,#72560,#72550));
#72650=FACE_OUTER_BOUND('',#72640,.T.);
#72660=ADVANCED_FACE('',(#72650),#72540,.F.);
#72670=COLOUR_RGB('',0.823529481887817,0.823529481887817,
0.784313797950745);
#72680=FILL_AREA_STYLE_COLOUR('',#72670);
#72690=FILL_AREA_STYLE('',(#72680));
#72700=SURFACE_STYLE_FILL_AREA(#72690);
#72710=SURFACE_SIDE_STYLE('',(#72700));
#72720=SURFACE_STYLE_USAGE(.BOTH.,#72710);
#72730=PRESENTATION_STYLE_ASSIGNMENT((#72720));
#72740=CARTESIAN_POINT('',(124.93890173317,-52.2751171901442,-654.4));
#72750=DIRECTION('',(1.,0.,-0.));
#72760=DIRECTION('',(0.,0.,1.));
#72770=AXIS2_PLACEMENT_3D('',#72740,#72750,#72760);
#72780=PLANE('',#72770);
#72790=ORIENTED_EDGE('',*,*,#72610,.T.);
#72800=ORIENTED_EDGE('',*,*,#6210,.T.);
#72810=CARTESIAN_POINT('',(124.93890173317,-52.2751171901442,-654.4));
#72820=DIRECTION('',(0.,1.,0.));
#72830=VECTOR('',#72820,1.);
#72840=LINE('',#72810,#72830);
#72850=EDGE_CURVE('',#6100,#42520,#72840,.T.);
#72860=ORIENTED_EDGE('',*,*,#72850,.F.);
#72870=ORIENTED_EDGE('',*,*,#42530,.T.);
#72880=EDGE_LOOP('',(#72870,#72860,#72800,#72790));
#72890=FACE_OUTER_BOUND('',#72880,.T.);
#72900=ADVANCED_FACE('',(#72890),#72780,.F.);
#72910=COLOUR_RGB('',0.823529481887817,0.823529481887817,
0.784313797950745);
#72920=FILL_AREA_STYLE_COLOUR('',#72910);
#72930=FILL_AREA_STYLE('',(#72920));
#72940=SURFACE_STYLE_FILL_AREA(#72930);
#72950=SURFACE_SIDE_STYLE('',(#72940));
#72960=SURFACE_STYLE_USAGE(.BOTH.,#72950);
#72970=PRESENTATION_STYLE_ASSIGNMENT((#72960));
#72980=CARTESIAN_POINT('',(121.83890173317,-52.2751171901442,-654.4));
#72990=DIRECTION('',(0.,1.,0.));
#73000=DIRECTION('',(0.,0.,-1.));
#73010=AXIS2_PLACEMENT_3D('',#72980,#72990,#73000);
#73020=CYLINDRICAL_SURFACE('',#73010,3.1);
#73030=ORIENTED_EDGE('',*,*,#72850,.T.);
#73040=ORIENTED_EDGE('',*,*,#6130,.F.);
#73050=ORIENTED_EDGE('',*,*,#72300,.F.);
#73060=ORIENTED_EDGE('',*,*,#42600,.T.);
#73070=EDGE_LOOP('',(#73060,#73050,#73040,#73030));
#73080=FACE_OUTER_BOUND('',#73070,.T.);
#73090=ADVANCED_FACE('',(#73080),#73020,.F.);
#73100=COLOUR_RGB('',0.823529481887817,0.823529481887817,
0.784313797950745);
#73110=FILL_AREA_STYLE_COLOUR('',#73100);
#73120=FILL_AREA_STYLE('',(#73110));
#73130=SURFACE_STYLE_FILL_AREA(#73120);
#73140=SURFACE_SIDE_STYLE('',(#73130));
#73150=SURFACE_STYLE_USAGE(.BOTH.,#73140);
#73160=PRESENTATION_STYLE_ASSIGNMENT((#73150));
#73170=CARTESIAN_POINT('',(124.93890173317,-52.2751171901442,-1104.4));
#73180=DIRECTION('',(1.,0.,-0.));
#73190=DIRECTION('',(0.,0.,1.));
#73200=AXIS2_PLACEMENT_3D('',#73170,#73180,#73190);
#73210=PLANE('',#73200);
#73220=CARTESIAN_POINT('',(124.93890173317,-52.2751171901442,-1095.6));
#73230=DIRECTION('',(0.,1.,0.));
#73240=VECTOR('',#73230,1.);
#73250=LINE('',#73220,#73240);
#73260=EDGE_CURVE('',#6480,#52050,#73250,.T.);
#73270=ORIENTED_EDGE('',*,*,#73260,.T.);
#73280=ORIENTED_EDGE('',*,*,#6720,.T.);
#73290=CARTESIAN_POINT('',(124.93890173317,-52.2751171901442,-1104.4));
#73300=DIRECTION('',(0.,1.,0.));
#73310=VECTOR('',#73300,1.);
#73320=LINE('',#73290,#73310);
#73330=EDGE_CURVE('',#6650,#52070,#73320,.T.);
#73340=ORIENTED_EDGE('',*,*,#73330,.F.);
#73350=ORIENTED_EDGE('',*,*,#52080,.T.);
#73360=EDGE_LOOP('',(#73350,#73340,#73280,#73270));
#73370=FACE_OUTER_BOUND('',#73360,.T.);
#73380=ADVANCED_FACE('',(#73370),#73210,.F.);
#73390=COLOUR_RGB('',0.823529481887817,0.823529481887817,
0.784313797950745);
#73400=FILL_AREA_STYLE_COLOUR('',#73390);
#73410=FILL_AREA_STYLE('',(#73400));
#73420=SURFACE_STYLE_FILL_AREA(#73410);
#73430=SURFACE_SIDE_STYLE('',(#73420));
#73440=SURFACE_STYLE_USAGE(.BOTH.,#73430);
#73450=PRESENTATION_STYLE_ASSIGNMENT((#73440));
#73460=CARTESIAN_POINT('',(121.83890173317,-52.2751171901442,-1104.4));
#73470=DIRECTION('',(0.,1.,0.));
#73480=DIRECTION('',(0.,0.,-1.));
#73490=AXIS2_PLACEMENT_3D('',#73460,#73470,#73480);
#73500=CYLINDRICAL_SURFACE('',#73490,3.1);
#73510=ORIENTED_EDGE('',*,*,#73330,.T.);
#73520=ORIENTED_EDGE('',*,*,#6660,.F.);
#73530=CARTESIAN_POINT('',(118.73890173317,-52.2751171901442,-1104.4));
#73540=DIRECTION('',(0.,1.,0.));
#73550=VECTOR('',#73540,1.);
#73560=LINE('',#73530,#73550);
#73570=EDGE_CURVE('',#6560,#52160,#73560,.T.);
#73580=ORIENTED_EDGE('',*,*,#73570,.F.);
#73590=ORIENTED_EDGE('',*,*,#52170,.T.);
#73600=EDGE_LOOP('',(#73590,#73580,#73520,#73510));
#73610=FACE_OUTER_BOUND('',#73600,.T.);
#73620=ADVANCED_FACE('',(#73610),#73500,.F.);
#73630=COLOUR_RGB('',0.823529481887817,0.823529481887817,
0.784313797950745);
#73640=FILL_AREA_STYLE_COLOUR('',#73630);
#73650=FILL_AREA_STYLE('',(#73640));
#73660=SURFACE_STYLE_FILL_AREA(#73650);
#73670=SURFACE_SIDE_STYLE('',(#73660));
#73680=SURFACE_STYLE_USAGE(.BOTH.,#73670);
#73690=PRESENTATION_STYLE_ASSIGNMENT((#73680));
#73700=CARTESIAN_POINT('',(118.73890173317,-52.2751171901442,-1095.6));
#73710=DIRECTION('',(-1.,-0.,-0.));
#73720=DIRECTION('',(0.,0.,-1.));
#73730=AXIS2_PLACEMENT_3D('',#73700,#73710,#73720);
#73740=PLANE('',#73730);
#73750=ORIENTED_EDGE('',*,*,#73570,.T.);
#73760=ORIENTED_EDGE('',*,*,#6570,.T.);
#73770=CARTESIAN_POINT('',(118.73890173317,-52.2751171901442,-1095.6));
#73780=DIRECTION('',(0.,1.,0.));
#73790=VECTOR('',#73780,1.);
#73800=LINE('',#73770,#73790);
#73810=EDGE_CURVE('',#6460,#52240,#73800,.T.);
#73820=ORIENTED_EDGE('',*,*,#73810,.F.);
#73830=ORIENTED_EDGE('',*,*,#52250,.T.);
#73840=EDGE_LOOP('',(#73830,#73820,#73760,#73750));
#73850=FACE_OUTER_BOUND('',#73840,.T.);
#73860=ADVANCED_FACE('',(#73850),#73740,.F.);
#73870=COLOUR_RGB('',0.823529481887817,0.823529481887817,
0.784313797950745);
#73880=FILL_AREA_STYLE_COLOUR('',#73870);
#73890=FILL_AREA_STYLE('',(#73880));
#73900=SURFACE_STYLE_FILL_AREA(#73890);
#73910=SURFACE_SIDE_STYLE('',(#73900));
#73920=SURFACE_STYLE_USAGE(.BOTH.,#73910);
#73930=PRESENTATION_STYLE_ASSIGNMENT((#73920));
#73940=CARTESIAN_POINT('',(121.83890173317,-52.2751171901442,-1095.6));
#73950=DIRECTION('',(0.,1.,0.));
#73960=DIRECTION('',(0.,0.,-1.));
#73970=AXIS2_PLACEMENT_3D('',#73940,#73950,#73960);
#73980=CYLINDRICAL_SURFACE('',#73970,3.1);
#73990=ORIENTED_EDGE('',*,*,#73810,.T.);
#74000=ORIENTED_EDGE('',*,*,#6490,.F.);
#74010=ORIENTED_EDGE('',*,*,#73260,.F.);
#74020=ORIENTED_EDGE('',*,*,#52320,.T.);
#74030=EDGE_LOOP('',(#74020,#74010,#74000,#73990));
#74040=FACE_OUTER_BOUND('',#74030,.T.);
#74050=ADVANCED_FACE('',(#74040),#73980,.F.);
#74060=COLOUR_RGB('',0.823529481887817,0.823529481887817,
0.784313797950745);
#74070=FILL_AREA_STYLE_COLOUR('',#74060);
#74080=FILL_AREA_STYLE('',(#74070));
#74090=SURFACE_STYLE_FILL_AREA(#74080);
#74100=SURFACE_SIDE_STYLE('',(#74090));
#74110=SURFACE_STYLE_USAGE(.BOTH.,#74100);
#74120=PRESENTATION_STYLE_ASSIGNMENT((#74110));
#74130=CARTESIAN_POINT('',(121.83890173317,-52.2751171901442,-429.4));
#74140=DIRECTION('',(0.,1.,0.));
#74150=DIRECTION('',(0.,0.,-1.));
#74160=AXIS2_PLACEMENT_3D('',#74130,#74140,#74150);
#74170=CYLINDRICAL_SURFACE('',#74160,3.1);
#74180=CARTESIAN_POINT('',(124.93890173317,-52.2751171901442,-429.4));
#74190=DIRECTION('',(0.,1.,0.));
#74200=VECTOR('',#74190,1.);
#74210=LINE('',#74180,#74200);
#74220=EDGE_CURVE('',#6820,#51710,#74210,.T.);
#74230=ORIENTED_EDGE('',*,*,#74220,.T.);
#74240=ORIENTED_EDGE('',*,*,#6850,.F.);
#74250=CARTESIAN_POINT('',(118.73890173317,-52.2751171901442,-429.4));
#74260=DIRECTION('',(0.,1.,0.));
#74270=VECTOR('',#74260,1.);
#74280=LINE('',#74250,#74270);
#74290=EDGE_CURVE('',#6840,#51800,#74280,.T.);
#74300=ORIENTED_EDGE('',*,*,#74290,.F.);
#74310=ORIENTED_EDGE('',*,*,#51810,.T.);
#74320=EDGE_LOOP('',(#74310,#74300,#74240,#74230));
#74330=FACE_OUTER_BOUND('',#74320,.T.);
#74340=ADVANCED_FACE('',(#74330),#74170,.F.);
#74350=COLOUR_RGB('',0.823529481887817,0.823529481887817,
0.784313797950745);
#74360=FILL_AREA_STYLE_COLOUR('',#74350);
#74370=FILL_AREA_STYLE('',(#74360));
#74380=SURFACE_STYLE_FILL_AREA(#74370);
#74390=SURFACE_SIDE_STYLE('',(#74380));
#74400=SURFACE_STYLE_USAGE(.BOTH.,#74390);
#74410=PRESENTATION_STYLE_ASSIGNMENT((#74400));
#74420=CARTESIAN_POINT('',(124.93890173317,-52.2751171901442,-429.4));
#74430=DIRECTION('',(1.,0.,-0.));
#74440=DIRECTION('',(0.,0.,1.));
#74450=AXIS2_PLACEMENT_3D('',#74420,#74430,#74440);
#74460=PLANE('',#74450);
#74470=CARTESIAN_POINT('',(124.93890173317,-52.2751171901442,-420.6));
#74480=DIRECTION('',(0.,1.,0.));
#74490=VECTOR('',#74480,1.);
#74500=LINE('',#74470,#74490);
#74510=EDGE_CURVE('',#6920,#51690,#74500,.T.);
#74520=ORIENTED_EDGE('',*,*,#74510,.T.);
#74530=ORIENTED_EDGE('',*,*,#6930,.T.);
#74540=ORIENTED_EDGE('',*,*,#74220,.F.);
#74550=ORIENTED_EDGE('',*,*,#51720,.T.);
#74560=EDGE_LOOP('',(#74550,#74540,#74530,#74520));
#74570=FACE_OUTER_BOUND('',#74560,.T.);
#74580=ADVANCED_FACE('',(#74570),#74460,.F.);
#74590=COLOUR_RGB('',0.823529481887817,0.823529481887817,
0.784313797950745);
#74600=FILL_AREA_STYLE_COLOUR('',#74590);
#74610=FILL_AREA_STYLE('',(#74600));
#74620=SURFACE_STYLE_FILL_AREA(#74610);
#74630=SURFACE_SIDE_STYLE('',(#74620));
#74640=SURFACE_STYLE_USAGE(.BOTH.,#74630);
#74650=PRESENTATION_STYLE_ASSIGNMENT((#74640));
#74660=CARTESIAN_POINT('',(121.83890173317,-52.2751171901442,-420.6));
#74670=DIRECTION('',(0.,1.,0.));
#74680=DIRECTION('',(0.,0.,-1.));
#74690=AXIS2_PLACEMENT_3D('',#74660,#74670,#74680);
#74700=CYLINDRICAL_SURFACE('',#74690,3.1);
#74710=CARTESIAN_POINT('',(118.73890173317,-52.2751171901442,-420.6));
#74720=DIRECTION('',(0.,1.,0.));
#74730=VECTOR('',#74720,1.);
#74740=LINE('',#74710,#74730);
#74750=EDGE_CURVE('',#7010,#51880,#74740,.T.);
#74760=ORIENTED_EDGE('',*,*,#74750,.T.);
#74770=ORIENTED_EDGE('',*,*,#7020,.F.);
#74780=ORIENTED_EDGE('',*,*,#74510,.F.);
#74790=ORIENTED_EDGE('',*,*,#51960,.T.);
#74800=EDGE_LOOP('',(#74790,#74780,#74770,#74760));
#74810=FACE_OUTER_BOUND('',#74800,.T.);
#74820=ADVANCED_FACE('',(#74810),#74700,.F.);
#74830=COLOUR_RGB('',0.823529481887817,0.823529481887817,
0.784313797950745);
#74840=FILL_AREA_STYLE_COLOUR('',#74830);
#74850=FILL_AREA_STYLE('',(#74840));
#74860=SURFACE_STYLE_FILL_AREA(#74850);
#74870=SURFACE_SIDE_STYLE('',(#74860));
#74880=SURFACE_STYLE_USAGE(.BOTH.,#74870);
#74890=PRESENTATION_STYLE_ASSIGNMENT((#74880));
#74900=CARTESIAN_POINT('',(118.73890173317,-52.2751171901442,-420.6));
#74910=DIRECTION('',(-1.,-0.,-0.));
#74920=DIRECTION('',(0.,0.,-1.));
#74930=AXIS2_PLACEMENT_3D('',#74900,#74910,#74920);
#74940=PLANE('',#74930);
#74950=ORIENTED_EDGE('',*,*,#74290,.T.);
#74960=ORIENTED_EDGE('',*,*,#7080,.T.);
#74970=ORIENTED_EDGE('',*,*,#74750,.F.);
#74980=ORIENTED_EDGE('',*,*,#51890,.T.);
#74990=EDGE_LOOP('',(#74980,#74970,#74960,#74950));
#75000=FACE_OUTER_BOUND('',#74990,.T.);
#75010=ADVANCED_FACE('',(#75000),#74940,.F.);
#75020=COLOUR_RGB('',0.823529481887817,0.823529481887817,
0.784313797950745);
#75030=FILL_AREA_STYLE_COLOUR('',#75020);
#75040=FILL_AREA_STYLE('',(#75030));
#75050=SURFACE_STYLE_FILL_AREA(#75040);
#75060=SURFACE_SIDE_STYLE('',(#75050));
#75070=SURFACE_STYLE_USAGE(.BOTH.,#75060);
#75080=PRESENTATION_STYLE_ASSIGNMENT((#75070));
#75090=CARTESIAN_POINT('',(124.93890173317,-52.2751171901442,-179.4));
#75100=DIRECTION('',(1.,0.,-0.));
#75110=DIRECTION('',(0.,0.,1.));
#75120=AXIS2_PLACEMENT_3D('',#75090,#75100,#75110);
#75130=PLANE('',#75120);
#75140=CARTESIAN_POINT('',(124.93890173317,-52.2751171901442,-170.6));
#75150=DIRECTION('',(0.,1.,0.));
#75160=VECTOR('',#75150,1.);
#75170=LINE('',#75140,#75160);
#75180=EDGE_CURVE('',#7200,#35130,#75170,.T.);
#75190=ORIENTED_EDGE('',*,*,#75180,.T.);
#75200=ORIENTED_EDGE('',*,*,#7440,.T.);
#75210=CARTESIAN_POINT('',(124.93890173317,-52.2751171901442,-179.4));
#75220=DIRECTION('',(0.,1.,0.));
#75230=VECTOR('',#75220,1.);
#75240=LINE('',#75210,#75230);
#75250=EDGE_CURVE('',#7370,#35150,#75240,.T.);
#75260=ORIENTED_EDGE('',*,*,#75250,.F.);
#75270=ORIENTED_EDGE('',*,*,#35160,.T.);
#75280=EDGE_LOOP('',(#75270,#75260,#75200,#75190));
#75290=FACE_OUTER_BOUND('',#75280,.T.);
#75300=ADVANCED_FACE('',(#75290),#75130,.F.);
#75310=COLOUR_RGB('',0.823529481887817,0.823529481887817,
0.784313797950745);
#75320=FILL_AREA_STYLE_COLOUR('',#75310);
#75330=FILL_AREA_STYLE('',(#75320));
#75340=SURFACE_STYLE_FILL_AREA(#75330);
#75350=SURFACE_SIDE_STYLE('',(#75340));
#75360=SURFACE_STYLE_USAGE(.BOTH.,#75350);
#75370=PRESENTATION_STYLE_ASSIGNMENT((#75360));
#75380=CARTESIAN_POINT('',(121.83890173317,-52.2751171901442,-179.4));
#75390=DIRECTION('',(0.,1.,0.));
#75400=DIRECTION('',(0.,0.,-1.));
#75410=AXIS2_PLACEMENT_3D('',#75380,#75390,#75400);
#75420=CYLINDRICAL_SURFACE('',#75410,3.1);
#75430=ORIENTED_EDGE('',*,*,#75250,.T.);
#75440=ORIENTED_EDGE('',*,*,#7380,.F.);
#75450=CARTESIAN_POINT('',(118.73890173317,-52.2751171901442,-179.4));
#75460=DIRECTION('',(0.,1.,0.));
#75470=VECTOR('',#75460,1.);
#75480=LINE('',#75450,#75470);
#75490=EDGE_CURVE('',#7280,#35240,#75480,.T.);
#75500=ORIENTED_EDGE('',*,*,#75490,.F.);
#75510=ORIENTED_EDGE('',*,*,#35250,.T.);
#75520=EDGE_LOOP('',(#75510,#75500,#75440,#75430));
#75530=FACE_OUTER_BOUND('',#75520,.T.);
#75540=ADVANCED_FACE('',(#75530),#75420,.F.);
#75550=COLOUR_RGB('',0.823529481887817,0.823529481887817,
0.784313797950745);
#75560=FILL_AREA_STYLE_COLOUR('',#75550);
#75570=FILL_AREA_STYLE('',(#75560));
#75580=SURFACE_STYLE_FILL_AREA(#75570);
#75590=SURFACE_SIDE_STYLE('',(#75580));
#75600=SURFACE_STYLE_USAGE(.BOTH.,#75590);
#75610=PRESENTATION_STYLE_ASSIGNMENT((#75600));
#75620=CARTESIAN_POINT('',(118.73890173317,-52.2751171901442,-170.6));
#75630=DIRECTION('',(-1.,-0.,-0.));
#75640=DIRECTION('',(0.,0.,-1.));
#75650=AXIS2_PLACEMENT_3D('',#75620,#75630,#75640);
#75660=PLANE('',#75650);
#75670=ORIENTED_EDGE('',*,*,#75490,.T.);
#75680=ORIENTED_EDGE('',*,*,#7290,.T.);
#75690=CARTESIAN_POINT('',(118.73890173317,-52.2751171901442,-170.6));
#75700=DIRECTION('',(0.,1.,0.));
#75710=VECTOR('',#75700,1.);
#75720=LINE('',#75690,#75710);
#75730=EDGE_CURVE('',#7180,#35320,#75720,.T.);
#75740=ORIENTED_EDGE('',*,*,#75730,.F.);
#75750=ORIENTED_EDGE('',*,*,#35330,.T.);
#75760=EDGE_LOOP('',(#75750,#75740,#75680,#75670));
#75770=FACE_OUTER_BOUND('',#75760,.T.);
#75780=ADVANCED_FACE('',(#75770),#75660,.F.);
#75790=COLOUR_RGB('',0.823529481887817,0.823529481887817,
0.784313797950745);
#75800=FILL_AREA_STYLE_COLOUR('',#75790);
#75810=FILL_AREA_STYLE('',(#75800));
#75820=SURFACE_STYLE_FILL_AREA(#75810);
#75830=SURFACE_SIDE_STYLE('',(#75820));
#75840=SURFACE_STYLE_USAGE(.BOTH.,#75830);
#75850=PRESENTATION_STYLE_ASSIGNMENT((#75840));
#75860=CARTESIAN_POINT('',(121.83890173317,-52.2751171901442,-170.6));
#75870=DIRECTION('',(0.,1.,0.));
#75880=DIRECTION('',(0.,0.,-1.));
#75890=AXIS2_PLACEMENT_3D('',#75860,#75870,#75880);
#75900=CYLINDRICAL_SURFACE('',#75890,3.1);
#75910=ORIENTED_EDGE('',*,*,#75730,.T.);
#75920=ORIENTED_EDGE('',*,*,#7210,.F.);
#75930=ORIENTED_EDGE('',*,*,#75180,.F.);
#75940=ORIENTED_EDGE('',*,*,#35400,.T.);
#75950=EDGE_LOOP('',(#75940,#75930,#75920,#75910));
#75960=FACE_OUTER_BOUND('',#75950,.T.);
#75970=ADVANCED_FACE('',(#75960),#75900,.F.);
#75980=COLOUR_RGB('',0.823529481887817,0.823529481887817,
0.784313797950745);
#75990=FILL_AREA_STYLE_COLOUR('',#75980);
#76000=FILL_AREA_STYLE('',(#75990));
#76010=SURFACE_STYLE_FILL_AREA(#76000);
#76020=SURFACE_SIDE_STYLE('',(#76010));
#76030=SURFACE_STYLE_USAGE(.BOTH.,#76020);
#76040=PRESENTATION_STYLE_ASSIGNMENT((#76030));
#76050=CARTESIAN_POINT('',(124.93890173317,-52.2751171901442,-329.4));
#76060=DIRECTION('',(1.,0.,-0.));
#76070=DIRECTION('',(0.,0.,1.));
#76080=AXIS2_PLACEMENT_3D('',#76050,#76060,#76070);
#76090=PLANE('',#76080);
#76100=CARTESIAN_POINT('',(124.93890173317,-52.2751171901442,-320.6));
#76110=DIRECTION('',(0.,1.,0.));
#76120=VECTOR('',#76110,1.);
#76130=LINE('',#76100,#76120);
#76140=EDGE_CURVE('',#7560,#38370,#76130,.T.);
#76150=ORIENTED_EDGE('',*,*,#76140,.T.);
#76160=ORIENTED_EDGE('',*,*,#7800,.T.);
#76170=CARTESIAN_POINT('',(124.93890173317,-52.2751171901442,-329.4));
#76180=DIRECTION('',(0.,1.,0.));
#76190=VECTOR('',#76180,1.);
#76200=LINE('',#76170,#76190);
#76210=EDGE_CURVE('',#7730,#38390,#76200,.T.);
#76220=ORIENTED_EDGE('',*,*,#76210,.F.);
#76230=ORIENTED_EDGE('',*,*,#38400,.T.);
#76240=EDGE_LOOP('',(#76230,#76220,#76160,#76150));
#76250=FACE_OUTER_BOUND('',#76240,.T.);
#76260=ADVANCED_FACE('',(#76250),#76090,.F.);
#76270=COLOUR_RGB('',0.823529481887817,0.823529481887817,
0.784313797950745);
#76280=FILL_AREA_STYLE_COLOUR('',#76270);
#76290=FILL_AREA_STYLE('',(#76280));
#76300=SURFACE_STYLE_FILL_AREA(#76290);
#76310=SURFACE_SIDE_STYLE('',(#76300));
#76320=SURFACE_STYLE_USAGE(.BOTH.,#76310);
#76330=PRESENTATION_STYLE_ASSIGNMENT((#76320));
#76340=CARTESIAN_POINT('',(121.83890173317,-52.2751171901442,-329.4));
#76350=DIRECTION('',(0.,1.,0.));
#76360=DIRECTION('',(0.,0.,-1.));
#76370=AXIS2_PLACEMENT_3D('',#76340,#76350,#76360);
#76380=CYLINDRICAL_SURFACE('',#76370,3.1);
#76390=ORIENTED_EDGE('',*,*,#76210,.T.);
#76400=ORIENTED_EDGE('',*,*,#7740,.F.);
#76410=CARTESIAN_POINT('',(118.73890173317,-52.2751171901442,-329.4));
#76420=DIRECTION('',(0.,1.,0.));
#76430=VECTOR('',#76420,1.);
#76440=LINE('',#76410,#76430);
#76450=EDGE_CURVE('',#7640,#38480,#76440,.T.);
#76460=ORIENTED_EDGE('',*,*,#76450,.F.);
#76470=ORIENTED_EDGE('',*,*,#38490,.T.);
#76480=EDGE_LOOP('',(#76470,#76460,#76400,#76390));
#76490=FACE_OUTER_BOUND('',#76480,.T.);
#76500=ADVANCED_FACE('',(#76490),#76380,.F.);
#76510=COLOUR_RGB('',0.823529481887817,0.823529481887817,
0.784313797950745);
#76520=FILL_AREA_STYLE_COLOUR('',#76510);
#76530=FILL_AREA_STYLE('',(#76520));
#76540=SURFACE_STYLE_FILL_AREA(#76530);
#76550=SURFACE_SIDE_STYLE('',(#76540));
#76560=SURFACE_STYLE_USAGE(.BOTH.,#76550);
#76570=PRESENTATION_STYLE_ASSIGNMENT((#76560));
#76580=CARTESIAN_POINT('',(118.73890173317,-52.2751171901442,-320.6));
#76590=DIRECTION('',(-1.,-0.,-0.));
#76600=DIRECTION('',(0.,0.,-1.));
#76610=AXIS2_PLACEMENT_3D('',#76580,#76590,#76600);
#76620=PLANE('',#76610);
#76630=ORIENTED_EDGE('',*,*,#76450,.T.);
#76640=ORIENTED_EDGE('',*,*,#7650,.T.);
#76650=CARTESIAN_POINT('',(118.73890173317,-52.2751171901442,-320.6));
#76660=DIRECTION('',(0.,1.,0.));
#76670=VECTOR('',#76660,1.);
#76680=LINE('',#76650,#76670);
#76690=EDGE_CURVE('',#7540,#38560,#76680,.T.);
#76700=ORIENTED_EDGE('',*,*,#76690,.F.);
#76710=ORIENTED_EDGE('',*,*,#38570,.T.);
#76720=EDGE_LOOP('',(#76710,#76700,#76640,#76630));
#76730=FACE_OUTER_BOUND('',#76720,.T.);
#76740=ADVANCED_FACE('',(#76730),#76620,.F.);
#76750=COLOUR_RGB('',0.823529481887817,0.823529481887817,
0.784313797950745);
#76760=FILL_AREA_STYLE_COLOUR('',#76750);
#76770=FILL_AREA_STYLE('',(#76760));
#76780=SURFACE_STYLE_FILL_AREA(#76770);
#76790=SURFACE_SIDE_STYLE('',(#76780));
#76800=SURFACE_STYLE_USAGE(.BOTH.,#76790);
#76810=PRESENTATION_STYLE_ASSIGNMENT((#76800));
#76820=CARTESIAN_POINT('',(121.83890173317,-52.2751171901442,-320.6));
#76830=DIRECTION('',(0.,1.,0.));
#76840=DIRECTION('',(0.,0.,-1.));
#76850=AXIS2_PLACEMENT_3D('',#76820,#76830,#76840);
#76860=CYLINDRICAL_SURFACE('',#76850,3.1);
#76870=ORIENTED_EDGE('',*,*,#76690,.T.);
#76880=ORIENTED_EDGE('',*,*,#7570,.F.);
#76890=ORIENTED_EDGE('',*,*,#76140,.F.);
#76900=ORIENTED_EDGE('',*,*,#38640,.T.);
#76910=EDGE_LOOP('',(#76900,#76890,#76880,#76870));
#76920=FACE_OUTER_BOUND('',#76910,.T.);
#76930=ADVANCED_FACE('',(#76920),#76860,.F.);
#76940=COLOUR_RGB('',0.823529481887817,0.823529481887817,
0.784313797950745);
#76950=FILL_AREA_STYLE_COLOUR('',#76940);
#76960=FILL_AREA_STYLE('',(#76950));
#76970=SURFACE_STYLE_FILL_AREA(#76960);
#76980=SURFACE_SIDE_STYLE('',(#76970));
#76990=SURFACE_STYLE_USAGE(.BOTH.,#76980);
#77000=PRESENTATION_STYLE_ASSIGNMENT((#76990));
#77010=CARTESIAN_POINT('',(124.93890173317,-52.2751171901442,-904.4));
#77020=DIRECTION('',(1.,0.,-0.));
#77030=DIRECTION('',(0.,0.,1.));
#77040=AXIS2_PLACEMENT_3D('',#77010,#77020,#77030);
#77050=PLANE('',#77040);
#77060=CARTESIAN_POINT('',(124.93890173317,-52.2751171901442,-895.6));
#77070=DIRECTION('',(0.,1.,0.));
#77080=VECTOR('',#77070,1.);
#77090=LINE('',#77060,#77080);
#77100=EDGE_CURVE('',#7920,#48480,#77090,.T.);
#77110=ORIENTED_EDGE('',*,*,#77100,.T.);
#77120=ORIENTED_EDGE('',*,*,#8160,.T.);
#77130=CARTESIAN_POINT('',(124.93890173317,-52.2751171901442,-904.4));
#77140=DIRECTION('',(0.,1.,0.));
#77150=VECTOR('',#77140,1.);
#77160=LINE('',#77130,#77150);
#77170=EDGE_CURVE('',#8090,#48560,#77160,.T.);
#77180=ORIENTED_EDGE('',*,*,#77170,.F.);
#77190=ORIENTED_EDGE('',*,*,#48570,.T.);
#77200=EDGE_LOOP('',(#77190,#77180,#77120,#77110));
#77210=FACE_OUTER_BOUND('',#77200,.T.);
#77220=ADVANCED_FACE('',(#77210),#77050,.F.);
#77230=COLOUR_RGB('',0.823529481887817,0.823529481887817,
0.784313797950745);
#77240=FILL_AREA_STYLE_COLOUR('',#77230);
#77250=FILL_AREA_STYLE('',(#77240));
#77260=SURFACE_STYLE_FILL_AREA(#77250);
#77270=SURFACE_SIDE_STYLE('',(#77260));
#77280=SURFACE_STYLE_USAGE(.BOTH.,#77270);
#77290=PRESENTATION_STYLE_ASSIGNMENT((#77280));
#77300=CARTESIAN_POINT('',(121.83890173317,-52.2751171901442,-904.4));
#77310=DIRECTION('',(0.,1.,0.));
#77320=DIRECTION('',(0.,0.,-1.));
#77330=AXIS2_PLACEMENT_3D('',#77300,#77310,#77320);
#77340=CYLINDRICAL_SURFACE('',#77330,3.1);
#77350=ORIENTED_EDGE('',*,*,#77170,.T.);
#77360=ORIENTED_EDGE('',*,*,#8100,.F.);
#77370=CARTESIAN_POINT('',(118.73890173317,-52.2751171901442,-904.4));
#77380=DIRECTION('',(0.,1.,0.));
#77390=VECTOR('',#77380,1.);
#77400=LINE('',#77370,#77390);
#77410=EDGE_CURVE('',#8000,#48650,#77400,.T.);
#77420=ORIENTED_EDGE('',*,*,#77410,.F.);
#77430=ORIENTED_EDGE('',*,*,#48660,.T.);
#77440=EDGE_LOOP('',(#77430,#77420,#77360,#77350));
#77450=FACE_OUTER_BOUND('',#77440,.T.);
#77460=ADVANCED_FACE('',(#77450),#77340,.F.);
#77470=COLOUR_RGB('',0.823529481887817,0.823529481887817,
0.784313797950745);
#77480=FILL_AREA_STYLE_COLOUR('',#77470);
#77490=FILL_AREA_STYLE('',(#77480));
#77500=SURFACE_STYLE_FILL_AREA(#77490);
#77510=SURFACE_SIDE_STYLE('',(#77500));
#77520=SURFACE_STYLE_USAGE(.BOTH.,#77510);
#77530=PRESENTATION_STYLE_ASSIGNMENT((#77520));
#77540=CARTESIAN_POINT('',(118.73890173317,-52.2751171901442,-895.6));
#77550=DIRECTION('',(-1.,-0.,-0.));
#77560=DIRECTION('',(0.,0.,-1.));
#77570=AXIS2_PLACEMENT_3D('',#77540,#77550,#77560);
#77580=PLANE('',#77570);
#77590=ORIENTED_EDGE('',*,*,#77410,.T.);
#77600=ORIENTED_EDGE('',*,*,#8010,.T.);
#77610=CARTESIAN_POINT('',(118.73890173317,-52.2751171901442,-895.6));
#77620=DIRECTION('',(0.,1.,0.));
#77630=VECTOR('',#77620,1.);
#77640=LINE('',#77610,#77630);
#77650=EDGE_CURVE('',#7900,#48460,#77640,.T.);
#77660=ORIENTED_EDGE('',*,*,#77650,.F.);
#77670=ORIENTED_EDGE('',*,*,#48720,.T.);
#77680=EDGE_LOOP('',(#77670,#77660,#77600,#77590));
#77690=FACE_OUTER_BOUND('',#77680,.T.);
#77700=ADVANCED_FACE('',(#77690),#77580,.F.);
#77710=COLOUR_RGB('',0.823529481887817,0.823529481887817,
0.784313797950745);
#77720=FILL_AREA_STYLE_COLOUR('',#77710);
#77730=FILL_AREA_STYLE('',(#77720));
#77740=SURFACE_STYLE_FILL_AREA(#77730);
#77750=SURFACE_SIDE_STYLE('',(#77740));
#77760=SURFACE_STYLE_USAGE(.BOTH.,#77750);
#77770=PRESENTATION_STYLE_ASSIGNMENT((#77760));
#77780=CARTESIAN_POINT('',(121.83890173317,-52.2751171901442,-895.6));
#77790=DIRECTION('',(0.,1.,0.));
#77800=DIRECTION('',(0.,0.,-1.));
#77810=AXIS2_PLACEMENT_3D('',#77780,#77790,#77800);
#77820=CYLINDRICAL_SURFACE('',#77810,3.1);
#77830=ORIENTED_EDGE('',*,*,#77650,.T.);
#77840=ORIENTED_EDGE('',*,*,#7930,.F.);
#77850=ORIENTED_EDGE('',*,*,#77100,.F.);
#77860=ORIENTED_EDGE('',*,*,#48490,.T.);
#77870=EDGE_LOOP('',(#77860,#77850,#77840,#77830));
#77880=FACE_OUTER_BOUND('',#77870,.T.);
#77890=ADVANCED_FACE('',(#77880),#77820,.F.);
#77900=COLOUR_RGB('',0.823529481887817,0.823529481887817,
0.784313797950745);
#77910=FILL_AREA_STYLE_COLOUR('',#77900);
#77920=FILL_AREA_STYLE('',(#77910));
#77930=SURFACE_STYLE_FILL_AREA(#77920);
#77940=SURFACE_SIDE_STYLE('',(#77930));
#77950=SURFACE_STYLE_USAGE(.BOTH.,#77940);
#77960=PRESENTATION_STYLE_ASSIGNMENT((#77950));
#77970=CARTESIAN_POINT('',(124.93890173317,-52.2751171901442,-1679.4));
#77980=DIRECTION('',(1.,0.,-0.));
#77990=DIRECTION('',(0.,0.,1.));
#78000=AXIS2_PLACEMENT_3D('',#77970,#77980,#77990);
#78010=PLANE('',#78000);
#78020=CARTESIAN_POINT('',(124.93890173317,-52.2751171901442,-1670.6));
#78030=DIRECTION('',(0.,1.,0.));
#78040=VECTOR('',#78030,1.);
#78050=LINE('',#78020,#78040);
#78060=EDGE_CURVE('',#8440,#44490,#78050,.T.);
#78070=ORIENTED_EDGE('',*,*,#78060,.T.);
#78080=ORIENTED_EDGE('',*,*,#8450,.T.);
#78090=CARTESIAN_POINT('',(124.93890173317,-52.2751171901442,-1679.4));
#78100=DIRECTION('',(0.,1.,0.));
#78110=VECTOR('',#78100,1.);
#78120=LINE('',#78090,#78110);
#78130=EDGE_CURVE('',#8360,#44510,#78120,.T.);
#78140=ORIENTED_EDGE('',*,*,#78130,.F.);
#78150=ORIENTED_EDGE('',*,*,#44520,.T.);
#78160=EDGE_LOOP('',(#78150,#78140,#78080,#78070));
#78170=FACE_OUTER_BOUND('',#78160,.T.);
#78180=ADVANCED_FACE('',(#78170),#78010,.F.);
#78190=COLOUR_RGB('',0.823529481887817,0.823529481887817,
0.784313797950745);
#78200=FILL_AREA_STYLE_COLOUR('',#78190);
#78210=FILL_AREA_STYLE('',(#78200));
#78220=SURFACE_STYLE_FILL_AREA(#78210);
#78230=SURFACE_SIDE_STYLE('',(#78220));
#78240=SURFACE_STYLE_USAGE(.BOTH.,#78230);
#78250=PRESENTATION_STYLE_ASSIGNMENT((#78240));
#78260=CARTESIAN_POINT('',(121.83890173317,-52.2751171901442,-1679.4));
#78270=DIRECTION('',(0.,1.,0.));
#78280=DIRECTION('',(0.,0.,-1.));
#78290=AXIS2_PLACEMENT_3D('',#78260,#78270,#78280);
#78300=CYLINDRICAL_SURFACE('',#78290,3.1);
#78310=ORIENTED_EDGE('',*,*,#78130,.T.);
#78320=ORIENTED_EDGE('',*,*,#8370,.F.);
#78330=CARTESIAN_POINT('',(118.73890173317,-52.2751171901442,-1679.4));
#78340=DIRECTION('',(0.,1.,0.));
#78350=VECTOR('',#78340,1.);
#78360=LINE('',#78330,#78350);
#78370=EDGE_CURVE('',#8270,#44600,#78360,.T.);
#78380=ORIENTED_EDGE('',*,*,#78370,.F.);
#78390=ORIENTED_EDGE('',*,*,#44610,.T.);
#78400=EDGE_LOOP('',(#78390,#78380,#78320,#78310));
#78410=FACE_OUTER_BOUND('',#78400,.T.);
#78420=ADVANCED_FACE('',(#78410),#78300,.F.);
#78430=COLOUR_RGB('',0.823529481887817,0.823529481887817,
0.784313797950745);
#78440=FILL_AREA_STYLE_COLOUR('',#78430);
#78450=FILL_AREA_STYLE('',(#78440));
#78460=SURFACE_STYLE_FILL_AREA(#78450);
#78470=SURFACE_SIDE_STYLE('',(#78460));
#78480=SURFACE_STYLE_USAGE(.BOTH.,#78470);
#78490=PRESENTATION_STYLE_ASSIGNMENT((#78480));
#78500=CARTESIAN_POINT('',(118.73890173317,-52.2751171901442,-1670.6));
#78510=DIRECTION('',(-1.,-0.,-0.));
#78520=DIRECTION('',(0.,0.,-1.));
#78530=AXIS2_PLACEMENT_3D('',#78500,#78510,#78520);
#78540=PLANE('',#78530);
#78550=ORIENTED_EDGE('',*,*,#78370,.T.);
#78560=ORIENTED_EDGE('',*,*,#8280,.T.);
#78570=CARTESIAN_POINT('',(118.73890173317,-52.2751171901442,-1670.6));
#78580=DIRECTION('',(0.,1.,0.));
#78590=VECTOR('',#78580,1.);
#78600=LINE('',#78570,#78590);
#78610=EDGE_CURVE('',#8250,#44680,#78600,.T.);
#78620=ORIENTED_EDGE('',*,*,#78610,.F.);
#78630=ORIENTED_EDGE('',*,*,#44690,.T.);
#78640=EDGE_LOOP('',(#78630,#78620,#78560,#78550));
#78650=FACE_OUTER_BOUND('',#78640,.T.);
#78660=ADVANCED_FACE('',(#78650),#78540,.F.);
#78670=COLOUR_RGB('',0.823529481887817,0.823529481887817,
0.784313797950745);
#78680=FILL_AREA_STYLE_COLOUR('',#78670);
#78690=FILL_AREA_STYLE('',(#78680));
#78700=SURFACE_STYLE_FILL_AREA(#78690);
#78710=SURFACE_SIDE_STYLE('',(#78700));
#78720=SURFACE_STYLE_USAGE(.BOTH.,#78710);
#78730=PRESENTATION_STYLE_ASSIGNMENT((#78720));
#78740=CARTESIAN_POINT('',(121.83890173317,-52.2751171901442,-1670.6));
#78750=DIRECTION('',(0.,1.,0.));
#78760=DIRECTION('',(0.,0.,-1.));
#78770=AXIS2_PLACEMENT_3D('',#78740,#78750,#78760);
#78780=CYLINDRICAL_SURFACE('',#78770,3.1);
#78790=ORIENTED_EDGE('',*,*,#78610,.T.);
#78800=ORIENTED_EDGE('',*,*,#8520,.F.);
#78810=ORIENTED_EDGE('',*,*,#78060,.F.);
#78820=ORIENTED_EDGE('',*,*,#44760,.T.);
#78830=EDGE_LOOP('',(#78820,#78810,#78800,#78790));
#78840=FACE_OUTER_BOUND('',#78830,.T.);
#78850=ADVANCED_FACE('',(#78840),#78780,.F.);
#78860=COLOUR_RGB('',0.823529481887817,0.823529481887817,
0.784313797950745);
#78870=FILL_AREA_STYLE_COLOUR('',#78860);
#78880=FILL_AREA_STYLE('',(#78870));
#78890=SURFACE_STYLE_FILL_AREA(#78880);
#78900=SURFACE_SIDE_STYLE('',(#78890));
#78910=SURFACE_STYLE_USAGE(.BOTH.,#78900);
#78920=PRESENTATION_STYLE_ASSIGNMENT((#78910));
#78930=CARTESIAN_POINT('',(124.93890173317,-52.2751171901442,-1054.4));
#78940=DIRECTION('',(1.,0.,-0.));
#78950=DIRECTION('',(0.,0.,1.));
#78960=AXIS2_PLACEMENT_3D('',#78930,#78940,#78950);
#78970=PLANE('',#78960);
#78980=CARTESIAN_POINT('',(124.93890173317,-52.2751171901442,-1045.6));
#78990=DIRECTION('',(0.,1.,0.));
#79000=VECTOR('',#78990,1.);
#79010=LINE('',#78980,#79000);
#79020=EDGE_CURVE('',#8640,#45930,#79010,.T.);
#79030=ORIENTED_EDGE('',*,*,#79020,.T.);
#79040=ORIENTED_EDGE('',*,*,#8880,.T.);
#79050=CARTESIAN_POINT('',(124.93890173317,-52.2751171901442,-1054.4));
#79060=DIRECTION('',(0.,1.,0.));
#79070=VECTOR('',#79060,1.);
#79080=LINE('',#79050,#79070);
#79090=EDGE_CURVE('',#8810,#45950,#79080,.T.);
#79100=ORIENTED_EDGE('',*,*,#79090,.F.);
#79110=ORIENTED_EDGE('',*,*,#45960,.T.);
#79120=EDGE_LOOP('',(#79110,#79100,#79040,#79030));
#79130=FACE_OUTER_BOUND('',#79120,.T.);
#79140=ADVANCED_FACE('',(#79130),#78970,.F.);
#79150=COLOUR_RGB('',0.823529481887817,0.823529481887817,
0.784313797950745);
#79160=FILL_AREA_STYLE_COLOUR('',#79150);
#79170=FILL_AREA_STYLE('',(#79160));
#79180=SURFACE_STYLE_FILL_AREA(#79170);
#79190=SURFACE_SIDE_STYLE('',(#79180));
#79200=SURFACE_STYLE_USAGE(.BOTH.,#79190);
#79210=PRESENTATION_STYLE_ASSIGNMENT((#79200));
#79220=CARTESIAN_POINT('',(121.83890173317,-52.2751171901442,-1054.4));
#79230=DIRECTION('',(0.,1.,0.));
#79240=DIRECTION('',(0.,0.,-1.));
#79250=AXIS2_PLACEMENT_3D('',#79220,#79230,#79240);
#79260=CYLINDRICAL_SURFACE('',#79250,3.1);
#79270=ORIENTED_EDGE('',*,*,#79090,.T.);
#79280=ORIENTED_EDGE('',*,*,#8820,.F.);
#79290=CARTESIAN_POINT('',(118.73890173317,-52.2751171901442,-1054.4));
#79300=DIRECTION('',(0.,1.,0.));
#79310=VECTOR('',#79300,1.);
#79320=LINE('',#79290,#79310);
#79330=EDGE_CURVE('',#8720,#46040,#79320,.T.);
#79340=ORIENTED_EDGE('',*,*,#79330,.F.);
#79350=ORIENTED_EDGE('',*,*,#46050,.T.);
#79360=EDGE_LOOP('',(#79350,#79340,#79280,#79270));
#79370=FACE_OUTER_BOUND('',#79360,.T.);
#79380=ADVANCED_FACE('',(#79370),#79260,.F.);
#79390=COLOUR_RGB('',0.823529481887817,0.823529481887817,
0.784313797950745);
#79400=FILL_AREA_STYLE_COLOUR('',#79390);
#79410=FILL_AREA_STYLE('',(#79400));
#79420=SURFACE_STYLE_FILL_AREA(#79410);
#79430=SURFACE_SIDE_STYLE('',(#79420));
#79440=SURFACE_STYLE_USAGE(.BOTH.,#79430);
#79450=PRESENTATION_STYLE_ASSIGNMENT((#79440));
#79460=CARTESIAN_POINT('',(118.73890173317,-52.2751171901442,-1045.6));
#79470=DIRECTION('',(-1.,-0.,-0.));
#79480=DIRECTION('',(0.,0.,-1.));
#79490=AXIS2_PLACEMENT_3D('',#79460,#79470,#79480);
#79500=PLANE('',#79490);
#79510=ORIENTED_EDGE('',*,*,#79330,.T.);
#79520=ORIENTED_EDGE('',*,*,#8730,.T.);
#79530=CARTESIAN_POINT('',(118.73890173317,-52.2751171901442,-1045.6));
#79540=DIRECTION('',(0.,1.,0.));
#79550=VECTOR('',#79540,1.);
#79560=LINE('',#79530,#79550);
#79570=EDGE_CURVE('',#8620,#46120,#79560,.T.);
#79580=ORIENTED_EDGE('',*,*,#79570,.F.);
#79590=ORIENTED_EDGE('',*,*,#46130,.T.);
#79600=EDGE_LOOP('',(#79590,#79580,#79520,#79510));
#79610=FACE_OUTER_BOUND('',#79600,.T.);
#79620=ADVANCED_FACE('',(#79610),#79500,.F.);
#79630=COLOUR_RGB('',0.823529481887817,0.823529481887817,
0.784313797950745);
#79640=FILL_AREA_STYLE_COLOUR('',#79630);
#79650=FILL_AREA_STYLE('',(#79640));
#79660=SURFACE_STYLE_FILL_AREA(#79650);
#79670=SURFACE_SIDE_STYLE('',(#79660));
#79680=SURFACE_STYLE_USAGE(.BOTH.,#79670);
#79690=PRESENTATION_STYLE_ASSIGNMENT((#79680));
#79700=CARTESIAN_POINT('',(121.83890173317,-52.2751171901442,-1045.6));
#79710=DIRECTION('',(0.,1.,0.));
#79720=DIRECTION('',(0.,0.,-1.));
#79730=AXIS2_PLACEMENT_3D('',#79700,#79710,#79720);
#79740=CYLINDRICAL_SURFACE('',#79730,3.1);
#79750=ORIENTED_EDGE('',*,*,#79570,.T.);
#79760=ORIENTED_EDGE('',*,*,#8650,.F.);
#79770=ORIENTED_EDGE('',*,*,#79020,.F.);
#79780=ORIENTED_EDGE('',*,*,#46200,.T.);
#79790=EDGE_LOOP('',(#79780,#79770,#79760,#79750));
#79800=FACE_OUTER_BOUND('',#79790,.T.);
#79810=ADVANCED_FACE('',(#79800),#79740,.F.);
#79820=COLOUR_RGB('',0.823529481887817,0.823529481887817,
0.784313797950745);
#79830=FILL_AREA_STYLE_COLOUR('',#79820);
#79840=FILL_AREA_STYLE('',(#79830));
#79850=SURFACE_STYLE_FILL_AREA(#79840);
#79860=SURFACE_SIDE_STYLE('',(#79850));
#79870=SURFACE_STYLE_USAGE(.BOTH.,#79860);
#79880=PRESENTATION_STYLE_ASSIGNMENT((#79870));
#79890=CARTESIAN_POINT('',(124.93890173317,-52.2751171901442,-454.4));
#79900=DIRECTION('',(1.,0.,-0.));
#79910=DIRECTION('',(0.,0.,1.));
#79920=AXIS2_PLACEMENT_3D('',#79890,#79900,#79910);
#79930=PLANE('',#79920);
#79940=CARTESIAN_POINT('',(124.93890173317,-52.2751171901442,-445.6));
#79950=DIRECTION('',(0.,1.,0.));
#79960=VECTOR('',#79950,1.);
#79970=LINE('',#79940,#79960);
#79980=EDGE_CURVE('',#9000,#43770,#79970,.T.);
#79990=ORIENTED_EDGE('',*,*,#79980,.T.);
#80000=ORIENTED_EDGE('',*,*,#9240,.T.);
#80010=CARTESIAN_POINT('',(124.93890173317,-52.2751171901442,-454.4));
#80020=DIRECTION('',(0.,1.,0.));
#80030=VECTOR('',#80020,1.);
#80040=LINE('',#80010,#80030);
#80050=EDGE_CURVE('',#9170,#43790,#80040,.T.);
#80060=ORIENTED_EDGE('',*,*,#80050,.F.);
#80070=ORIENTED_EDGE('',*,*,#43800,.T.);
#80080=EDGE_LOOP('',(#80070,#80060,#80000,#79990));
#80090=FACE_OUTER_BOUND('',#80080,.T.);
#80100=ADVANCED_FACE('',(#80090),#79930,.F.);
#80110=COLOUR_RGB('',0.823529481887817,0.823529481887817,
0.784313797950745);
#80120=FILL_AREA_STYLE_COLOUR('',#80110);
#80130=FILL_AREA_STYLE('',(#80120));
#80140=SURFACE_STYLE_FILL_AREA(#80130);
#80150=SURFACE_SIDE_STYLE('',(#80140));
#80160=SURFACE_STYLE_USAGE(.BOTH.,#80150);
#80170=PRESENTATION_STYLE_ASSIGNMENT((#80160));
#80180=CARTESIAN_POINT('',(121.83890173317,-52.2751171901442,-454.4));
#80190=DIRECTION('',(0.,1.,0.));
#80200=DIRECTION('',(0.,0.,-1.));
#80210=AXIS2_PLACEMENT_3D('',#80180,#80190,#80200);
#80220=CYLINDRICAL_SURFACE('',#80210,3.1);
#80230=ORIENTED_EDGE('',*,*,#80050,.T.);
#80240=ORIENTED_EDGE('',*,*,#9180,.F.);
#80250=CARTESIAN_POINT('',(118.73890173317,-52.2751171901442,-454.4));
#80260=DIRECTION('',(0.,1.,0.));
#80270=VECTOR('',#80260,1.);
#80280=LINE('',#80250,#80270);
#80290=EDGE_CURVE('',#9080,#43880,#80280,.T.);
#80300=ORIENTED_EDGE('',*,*,#80290,.F.);
#80310=ORIENTED_EDGE('',*,*,#43890,.T.);
#80320=EDGE_LOOP('',(#80310,#80300,#80240,#80230));
#80330=FACE_OUTER_BOUND('',#80320,.T.);
#80340=ADVANCED_FACE('',(#80330),#80220,.F.);
#80350=COLOUR_RGB('',0.823529481887817,0.823529481887817,
0.784313797950745);
#80360=FILL_AREA_STYLE_COLOUR('',#80350);
#80370=FILL_AREA_STYLE('',(#80360));
#80380=SURFACE_STYLE_FILL_AREA(#80370);
#80390=SURFACE_SIDE_STYLE('',(#80380));
#80400=SURFACE_STYLE_USAGE(.BOTH.,#80390);
#80410=PRESENTATION_STYLE_ASSIGNMENT((#80400));
#80420=CARTESIAN_POINT('',(118.73890173317,-52.2751171901442,-445.6));
#80430=DIRECTION('',(-1.,-0.,-0.));
#80440=DIRECTION('',(0.,0.,-1.));
#80450=AXIS2_PLACEMENT_3D('',#80420,#80430,#80440);
#80460=PLANE('',#80450);
#80470=ORIENTED_EDGE('',*,*,#80290,.T.);
#80480=ORIENTED_EDGE('',*,*,#9090,.T.);
#80490=CARTESIAN_POINT('',(118.73890173317,-52.2751171901442,-445.6));
#80500=DIRECTION('',(0.,1.,0.));
#80510=VECTOR('',#80500,1.);
#80520=LINE('',#80490,#80510);
#80530=EDGE_CURVE('',#8980,#43960,#80520,.T.);
#80540=ORIENTED_EDGE('',*,*,#80530,.F.);
#80550=ORIENTED_EDGE('',*,*,#43970,.T.);
#80560=EDGE_LOOP('',(#80550,#80540,#80480,#80470));
#80570=FACE_OUTER_BOUND('',#80560,.T.);
#80580=ADVANCED_FACE('',(#80570),#80460,.F.);
#80590=COLOUR_RGB('',0.823529481887817,0.823529481887817,
0.784313797950745);
#80600=FILL_AREA_STYLE_COLOUR('',#80590);
#80610=FILL_AREA_STYLE('',(#80600));
#80620=SURFACE_STYLE_FILL_AREA(#80610);
#80630=SURFACE_SIDE_STYLE('',(#80620));
#80640=SURFACE_STYLE_USAGE(.BOTH.,#80630);
#80650=PRESENTATION_STYLE_ASSIGNMENT((#80640));
#80660=CARTESIAN_POINT('',(121.83890173317,-52.2751171901442,-445.6));
#80670=DIRECTION('',(0.,1.,0.));
#80680=DIRECTION('',(0.,0.,-1.));
#80690=AXIS2_PLACEMENT_3D('',#80660,#80670,#80680);
#80700=CYLINDRICAL_SURFACE('',#80690,3.1);
#80710=ORIENTED_EDGE('',*,*,#80530,.T.);
#80720=ORIENTED_EDGE('',*,*,#9010,.F.);
#80730=ORIENTED_EDGE('',*,*,#79980,.F.);
#80740=ORIENTED_EDGE('',*,*,#44040,.T.);
#80750=EDGE_LOOP('',(#80740,#80730,#80720,#80710));
#80760=FACE_OUTER_BOUND('',#80750,.T.);
#80770=ADVANCED_FACE('',(#80760),#80700,.F.);
#80780=COLOUR_RGB('',0.823529481887817,0.823529481887817,
0.784313797950745);
#80790=FILL_AREA_STYLE_COLOUR('',#80780);
#80800=FILL_AREA_STYLE('',(#80790));
#80810=SURFACE_STYLE_FILL_AREA(#80800);
#80820=SURFACE_SIDE_STYLE('',(#80810));
#80830=SURFACE_STYLE_USAGE(.BOTH.,#80820);
#80840=PRESENTATION_STYLE_ASSIGNMENT((#80830));
#80850=CARTESIAN_POINT('',(124.93890173317,-52.2751171901442,-129.4));
#80860=DIRECTION('',(1.,0.,-0.));
#80870=DIRECTION('',(0.,0.,1.));
#80880=AXIS2_PLACEMENT_3D('',#80850,#80860,#80870);
#80890=PLANE('',#80880);
#80900=CARTESIAN_POINT('',(124.93890173317,-52.2751171901442,-120.6));
#80910=DIRECTION('',(0.,1.,0.));
#80920=VECTOR('',#80910,1.);
#80930=LINE('',#80900,#80920);
#80940=EDGE_CURVE('',#9360,#33690,#80930,.T.);
#80950=ORIENTED_EDGE('',*,*,#80940,.T.);
#80960=ORIENTED_EDGE('',*,*,#9600,.T.);
#80970=CARTESIAN_POINT('',(124.93890173317,-52.2751171901442,-129.4));
#80980=DIRECTION('',(0.,1.,0.));
#80990=VECTOR('',#80980,1.);
#81000=LINE('',#80970,#80990);
#81010=EDGE_CURVE('',#9530,#33710,#81000,.T.);
#81020=ORIENTED_EDGE('',*,*,#81010,.F.);
#81030=ORIENTED_EDGE('',*,*,#33720,.T.);
#81040=EDGE_LOOP('',(#81030,#81020,#80960,#80950));
#81050=FACE_OUTER_BOUND('',#81040,.T.);
#81060=ADVANCED_FACE('',(#81050),#80890,.F.);
#81070=COLOUR_RGB('',0.823529481887817,0.823529481887817,
0.784313797950745);
#81080=FILL_AREA_STYLE_COLOUR('',#81070);
#81090=FILL_AREA_STYLE('',(#81080));
#81100=SURFACE_STYLE_FILL_AREA(#81090);
#81110=SURFACE_SIDE_STYLE('',(#81100));
#81120=SURFACE_STYLE_USAGE(.BOTH.,#81110);
#81130=PRESENTATION_STYLE_ASSIGNMENT((#81120));
#81140=CARTESIAN_POINT('',(121.83890173317,-52.2751171901442,-129.4));
#81150=DIRECTION('',(0.,1.,0.));
#81160=DIRECTION('',(0.,0.,-1.));
#81170=AXIS2_PLACEMENT_3D('',#81140,#81150,#81160);
#81180=CYLINDRICAL_SURFACE('',#81170,3.1);
#81190=ORIENTED_EDGE('',*,*,#81010,.T.);
#81200=ORIENTED_EDGE('',*,*,#9540,.F.);
#81210=CARTESIAN_POINT('',(118.73890173317,-52.2751171901442,-129.4));
#81220=DIRECTION('',(0.,1.,0.));
#81230=VECTOR('',#81220,1.);
#81240=LINE('',#81210,#81230);
#81250=EDGE_CURVE('',#9440,#33800,#81240,.T.);
#81260=ORIENTED_EDGE('',*,*,#81250,.F.);
#81270=ORIENTED_EDGE('',*,*,#33810,.T.);
#81280=EDGE_LOOP('',(#81270,#81260,#81200,#81190));
#81290=FACE_OUTER_BOUND('',#81280,.T.);
#81300=ADVANCED_FACE('',(#81290),#81180,.F.);
#81310=COLOUR_RGB('',0.823529481887817,0.823529481887817,
0.784313797950745);
#81320=FILL_AREA_STYLE_COLOUR('',#81310);
#81330=FILL_AREA_STYLE('',(#81320));
#81340=SURFACE_STYLE_FILL_AREA(#81330);
#81350=SURFACE_SIDE_STYLE('',(#81340));
#81360=SURFACE_STYLE_USAGE(.BOTH.,#81350);
#81370=PRESENTATION_STYLE_ASSIGNMENT((#81360));
#81380=CARTESIAN_POINT('',(118.73890173317,-52.2751171901442,-120.6));
#81390=DIRECTION('',(-1.,-0.,-0.));
#81400=DIRECTION('',(0.,0.,-1.));
#81410=AXIS2_PLACEMENT_3D('',#81380,#81390,#81400);
#81420=PLANE('',#81410);
#81430=ORIENTED_EDGE('',*,*,#81250,.T.);
#81440=ORIENTED_EDGE('',*,*,#9450,.T.);
#81450=CARTESIAN_POINT('',(118.73890173317,-52.2751171901442,-120.6));
#81460=DIRECTION('',(0.,1.,0.));
#81470=VECTOR('',#81460,1.);
#81480=LINE('',#81450,#81470);
#81490=EDGE_CURVE('',#9340,#33880,#81480,.T.);
#81500=ORIENTED_EDGE('',*,*,#81490,.F.);
#81510=ORIENTED_EDGE('',*,*,#33890,.T.);
#81520=EDGE_LOOP('',(#81510,#81500,#81440,#81430));
#81530=FACE_OUTER_BOUND('',#81520,.T.);
#81540=ADVANCED_FACE('',(#81530),#81420,.F.);
#81550=COLOUR_RGB('',0.823529481887817,0.823529481887817,
0.784313797950745);
#81560=FILL_AREA_STYLE_COLOUR('',#81550);
#81570=FILL_AREA_STYLE('',(#81560));
#81580=SURFACE_STYLE_FILL_AREA(#81570);
#81590=SURFACE_SIDE_STYLE('',(#81580));
#81600=SURFACE_STYLE_USAGE(.BOTH.,#81590);
#81610=PRESENTATION_STYLE_ASSIGNMENT((#81600));
#81620=CARTESIAN_POINT('',(121.83890173317,-52.2751171901442,-120.6));
#81630=DIRECTION('',(0.,1.,0.));
#81640=DIRECTION('',(0.,0.,-1.));
#81650=AXIS2_PLACEMENT_3D('',#81620,#81630,#81640);
#81660=CYLINDRICAL_SURFACE('',#81650,3.1);
#81670=ORIENTED_EDGE('',*,*,#81490,.T.);
#81680=ORIENTED_EDGE('',*,*,#9370,.F.);
#81690=ORIENTED_EDGE('',*,*,#80940,.F.);
#81700=ORIENTED_EDGE('',*,*,#33960,.T.);
#81710=EDGE_LOOP('',(#81700,#81690,#81680,#81670));
#81720=FACE_OUTER_BOUND('',#81710,.T.);
#81730=ADVANCED_FACE('',(#81720),#81660,.F.);
#81740=COLOUR_RGB('',0.823529481887817,0.823529481887817,
0.784313797950745);
#81750=FILL_AREA_STYLE_COLOUR('',#81740);
#81760=FILL_AREA_STYLE('',(#81750));
#81770=SURFACE_STYLE_FILL_AREA(#81760);
#81780=SURFACE_SIDE_STYLE('',(#81770));
#81790=SURFACE_STYLE_USAGE(.BOTH.,#81780);
#81800=PRESENTATION_STYLE_ASSIGNMENT((#81790));
#81810=CARTESIAN_POINT('',(124.93890173317,-52.2751171901442,-79.4));
#81820=DIRECTION('',(1.,0.,-0.));
#81830=DIRECTION('',(0.,0.,1.));
#81840=AXIS2_PLACEMENT_3D('',#81810,#81820,#81830);
#81850=PLANE('',#81840);
#81860=CARTESIAN_POINT('',(124.93890173317,-52.2751171901442,-70.6));
#81870=DIRECTION('',(0.,1.,0.));
#81880=VECTOR('',#81870,1.);
#81890=LINE('',#81860,#81880);
#81900=EDGE_CURVE('',#9880,#55290,#81890,.T.);
#81910=ORIENTED_EDGE('',*,*,#81900,.T.);
#81920=ORIENTED_EDGE('',*,*,#9890,.T.);
#81930=CARTESIAN_POINT('',(124.93890173317,-52.2751171901442,-79.4));
#81940=DIRECTION('',(0.,1.,0.));
#81950=VECTOR('',#81940,1.);
#81960=LINE('',#81930,#81950);
#81970=EDGE_CURVE('',#9800,#55310,#81960,.T.);
#81980=ORIENTED_EDGE('',*,*,#81970,.F.);
#81990=ORIENTED_EDGE('',*,*,#55320,.T.);
#82000=EDGE_LOOP('',(#81990,#81980,#81920,#81910));
#82010=FACE_OUTER_BOUND('',#82000,.T.);
#82020=ADVANCED_FACE('',(#82010),#81850,.F.);
#82030=COLOUR_RGB('',0.823529481887817,0.823529481887817,
0.784313797950745);
#82040=FILL_AREA_STYLE_COLOUR('',#82030);
#82050=FILL_AREA_STYLE('',(#82040));
#82060=SURFACE_STYLE_FILL_AREA(#82050);
#82070=SURFACE_SIDE_STYLE('',(#82060));
#82080=SURFACE_STYLE_USAGE(.BOTH.,#82070);
#82090=PRESENTATION_STYLE_ASSIGNMENT((#82080));
#82100=CARTESIAN_POINT('',(121.83890173317,-52.2751171901442,-79.4));
#82110=DIRECTION('',(0.,1.,0.));
#82120=DIRECTION('',(0.,0.,-1.));
#82130=AXIS2_PLACEMENT_3D('',#82100,#82110,#82120);
#82140=CYLINDRICAL_SURFACE('',#82130,3.1);
#82150=ORIENTED_EDGE('',*,*,#81970,.T.);
#82160=ORIENTED_EDGE('',*,*,#9810,.F.);
#82170=CARTESIAN_POINT('',(118.73890173317,-52.2751171901442,-79.4));
#82180=DIRECTION('',(0.,1.,0.));
#82190=VECTOR('',#82180,1.);
#82200=LINE('',#82170,#82190);
#82210=EDGE_CURVE('',#9710,#55400,#82200,.T.);
#82220=ORIENTED_EDGE('',*,*,#82210,.F.);
#82230=ORIENTED_EDGE('',*,*,#55410,.T.);
#82240=EDGE_LOOP('',(#82230,#82220,#82160,#82150));
#82250=FACE_OUTER_BOUND('',#82240,.T.);
#82260=ADVANCED_FACE('',(#82250),#82140,.F.);
#82270=COLOUR_RGB('',0.823529481887817,0.823529481887817,
0.784313797950745);
#82280=FILL_AREA_STYLE_COLOUR('',#82270);
#82290=FILL_AREA_STYLE('',(#82280));
#82300=SURFACE_STYLE_FILL_AREA(#82290);
#82310=SURFACE_SIDE_STYLE('',(#82300));
#82320=SURFACE_STYLE_USAGE(.BOTH.,#82310);
#82330=PRESENTATION_STYLE_ASSIGNMENT((#82320));
#82340=CARTESIAN_POINT('',(118.73890173317,-52.2751171901442,-70.6));
#82350=DIRECTION('',(-1.,-0.,-0.));
#82360=DIRECTION('',(0.,0.,-1.));
#82370=AXIS2_PLACEMENT_3D('',#82340,#82350,#82360);
#82380=PLANE('',#82370);
#82390=ORIENTED_EDGE('',*,*,#82210,.T.);
#82400=ORIENTED_EDGE('',*,*,#9720,.T.);
#82410=CARTESIAN_POINT('',(118.73890173317,-52.2751171901442,-70.6));
#82420=DIRECTION('',(0.,1.,0.));
#82430=VECTOR('',#82420,1.);
#82440=LINE('',#82410,#82430);
#82450=EDGE_CURVE('',#9690,#55480,#82440,.T.);
#82460=ORIENTED_EDGE('',*,*,#82450,.F.);
#82470=ORIENTED_EDGE('',*,*,#55490,.T.);
#82480=EDGE_LOOP('',(#82470,#82460,#82400,#82390));
#82490=FACE_OUTER_BOUND('',#82480,.T.);
#82500=ADVANCED_FACE('',(#82490),#82380,.F.);
#82510=COLOUR_RGB('',0.823529481887817,0.823529481887817,
0.784313797950745);
#82520=FILL_AREA_STYLE_COLOUR('',#82510);
#82530=FILL_AREA_STYLE('',(#82520));
#82540=SURFACE_STYLE_FILL_AREA(#82530);
#82550=SURFACE_SIDE_STYLE('',(#82540));
#82560=SURFACE_STYLE_USAGE(.BOTH.,#82550);
#82570=PRESENTATION_STYLE_ASSIGNMENT((#82560));
#82580=CARTESIAN_POINT('',(121.83890173317,-52.2751171901442,-70.6));
#82590=DIRECTION('',(0.,1.,0.));
#82600=DIRECTION('',(0.,0.,-1.));
#82610=AXIS2_PLACEMENT_3D('',#82580,#82590,#82600);
#82620=CYLINDRICAL_SURFACE('',#82610,3.1);
#82630=ORIENTED_EDGE('',*,*,#82450,.T.);
#82640=ORIENTED_EDGE('',*,*,#9960,.F.);
#82650=ORIENTED_EDGE('',*,*,#81900,.F.);
#82660=ORIENTED_EDGE('',*,*,#55560,.T.);
#82670=EDGE_LOOP('',(#82660,#82650,#82640,#82630));
#82680=FACE_OUTER_BOUND('',#82670,.T.);
#82690=ADVANCED_FACE('',(#82680),#82620,.F.);
#82700=COLOUR_RGB('',0.823529481887817,0.823529481887817,
0.784313797950745);
#82710=FILL_AREA_STYLE_COLOUR('',#82700);
#82720=FILL_AREA_STYLE('',(#82710));
#82730=SURFACE_STYLE_FILL_AREA(#82720);
#82740=SURFACE_SIDE_STYLE('',(#82730));
#82750=SURFACE_STYLE_USAGE(.BOTH.,#82740);
#82760=PRESENTATION_STYLE_ASSIGNMENT((#82750));
#82770=CARTESIAN_POINT('',(124.93890173317,-52.2751171901442,-1029.4));
#82780=DIRECTION('',(1.,0.,-0.));
#82790=DIRECTION('',(0.,0.,1.));
#82800=AXIS2_PLACEMENT_3D('',#82770,#82780,#82790);
#82810=PLANE('',#82800);
#82820=CARTESIAN_POINT('',(124.93890173317,-52.2751171901442,-1020.6));
#82830=DIRECTION('',(0.,1.,0.));
#82840=VECTOR('',#82830,1.);
#82850=LINE('',#82820,#82840);
#82860=EDGE_CURVE('',#10080,#53240,#82850,.T.);
#82870=ORIENTED_EDGE('',*,*,#82860,.T.);
#82880=ORIENTED_EDGE('',*,*,#10320,.T.);
#82890=CARTESIAN_POINT('',(124.93890173317,-52.2751171901442,-1029.4));
#82900=DIRECTION('',(0.,1.,0.));
#82910=VECTOR('',#82900,1.);
#82920=LINE('',#82890,#82910);
#82930=EDGE_CURVE('',#10250,#53320,#82920,.T.);
#82940=ORIENTED_EDGE('',*,*,#82930,.F.);
#82950=ORIENTED_EDGE('',*,*,#53330,.T.);
#82960=EDGE_LOOP('',(#82950,#82940,#82880,#82870));
#82970=FACE_OUTER_BOUND('',#82960,.T.);
#82980=ADVANCED_FACE('',(#82970),#82810,.F.);
#82990=COLOUR_RGB('',0.823529481887817,0.823529481887817,
0.784313797950745);
#83000=FILL_AREA_STYLE_COLOUR('',#82990);
#83010=FILL_AREA_STYLE('',(#83000));
#83020=SURFACE_STYLE_FILL_AREA(#83010);
#83030=SURFACE_SIDE_STYLE('',(#83020));
#83040=SURFACE_STYLE_USAGE(.BOTH.,#83030);
#83050=PRESENTATION_STYLE_ASSIGNMENT((#83040));
#83060=CARTESIAN_POINT('',(121.83890173317,-52.2751171901442,-1029.4));
#83070=DIRECTION('',(0.,1.,0.));
#83080=DIRECTION('',(0.,0.,-1.));
#83090=AXIS2_PLACEMENT_3D('',#83060,#83070,#83080);
#83100=CYLINDRICAL_SURFACE('',#83090,3.1);
#83110=ORIENTED_EDGE('',*,*,#82930,.T.);
#83120=ORIENTED_EDGE('',*,*,#10260,.F.);
#83130=CARTESIAN_POINT('',(118.73890173317,-52.2751171901442,-1029.4));
#83140=DIRECTION('',(0.,1.,0.));
#83150=VECTOR('',#83140,1.);
#83160=LINE('',#83130,#83150);
#83170=EDGE_CURVE('',#10160,#53130,#83160,.T.);
#83180=ORIENTED_EDGE('',*,*,#83170,.F.);
#83190=ORIENTED_EDGE('',*,*,#53400,.T.);
#83200=EDGE_LOOP('',(#83190,#83180,#83120,#83110));
#83210=FACE_OUTER_BOUND('',#83200,.T.);
#83220=ADVANCED_FACE('',(#83210),#83100,.F.);
#83230=COLOUR_RGB('',0.823529481887817,0.823529481887817,
0.784313797950745);
#83240=FILL_AREA_STYLE_COLOUR('',#83230);
#83250=FILL_AREA_STYLE('',(#83240));
#83260=SURFACE_STYLE_FILL_AREA(#83250);
#83270=SURFACE_SIDE_STYLE('',(#83260));
#83280=SURFACE_STYLE_USAGE(.BOTH.,#83270);
#83290=PRESENTATION_STYLE_ASSIGNMENT((#83280));
#83300=CARTESIAN_POINT('',(118.73890173317,-52.2751171901442,-1020.6));
#83310=DIRECTION('',(-1.,-0.,-0.));
#83320=DIRECTION('',(0.,0.,-1.));
#83330=AXIS2_PLACEMENT_3D('',#83300,#83310,#83320);
#83340=PLANE('',#83330);
#83350=ORIENTED_EDGE('',*,*,#83170,.T.);
#83360=ORIENTED_EDGE('',*,*,#10170,.T.);
#83370=CARTESIAN_POINT('',(118.73890173317,-52.2751171901442,-1020.6));
#83380=DIRECTION('',(0.,1.,0.));
#83390=VECTOR('',#83380,1.);
#83400=LINE('',#83370,#83390);
#83410=EDGE_CURVE('',#10060,#53150,#83400,.T.);
#83420=ORIENTED_EDGE('',*,*,#83410,.F.);
#83430=ORIENTED_EDGE('',*,*,#53160,.T.);
#83440=EDGE_LOOP('',(#83430,#83420,#83360,#83350));
#83450=FACE_OUTER_BOUND('',#83440,.T.);
#83460=ADVANCED_FACE('',(#83450),#83340,.F.);
#83470=COLOUR_RGB('',0.823529481887817,0.823529481887817,
0.784313797950745);
#83480=FILL_AREA_STYLE_COLOUR('',#83470);
#83490=FILL_AREA_STYLE('',(#83480));
#83500=SURFACE_STYLE_FILL_AREA(#83490);
#83510=SURFACE_SIDE_STYLE('',(#83500));
#83520=SURFACE_STYLE_USAGE(.BOTH.,#83510);
#83530=PRESENTATION_STYLE_ASSIGNMENT((#83520));
#83540=CARTESIAN_POINT('',(121.83890173317,-52.2751171901442,-1020.6));
#83550=DIRECTION('',(0.,1.,0.));
#83560=DIRECTION('',(0.,0.,-1.));
#83570=AXIS2_PLACEMENT_3D('',#83540,#83550,#83560);
#83580=CYLINDRICAL_SURFACE('',#83570,3.1);
#83590=ORIENTED_EDGE('',*,*,#83410,.T.);
#83600=ORIENTED_EDGE('',*,*,#10090,.F.);
#83610=ORIENTED_EDGE('',*,*,#82860,.F.);
#83620=ORIENTED_EDGE('',*,*,#53250,.T.);
#83630=EDGE_LOOP('',(#83620,#83610,#83600,#83590));
#83640=FACE_OUTER_BOUND('',#83630,.T.);
#83650=ADVANCED_FACE('',(#83640),#83580,.F.);
#83660=COLOUR_RGB('',0.823529481887817,0.823529481887817,
0.784313797950745);
#83670=FILL_AREA_STYLE_COLOUR('',#83660);
#83680=FILL_AREA_STYLE('',(#83670));
#83690=SURFACE_STYLE_FILL_AREA(#83680);
#83700=SURFACE_SIDE_STYLE('',(#83690));
#83710=SURFACE_STYLE_USAGE(.BOTH.,#83700);
#83720=PRESENTATION_STYLE_ASSIGNMENT((#83710));
#83730=CARTESIAN_POINT('',(124.93890173317,-52.2751171901442,70.6));
#83740=DIRECTION('',(1.,0.,-0.));
#83750=DIRECTION('',(0.,0.,1.));
#83760=AXIS2_PLACEMENT_3D('',#83730,#83740,#83750);
#83770=PLANE('',#83760);
#83780=CARTESIAN_POINT('',(124.93890173317,-52.2751171901442,79.4));
#83790=DIRECTION('',(0.,1.,0.));
#83800=VECTOR('',#83790,1.);
#83810=LINE('',#83780,#83800);
#83820=EDGE_CURVE('',#10440,#45210,#83810,.T.);
#83830=ORIENTED_EDGE('',*,*,#83820,.T.);
#83840=ORIENTED_EDGE('',*,*,#10680,.T.);
#83850=CARTESIAN_POINT('',(124.93890173317,-52.2751171901442,70.6));
#83860=DIRECTION('',(0.,1.,0.));
#83870=VECTOR('',#83860,1.);
#83880=LINE('',#83850,#83870);
#83890=EDGE_CURVE('',#10610,#45230,#83880,.T.);
#83900=ORIENTED_EDGE('',*,*,#83890,.F.);
#83910=ORIENTED_EDGE('',*,*,#45240,.T.);
#83920=EDGE_LOOP('',(#83910,#83900,#83840,#83830));
#83930=FACE_OUTER_BOUND('',#83920,.T.);
#83940=ADVANCED_FACE('',(#83930),#83770,.F.);
#83950=COLOUR_RGB('',0.823529481887817,0.823529481887817,
0.784313797950745);
#83960=FILL_AREA_STYLE_COLOUR('',#83950);
#83970=FILL_AREA_STYLE('',(#83960));
#83980=SURFACE_STYLE_FILL_AREA(#83970);
#83990=SURFACE_SIDE_STYLE('',(#83980));
#84000=SURFACE_STYLE_USAGE(.BOTH.,#83990);
#84010=PRESENTATION_STYLE_ASSIGNMENT((#84000));
#84020=CARTESIAN_POINT('',(121.83890173317,-52.2751171901442,70.6));
#84030=DIRECTION('',(0.,1.,0.));
#84040=DIRECTION('',(0.,0.,-1.));
#84050=AXIS2_PLACEMENT_3D('',#84020,#84030,#84040);
#84060=CYLINDRICAL_SURFACE('',#84050,3.1);
#84070=ORIENTED_EDGE('',*,*,#83890,.T.);
#84080=ORIENTED_EDGE('',*,*,#10620,.F.);
#84090=CARTESIAN_POINT('',(118.73890173317,-52.2751171901442,70.6));
#84100=DIRECTION('',(0.,1.,0.));
#84110=VECTOR('',#84100,1.);
#84120=LINE('',#84090,#84110);
#84130=EDGE_CURVE('',#10520,#45320,#84120,.T.);
#84140=ORIENTED_EDGE('',*,*,#84130,.F.);
#84150=ORIENTED_EDGE('',*,*,#45330,.T.);
#84160=EDGE_LOOP('',(#84150,#84140,#84080,#84070));
#84170=FACE_OUTER_BOUND('',#84160,.T.);
#84180=ADVANCED_FACE('',(#84170),#84060,.F.);
#84190=COLOUR_RGB('',0.823529481887817,0.823529481887817,
0.784313797950745);
#84200=FILL_AREA_STYLE_COLOUR('',#84190);
#84210=FILL_AREA_STYLE('',(#84200));
#84220=SURFACE_STYLE_FILL_AREA(#84210);
#84230=SURFACE_SIDE_STYLE('',(#84220));
#84240=SURFACE_STYLE_USAGE(.BOTH.,#84230);
#84250=PRESENTATION_STYLE_ASSIGNMENT((#84240));
#84260=CARTESIAN_POINT('',(118.73890173317,-52.2751171901442,79.4));
#84270=DIRECTION('',(-1.,-0.,-0.));
#84280=DIRECTION('',(0.,0.,-1.));
#84290=AXIS2_PLACEMENT_3D('',#84260,#84270,#84280);
#84300=PLANE('',#84290);
#84310=ORIENTED_EDGE('',*,*,#84130,.T.);
#84320=ORIENTED_EDGE('',*,*,#10530,.T.);
#84330=CARTESIAN_POINT('',(118.73890173317,-52.2751171901442,79.4));
#84340=DIRECTION('',(0.,1.,0.));
#84350=VECTOR('',#84340,1.);
#84360=LINE('',#84330,#84350);
#84370=EDGE_CURVE('',#10420,#45400,#84360,.T.);
#84380=ORIENTED_EDGE('',*,*,#84370,.F.);
#84390=ORIENTED_EDGE('',*,*,#45410,.T.);
#84400=EDGE_LOOP('',(#84390,#84380,#84320,#84310));
#84410=FACE_OUTER_BOUND('',#84400,.T.);
#84420=ADVANCED_FACE('',(#84410),#84300,.F.);
#84430=COLOUR_RGB('',0.823529481887817,0.823529481887817,
0.784313797950745);
#84440=FILL_AREA_STYLE_COLOUR('',#84430);
#84450=FILL_AREA_STYLE('',(#84440));
#84460=SURFACE_STYLE_FILL_AREA(#84450);
#84470=SURFACE_SIDE_STYLE('',(#84460));
#84480=SURFACE_STYLE_USAGE(.BOTH.,#84470);
#84490=PRESENTATION_STYLE_ASSIGNMENT((#84480));
#84500=CARTESIAN_POINT('',(121.83890173317,-52.2751171901442,79.4));
#84510=DIRECTION('',(0.,1.,0.));
#84520=DIRECTION('',(0.,0.,-1.));
#84530=AXIS2_PLACEMENT_3D('',#84500,#84510,#84520);
#84540=CYLINDRICAL_SURFACE('',#84530,3.1);
#84550=ORIENTED_EDGE('',*,*,#84370,.T.);
#84560=ORIENTED_EDGE('',*,*,#10450,.F.);
#84570=ORIENTED_EDGE('',*,*,#83820,.F.);
#84580=ORIENTED_EDGE('',*,*,#45480,.T.);
#84590=EDGE_LOOP('',(#84580,#84570,#84560,#84550));
#84600=FACE_OUTER_BOUND('',#84590,.T.);
#84610=ADVANCED_FACE('',(#84600),#84540,.F.);
#84620=COLOUR_RGB('',0.823529481887817,0.823529481887817,
0.784313797950745);
#84630=FILL_AREA_STYLE_COLOUR('',#84620);
#84640=FILL_AREA_STYLE('',(#84630));
#84650=SURFACE_STYLE_FILL_AREA(#84640);
#84660=SURFACE_SIDE_STYLE('',(#84650));
#84670=SURFACE_STYLE_USAGE(.BOTH.,#84660);
#84680=PRESENTATION_STYLE_ASSIGNMENT((#84670));
#84690=CARTESIAN_POINT('',(121.83890173317,-52.2751171901442,-279.4));
#84700=DIRECTION('',(0.,1.,0.));
#84710=DIRECTION('',(0.,0.,-1.));
#84720=AXIS2_PLACEMENT_3D('',#84690,#84700,#84710);
#84730=CYLINDRICAL_SURFACE('',#84720,3.1);
#84740=CARTESIAN_POINT('',(124.93890173317,-52.2751171901442,-279.4));
#84750=DIRECTION('',(0.,1.,0.));
#84760=VECTOR('',#84750,1.);
#84770=LINE('',#84740,#84760);
#84780=EDGE_CURVE('',#10780,#57200,#84770,.T.);
#84790=ORIENTED_EDGE('',*,*,#84780,.T.);
#84800=ORIENTED_EDGE('',*,*,#10810,.F.);
#84810=CARTESIAN_POINT('',(118.73890173317,-52.2751171901442,-279.4));
#84820=DIRECTION('',(0.,1.,0.));
#84830=VECTOR('',#84820,1.);
#84840=LINE('',#84810,#84830);
#84850=EDGE_CURVE('',#10800,#57290,#84840,.T.);
#84860=ORIENTED_EDGE('',*,*,#84850,.F.);
#84870=ORIENTED_EDGE('',*,*,#57300,.T.);
#84880=EDGE_LOOP('',(#84870,#84860,#84800,#84790));
#84890=FACE_OUTER_BOUND('',#84880,.T.);
#84900=ADVANCED_FACE('',(#84890),#84730,.F.);
#84910=COLOUR_RGB('',0.823529481887817,0.823529481887817,
0.784313797950745);
#84920=FILL_AREA_STYLE_COLOUR('',#84910);
#84930=FILL_AREA_STYLE('',(#84920));
#84940=SURFACE_STYLE_FILL_AREA(#84930);
#84950=SURFACE_SIDE_STYLE('',(#84940));
#84960=SURFACE_STYLE_USAGE(.BOTH.,#84950);
#84970=PRESENTATION_STYLE_ASSIGNMENT((#84960));
#84980=CARTESIAN_POINT('',(124.93890173317,-52.2751171901442,-279.4));
#84990=DIRECTION('',(1.,0.,-0.));
#85000=DIRECTION('',(0.,0.,1.));
#85010=AXIS2_PLACEMENT_3D('',#84980,#84990,#85000);
#85020=PLANE('',#85010);
#85030=CARTESIAN_POINT('',(124.93890173317,-52.2751171901442,-270.6));
#85040=DIRECTION('',(0.,1.,0.));
#85050=VECTOR('',#85040,1.);
#85060=LINE('',#85030,#85050);
#85070=EDGE_CURVE('',#10880,#57120,#85060,.T.);
#85080=ORIENTED_EDGE('',*,*,#85070,.T.);
#85090=ORIENTED_EDGE('',*,*,#10890,.T.);
#85100=ORIENTED_EDGE('',*,*,#84780,.F.);
#85110=ORIENTED_EDGE('',*,*,#57210,.T.);
#85120=EDGE_LOOP('',(#85110,#85100,#85090,#85080));
#85130=FACE_OUTER_BOUND('',#85120,.T.);
#85140=ADVANCED_FACE('',(#85130),#85020,.F.);
#85150=COLOUR_RGB('',0.823529481887817,0.823529481887817,
0.784313797950745);
#85160=FILL_AREA_STYLE_COLOUR('',#85150);
#85170=FILL_AREA_STYLE('',(#85160));
#85180=SURFACE_STYLE_FILL_AREA(#85170);
#85190=SURFACE_SIDE_STYLE('',(#85180));
#85200=SURFACE_STYLE_USAGE(.BOTH.,#85190);
#85210=PRESENTATION_STYLE_ASSIGNMENT((#85200));
#85220=CARTESIAN_POINT('',(121.83890173317,-52.2751171901442,-270.6));
#85230=DIRECTION('',(0.,1.,0.));
#85240=DIRECTION('',(0.,0.,-1.));
#85250=AXIS2_PLACEMENT_3D('',#85220,#85230,#85240);
#85260=CYLINDRICAL_SURFACE('',#85250,3.1);
#85270=CARTESIAN_POINT('',(118.73890173317,-52.2751171901442,-270.6));
#85280=DIRECTION('',(0.,1.,0.));
#85290=VECTOR('',#85280,1.);
#85300=LINE('',#85270,#85290);
#85310=EDGE_CURVE('',#10970,#57100,#85300,.T.);
#85320=ORIENTED_EDGE('',*,*,#85310,.T.);
#85330=ORIENTED_EDGE('',*,*,#10980,.F.);
#85340=ORIENTED_EDGE('',*,*,#85070,.F.);
#85350=ORIENTED_EDGE('',*,*,#57130,.T.);
#85360=EDGE_LOOP('',(#85350,#85340,#85330,#85320));
#85370=FACE_OUTER_BOUND('',#85360,.T.);
#85380=ADVANCED_FACE('',(#85370),#85260,.F.);
#85390=COLOUR_RGB('',0.823529481887817,0.823529481887817,
0.784313797950745);
#85400=FILL_AREA_STYLE_COLOUR('',#85390);
#85410=FILL_AREA_STYLE('',(#85400));
#85420=SURFACE_STYLE_FILL_AREA(#85410);
#85430=SURFACE_SIDE_STYLE('',(#85420));
#85440=SURFACE_STYLE_USAGE(.BOTH.,#85430);
#85450=PRESENTATION_STYLE_ASSIGNMENT((#85440));
#85460=CARTESIAN_POINT('',(118.73890173317,-52.2751171901442,-270.6));
#85470=DIRECTION('',(-1.,-0.,-0.));
#85480=DIRECTION('',(0.,0.,-1.));
#85490=AXIS2_PLACEMENT_3D('',#85460,#85470,#85480);
#85500=PLANE('',#85490);
#85510=ORIENTED_EDGE('',*,*,#84850,.T.);
#85520=ORIENTED_EDGE('',*,*,#11040,.T.);
#85530=ORIENTED_EDGE('',*,*,#85310,.F.);
#85540=ORIENTED_EDGE('',*,*,#57360,.T.);
#85550=EDGE_LOOP('',(#85540,#85530,#85520,#85510));
#85560=FACE_OUTER_BOUND('',#85550,.T.);
#85570=ADVANCED_FACE('',(#85560),#85500,.F.);
#85580=COLOUR_RGB('',0.823529481887817,0.823529481887817,
0.784313797950745);
#85590=FILL_AREA_STYLE_COLOUR('',#85580);
#85600=FILL_AREA_STYLE('',(#85590));
#85610=SURFACE_STYLE_FILL_AREA(#85600);
#85620=SURFACE_SIDE_STYLE('',(#85610));
#85630=SURFACE_STYLE_USAGE(.BOTH.,#85620);
#85640=PRESENTATION_STYLE_ASSIGNMENT((#85630));
#85650=CARTESIAN_POINT('',(124.93890173317,-52.2751171901442,-554.4));
#85660=DIRECTION('',(1.,0.,-0.));
#85670=DIRECTION('',(0.,0.,1.));
#85680=AXIS2_PLACEMENT_3D('',#85650,#85660,#85670);
#85690=PLANE('',#85680);
#85700=CARTESIAN_POINT('',(124.93890173317,-52.2751171901442,-545.6));
#85710=DIRECTION('',(0.,1.,0.));
#85720=VECTOR('',#85710,1.);
#85730=LINE('',#85700,#85720);
#85740=EDGE_CURVE('',#11160,#38010,#85730,.T.);
#85750=ORIENTED_EDGE('',*,*,#85740,.T.);
#85760=ORIENTED_EDGE('',*,*,#11400,.T.);
#85770=CARTESIAN_POINT('',(124.93890173317,-52.2751171901442,-554.4));
#85780=DIRECTION('',(0.,1.,0.));
#85790=VECTOR('',#85780,1.);
#85800=LINE('',#85770,#85790);
#85810=EDGE_CURVE('',#11330,#38030,#85800,.T.);
#85820=ORIENTED_EDGE('',*,*,#85810,.F.);
#85830=ORIENTED_EDGE('',*,*,#38040,.T.);
#85840=EDGE_LOOP('',(#85830,#85820,#85760,#85750));
#85850=FACE_OUTER_BOUND('',#85840,.T.);
#85860=ADVANCED_FACE('',(#85850),#85690,.F.);
#85870=COLOUR_RGB('',0.823529481887817,0.823529481887817,
0.784313797950745);
#85880=FILL_AREA_STYLE_COLOUR('',#85870);
#85890=FILL_AREA_STYLE('',(#85880));
#85900=SURFACE_STYLE_FILL_AREA(#85890);
#85910=SURFACE_SIDE_STYLE('',(#85900));
#85920=SURFACE_STYLE_USAGE(.BOTH.,#85910);
#85930=PRESENTATION_STYLE_ASSIGNMENT((#85920));
#85940=CARTESIAN_POINT('',(121.83890173317,-52.2751171901442,-554.4));
#85950=DIRECTION('',(0.,1.,0.));
#85960=DIRECTION('',(0.,0.,-1.));
#85970=AXIS2_PLACEMENT_3D('',#85940,#85950,#85960);
#85980=CYLINDRICAL_SURFACE('',#85970,3.1);
#85990=ORIENTED_EDGE('',*,*,#85810,.T.);
#86000=ORIENTED_EDGE('',*,*,#11340,.F.);
#86010=CARTESIAN_POINT('',(118.73890173317,-52.2751171901442,-554.4));
#86020=DIRECTION('',(0.,1.,0.));
#86030=VECTOR('',#86020,1.);
#86040=LINE('',#86010,#86030);
#86050=EDGE_CURVE('',#11240,#38120,#86040,.T.);
#86060=ORIENTED_EDGE('',*,*,#86050,.F.);
#86070=ORIENTED_EDGE('',*,*,#38130,.T.);
#86080=EDGE_LOOP('',(#86070,#86060,#86000,#85990));
#86090=FACE_OUTER_BOUND('',#86080,.T.);
#86100=ADVANCED_FACE('',(#86090),#85980,.F.);
#86110=COLOUR_RGB('',0.823529481887817,0.823529481887817,
0.784313797950745);
#86120=FILL_AREA_STYLE_COLOUR('',#86110);
#86130=FILL_AREA_STYLE('',(#86120));
#86140=SURFACE_STYLE_FILL_AREA(#86130);
#86150=SURFACE_SIDE_STYLE('',(#86140));
#86160=SURFACE_STYLE_USAGE(.BOTH.,#86150);
#86170=PRESENTATION_STYLE_ASSIGNMENT((#86160));
#86180=CARTESIAN_POINT('',(118.73890173317,-52.2751171901442,-545.6));
#86190=DIRECTION('',(-1.,-0.,-0.));
#86200=DIRECTION('',(0.,0.,-1.));
#86210=AXIS2_PLACEMENT_3D('',#86180,#86190,#86200);
#86220=PLANE('',#86210);
#86230=ORIENTED_EDGE('',*,*,#86050,.T.);
#86240=ORIENTED_EDGE('',*,*,#11250,.T.);
#86250=CARTESIAN_POINT('',(118.73890173317,-52.2751171901442,-545.6));
#86260=DIRECTION('',(0.,1.,0.));
#86270=VECTOR('',#86260,1.);
#86280=LINE('',#86250,#86270);
#86290=EDGE_CURVE('',#11140,#38200,#86280,.T.);
#86300=ORIENTED_EDGE('',*,*,#86290,.F.);
#86310=ORIENTED_EDGE('',*,*,#38210,.T.);
#86320=EDGE_LOOP('',(#86310,#86300,#86240,#86230));
#86330=FACE_OUTER_BOUND('',#86320,.T.);
#86340=ADVANCED_FACE('',(#86330),#86220,.F.);
#86350=COLOUR_RGB('',0.823529481887817,0.823529481887817,
0.784313797950745);
#86360=FILL_AREA_STYLE_COLOUR('',#86350);
#86370=FILL_AREA_STYLE('',(#86360));
#86380=SURFACE_STYLE_FILL_AREA(#86370);
#86390=SURFACE_SIDE_STYLE('',(#86380));
#86400=SURFACE_STYLE_USAGE(.BOTH.,#86390);
#86410=PRESENTATION_STYLE_ASSIGNMENT((#86400));
#86420=CARTESIAN_POINT('',(121.83890173317,-52.2751171901442,-545.6));
#86430=DIRECTION('',(0.,1.,0.));
#86440=DIRECTION('',(0.,0.,-1.));
#86450=AXIS2_PLACEMENT_3D('',#86420,#86430,#86440);
#86460=CYLINDRICAL_SURFACE('',#86450,3.1);
#86470=ORIENTED_EDGE('',*,*,#86290,.T.);
#86480=ORIENTED_EDGE('',*,*,#11170,.F.);
#86490=ORIENTED_EDGE('',*,*,#85740,.F.);
#86500=ORIENTED_EDGE('',*,*,#38280,.T.);
#86510=EDGE_LOOP('',(#86500,#86490,#86480,#86470));
#86520=FACE_OUTER_BOUND('',#86510,.T.);
#86530=ADVANCED_FACE('',(#86520),#86460,.F.);
#86540=COLOUR_RGB('',0.823529481887817,0.823529481887817,
0.784313797950745);
#86550=FILL_AREA_STYLE_COLOUR('',#86540);
#86560=FILL_AREA_STYLE('',(#86550));
#86570=SURFACE_STYLE_FILL_AREA(#86560);
#86580=SURFACE_SIDE_STYLE('',(#86570));
#86590=SURFACE_STYLE_USAGE(.BOTH.,#86580);
#86600=PRESENTATION_STYLE_ASSIGNMENT((#86590));
#86610=CARTESIAN_POINT('',(124.93890173317,-52.2751171901442,-104.4));
#86620=DIRECTION('',(1.,0.,-0.));
#86630=DIRECTION('',(0.,0.,1.));
#86640=AXIS2_PLACEMENT_3D('',#86610,#86620,#86630);
#86650=PLANE('',#86640);
#86660=CARTESIAN_POINT('',(124.93890173317,-52.2751171901442,-95.6));
#86670=DIRECTION('',(0.,1.,0.));
#86680=VECTOR('',#86670,1.);
#86690=LINE('',#86660,#86680);
#86700=EDGE_CURVE('',#11680,#50250,#86690,.T.);
#86710=ORIENTED_EDGE('',*,*,#86700,.T.);
#86720=ORIENTED_EDGE('',*,*,#11690,.T.);
#86730=CARTESIAN_POINT('',(124.93890173317,-52.2751171901442,-104.4));
#86740=DIRECTION('',(0.,1.,0.));
#86750=VECTOR('',#86740,1.);
#86760=LINE('',#86730,#86750);
#86770=EDGE_CURVE('',#11600,#50270,#86760,.T.);
#86780=ORIENTED_EDGE('',*,*,#86770,.F.);
#86790=ORIENTED_EDGE('',*,*,#50280,.T.);
#86800=EDGE_LOOP('',(#86790,#86780,#86720,#86710));
#86810=FACE_OUTER_BOUND('',#86800,.T.);
#86820=ADVANCED_FACE('',(#86810),#86650,.F.);
#86830=COLOUR_RGB('',0.823529481887817,0.823529481887817,
0.784313797950745);
#86840=FILL_AREA_STYLE_COLOUR('',#86830);
#86850=FILL_AREA_STYLE('',(#86840));
#86860=SURFACE_STYLE_FILL_AREA(#86850);
#86870=SURFACE_SIDE_STYLE('',(#86860));
#86880=SURFACE_STYLE_USAGE(.BOTH.,#86870);
#86890=PRESENTATION_STYLE_ASSIGNMENT((#86880));
#86900=CARTESIAN_POINT('',(121.83890173317,-52.2751171901442,-104.4));
#86910=DIRECTION('',(0.,1.,0.));
#86920=DIRECTION('',(0.,0.,-1.));
#86930=AXIS2_PLACEMENT_3D('',#86900,#86910,#86920);
#86940=CYLINDRICAL_SURFACE('',#86930,3.1);
#86950=ORIENTED_EDGE('',*,*,#86770,.T.);
#86960=ORIENTED_EDGE('',*,*,#11610,.F.);
#86970=CARTESIAN_POINT('',(118.73890173317,-52.2751171901442,-104.4));
#86980=DIRECTION('',(0.,1.,0.));
#86990=VECTOR('',#86980,1.);
#87000=LINE('',#86970,#86990);
#87010=EDGE_CURVE('',#11510,#50360,#87000,.T.);
#87020=ORIENTED_EDGE('',*,*,#87010,.F.);
#87030=ORIENTED_EDGE('',*,*,#50370,.T.);
#87040=EDGE_LOOP('',(#87030,#87020,#86960,#86950));
#87050=FACE_OUTER_BOUND('',#87040,.T.);
#87060=ADVANCED_FACE('',(#87050),#86940,.F.);
#87070=COLOUR_RGB('',0.823529481887817,0.823529481887817,
0.784313797950745);
#87080=FILL_AREA_STYLE_COLOUR('',#87070);
#87090=FILL_AREA_STYLE('',(#87080));
#87100=SURFACE_STYLE_FILL_AREA(#87090);
#87110=SURFACE_SIDE_STYLE('',(#87100));
#87120=SURFACE_STYLE_USAGE(.BOTH.,#87110);
#87130=PRESENTATION_STYLE_ASSIGNMENT((#87120));
#87140=CARTESIAN_POINT('',(118.73890173317,-52.2751171901442,-95.6));
#87150=DIRECTION('',(-1.,-0.,-0.));
#87160=DIRECTION('',(0.,0.,-1.));
#87170=AXIS2_PLACEMENT_3D('',#87140,#87150,#87160);
#87180=PLANE('',#87170);
#87190=ORIENTED_EDGE('',*,*,#87010,.T.);
#87200=ORIENTED_EDGE('',*,*,#11520,.T.);
#87210=CARTESIAN_POINT('',(118.73890173317,-52.2751171901442,-95.6));
#87220=DIRECTION('',(0.,1.,0.));
#87230=VECTOR('',#87220,1.);
#87240=LINE('',#87210,#87230);
#87250=EDGE_CURVE('',#11490,#50440,#87240,.T.);
#87260=ORIENTED_EDGE('',*,*,#87250,.F.);
#87270=ORIENTED_EDGE('',*,*,#50450,.T.);
#87280=EDGE_LOOP('',(#87270,#87260,#87200,#87190));
#87290=FACE_OUTER_BOUND('',#87280,.T.);
#87300=ADVANCED_FACE('',(#87290),#87180,.F.);
#87310=COLOUR_RGB('',0.823529481887817,0.823529481887817,
0.784313797950745);
#87320=FILL_AREA_STYLE_COLOUR('',#87310);
#87330=FILL_AREA_STYLE('',(#87320));
#87340=SURFACE_STYLE_FILL_AREA(#87330);
#87350=SURFACE_SIDE_STYLE('',(#87340));
#87360=SURFACE_STYLE_USAGE(.BOTH.,#87350);
#87370=PRESENTATION_STYLE_ASSIGNMENT((#87360));
#87380=CARTESIAN_POINT('',(121.83890173317,-52.2751171901442,-95.6));
#87390=DIRECTION('',(0.,1.,0.));
#87400=DIRECTION('',(0.,0.,-1.));
#87410=AXIS2_PLACEMENT_3D('',#87380,#87390,#87400);
#87420=CYLINDRICAL_SURFACE('',#87410,3.1);
#87430=ORIENTED_EDGE('',*,*,#87250,.T.);
#87440=ORIENTED_EDGE('',*,*,#11760,.F.);
#87450=ORIENTED_EDGE('',*,*,#86700,.F.);
#87460=ORIENTED_EDGE('',*,*,#50520,.T.);
#87470=EDGE_LOOP('',(#87460,#87450,#87440,#87430));
#87480=FACE_OUTER_BOUND('',#87470,.T.);
#87490=ADVANCED_FACE('',(#87480),#87420,.F.);
#87500=COLOUR_RGB('',0.823529481887817,0.823529481887817,
0.784313797950745);
#87510=FILL_AREA_STYLE_COLOUR('',#87500);
#87520=FILL_AREA_STYLE('',(#87510));
#87530=SURFACE_STYLE_FILL_AREA(#87520);
#87540=SURFACE_SIDE_STYLE('',(#87530));
#87550=SURFACE_STYLE_USAGE(.BOTH.,#87540);
#87560=PRESENTATION_STYLE_ASSIGNMENT((#87550));
#87570=CARTESIAN_POINT('',(124.93890173317,-52.2751171901442,-1079.4));
#87580=DIRECTION('',(1.,0.,-0.));
#87590=DIRECTION('',(0.,0.,1.));
#87600=AXIS2_PLACEMENT_3D('',#87570,#87580,#87590);
#87610=PLANE('',#87600);
#87620=CARTESIAN_POINT('',(124.93890173317,-52.2751171901442,-1070.6));
#87630=DIRECTION('',(0.,1.,0.));
#87640=VECTOR('',#87630,1.);
#87650=LINE('',#87620,#87640);
#87660=EDGE_CURVE('',#11880,#34410,#87650,.T.);
#87670=ORIENTED_EDGE('',*,*,#87660,.T.);
#87680=ORIENTED_EDGE('',*,*,#12120,.T.);
#87690=CARTESIAN_POINT('',(124.93890173317,-52.2751171901442,-1079.4));
#87700=DIRECTION('',(0.,1.,0.));
#87710=VECTOR('',#87700,1.);
#87720=LINE('',#87690,#87710);
#87730=EDGE_CURVE('',#12050,#34430,#87720,.T.);
#87740=ORIENTED_EDGE('',*,*,#87730,.F.);
#87750=ORIENTED_EDGE('',*,*,#34440,.T.);
#87760=EDGE_LOOP('',(#87750,#87740,#87680,#87670));
#87770=FACE_OUTER_BOUND('',#87760,.T.);
#87780=ADVANCED_FACE('',(#87770),#87610,.F.);
#87790=COLOUR_RGB('',0.823529481887817,0.823529481887817,
0.784313797950745);
#87800=FILL_AREA_STYLE_COLOUR('',#87790);
#87810=FILL_AREA_STYLE('',(#87800));
#87820=SURFACE_STYLE_FILL_AREA(#87810);
#87830=SURFACE_SIDE_STYLE('',(#87820));
#87840=SURFACE_STYLE_USAGE(.BOTH.,#87830);
#87850=PRESENTATION_STYLE_ASSIGNMENT((#87840));
#87860=CARTESIAN_POINT('',(121.83890173317,-52.2751171901442,-1079.4));
#87870=DIRECTION('',(0.,1.,0.));
#87880=DIRECTION('',(0.,0.,-1.));
#87890=AXIS2_PLACEMENT_3D('',#87860,#87870,#87880);
#87900=CYLINDRICAL_SURFACE('',#87890,3.1);
#87910=ORIENTED_EDGE('',*,*,#87730,.T.);
#87920=ORIENTED_EDGE('',*,*,#12060,.F.);
#87930=CARTESIAN_POINT('',(118.73890173317,-52.2751171901442,-1079.4));
#87940=DIRECTION('',(0.,1.,0.));
#87950=VECTOR('',#87940,1.);
#87960=LINE('',#87930,#87950);
#87970=EDGE_CURVE('',#11960,#34520,#87960,.T.);
#87980=ORIENTED_EDGE('',*,*,#87970,.F.);
#87990=ORIENTED_EDGE('',*,*,#34530,.T.);
#88000=EDGE_LOOP('',(#87990,#87980,#87920,#87910));
#88010=FACE_OUTER_BOUND('',#88000,.T.);
#88020=ADVANCED_FACE('',(#88010),#87900,.F.);
#88030=COLOUR_RGB('',0.823529481887817,0.823529481887817,
0.784313797950745);
#88040=FILL_AREA_STYLE_COLOUR('',#88030);
#88050=FILL_AREA_STYLE('',(#88040));
#88060=SURFACE_STYLE_FILL_AREA(#88050);
#88070=SURFACE_SIDE_STYLE('',(#88060));
#88080=SURFACE_STYLE_USAGE(.BOTH.,#88070);
#88090=PRESENTATION_STYLE_ASSIGNMENT((#88080));
#88100=CARTESIAN_POINT('',(118.73890173317,-52.2751171901442,-1070.6));
#88110=DIRECTION('',(-1.,-0.,-0.));
#88120=DIRECTION('',(0.,0.,-1.));
#88130=AXIS2_PLACEMENT_3D('',#88100,#88110,#88120);
#88140=PLANE('',#88130);
#88150=ORIENTED_EDGE('',*,*,#87970,.T.);
#88160=ORIENTED_EDGE('',*,*,#11970,.T.);
#88170=CARTESIAN_POINT('',(118.73890173317,-52.2751171901442,-1070.6));
#88180=DIRECTION('',(0.,1.,0.));
#88190=VECTOR('',#88180,1.);
#88200=LINE('',#88170,#88190);
#88210=EDGE_CURVE('',#11860,#34600,#88200,.T.);
#88220=ORIENTED_EDGE('',*,*,#88210,.F.);
#88230=ORIENTED_EDGE('',*,*,#34610,.T.);
#88240=EDGE_LOOP('',(#88230,#88220,#88160,#88150));
#88250=FACE_OUTER_BOUND('',#88240,.T.);
#88260=ADVANCED_FACE('',(#88250),#88140,.F.);
#88270=COLOUR_RGB('',0.823529481887817,0.823529481887817,
0.784313797950745);
#88280=FILL_AREA_STYLE_COLOUR('',#88270);
#88290=FILL_AREA_STYLE('',(#88280));
#88300=SURFACE_STYLE_FILL_AREA(#88290);
#88310=SURFACE_SIDE_STYLE('',(#88300));
#88320=SURFACE_STYLE_USAGE(.BOTH.,#88310);
#88330=PRESENTATION_STYLE_ASSIGNMENT((#88320));
#88340=CARTESIAN_POINT('',(121.83890173317,-52.2751171901442,-1070.6));
#88350=DIRECTION('',(0.,1.,0.));
#88360=DIRECTION('',(0.,0.,-1.));
#88370=AXIS2_PLACEMENT_3D('',#88340,#88350,#88360);
#88380=CYLINDRICAL_SURFACE('',#88370,3.1);
#88390=ORIENTED_EDGE('',*,*,#88210,.T.);
#88400=ORIENTED_EDGE('',*,*,#11890,.F.);
#88410=ORIENTED_EDGE('',*,*,#87660,.F.);
#88420=ORIENTED_EDGE('',*,*,#34680,.T.);
#88430=EDGE_LOOP('',(#88420,#88410,#88400,#88390));
#88440=FACE_OUTER_BOUND('',#88430,.T.);
#88450=ADVANCED_FACE('',(#88440),#88380,.F.);
#88460=COLOUR_RGB('',0.823529481887817,0.823529481887817,
0.784313797950745);
#88470=FILL_AREA_STYLE_COLOUR('',#88460);
#88480=FILL_AREA_STYLE('',(#88470));
#88490=SURFACE_STYLE_FILL_AREA(#88480);
#88500=SURFACE_SIDE_STYLE('',(#88490));
#88510=SURFACE_STYLE_USAGE(.BOTH.,#88500);
#88520=PRESENTATION_STYLE_ASSIGNMENT((#88510));
#88530=CARTESIAN_POINT('',(124.93890173317,-52.2751171901442,-29.4));
#88540=DIRECTION('',(1.,0.,-0.));
#88550=DIRECTION('',(0.,0.,1.));
#88560=AXIS2_PLACEMENT_3D('',#88530,#88540,#88550);
#88570=PLANE('',#88560);
#88580=CARTESIAN_POINT('',(124.93890173317,-52.2751171901442,-20.6));
#88590=DIRECTION('',(0.,1.,0.));
#88600=VECTOR('',#88590,1.);
#88610=LINE('',#88580,#88600);
#88620=EDGE_CURVE('',#12240,#46650,#88610,.T.);
#88630=ORIENTED_EDGE('',*,*,#88620,.T.);
#88640=ORIENTED_EDGE('',*,*,#12480,.T.);
#88650=CARTESIAN_POINT('',(124.93890173317,-52.2751171901442,-29.4));
#88660=DIRECTION('',(0.,1.,0.));
#88670=VECTOR('',#88660,1.);
#88680=LINE('',#88650,#88670);
#88690=EDGE_CURVE('',#12410,#46670,#88680,.T.);
#88700=ORIENTED_EDGE('',*,*,#88690,.F.);
#88710=ORIENTED_EDGE('',*,*,#46680,.T.);
#88720=EDGE_LOOP('',(#88710,#88700,#88640,#88630));
#88730=FACE_OUTER_BOUND('',#88720,.T.);
#88740=ADVANCED_FACE('',(#88730),#88570,.F.);
#88750=COLOUR_RGB('',0.823529481887817,0.823529481887817,
0.784313797950745);
#88760=FILL_AREA_STYLE_COLOUR('',#88750);
#88770=FILL_AREA_STYLE('',(#88760));
#88780=SURFACE_STYLE_FILL_AREA(#88770);
#88790=SURFACE_SIDE_STYLE('',(#88780));
#88800=SURFACE_STYLE_USAGE(.BOTH.,#88790);
#88810=PRESENTATION_STYLE_ASSIGNMENT((#88800));
#88820=CARTESIAN_POINT('',(121.83890173317,-52.2751171901442,-29.4));
#88830=DIRECTION('',(0.,1.,0.));
#88840=DIRECTION('',(0.,0.,-1.));
#88850=AXIS2_PLACEMENT_3D('',#88820,#88830,#88840);
#88860=CYLINDRICAL_SURFACE('',#88850,3.1);
#88870=ORIENTED_EDGE('',*,*,#88690,.T.);
#88880=ORIENTED_EDGE('',*,*,#12420,.F.);
#88890=CARTESIAN_POINT('',(118.73890173317,-52.2751171901442,-29.4));
#88900=DIRECTION('',(0.,1.,0.));
#88910=VECTOR('',#88900,1.);
#88920=LINE('',#88890,#88910);
#88930=EDGE_CURVE('',#12320,#46760,#88920,.T.);
#88940=ORIENTED_EDGE('',*,*,#88930,.F.);
#88950=ORIENTED_EDGE('',*,*,#46770,.T.);
#88960=EDGE_LOOP('',(#88950,#88940,#88880,#88870));
#88970=FACE_OUTER_BOUND('',#88960,.T.);
#88980=ADVANCED_FACE('',(#88970),#88860,.F.);
#88990=COLOUR_RGB('',0.823529481887817,0.823529481887817,
0.784313797950745);
#89000=FILL_AREA_STYLE_COLOUR('',#88990);
#89010=FILL_AREA_STYLE('',(#89000));
#89020=SURFACE_STYLE_FILL_AREA(#89010);
#89030=SURFACE_SIDE_STYLE('',(#89020));
#89040=SURFACE_STYLE_USAGE(.BOTH.,#89030);
#89050=PRESENTATION_STYLE_ASSIGNMENT((#89040));
#89060=CARTESIAN_POINT('',(118.73890173317,-52.2751171901442,-20.6));
#89070=DIRECTION('',(-1.,-0.,-0.));
#89080=DIRECTION('',(0.,0.,-1.));
#89090=AXIS2_PLACEMENT_3D('',#89060,#89070,#89080);
#89100=PLANE('',#89090);
#89110=ORIENTED_EDGE('',*,*,#88930,.T.);
#89120=ORIENTED_EDGE('',*,*,#12330,.T.);
#89130=CARTESIAN_POINT('',(118.73890173317,-52.2751171901442,-20.6));
#89140=DIRECTION('',(0.,1.,0.));
#89150=VECTOR('',#89140,1.);
#89160=LINE('',#89130,#89150);
#89170=EDGE_CURVE('',#12220,#46840,#89160,.T.);
#89180=ORIENTED_EDGE('',*,*,#89170,.F.);
#89190=ORIENTED_EDGE('',*,*,#46850,.T.);
#89200=EDGE_LOOP('',(#89190,#89180,#89120,#89110));
#89210=FACE_OUTER_BOUND('',#89200,.T.);
#89220=ADVANCED_FACE('',(#89210),#89100,.F.);
#89230=COLOUR_RGB('',0.823529481887817,0.823529481887817,
0.784313797950745);
#89240=FILL_AREA_STYLE_COLOUR('',#89230);
#89250=FILL_AREA_STYLE('',(#89240));
#89260=SURFACE_STYLE_FILL_AREA(#89250);
#89270=SURFACE_SIDE_STYLE('',(#89260));
#89280=SURFACE_STYLE_USAGE(.BOTH.,#89270);
#89290=PRESENTATION_STYLE_ASSIGNMENT((#89280));
#89300=CARTESIAN_POINT('',(121.83890173317,-52.2751171901442,-20.6));
#89310=DIRECTION('',(0.,1.,0.));
#89320=DIRECTION('',(0.,0.,-1.));
#89330=AXIS2_PLACEMENT_3D('',#89300,#89310,#89320);
#89340=CYLINDRICAL_SURFACE('',#89330,3.1);
#89350=ORIENTED_EDGE('',*,*,#89170,.T.);
#89360=ORIENTED_EDGE('',*,*,#12250,.F.);
#89370=ORIENTED_EDGE('',*,*,#88620,.F.);
#89380=ORIENTED_EDGE('',*,*,#46920,.T.);
#89390=EDGE_LOOP('',(#89380,#89370,#89360,#89350));
#89400=FACE_OUTER_BOUND('',#89390,.T.);
#89410=ADVANCED_FACE('',(#89400),#89340,.F.);
#89420=COLOUR_RGB('',0.823529481887817,0.823529481887817,
0.784313797950745);
#89430=FILL_AREA_STYLE_COLOUR('',#89420);
#89440=FILL_AREA_STYLE('',(#89430));
#89450=SURFACE_STYLE_FILL_AREA(#89440);
#89460=SURFACE_SIDE_STYLE('',(#89450));
#89470=SURFACE_STYLE_USAGE(.BOTH.,#89460);
#89480=PRESENTATION_STYLE_ASSIGNMENT((#89470));
#89490=CARTESIAN_POINT('',(124.93890173317,-52.2751171901442,-954.4));
#89500=DIRECTION('',(1.,0.,-0.));
#89510=DIRECTION('',(0.,0.,1.));
#89520=AXIS2_PLACEMENT_3D('',#89490,#89500,#89510);
#89530=PLANE('',#89520);
#89540=CARTESIAN_POINT('',(124.93890173317,-52.2751171901442,-945.6));
#89550=DIRECTION('',(0.,1.,0.));
#89560=VECTOR('',#89550,1.);
#89570=LINE('',#89540,#89560);
#89580=EDGE_CURVE('',#12600,#60690,#89570,.T.);
#89590=ORIENTED_EDGE('',*,*,#89580,.T.);
#89600=ORIENTED_EDGE('',*,*,#12840,.T.);
#89610=CARTESIAN_POINT('',(124.93890173317,-52.2751171901442,-954.4));
#89620=DIRECTION('',(0.,1.,0.));
#89630=VECTOR('',#89620,1.);
#89640=LINE('',#89610,#89630);
#89650=EDGE_CURVE('',#12770,#60710,#89640,.T.);
#89660=ORIENTED_EDGE('',*,*,#89650,.F.);
#89670=ORIENTED_EDGE('',*,*,#60720,.T.);
#89680=EDGE_LOOP('',(#89670,#89660,#89600,#89590));
#89690=FACE_OUTER_BOUND('',#89680,.T.);
#89700=ADVANCED_FACE('',(#89690),#89530,.F.);
#89710=COLOUR_RGB('',0.823529481887817,0.823529481887817,
0.784313797950745);
#89720=FILL_AREA_STYLE_COLOUR('',#89710);
#89730=FILL_AREA_STYLE('',(#89720));
#89740=SURFACE_STYLE_FILL_AREA(#89730);
#89750=SURFACE_SIDE_STYLE('',(#89740));
#89760=SURFACE_STYLE_USAGE(.BOTH.,#89750);
#89770=PRESENTATION_STYLE_ASSIGNMENT((#89760));
#89780=CARTESIAN_POINT('',(121.83890173317,-52.2751171901442,-954.4));
#89790=DIRECTION('',(0.,1.,0.));
#89800=DIRECTION('',(0.,0.,-1.));
#89810=AXIS2_PLACEMENT_3D('',#89780,#89790,#89800);
#89820=CYLINDRICAL_SURFACE('',#89810,3.1);
#89830=ORIENTED_EDGE('',*,*,#89650,.T.);
#89840=ORIENTED_EDGE('',*,*,#12780,.F.);
#89850=CARTESIAN_POINT('',(118.73890173317,-52.2751171901442,-954.4));
#89860=DIRECTION('',(0.,1.,0.));
#89870=VECTOR('',#89860,1.);
#89880=LINE('',#89850,#89870);
#89890=EDGE_CURVE('',#12680,#60800,#89880,.T.);
#89900=ORIENTED_EDGE('',*,*,#89890,.F.);
#89910=ORIENTED_EDGE('',*,*,#60810,.T.);
#89920=EDGE_LOOP('',(#89910,#89900,#89840,#89830));
#89930=FACE_OUTER_BOUND('',#89920,.T.);
#89940=ADVANCED_FACE('',(#89930),#89820,.F.);
#89950=COLOUR_RGB('',0.823529481887817,0.823529481887817,
0.784313797950745);
#89960=FILL_AREA_STYLE_COLOUR('',#89950);
#89970=FILL_AREA_STYLE('',(#89960));
#89980=SURFACE_STYLE_FILL_AREA(#89970);
#89990=SURFACE_SIDE_STYLE('',(#89980));
#90000=SURFACE_STYLE_USAGE(.BOTH.,#89990);
#90010=PRESENTATION_STYLE_ASSIGNMENT((#90000));
#90020=CARTESIAN_POINT('',(118.73890173317,-52.2751171901442,-945.6));
#90030=DIRECTION('',(-1.,-0.,-0.));
#90040=DIRECTION('',(0.,0.,-1.));
#90050=AXIS2_PLACEMENT_3D('',#90020,#90030,#90040);
#90060=PLANE('',#90050);
#90070=ORIENTED_EDGE('',*,*,#89890,.T.);
#90080=ORIENTED_EDGE('',*,*,#12690,.T.);
#90090=CARTESIAN_POINT('',(118.73890173317,-52.2751171901442,-945.6));
#90100=DIRECTION('',(0.,1.,0.));
#90110=VECTOR('',#90100,1.);
#90120=LINE('',#90090,#90110);
#90130=EDGE_CURVE('',#12580,#60880,#90120,.T.);
#90140=ORIENTED_EDGE('',*,*,#90130,.F.);
#90150=ORIENTED_EDGE('',*,*,#60890,.T.);
#90160=EDGE_LOOP('',(#90150,#90140,#90080,#90070));
#90170=FACE_OUTER_BOUND('',#90160,.T.);
#90180=ADVANCED_FACE('',(#90170),#90060,.F.);
#90190=COLOUR_RGB('',0.823529481887817,0.823529481887817,
0.784313797950745);
#90200=FILL_AREA_STYLE_COLOUR('',#90190);
#90210=FILL_AREA_STYLE('',(#90200));
#90220=SURFACE_STYLE_FILL_AREA(#90210);
#90230=SURFACE_SIDE_STYLE('',(#90220));
#90240=SURFACE_STYLE_USAGE(.BOTH.,#90230);
#90250=PRESENTATION_STYLE_ASSIGNMENT((#90240));
#90260=CARTESIAN_POINT('',(121.83890173317,-52.2751171901442,-945.6));
#90270=DIRECTION('',(0.,1.,0.));
#90280=DIRECTION('',(0.,0.,-1.));
#90290=AXIS2_PLACEMENT_3D('',#90260,#90270,#90280);
#90300=CYLINDRICAL_SURFACE('',#90290,3.1);
#90310=ORIENTED_EDGE('',*,*,#90130,.T.);
#90320=ORIENTED_EDGE('',*,*,#12610,.F.);
#90330=ORIENTED_EDGE('',*,*,#89580,.F.);
#90340=ORIENTED_EDGE('',*,*,#60960,.T.);
#90350=EDGE_LOOP('',(#90340,#90330,#90320,#90310));
#90360=FACE_OUTER_BOUND('',#90350,.T.);
#90370=ADVANCED_FACE('',(#90360),#90300,.F.);
#90380=COLOUR_RGB('',0.823529481887817,0.823529481887817,
0.784313797950745);
#90390=FILL_AREA_STYLE_COLOUR('',#90380);
#90400=FILL_AREA_STYLE('',(#90390));
#90410=SURFACE_STYLE_FILL_AREA(#90400);
#90420=SURFACE_SIDE_STYLE('',(#90410));
#90430=SURFACE_STYLE_USAGE(.BOTH.,#90420);
#90440=PRESENTATION_STYLE_ASSIGNMENT((#90430));
#90450=CARTESIAN_POINT('',(124.93890173317,-52.2751171901442,45.6));
#90460=DIRECTION('',(1.,0.,-0.));
#90470=DIRECTION('',(0.,0.,1.));
#90480=AXIS2_PLACEMENT_3D('',#90450,#90460,#90470);
#90490=PLANE('',#90480);
#90500=CARTESIAN_POINT('',(124.93890173317,-52.2751171901442,54.4));
#90510=DIRECTION('',(0.,1.,0.));
#90520=VECTOR('',#90510,1.);
#90530=LINE('',#90500,#90520);
#90540=EDGE_CURVE('',#13120,#57450,#90530,.T.);
#90550=ORIENTED_EDGE('',*,*,#90540,.T.);
#90560=ORIENTED_EDGE('',*,*,#13130,.T.);
#90570=CARTESIAN_POINT('',(124.93890173317,-52.2751171901442,45.6));
#90580=DIRECTION('',(0.,1.,0.));
#90590=VECTOR('',#90580,1.);
#90600=LINE('',#90570,#90590);
#90610=EDGE_CURVE('',#13040,#57470,#90600,.T.);
#90620=ORIENTED_EDGE('',*,*,#90610,.F.);
#90630=ORIENTED_EDGE('',*,*,#57480,.T.);
#90640=EDGE_LOOP('',(#90630,#90620,#90560,#90550));
#90650=FACE_OUTER_BOUND('',#90640,.T.);
#90660=ADVANCED_FACE('',(#90650),#90490,.F.);
#90670=COLOUR_RGB('',0.823529481887817,0.823529481887817,
0.784313797950745);
#90680=FILL_AREA_STYLE_COLOUR('',#90670);
#90690=FILL_AREA_STYLE('',(#90680));
#90700=SURFACE_STYLE_FILL_AREA(#90690);
#90710=SURFACE_SIDE_STYLE('',(#90700));
#90720=SURFACE_STYLE_USAGE(.BOTH.,#90710);
#90730=PRESENTATION_STYLE_ASSIGNMENT((#90720));
#90740=CARTESIAN_POINT('',(121.83890173317,-52.2751171901442,45.6));
#90750=DIRECTION('',(0.,1.,0.));
#90760=DIRECTION('',(0.,0.,-1.));
#90770=AXIS2_PLACEMENT_3D('',#90740,#90750,#90760);
#90780=CYLINDRICAL_SURFACE('',#90770,3.1);
#90790=ORIENTED_EDGE('',*,*,#90610,.T.);
#90800=ORIENTED_EDGE('',*,*,#13050,.F.);
#90810=CARTESIAN_POINT('',(118.73890173317,-52.2751171901442,45.6));
#90820=DIRECTION('',(0.,1.,0.));
#90830=VECTOR('',#90820,1.);
#90840=LINE('',#90810,#90830);
#90850=EDGE_CURVE('',#12950,#57560,#90840,.T.);
#90860=ORIENTED_EDGE('',*,*,#90850,.F.);
#90870=ORIENTED_EDGE('',*,*,#57570,.T.);
#90880=EDGE_LOOP('',(#90870,#90860,#90800,#90790));
#90890=FACE_OUTER_BOUND('',#90880,.T.);
#90900=ADVANCED_FACE('',(#90890),#90780,.F.);
#90910=COLOUR_RGB('',0.823529481887817,0.823529481887817,
0.784313797950745);
#90920=FILL_AREA_STYLE_COLOUR('',#90910);
#90930=FILL_AREA_STYLE('',(#90920));
#90940=SURFACE_STYLE_FILL_AREA(#90930);
#90950=SURFACE_SIDE_STYLE('',(#90940));
#90960=SURFACE_STYLE_USAGE(.BOTH.,#90950);
#90970=PRESENTATION_STYLE_ASSIGNMENT((#90960));
#90980=CARTESIAN_POINT('',(118.73890173317,-52.2751171901442,54.4));
#90990=DIRECTION('',(-1.,-0.,-0.));
#91000=DIRECTION('',(0.,0.,-1.));
#91010=AXIS2_PLACEMENT_3D('',#90980,#90990,#91000);
#91020=PLANE('',#91010);
#91030=ORIENTED_EDGE('',*,*,#90850,.T.);
#91040=ORIENTED_EDGE('',*,*,#12960,.T.);
#91050=CARTESIAN_POINT('',(118.73890173317,-52.2751171901442,54.4));
#91060=DIRECTION('',(0.,1.,0.));
#91070=VECTOR('',#91060,1.);
#91080=LINE('',#91050,#91070);
#91090=EDGE_CURVE('',#12930,#57640,#91080,.T.);
#91100=ORIENTED_EDGE('',*,*,#91090,.F.);
#91110=ORIENTED_EDGE('',*,*,#57650,.T.);
#91120=EDGE_LOOP('',(#91110,#91100,#91040,#91030));
#91130=FACE_OUTER_BOUND('',#91120,.T.);
#91140=ADVANCED_FACE('',(#91130),#91020,.F.);
#91150=COLOUR_RGB('',0.823529481887817,0.823529481887817,
0.784313797950745);
#91160=FILL_AREA_STYLE_COLOUR('',#91150);
#91170=FILL_AREA_STYLE('',(#91160));
#91180=SURFACE_STYLE_FILL_AREA(#91170);
#91190=SURFACE_SIDE_STYLE('',(#91180));
#91200=SURFACE_STYLE_USAGE(.BOTH.,#91190);
#91210=PRESENTATION_STYLE_ASSIGNMENT((#91200));
#91220=CARTESIAN_POINT('',(121.83890173317,-52.2751171901442,54.4));
#91230=DIRECTION('',(0.,1.,0.));
#91240=DIRECTION('',(0.,0.,-1.));
#91250=AXIS2_PLACEMENT_3D('',#91220,#91230,#91240);
#91260=CYLINDRICAL_SURFACE('',#91250,3.1);
#91270=ORIENTED_EDGE('',*,*,#91090,.T.);
#91280=ORIENTED_EDGE('',*,*,#13200,.F.);
#91290=ORIENTED_EDGE('',*,*,#90540,.F.);
#91300=ORIENTED_EDGE('',*,*,#57720,.T.);
#91310=EDGE_LOOP('',(#91300,#91290,#91280,#91270));
#91320=FACE_OUTER_BOUND('',#91310,.T.);
#91330=ADVANCED_FACE('',(#91320),#91260,.F.);
#91340=COLOUR_RGB('',0.823529481887817,0.823529481887817,
0.784313797950745);
#91350=FILL_AREA_STYLE_COLOUR('',#91340);
#91360=FILL_AREA_STYLE('',(#91350));
#91370=SURFACE_STYLE_FILL_AREA(#91360);
#91380=SURFACE_SIDE_STYLE('',(#91370));
#91390=SURFACE_STYLE_USAGE(.BOTH.,#91380);
#91400=PRESENTATION_STYLE_ASSIGNMENT((#91390));
#91410=CARTESIAN_POINT('',(124.93890173317,-52.2751171901442,-1304.4));
#91420=DIRECTION('',(1.,0.,-0.));
#91430=DIRECTION('',(0.,0.,1.));
#91440=AXIS2_PLACEMENT_3D('',#91410,#91420,#91430);
#91450=PLANE('',#91440);
#91460=CARTESIAN_POINT('',(124.93890173317,-52.2751171901442,-1295.6));
#91470=DIRECTION('',(0.,1.,0.));
#91480=VECTOR('',#91470,1.);
#91490=LINE('',#91460,#91480);
#91500=EDGE_CURVE('',#13320,#35690,#91490,.T.);
#91510=ORIENTED_EDGE('',*,*,#91500,.T.);
#91520=ORIENTED_EDGE('',*,*,#13560,.T.);
#91530=CARTESIAN_POINT('',(124.93890173317,-52.2751171901442,-1304.4));
#91540=DIRECTION('',(0.,1.,0.));
#91550=VECTOR('',#91540,1.);
#91560=LINE('',#91530,#91550);
#91570=EDGE_CURVE('',#13490,#35500,#91560,.T.);
#91580=ORIENTED_EDGE('',*,*,#91570,.F.);
#91590=ORIENTED_EDGE('',*,*,#35760,.T.);
#91600=EDGE_LOOP('',(#91590,#91580,#91520,#91510));
#91610=FACE_OUTER_BOUND('',#91600,.T.);
#91620=ADVANCED_FACE('',(#91610),#91450,.F.);
#91630=COLOUR_RGB('',0.823529481887817,0.823529481887817,
0.784313797950745);
#91640=FILL_AREA_STYLE_COLOUR('',#91630);
#91650=FILL_AREA_STYLE('',(#91640));
#91660=SURFACE_STYLE_FILL_AREA(#91650);
#91670=SURFACE_SIDE_STYLE('',(#91660));
#91680=SURFACE_STYLE_USAGE(.BOTH.,#91670);
#91690=PRESENTATION_STYLE_ASSIGNMENT((#91680));
#91700=CARTESIAN_POINT('',(121.83890173317,-52.2751171901442,-1304.4));
#91710=DIRECTION('',(0.,1.,0.));
#91720=DIRECTION('',(0.,0.,-1.));
#91730=AXIS2_PLACEMENT_3D('',#91700,#91710,#91720);
#91740=CYLINDRICAL_SURFACE('',#91730,3.1);
#91750=ORIENTED_EDGE('',*,*,#91570,.T.);
#91760=ORIENTED_EDGE('',*,*,#13500,.F.);
#91770=CARTESIAN_POINT('',(118.73890173317,-52.2751171901442,-1304.4));
#91780=DIRECTION('',(0.,1.,0.));
#91790=VECTOR('',#91780,1.);
#91800=LINE('',#91770,#91790);
#91810=EDGE_CURVE('',#13400,#35520,#91800,.T.);
#91820=ORIENTED_EDGE('',*,*,#91810,.F.);
#91830=ORIENTED_EDGE('',*,*,#35530,.T.);
#91840=EDGE_LOOP('',(#91830,#91820,#91760,#91750));
#91850=FACE_OUTER_BOUND('',#91840,.T.);
#91860=ADVANCED_FACE('',(#91850),#91740,.F.);
#91870=COLOUR_RGB('',0.823529481887817,0.823529481887817,
0.784313797950745);
#91880=FILL_AREA_STYLE_COLOUR('',#91870);
#91890=FILL_AREA_STYLE('',(#91880));
#91900=SURFACE_STYLE_FILL_AREA(#91890);
#91910=SURFACE_SIDE_STYLE('',(#91900));
#91920=SURFACE_STYLE_USAGE(.BOTH.,#91910);
#91930=PRESENTATION_STYLE_ASSIGNMENT((#91920));
#91940=CARTESIAN_POINT('',(118.73890173317,-52.2751171901442,-1295.6));
#91950=DIRECTION('',(-1.,-0.,-0.));
#91960=DIRECTION('',(0.,0.,-1.));
#91970=AXIS2_PLACEMENT_3D('',#91940,#91950,#91960);
#91980=PLANE('',#91970);
#91990=ORIENTED_EDGE('',*,*,#91810,.T.);
#92000=ORIENTED_EDGE('',*,*,#13410,.T.);
#92010=CARTESIAN_POINT('',(118.73890173317,-52.2751171901442,-1295.6));
#92020=DIRECTION('',(0.,1.,0.));
#92030=VECTOR('',#92020,1.);
#92040=LINE('',#92010,#92030);
#92050=EDGE_CURVE('',#13300,#35600,#92040,.T.);
#92060=ORIENTED_EDGE('',*,*,#92050,.F.);
#92070=ORIENTED_EDGE('',*,*,#35610,.T.);
#92080=EDGE_LOOP('',(#92070,#92060,#92000,#91990));
#92090=FACE_OUTER_BOUND('',#92080,.T.);
#92100=ADVANCED_FACE('',(#92090),#91980,.F.);
#92110=COLOUR_RGB('',0.823529481887817,0.823529481887817,
0.784313797950745);
#92120=FILL_AREA_STYLE_COLOUR('',#92110);
#92130=FILL_AREA_STYLE('',(#92120));
#92140=SURFACE_STYLE_FILL_AREA(#92130);
#92150=SURFACE_SIDE_STYLE('',(#92140));
#92160=SURFACE_STYLE_USAGE(.BOTH.,#92150);
#92170=PRESENTATION_STYLE_ASSIGNMENT((#92160));
#92180=CARTESIAN_POINT('',(121.83890173317,-52.2751171901442,-1295.6));
#92190=DIRECTION('',(0.,1.,0.));
#92200=DIRECTION('',(0.,0.,-1.));
#92210=AXIS2_PLACEMENT_3D('',#92180,#92190,#92200);
#92220=CYLINDRICAL_SURFACE('',#92210,3.1);
#92230=ORIENTED_EDGE('',*,*,#92050,.T.);
#92240=ORIENTED_EDGE('',*,*,#13330,.F.);
#92250=ORIENTED_EDGE('',*,*,#91500,.F.);
#92260=ORIENTED_EDGE('',*,*,#35700,.T.);
#92270=EDGE_LOOP('',(#92260,#92250,#92240,#92230));
#92280=FACE_OUTER_BOUND('',#92270,.T.);
#92290=ADVANCED_FACE('',(#92280),#92220,.F.);
#92300=COLOUR_RGB('',0.823529481887817,0.823529481887817,
0.784313797950745);
#92310=FILL_AREA_STYLE_COLOUR('',#92300);
#92320=FILL_AREA_STYLE('',(#92310));
#92330=SURFACE_STYLE_FILL_AREA(#92320);
#92340=SURFACE_SIDE_STYLE('',(#92330));
#92350=SURFACE_STYLE_USAGE(.BOTH.,#92340);
#92360=PRESENTATION_STYLE_ASSIGNMENT((#92350));
#92370=CARTESIAN_POINT('',(124.93890173317,-52.2751171901442,
-4.39999999999998));
#92380=DIRECTION('',(1.,0.,-0.));
#92390=DIRECTION('',(0.,0.,1.));
#92400=AXIS2_PLACEMENT_3D('',#92370,#92380,#92390);
#92410=PLANE('',#92400);
#92420=CARTESIAN_POINT('',(124.93890173317,-52.2751171901442,
4.39999999999998));
#92430=DIRECTION('',(0.,1.,0.));
#92440=VECTOR('',#92430,1.);
#92450=LINE('',#92420,#92440);
#92460=EDGE_CURVE('',#13680,#50610,#92450,.T.);
#92470=ORIENTED_EDGE('',*,*,#92460,.T.);
#92480=ORIENTED_EDGE('',*,*,#13920,.T.);
#92490=CARTESIAN_POINT('',(124.93890173317,-52.2751171901442,
-4.39999999999998));
#92500=DIRECTION('',(0.,1.,0.));
#92510=VECTOR('',#92500,1.);
#92520=LINE('',#92490,#92510);
#92530=EDGE_CURVE('',#13850,#50630,#92520,.T.);
#92540=ORIENTED_EDGE('',*,*,#92530,.F.);
#92550=ORIENTED_EDGE('',*,*,#50640,.T.);
#92560=EDGE_LOOP('',(#92550,#92540,#92480,#92470));
#92570=FACE_OUTER_BOUND('',#92560,.T.);
#92580=ADVANCED_FACE('',(#92570),#92410,.F.);
#92590=COLOUR_RGB('',0.823529481887817,0.823529481887817,
0.784313797950745);
#92600=FILL_AREA_STYLE_COLOUR('',#92590);
#92610=FILL_AREA_STYLE('',(#92600));
#92620=SURFACE_STYLE_FILL_AREA(#92610);
#92630=SURFACE_SIDE_STYLE('',(#92620));
#92640=SURFACE_STYLE_USAGE(.BOTH.,#92630);
#92650=PRESENTATION_STYLE_ASSIGNMENT((#92640));
#92660=CARTESIAN_POINT('',(121.83890173317,-52.2751171901442,
-4.39999999999998));
#92670=DIRECTION('',(0.,1.,0.));
#92680=DIRECTION('',(0.,0.,-1.));
#92690=AXIS2_PLACEMENT_3D('',#92660,#92670,#92680);
#92700=CYLINDRICAL_SURFACE('',#92690,3.1);
#92710=ORIENTED_EDGE('',*,*,#92530,.T.);
#92720=ORIENTED_EDGE('',*,*,#13860,.F.);
#92730=CARTESIAN_POINT('',(118.73890173317,-52.2751171901442,
-4.39999999999998));
#92740=DIRECTION('',(0.,1.,0.));
#92750=VECTOR('',#92740,1.);
#92760=LINE('',#92730,#92750);
#92770=EDGE_CURVE('',#13760,#50720,#92760,.T.);
#92780=ORIENTED_EDGE('',*,*,#92770,.F.);
#92790=ORIENTED_EDGE('',*,*,#50730,.T.);
#92800=EDGE_LOOP('',(#92790,#92780,#92720,#92710));
#92810=FACE_OUTER_BOUND('',#92800,.T.);
#92820=ADVANCED_FACE('',(#92810),#92700,.F.);
#92830=COLOUR_RGB('',0.823529481887817,0.823529481887817,
0.784313797950745);
#92840=FILL_AREA_STYLE_COLOUR('',#92830);
#92850=FILL_AREA_STYLE('',(#92840));
#92860=SURFACE_STYLE_FILL_AREA(#92850);
#92870=SURFACE_SIDE_STYLE('',(#92860));
#92880=SURFACE_STYLE_USAGE(.BOTH.,#92870);
#92890=PRESENTATION_STYLE_ASSIGNMENT((#92880));
#92900=CARTESIAN_POINT('',(118.73890173317,-52.2751171901442,
4.39999999999998));
#92910=DIRECTION('',(-1.,-0.,-0.));
#92920=DIRECTION('',(0.,0.,-1.));
#92930=AXIS2_PLACEMENT_3D('',#92900,#92910,#92920);
#92940=PLANE('',#92930);
#92950=ORIENTED_EDGE('',*,*,#92770,.T.);
#92960=ORIENTED_EDGE('',*,*,#13770,.T.);
#92970=CARTESIAN_POINT('',(118.73890173317,-52.2751171901442,
4.39999999999998));
#92980=DIRECTION('',(0.,1.,0.));
#92990=VECTOR('',#92980,1.);
#93000=LINE('',#92970,#92990);
#93010=EDGE_CURVE('',#13660,#50800,#93000,.T.);
#93020=ORIENTED_EDGE('',*,*,#93010,.F.);
#93030=ORIENTED_EDGE('',*,*,#50810,.T.);
#93040=EDGE_LOOP('',(#93030,#93020,#92960,#92950));
#93050=FACE_OUTER_BOUND('',#93040,.T.);
#93060=ADVANCED_FACE('',(#93050),#92940,.F.);
#93070=COLOUR_RGB('',0.823529481887817,0.823529481887817,
0.784313797950745);
#93080=FILL_AREA_STYLE_COLOUR('',#93070);
#93090=FILL_AREA_STYLE('',(#93080));
#93100=SURFACE_STYLE_FILL_AREA(#93090);
#93110=SURFACE_SIDE_STYLE('',(#93100));
#93120=SURFACE_STYLE_USAGE(.BOTH.,#93110);
#93130=PRESENTATION_STYLE_ASSIGNMENT((#93120));
#93140=CARTESIAN_POINT('',(121.83890173317,-52.2751171901442,
4.39999999999998));
#93150=DIRECTION('',(0.,1.,0.));
#93160=DIRECTION('',(0.,0.,-1.));
#93170=AXIS2_PLACEMENT_3D('',#93140,#93150,#93160);
#93180=CYLINDRICAL_SURFACE('',#93170,3.1);
#93190=ORIENTED_EDGE('',*,*,#93010,.T.);
#93200=ORIENTED_EDGE('',*,*,#13690,.F.);
#93210=ORIENTED_EDGE('',*,*,#92460,.F.);
#93220=ORIENTED_EDGE('',*,*,#50880,.T.);
#93230=EDGE_LOOP('',(#93220,#93210,#93200,#93190));
#93240=FACE_OUTER_BOUND('',#93230,.T.);
#93250=ADVANCED_FACE('',(#93240),#93180,.F.);
#93260=COLOUR_RGB('',0.823529481887817,0.823529481887817,
0.784313797950745);
#93270=FILL_AREA_STYLE_COLOUR('',#93260);
#93280=FILL_AREA_STYLE('',(#93270));
#93290=SURFACE_STYLE_FILL_AREA(#93280);
#93300=SURFACE_SIDE_STYLE('',(#93290));
#93310=SURFACE_STYLE_USAGE(.BOTH.,#93300);
#93320=PRESENTATION_STYLE_ASSIGNMENT((#93310));
#93330=CARTESIAN_POINT('',(121.83890173317,-52.2751171901442,-204.4));
#93340=DIRECTION('',(0.,1.,0.));
#93350=DIRECTION('',(0.,0.,-1.));
#93360=AXIS2_PLACEMENT_3D('',#93330,#93340,#93350);
#93370=CYLINDRICAL_SURFACE('',#93360,3.1);
#93380=CARTESIAN_POINT('',(124.93890173317,-52.2751171901442,-204.4));
#93390=DIRECTION('',(0.,1.,0.));
#93400=VECTOR('',#93390,1.);
#93410=LINE('',#93380,#93400);
#93420=EDGE_CURVE('',#14020,#55760,#93410,.T.);
#93430=ORIENTED_EDGE('',*,*,#93420,.T.);
#93440=ORIENTED_EDGE('',*,*,#14050,.F.);
#93450=CARTESIAN_POINT('',(118.73890173317,-52.2751171901442,-204.4));
#93460=DIRECTION('',(0.,1.,0.));
#93470=VECTOR('',#93460,1.);
#93480=LINE('',#93450,#93470);
#93490=EDGE_CURVE('',#14040,#55850,#93480,.T.);
#93500=ORIENTED_EDGE('',*,*,#93490,.F.);
#93510=ORIENTED_EDGE('',*,*,#55860,.T.);
#93520=EDGE_LOOP('',(#93510,#93500,#93440,#93430));
#93530=FACE_OUTER_BOUND('',#93520,.T.);
#93540=ADVANCED_FACE('',(#93530),#93370,.F.);
#93550=COLOUR_RGB('',0.823529481887817,0.823529481887817,
0.784313797950745);
#93560=FILL_AREA_STYLE_COLOUR('',#93550);
#93570=FILL_AREA_STYLE('',(#93560));
#93580=SURFACE_STYLE_FILL_AREA(#93570);
#93590=SURFACE_SIDE_STYLE('',(#93580));
#93600=SURFACE_STYLE_USAGE(.BOTH.,#93590);
#93610=PRESENTATION_STYLE_ASSIGNMENT((#93600));
#93620=CARTESIAN_POINT('',(124.93890173317,-52.2751171901442,-204.4));
#93630=DIRECTION('',(1.,0.,-0.));
#93640=DIRECTION('',(0.,0.,1.));
#93650=AXIS2_PLACEMENT_3D('',#93620,#93630,#93640);
#93660=PLANE('',#93650);
#93670=CARTESIAN_POINT('',(124.93890173317,-52.2751171901442,-195.6));
#93680=DIRECTION('',(0.,1.,0.));
#93690=VECTOR('',#93680,1.);
#93700=LINE('',#93670,#93690);
#93710=EDGE_CURVE('',#14120,#55680,#93700,.T.);
#93720=ORIENTED_EDGE('',*,*,#93710,.T.);
#93730=ORIENTED_EDGE('',*,*,#14130,.T.);
#93740=ORIENTED_EDGE('',*,*,#93420,.F.);
#93750=ORIENTED_EDGE('',*,*,#55770,.T.);
#93760=EDGE_LOOP('',(#93750,#93740,#93730,#93720));
#93770=FACE_OUTER_BOUND('',#93760,.T.);
#93780=ADVANCED_FACE('',(#93770),#93660,.F.);
#93790=COLOUR_RGB('',0.823529481887817,0.823529481887817,
0.784313797950745);
#93800=FILL_AREA_STYLE_COLOUR('',#93790);
#93810=FILL_AREA_STYLE('',(#93800));
#93820=SURFACE_STYLE_FILL_AREA(#93810);
#93830=SURFACE_SIDE_STYLE('',(#93820));
#93840=SURFACE_STYLE_USAGE(.BOTH.,#93830);
#93850=PRESENTATION_STYLE_ASSIGNMENT((#93840));
#93860=CARTESIAN_POINT('',(121.83890173317,-52.2751171901442,-195.6));
#93870=DIRECTION('',(0.,1.,0.));
#93880=DIRECTION('',(0.,0.,-1.));
#93890=AXIS2_PLACEMENT_3D('',#93860,#93870,#93880);
#93900=CYLINDRICAL_SURFACE('',#93890,3.1);
#93910=CARTESIAN_POINT('',(118.73890173317,-52.2751171901442,-195.6));
#93920=DIRECTION('',(0.,1.,0.));
#93930=VECTOR('',#93920,1.);
#93940=LINE('',#93910,#93930);
#93950=EDGE_CURVE('',#14210,#55660,#93940,.T.);
#93960=ORIENTED_EDGE('',*,*,#93950,.T.);
#93970=ORIENTED_EDGE('',*,*,#14220,.F.);
#93980=ORIENTED_EDGE('',*,*,#93710,.F.);
#93990=ORIENTED_EDGE('',*,*,#55690,.T.);
#94000=EDGE_LOOP('',(#93990,#93980,#93970,#93960));
#94010=FACE_OUTER_BOUND('',#94000,.T.);
#94020=ADVANCED_FACE('',(#94010),#93900,.F.);
#94030=COLOUR_RGB('',0.823529481887817,0.823529481887817,
0.784313797950745);
#94040=FILL_AREA_STYLE_COLOUR('',#94030);
#94050=FILL_AREA_STYLE('',(#94040));
#94060=SURFACE_STYLE_FILL_AREA(#94050);
#94070=SURFACE_SIDE_STYLE('',(#94060));
#94080=SURFACE_STYLE_USAGE(.BOTH.,#94070);
#94090=PRESENTATION_STYLE_ASSIGNMENT((#94080));
#94100=CARTESIAN_POINT('',(118.73890173317,-52.2751171901442,-195.6));
#94110=DIRECTION('',(-1.,-0.,-0.));
#94120=DIRECTION('',(0.,0.,-1.));
#94130=AXIS2_PLACEMENT_3D('',#94100,#94110,#94120);
#94140=PLANE('',#94130);
#94150=ORIENTED_EDGE('',*,*,#93490,.T.);
#94160=ORIENTED_EDGE('',*,*,#14280,.T.);
#94170=ORIENTED_EDGE('',*,*,#93950,.F.);
#94180=ORIENTED_EDGE('',*,*,#55920,.T.);
#94190=EDGE_LOOP('',(#94180,#94170,#94160,#94150));
#94200=FACE_OUTER_BOUND('',#94190,.T.);
#94210=ADVANCED_FACE('',(#94200),#94140,.F.);
#94220=COLOUR_RGB('',0.823529481887817,0.823529481887817,
0.784313797950745);
#94230=FILL_AREA_STYLE_COLOUR('',#94220);
#94240=FILL_AREA_STYLE('',(#94230));
#94250=SURFACE_STYLE_FILL_AREA(#94240);
#94260=SURFACE_SIDE_STYLE('',(#94250));
#94270=SURFACE_STYLE_USAGE(.BOTH.,#94260);
#94280=PRESENTATION_STYLE_ASSIGNMENT((#94270));
#94290=CARTESIAN_POINT('',(124.93890173317,-52.2751171901442,-229.4));
#94300=DIRECTION('',(1.,0.,-0.));
#94310=DIRECTION('',(0.,0.,1.));
#94320=AXIS2_PLACEMENT_3D('',#94290,#94300,#94310);
#94330=PLANE('',#94320);
#94340=CARTESIAN_POINT('',(124.93890173317,-52.2751171901442,-220.6));
#94350=DIRECTION('',(0.,1.,0.));
#94360=VECTOR('',#94350,1.);
#94370=LINE('',#94340,#94360);
#94380=EDGE_CURVE('',#14560,#47010,#94370,.T.);
#94390=ORIENTED_EDGE('',*,*,#94380,.T.);
#94400=ORIENTED_EDGE('',*,*,#14570,.T.);
#94410=CARTESIAN_POINT('',(124.93890173317,-52.2751171901442,-229.4));
#94420=DIRECTION('',(0.,1.,0.));
#94430=VECTOR('',#94420,1.);
#94440=LINE('',#94410,#94430);
#94450=EDGE_CURVE('',#14480,#47030,#94440,.T.);
#94460=ORIENTED_EDGE('',*,*,#94450,.F.);
#94470=ORIENTED_EDGE('',*,*,#47040,.T.);
#94480=EDGE_LOOP('',(#94470,#94460,#94400,#94390));
#94490=FACE_OUTER_BOUND('',#94480,.T.);
#94500=ADVANCED_FACE('',(#94490),#94330,.F.);
#94510=COLOUR_RGB('',0.823529481887817,0.823529481887817,
0.784313797950745);
#94520=FILL_AREA_STYLE_COLOUR('',#94510);
#94530=FILL_AREA_STYLE('',(#94520));
#94540=SURFACE_STYLE_FILL_AREA(#94530);
#94550=SURFACE_SIDE_STYLE('',(#94540));
#94560=SURFACE_STYLE_USAGE(.BOTH.,#94550);
#94570=PRESENTATION_STYLE_ASSIGNMENT((#94560));
#94580=CARTESIAN_POINT('',(121.83890173317,-52.2751171901442,-229.4));
#94590=DIRECTION('',(0.,1.,0.));
#94600=DIRECTION('',(0.,0.,-1.));
#94610=AXIS2_PLACEMENT_3D('',#94580,#94590,#94600);
#94620=CYLINDRICAL_SURFACE('',#94610,3.1);
#94630=ORIENTED_EDGE('',*,*,#94450,.T.);
#94640=ORIENTED_EDGE('',*,*,#14490,.F.);
#94650=CARTESIAN_POINT('',(118.73890173317,-52.2751171901442,-229.4));
#94660=DIRECTION('',(0.,1.,0.));
#94670=VECTOR('',#94660,1.);
#94680=LINE('',#94650,#94670);
#94690=EDGE_CURVE('',#14390,#47120,#94680,.T.);
#94700=ORIENTED_EDGE('',*,*,#94690,.F.);
#94710=ORIENTED_EDGE('',*,*,#47130,.T.);
#94720=EDGE_LOOP('',(#94710,#94700,#94640,#94630));
#94730=FACE_OUTER_BOUND('',#94720,.T.);
#94740=ADVANCED_FACE('',(#94730),#94620,.F.);
#94750=COLOUR_RGB('',0.823529481887817,0.823529481887817,
0.784313797950745);
#94760=FILL_AREA_STYLE_COLOUR('',#94750);
#94770=FILL_AREA_STYLE('',(#94760));
#94780=SURFACE_STYLE_FILL_AREA(#94770);
#94790=SURFACE_SIDE_STYLE('',(#94780));
#94800=SURFACE_STYLE_USAGE(.BOTH.,#94790);
#94810=PRESENTATION_STYLE_ASSIGNMENT((#94800));
#94820=CARTESIAN_POINT('',(118.73890173317,-52.2751171901442,-220.6));
#94830=DIRECTION('',(-1.,-0.,-0.));
#94840=DIRECTION('',(0.,0.,-1.));
#94850=AXIS2_PLACEMENT_3D('',#94820,#94830,#94840);
#94860=PLANE('',#94850);
#94870=ORIENTED_EDGE('',*,*,#94690,.T.);
#94880=ORIENTED_EDGE('',*,*,#14400,.T.);
#94890=CARTESIAN_POINT('',(118.73890173317,-52.2751171901442,-220.6));
#94900=DIRECTION('',(0.,1.,0.));
#94910=VECTOR('',#94900,1.);
#94920=LINE('',#94890,#94910);
#94930=EDGE_CURVE('',#14370,#47200,#94920,.T.);
#94940=ORIENTED_EDGE('',*,*,#94930,.F.);
#94950=ORIENTED_EDGE('',*,*,#47210,.T.);
#94960=EDGE_LOOP('',(#94950,#94940,#94880,#94870));
#94970=FACE_OUTER_BOUND('',#94960,.T.);
#94980=ADVANCED_FACE('',(#94970),#94860,.F.);
#94990=COLOUR_RGB('',0.823529481887817,0.823529481887817,
0.784313797950745);
#95000=FILL_AREA_STYLE_COLOUR('',#94990);
#95010=FILL_AREA_STYLE('',(#95000));
#95020=SURFACE_STYLE_FILL_AREA(#95010);
#95030=SURFACE_SIDE_STYLE('',(#95020));
#95040=SURFACE_STYLE_USAGE(.BOTH.,#95030);
#95050=PRESENTATION_STYLE_ASSIGNMENT((#95040));
#95060=CARTESIAN_POINT('',(121.83890173317,-52.2751171901442,-220.6));
#95070=DIRECTION('',(0.,1.,0.));
#95080=DIRECTION('',(0.,0.,-1.));
#95090=AXIS2_PLACEMENT_3D('',#95060,#95070,#95080);
#95100=CYLINDRICAL_SURFACE('',#95090,3.1);
#95110=ORIENTED_EDGE('',*,*,#94930,.T.);
#95120=ORIENTED_EDGE('',*,*,#14640,.F.);
#95130=ORIENTED_EDGE('',*,*,#94380,.F.);
#95140=ORIENTED_EDGE('',*,*,#47280,.T.);
#95150=EDGE_LOOP('',(#95140,#95130,#95120,#95110));
#95160=FACE_OUTER_BOUND('',#95150,.T.);
#95170=ADVANCED_FACE('',(#95160),#95100,.F.);
#95180=COLOUR_RGB('',0.823529481887817,0.823529481887817,
0.784313797950745);
#95190=FILL_AREA_STYLE_COLOUR('',#95180);
#95200=FILL_AREA_STYLE('',(#95190));
#95210=SURFACE_STYLE_FILL_AREA(#95200);
#95220=SURFACE_SIDE_STYLE('',(#95210));
#95230=SURFACE_STYLE_USAGE(.BOTH.,#95220);
#95240=PRESENTATION_STYLE_ASSIGNMENT((#95230));
#95250=CARTESIAN_POINT('',(124.93890173317,-52.2751171901442,-1379.4));
#95260=DIRECTION('',(1.,0.,-0.));
#95270=DIRECTION('',(0.,0.,1.));
#95280=AXIS2_PLACEMENT_3D('',#95250,#95260,#95270);
#95290=PLANE('',#95280);
#95300=CARTESIAN_POINT('',(124.93890173317,-52.2751171901442,-1370.6));
#95310=DIRECTION('',(0.,1.,0.));
#95320=VECTOR('',#95310,1.);
#95330=LINE('',#95300,#95320);
#95340=EDGE_CURVE('',#14760,#54930,#95330,.T.);
#95350=ORIENTED_EDGE('',*,*,#95340,.T.);
#95360=ORIENTED_EDGE('',*,*,#15000,.T.);
#95370=CARTESIAN_POINT('',(124.93890173317,-52.2751171901442,-1379.4));
#95380=DIRECTION('',(0.,1.,0.));
#95390=VECTOR('',#95380,1.);
#95400=LINE('',#95370,#95390);
#95410=EDGE_CURVE('',#14930,#54950,#95400,.T.);
#95420=ORIENTED_EDGE('',*,*,#95410,.F.);
#95430=ORIENTED_EDGE('',*,*,#54960,.T.);
#95440=EDGE_LOOP('',(#95430,#95420,#95360,#95350));
#95450=FACE_OUTER_BOUND('',#95440,.T.);
#95460=ADVANCED_FACE('',(#95450),#95290,.F.);
#95470=COLOUR_RGB('',0.823529481887817,0.823529481887817,
0.784313797950745);
#95480=FILL_AREA_STYLE_COLOUR('',#95470);
#95490=FILL_AREA_STYLE('',(#95480));
#95500=SURFACE_STYLE_FILL_AREA(#95490);
#95510=SURFACE_SIDE_STYLE('',(#95500));
#95520=SURFACE_STYLE_USAGE(.BOTH.,#95510);
#95530=PRESENTATION_STYLE_ASSIGNMENT((#95520));
#95540=CARTESIAN_POINT('',(121.83890173317,-52.2751171901442,-1379.4));
#95550=DIRECTION('',(0.,1.,0.));
#95560=DIRECTION('',(0.,0.,-1.));
#95570=AXIS2_PLACEMENT_3D('',#95540,#95550,#95560);
#95580=CYLINDRICAL_SURFACE('',#95570,3.1);
#95590=ORIENTED_EDGE('',*,*,#95410,.T.);
#95600=ORIENTED_EDGE('',*,*,#14940,.F.);
#95610=CARTESIAN_POINT('',(118.73890173317,-52.2751171901442,-1379.4));
#95620=DIRECTION('',(0.,1.,0.));
#95630=VECTOR('',#95620,1.);
#95640=LINE('',#95610,#95630);
#95650=EDGE_CURVE('',#14840,#55040,#95640,.T.);
#95660=ORIENTED_EDGE('',*,*,#95650,.F.);
#95670=ORIENTED_EDGE('',*,*,#55050,.T.);
#95680=EDGE_LOOP('',(#95670,#95660,#95600,#95590));
#95690=FACE_OUTER_BOUND('',#95680,.T.);
#95700=ADVANCED_FACE('',(#95690),#95580,.F.);
#95710=COLOUR_RGB('',0.823529481887817,0.823529481887817,
0.784313797950745);
#95720=FILL_AREA_STYLE_COLOUR('',#95710);
#95730=FILL_AREA_STYLE('',(#95720));
#95740=SURFACE_STYLE_FILL_AREA(#95730);
#95750=SURFACE_SIDE_STYLE('',(#95740));
#95760=SURFACE_STYLE_USAGE(.BOTH.,#95750);
#95770=PRESENTATION_STYLE_ASSIGNMENT((#95760));
#95780=CARTESIAN_POINT('',(118.73890173317,-52.2751171901442,-1370.6));
#95790=DIRECTION('',(-1.,-0.,-0.));
#95800=DIRECTION('',(0.,0.,-1.));
#95810=AXIS2_PLACEMENT_3D('',#95780,#95790,#95800);
#95820=PLANE('',#95810);
#95830=ORIENTED_EDGE('',*,*,#95650,.T.);
#95840=ORIENTED_EDGE('',*,*,#14850,.T.);
#95850=CARTESIAN_POINT('',(118.73890173317,-52.2751171901442,-1370.6));
#95860=DIRECTION('',(0.,1.,0.));
#95870=VECTOR('',#95860,1.);
#95880=LINE('',#95850,#95870);
#95890=EDGE_CURVE('',#14740,#55120,#95880,.T.);
#95900=ORIENTED_EDGE('',*,*,#95890,.F.);
#95910=ORIENTED_EDGE('',*,*,#55130,.T.);
#95920=EDGE_LOOP('',(#95910,#95900,#95840,#95830));
#95930=FACE_OUTER_BOUND('',#95920,.T.);
#95940=ADVANCED_FACE('',(#95930),#95820,.F.);
#95950=COLOUR_RGB('',0.823529481887817,0.823529481887817,
0.784313797950745);
#95960=FILL_AREA_STYLE_COLOUR('',#95950);
#95970=FILL_AREA_STYLE('',(#95960));
#95980=SURFACE_STYLE_FILL_AREA(#95970);
#95990=SURFACE_SIDE_STYLE('',(#95980));
#96000=SURFACE_STYLE_USAGE(.BOTH.,#95990);
#96010=PRESENTATION_STYLE_ASSIGNMENT((#96000));
#96020=CARTESIAN_POINT('',(121.83890173317,-52.2751171901442,-1370.6));
#96030=DIRECTION('',(0.,1.,0.));
#96040=DIRECTION('',(0.,0.,-1.));
#96050=AXIS2_PLACEMENT_3D('',#96020,#96030,#96040);
#96060=CYLINDRICAL_SURFACE('',#96050,3.1);
#96070=ORIENTED_EDGE('',*,*,#95890,.T.);
#96080=ORIENTED_EDGE('',*,*,#14770,.F.);
#96090=ORIENTED_EDGE('',*,*,#95340,.F.);
#96100=ORIENTED_EDGE('',*,*,#55200,.T.);
#96110=EDGE_LOOP('',(#96100,#96090,#96080,#96070));
#96120=FACE_OUTER_BOUND('',#96110,.T.);
#96130=ADVANCED_FACE('',(#96120),#96060,.F.);
#96140=COLOUR_RGB('',0.823529481887817,0.823529481887817,
0.784313797950745);
#96150=FILL_AREA_STYLE_COLOUR('',#96140);
#96160=FILL_AREA_STYLE('',(#96150));
#96170=SURFACE_STYLE_FILL_AREA(#96160);
#96180=SURFACE_SIDE_STYLE('',(#96170));
#96190=SURFACE_STYLE_USAGE(.BOTH.,#96180);
#96200=PRESENTATION_STYLE_ASSIGNMENT((#96190));
#96210=CARTESIAN_POINT('',(124.93890173317,-52.2751171901442,-254.4));
#96220=DIRECTION('',(1.,0.,-0.));
#96230=DIRECTION('',(0.,0.,1.));
#96240=AXIS2_PLACEMENT_3D('',#96210,#96220,#96230);
#96250=PLANE('',#96240);
#96260=CARTESIAN_POINT('',(124.93890173317,-52.2751171901442,-245.6));
#96270=DIRECTION('',(0.,1.,0.));
#96280=VECTOR('',#96270,1.);
#96290=LINE('',#96260,#96280);
#96300=EDGE_CURVE('',#15120,#57920,#96290,.T.);
#96310=ORIENTED_EDGE('',*,*,#96300,.T.);
#96320=ORIENTED_EDGE('',*,*,#15360,.T.);
#96330=CARTESIAN_POINT('',(124.93890173317,-52.2751171901442,-254.4));
#96340=DIRECTION('',(0.,1.,0.));
#96350=VECTOR('',#96340,1.);
#96360=LINE('',#96330,#96350);
#96370=EDGE_CURVE('',#15290,#58000,#96360,.T.);
#96380=ORIENTED_EDGE('',*,*,#96370,.F.);
#96390=ORIENTED_EDGE('',*,*,#58010,.T.);
#96400=EDGE_LOOP('',(#96390,#96380,#96320,#96310));
#96410=FACE_OUTER_BOUND('',#96400,.T.);
#96420=ADVANCED_FACE('',(#96410),#96250,.F.);
#96430=COLOUR_RGB('',0.823529481887817,0.823529481887817,
0.784313797950745);
#96440=FILL_AREA_STYLE_COLOUR('',#96430);
#96450=FILL_AREA_STYLE('',(#96440));
#96460=SURFACE_STYLE_FILL_AREA(#96450);
#96470=SURFACE_SIDE_STYLE('',(#96460));
#96480=SURFACE_STYLE_USAGE(.BOTH.,#96470);
#96490=PRESENTATION_STYLE_ASSIGNMENT((#96480));
#96500=CARTESIAN_POINT('',(121.83890173317,-52.2751171901442,-254.4));
#96510=DIRECTION('',(0.,1.,0.));
#96520=DIRECTION('',(0.,0.,-1.));
#96530=AXIS2_PLACEMENT_3D('',#96500,#96510,#96520);
#96540=CYLINDRICAL_SURFACE('',#96530,3.1);
#96550=ORIENTED_EDGE('',*,*,#96370,.T.);
#96560=ORIENTED_EDGE('',*,*,#15300,.F.);
#96570=CARTESIAN_POINT('',(118.73890173317,-52.2751171901442,-254.4));
#96580=DIRECTION('',(0.,1.,0.));
#96590=VECTOR('',#96580,1.);
#96600=LINE('',#96570,#96590);
#96610=EDGE_CURVE('',#15200,#57810,#96600,.T.);
#96620=ORIENTED_EDGE('',*,*,#96610,.F.);
#96630=ORIENTED_EDGE('',*,*,#58080,.T.);
#96640=EDGE_LOOP('',(#96630,#96620,#96560,#96550));
#96650=FACE_OUTER_BOUND('',#96640,.T.);
#96660=ADVANCED_FACE('',(#96650),#96540,.F.);
#96670=COLOUR_RGB('',0.823529481887817,0.823529481887817,
0.784313797950745);
#96680=FILL_AREA_STYLE_COLOUR('',#96670);
#96690=FILL_AREA_STYLE('',(#96680));
#96700=SURFACE_STYLE_FILL_AREA(#96690);
#96710=SURFACE_SIDE_STYLE('',(#96700));
#96720=SURFACE_STYLE_USAGE(.BOTH.,#96710);
#96730=PRESENTATION_STYLE_ASSIGNMENT((#96720));
#96740=CARTESIAN_POINT('',(118.73890173317,-52.2751171901442,-245.6));
#96750=DIRECTION('',(-1.,-0.,-0.));
#96760=DIRECTION('',(0.,0.,-1.));
#96770=AXIS2_PLACEMENT_3D('',#96740,#96750,#96760);
#96780=PLANE('',#96770);
#96790=ORIENTED_EDGE('',*,*,#96610,.T.);
#96800=ORIENTED_EDGE('',*,*,#15210,.T.);
#96810=CARTESIAN_POINT('',(118.73890173317,-52.2751171901442,-245.6));
#96820=DIRECTION('',(0.,1.,0.));
#96830=VECTOR('',#96820,1.);
#96840=LINE('',#96810,#96830);
#96850=EDGE_CURVE('',#15100,#57830,#96840,.T.);
#96860=ORIENTED_EDGE('',*,*,#96850,.F.);
#96870=ORIENTED_EDGE('',*,*,#57840,.T.);
#96880=EDGE_LOOP('',(#96870,#96860,#96800,#96790));
#96890=FACE_OUTER_BOUND('',#96880,.T.);
#96900=ADVANCED_FACE('',(#96890),#96780,.F.);
#96910=COLOUR_RGB('',0.823529481887817,0.823529481887817,
0.784313797950745);
#96920=FILL_AREA_STYLE_COLOUR('',#96910);
#96930=FILL_AREA_STYLE('',(#96920));
#96940=SURFACE_STYLE_FILL_AREA(#96930);
#96950=SURFACE_SIDE_STYLE('',(#96940));
#96960=SURFACE_STYLE_USAGE(.BOTH.,#96950);
#96970=PRESENTATION_STYLE_ASSIGNMENT((#96960));
#96980=CARTESIAN_POINT('',(121.83890173317,-52.2751171901442,-245.6));
#96990=DIRECTION('',(0.,1.,0.));
#97000=DIRECTION('',(0.,0.,-1.));
#97010=AXIS2_PLACEMENT_3D('',#96980,#96990,#97000);
#97020=CYLINDRICAL_SURFACE('',#97010,3.1);
#97030=ORIENTED_EDGE('',*,*,#96850,.T.);
#97040=ORIENTED_EDGE('',*,*,#15130,.F.);
#97050=ORIENTED_EDGE('',*,*,#96300,.F.);
#97060=ORIENTED_EDGE('',*,*,#57930,.T.);
#97070=EDGE_LOOP('',(#97060,#97050,#97040,#97030));
#97080=FACE_OUTER_BOUND('',#97070,.T.);
#97090=ADVANCED_FACE('',(#97080),#97020,.F.);
#97100=COLOUR_RGB('',0.823529481887817,0.823529481887817,
0.784313797950745);
#97110=FILL_AREA_STYLE_COLOUR('',#97100);
#97120=FILL_AREA_STYLE('',(#97110));
#97130=SURFACE_STYLE_FILL_AREA(#97120);
#97140=SURFACE_SIDE_STYLE('',(#97130));
#97150=SURFACE_STYLE_USAGE(.BOTH.,#97140);
#97160=PRESENTATION_STYLE_ASSIGNMENT((#97150));
#97170=CARTESIAN_POINT('',(124.93890173317,-52.2751171901442,-1854.4));
#97180=DIRECTION('',(1.,0.,-0.));
#97190=DIRECTION('',(0.,0.,1.));
#97200=AXIS2_PLACEMENT_3D('',#97170,#97180,#97190);
#97210=PLANE('',#97200);
#97220=CARTESIAN_POINT('',(124.93890173317,-52.2751171901442,-1845.6));
#97230=DIRECTION('',(0.,1.,0.));
#97240=VECTOR('',#97230,1.);
#97250=LINE('',#97220,#97240);
#97260=EDGE_CURVE('',#15480,#48090,#97250,.T.);
#97270=ORIENTED_EDGE('',*,*,#97260,.T.);
#97280=ORIENTED_EDGE('',*,*,#15720,.T.);
#97290=CARTESIAN_POINT('',(124.93890173317,-52.2751171901442,-1854.4));
#97300=DIRECTION('',(0.,1.,0.));
#97310=VECTOR('',#97300,1.);
#97320=LINE('',#97290,#97310);
#97330=EDGE_CURVE('',#15650,#48110,#97320,.T.);
#97340=ORIENTED_EDGE('',*,*,#97330,.F.);
#97350=ORIENTED_EDGE('',*,*,#48120,.T.);
#97360=EDGE_LOOP('',(#97350,#97340,#97280,#97270));
#97370=FACE_OUTER_BOUND('',#97360,.T.);
#97380=ADVANCED_FACE('',(#97370),#97210,.F.);
#97390=COLOUR_RGB('',0.823529481887817,0.823529481887817,
0.784313797950745);
#97400=FILL_AREA_STYLE_COLOUR('',#97390);
#97410=FILL_AREA_STYLE('',(#97400));
#97420=SURFACE_STYLE_FILL_AREA(#97410);
#97430=SURFACE_SIDE_STYLE('',(#97420));
#97440=SURFACE_STYLE_USAGE(.BOTH.,#97430);
#97450=PRESENTATION_STYLE_ASSIGNMENT((#97440));
#97460=CARTESIAN_POINT('',(121.83890173317,-52.2751171901442,-1854.4));
#97470=DIRECTION('',(0.,1.,0.));
#97480=DIRECTION('',(0.,0.,-1.));
#97490=AXIS2_PLACEMENT_3D('',#97460,#97470,#97480);
#97500=CYLINDRICAL_SURFACE('',#97490,3.1);
#97510=ORIENTED_EDGE('',*,*,#97330,.T.);
#97520=ORIENTED_EDGE('',*,*,#15660,.F.);
#97530=CARTESIAN_POINT('',(118.73890173317,-52.2751171901442,-1854.4));
#97540=DIRECTION('',(0.,1.,0.));
#97550=VECTOR('',#97540,1.);
#97560=LINE('',#97530,#97550);
#97570=EDGE_CURVE('',#15560,#48200,#97560,.T.);
#97580=ORIENTED_EDGE('',*,*,#97570,.F.);
#97590=ORIENTED_EDGE('',*,*,#48210,.T.);
#97600=EDGE_LOOP('',(#97590,#97580,#97520,#97510));
#97610=FACE_OUTER_BOUND('',#97600,.T.);
#97620=ADVANCED_FACE('',(#97610),#97500,.F.);
#97630=COLOUR_RGB('',0.823529481887817,0.823529481887817,
0.784313797950745);
#97640=FILL_AREA_STYLE_COLOUR('',#97630);
#97650=FILL_AREA_STYLE('',(#97640));
#97660=SURFACE_STYLE_FILL_AREA(#97650);
#97670=SURFACE_SIDE_STYLE('',(#97660));
#97680=SURFACE_STYLE_USAGE(.BOTH.,#97670);
#97690=PRESENTATION_STYLE_ASSIGNMENT((#97680));
#97700=CARTESIAN_POINT('',(118.73890173317,-52.2751171901442,-1845.6));
#97710=DIRECTION('',(-1.,-0.,-0.));
#97720=DIRECTION('',(0.,0.,-1.));
#97730=AXIS2_PLACEMENT_3D('',#97700,#97710,#97720);
#97740=PLANE('',#97730);
#97750=ORIENTED_EDGE('',*,*,#97570,.T.);
#97760=ORIENTED_EDGE('',*,*,#15570,.T.);
#97770=CARTESIAN_POINT('',(118.73890173317,-52.2751171901442,-1845.6));
#97780=DIRECTION('',(0.,1.,0.));
#97790=VECTOR('',#97780,1.);
#97800=LINE('',#97770,#97790);
#97810=EDGE_CURVE('',#15460,#48280,#97800,.T.);
#97820=ORIENTED_EDGE('',*,*,#97810,.F.);
#97830=ORIENTED_EDGE('',*,*,#48290,.T.);
#97840=EDGE_LOOP('',(#97830,#97820,#97760,#97750));
#97850=FACE_OUTER_BOUND('',#97840,.T.);
#97860=ADVANCED_FACE('',(#97850),#97740,.F.);
#97870=COLOUR_RGB('',0.823529481887817,0.823529481887817,
0.784313797950745);
#97880=FILL_AREA_STYLE_COLOUR('',#97870);
#97890=FILL_AREA_STYLE('',(#97880));
#97900=SURFACE_STYLE_FILL_AREA(#97890);
#97910=SURFACE_SIDE_STYLE('',(#97900));
#97920=SURFACE_STYLE_USAGE(.BOTH.,#97910);
#97930=PRESENTATION_STYLE_ASSIGNMENT((#97920));
#97940=CARTESIAN_POINT('',(121.83890173317,-52.2751171901442,-1845.6));
#97950=DIRECTION('',(0.,1.,0.));
#97960=DIRECTION('',(0.,0.,-1.));
#97970=AXIS2_PLACEMENT_3D('',#97940,#97950,#97960);
#97980=CYLINDRICAL_SURFACE('',#97970,3.1);
#97990=ORIENTED_EDGE('',*,*,#97810,.T.);
#98000=ORIENTED_EDGE('',*,*,#15490,.F.);
#98010=ORIENTED_EDGE('',*,*,#97260,.F.);
#98020=ORIENTED_EDGE('',*,*,#48360,.T.);
#98030=EDGE_LOOP('',(#98020,#98010,#98000,#97990));
#98040=FACE_OUTER_BOUND('',#98030,.T.);
#98050=ADVANCED_FACE('',(#98040),#97980,.F.);
#98060=COLOUR_RGB('',0.823529481887817,0.823529481887817,
0.784313797950745);
#98070=FILL_AREA_STYLE_COLOUR('',#98060);
#98080=FILL_AREA_STYLE('',(#98070));
#98090=SURFACE_STYLE_FILL_AREA(#98080);
#98100=SURFACE_SIDE_STYLE('',(#98090));
#98110=SURFACE_STYLE_USAGE(.BOTH.,#98100);
#98120=PRESENTATION_STYLE_ASSIGNMENT((#98110));
#98130=CARTESIAN_POINT('',(124.93890173317,-52.2751171901442,-54.4));
#98140=DIRECTION('',(1.,0.,-0.));
#98150=DIRECTION('',(0.,0.,1.));
#98160=AXIS2_PLACEMENT_3D('',#98130,#98140,#98150);
#98170=PLANE('',#98160);
#98180=CARTESIAN_POINT('',(124.93890173317,-52.2751171901442,-45.6));
#98190=DIRECTION('',(0.,1.,0.));
#98200=VECTOR('',#98190,1.);
#98210=LINE('',#98180,#98200);
#98220=EDGE_CURVE('',#16000,#60330,#98210,.T.);
#98230=ORIENTED_EDGE('',*,*,#98220,.T.);
#98240=ORIENTED_EDGE('',*,*,#16010,.T.);
#98250=CARTESIAN_POINT('',(124.93890173317,-52.2751171901442,-54.4));
#98260=DIRECTION('',(0.,1.,0.));
#98270=VECTOR('',#98260,1.);
#98280=LINE('',#98250,#98270);
#98290=EDGE_CURVE('',#15920,#60350,#98280,.T.);
#98300=ORIENTED_EDGE('',*,*,#98290,.F.);
#98310=ORIENTED_EDGE('',*,*,#60360,.T.);
#98320=EDGE_LOOP('',(#98310,#98300,#98240,#98230));
#98330=FACE_OUTER_BOUND('',#98320,.T.);
#98340=ADVANCED_FACE('',(#98330),#98170,.F.);
#98350=COLOUR_RGB('',0.823529481887817,0.823529481887817,
0.784313797950745);
#98360=FILL_AREA_STYLE_COLOUR('',#98350);
#98370=FILL_AREA_STYLE('',(#98360));
#98380=SURFACE_STYLE_FILL_AREA(#98370);
#98390=SURFACE_SIDE_STYLE('',(#98380));
#98400=SURFACE_STYLE_USAGE(.BOTH.,#98390);
#98410=PRESENTATION_STYLE_ASSIGNMENT((#98400));
#98420=CARTESIAN_POINT('',(121.83890173317,-52.2751171901442,-54.4));
#98430=DIRECTION('',(0.,1.,0.));
#98440=DIRECTION('',(0.,0.,-1.));
#98450=AXIS2_PLACEMENT_3D('',#98420,#98430,#98440);
#98460=CYLINDRICAL_SURFACE('',#98450,3.1);
#98470=ORIENTED_EDGE('',*,*,#98290,.T.);
#98480=ORIENTED_EDGE('',*,*,#15930,.F.);
#98490=CARTESIAN_POINT('',(118.73890173317,-52.2751171901442,-54.4));
#98500=DIRECTION('',(0.,1.,0.));
#98510=VECTOR('',#98500,1.);
#98520=LINE('',#98490,#98510);
#98530=EDGE_CURVE('',#15830,#60440,#98520,.T.);
#98540=ORIENTED_EDGE('',*,*,#98530,.F.);
#98550=ORIENTED_EDGE('',*,*,#60450,.T.);
#98560=EDGE_LOOP('',(#98550,#98540,#98480,#98470));
#98570=FACE_OUTER_BOUND('',#98560,.T.);
#98580=ADVANCED_FACE('',(#98570),#98460,.F.);
#98590=COLOUR_RGB('',0.823529481887817,0.823529481887817,
0.784313797950745);
#98600=FILL_AREA_STYLE_COLOUR('',#98590);
#98610=FILL_AREA_STYLE('',(#98600));
#98620=SURFACE_STYLE_FILL_AREA(#98610);
#98630=SURFACE_SIDE_STYLE('',(#98620));
#98640=SURFACE_STYLE_USAGE(.BOTH.,#98630);
#98650=PRESENTATION_STYLE_ASSIGNMENT((#98640));
#98660=CARTESIAN_POINT('',(118.73890173317,-52.2751171901442,-45.6));
#98670=DIRECTION('',(-1.,-0.,-0.));
#98680=DIRECTION('',(0.,0.,-1.));
#98690=AXIS2_PLACEMENT_3D('',#98660,#98670,#98680);
#98700=PLANE('',#98690);
#98710=ORIENTED_EDGE('',*,*,#98530,.T.);
#98720=ORIENTED_EDGE('',*,*,#15840,.T.);
#98730=CARTESIAN_POINT('',(118.73890173317,-52.2751171901442,-45.6));
#98740=DIRECTION('',(0.,1.,0.));
#98750=VECTOR('',#98740,1.);
#98760=LINE('',#98730,#98750);
#98770=EDGE_CURVE('',#15810,#60520,#98760,.T.);
#98780=ORIENTED_EDGE('',*,*,#98770,.F.);
#98790=ORIENTED_EDGE('',*,*,#60530,.T.);
#98800=EDGE_LOOP('',(#98790,#98780,#98720,#98710));
#98810=FACE_OUTER_BOUND('',#98800,.T.);
#98820=ADVANCED_FACE('',(#98810),#98700,.F.);
#98830=COLOUR_RGB('',0.823529481887817,0.823529481887817,
0.784313797950745);
#98840=FILL_AREA_STYLE_COLOUR('',#98830);
#98850=FILL_AREA_STYLE('',(#98840));
#98860=SURFACE_STYLE_FILL_AREA(#98850);
#98870=SURFACE_SIDE_STYLE('',(#98860));
#98880=SURFACE_STYLE_USAGE(.BOTH.,#98870);
#98890=PRESENTATION_STYLE_ASSIGNMENT((#98880));
#98900=CARTESIAN_POINT('',(121.83890173317,-52.2751171901442,-45.6));
#98910=DIRECTION('',(0.,1.,0.));
#98920=DIRECTION('',(0.,0.,-1.));
#98930=AXIS2_PLACEMENT_3D('',#98900,#98910,#98920);
#98940=CYLINDRICAL_SURFACE('',#98930,3.1);
#98950=ORIENTED_EDGE('',*,*,#98770,.T.);
#98960=ORIENTED_EDGE('',*,*,#16080,.F.);
#98970=ORIENTED_EDGE('',*,*,#98220,.F.);
#98980=ORIENTED_EDGE('',*,*,#60600,.T.);
#98990=EDGE_LOOP('',(#98980,#98970,#98960,#98950));
#99000=FACE_OUTER_BOUND('',#98990,.T.);
#99010=ADVANCED_FACE('',(#99000),#98940,.F.);
#99020=COLOUR_RGB('',0.823529481887817,0.823529481887817,
0.784313797950745);
#99030=FILL_AREA_STYLE_COLOUR('',#99020);
#99040=FILL_AREA_STYLE('',(#99030));
#99050=SURFACE_STYLE_FILL_AREA(#99040);
#99060=SURFACE_SIDE_STYLE('',(#99050));
#99070=SURFACE_STYLE_USAGE(.BOTH.,#99060);
#99080=PRESENTATION_STYLE_ASSIGNMENT((#99070));
#99090=CARTESIAN_POINT('',(121.83890173317,-52.2751171901442,-1604.4));
#99100=DIRECTION('',(0.,1.,0.));
#99110=DIRECTION('',(0.,0.,-1.));
#99120=AXIS2_PLACEMENT_3D('',#99090,#99100,#99110);
#99130=CYLINDRICAL_SURFACE('',#99120,3.1);
#99140=CARTESIAN_POINT('',(124.93890173317,-52.2751171901442,-1604.4));
#99150=DIRECTION('',(0.,1.,0.));
#99160=VECTOR('',#99150,1.);
#99170=LINE('',#99140,#99160);
#99180=EDGE_CURVE('',#16180,#54680,#99170,.T.);
#99190=ORIENTED_EDGE('',*,*,#99180,.T.);
#99200=ORIENTED_EDGE('',*,*,#16210,.F.);
#99210=CARTESIAN_POINT('',(118.73890173317,-52.2751171901442,-1604.4));
#99220=DIRECTION('',(0.,1.,0.));
#99230=VECTOR('',#99220,1.);
#99240=LINE('',#99210,#99230);
#99250=EDGE_CURVE('',#16200,#54770,#99240,.T.);
#99260=ORIENTED_EDGE('',*,*,#99250,.F.);
#99270=ORIENTED_EDGE('',*,*,#54780,.T.);
#99280=EDGE_LOOP('',(#99270,#99260,#99200,#99190));
#99290=FACE_OUTER_BOUND('',#99280,.T.);
#99300=ADVANCED_FACE('',(#99290),#99130,.F.);
#99310=COLOUR_RGB('',0.823529481887817,0.823529481887817,
0.784313797950745);
#99320=FILL_AREA_STYLE_COLOUR('',#99310);
#99330=FILL_AREA_STYLE('',(#99320));
#99340=SURFACE_STYLE_FILL_AREA(#99330);
#99350=SURFACE_SIDE_STYLE('',(#99340));
#99360=SURFACE_STYLE_USAGE(.BOTH.,#99350);
#99370=PRESENTATION_STYLE_ASSIGNMENT((#99360));
#99380=CARTESIAN_POINT('',(124.93890173317,-52.2751171901442,-1604.4));
#99390=DIRECTION('',(1.,0.,-0.));
#99400=DIRECTION('',(0.,0.,1.));
#99410=AXIS2_PLACEMENT_3D('',#99380,#99390,#99400);
#99420=PLANE('',#99410);
#99430=CARTESIAN_POINT('',(124.93890173317,-52.2751171901442,-1595.6));
#99440=DIRECTION('',(0.,1.,0.));
#99450=VECTOR('',#99440,1.);
#99460=LINE('',#99430,#99450);
#99470=EDGE_CURVE('',#16280,#54600,#99460,.T.);
#99480=ORIENTED_EDGE('',*,*,#99470,.T.);
#99490=ORIENTED_EDGE('',*,*,#16290,.T.);
#99500=ORIENTED_EDGE('',*,*,#99180,.F.);
#99510=ORIENTED_EDGE('',*,*,#54690,.T.);
#99520=EDGE_LOOP('',(#99510,#99500,#99490,#99480));
#99530=FACE_OUTER_BOUND('',#99520,.T.);
#99540=ADVANCED_FACE('',(#99530),#99420,.F.);
#99550=COLOUR_RGB('',0.823529481887817,0.823529481887817,
0.784313797950745);
#99560=FILL_AREA_STYLE_COLOUR('',#99550);
#99570=FILL_AREA_STYLE('',(#99560));
#99580=SURFACE_STYLE_FILL_AREA(#99570);
#99590=SURFACE_SIDE_STYLE('',(#99580));
#99600=SURFACE_STYLE_USAGE(.BOTH.,#99590);
#99610=PRESENTATION_STYLE_ASSIGNMENT((#99600));
#99620=CARTESIAN_POINT('',(121.83890173317,-52.2751171901442,-1595.6));
#99630=DIRECTION('',(0.,1.,0.));
#99640=DIRECTION('',(0.,0.,-1.));
#99650=AXIS2_PLACEMENT_3D('',#99620,#99630,#99640);
#99660=CYLINDRICAL_SURFACE('',#99650,3.1);
#99670=CARTESIAN_POINT('',(118.73890173317,-52.2751171901442,-1595.6));
#99680=DIRECTION('',(0.,1.,0.));
#99690=VECTOR('',#99680,1.);
#99700=LINE('',#99670,#99690);
#99710=EDGE_CURVE('',#16370,#54580,#99700,.T.);
#99720=ORIENTED_EDGE('',*,*,#99710,.T.);
#99730=ORIENTED_EDGE('',*,*,#16380,.F.);
#99740=ORIENTED_EDGE('',*,*,#99470,.F.);
#99750=ORIENTED_EDGE('',*,*,#54610,.T.);
#99760=EDGE_LOOP('',(#99750,#99740,#99730,#99720));
#99770=FACE_OUTER_BOUND('',#99760,.T.);
#99780=ADVANCED_FACE('',(#99770),#99660,.F.);
#99790=COLOUR_RGB('',0.823529481887817,0.823529481887817,
0.784313797950745);
#99800=FILL_AREA_STYLE_COLOUR('',#99790);
#99810=FILL_AREA_STYLE('',(#99800));
#99820=SURFACE_STYLE_FILL_AREA(#99810);
#99830=SURFACE_SIDE_STYLE('',(#99820));
#99840=SURFACE_STYLE_USAGE(.BOTH.,#99830);
#99850=PRESENTATION_STYLE_ASSIGNMENT((#99840));
#99860=CARTESIAN_POINT('',(118.73890173317,-52.2751171901442,-1595.6));
#99870=DIRECTION('',(-1.,-0.,-0.));
#99880=DIRECTION('',(0.,0.,-1.));
#99890=AXIS2_PLACEMENT_3D('',#99860,#99870,#99880);
#99900=PLANE('',#99890);
#99910=ORIENTED_EDGE('',*,*,#99250,.T.);
#99920=ORIENTED_EDGE('',*,*,#16440,.T.);
#99930=ORIENTED_EDGE('',*,*,#99710,.F.);
#99940=ORIENTED_EDGE('',*,*,#54840,.T.);
#99950=EDGE_LOOP('',(#99940,#99930,#99920,#99910));
#99960=FACE_OUTER_BOUND('',#99950,.T.);
#99970=ADVANCED_FACE('',(#99960),#99900,.F.);
#99980=COLOUR_RGB('',0.823529481887817,0.823529481887817,
0.784313797950745);
#99990=FILL_AREA_STYLE_COLOUR('',#99980);
#100000=FILL_AREA_STYLE('',(#99990));
#100010=SURFACE_STYLE_FILL_AREA(#100000);
#100020=SURFACE_SIDE_STYLE('',(#100010));
#100030=SURFACE_STYLE_USAGE(.BOTH.,#100020);
#100040=PRESENTATION_STYLE_ASSIGNMENT((#100030));
#100050=CARTESIAN_POINT('',(121.83890173317,-52.2751171901442,-879.4));
#100060=DIRECTION('',(0.,1.,0.));
#100070=DIRECTION('',(0.,0.,-1.));
#100080=AXIS2_PLACEMENT_3D('',#100050,#100060,#100070);
#100090=CYLINDRICAL_SURFACE('',#100080,3.1);
#100100=CARTESIAN_POINT('',(124.93890173317,-52.2751171901442,-879.4));
#100110=DIRECTION('',(0.,1.,0.));
#100120=VECTOR('',#100110,1.);
#100130=LINE('',#100100,#100120);
#100140=EDGE_CURVE('',#16540,#50980,#100130,.T.);
#100150=ORIENTED_EDGE('',*,*,#100140,.T.);
#100160=ORIENTED_EDGE('',*,*,#16570,.F.);
#100170=CARTESIAN_POINT('',(118.73890173317,-52.2751171901442,-879.4));
#100180=DIRECTION('',(0.,1.,0.));
#100190=VECTOR('',#100180,1.);
#100200=LINE('',#100170,#100190);
#100210=EDGE_CURVE('',#16560,#51000,#100200,.T.);
#100220=ORIENTED_EDGE('',*,*,#100210,.F.);
#100230=ORIENTED_EDGE('',*,*,#51010,.T.);
#100240=EDGE_LOOP('',(#100230,#100220,#100160,#100150));
#100250=FACE_OUTER_BOUND('',#100240,.T.);
#100260=ADVANCED_FACE('',(#100250),#100090,.F.);
#100270=COLOUR_RGB('',0.823529481887817,0.823529481887817,
0.784313797950745);
#100280=FILL_AREA_STYLE_COLOUR('',#100270);
#100290=FILL_AREA_STYLE('',(#100280));
#100300=SURFACE_STYLE_FILL_AREA(#100290);
#100310=SURFACE_SIDE_STYLE('',(#100300));
#100320=SURFACE_STYLE_USAGE(.BOTH.,#100310);
#100330=PRESENTATION_STYLE_ASSIGNMENT((#100320));
#100340=CARTESIAN_POINT('',(124.93890173317,-52.2751171901442,-879.4));
#100350=DIRECTION('',(1.,0.,-0.));
#100360=DIRECTION('',(0.,0.,1.));
#100370=AXIS2_PLACEMENT_3D('',#100340,#100350,#100360);
#100380=PLANE('',#100370);
#100390=CARTESIAN_POINT('',(124.93890173317,-52.2751171901442,-870.6));
#100400=DIRECTION('',(0.,1.,0.));
#100410=VECTOR('',#100400,1.);
#100420=LINE('',#100390,#100410);
#100430=EDGE_CURVE('',#16640,#51170,#100420,.T.);
#100440=ORIENTED_EDGE('',*,*,#100430,.T.);
#100450=ORIENTED_EDGE('',*,*,#16650,.T.);
#100460=ORIENTED_EDGE('',*,*,#100140,.F.);
#100470=ORIENTED_EDGE('',*,*,#51240,.T.);
#100480=EDGE_LOOP('',(#100470,#100460,#100450,#100440));
#100490=FACE_OUTER_BOUND('',#100480,.T.);
#100500=ADVANCED_FACE('',(#100490),#100380,.F.);
#100510=COLOUR_RGB('',0.823529481887817,0.823529481887817,
0.784313797950745);
#100520=FILL_AREA_STYLE_COLOUR('',#100510);
#100530=FILL_AREA_STYLE('',(#100520));
#100540=SURFACE_STYLE_FILL_AREA(#100530);
#100550=SURFACE_SIDE_STYLE('',(#100540));
#100560=SURFACE_STYLE_USAGE(.BOTH.,#100550);
#100570=PRESENTATION_STYLE_ASSIGNMENT((#100560));
#100580=CARTESIAN_POINT('',(121.83890173317,-52.2751171901442,-870.6));
#100590=DIRECTION('',(0.,1.,0.));
#100600=DIRECTION('',(0.,0.,-1.));
#100610=AXIS2_PLACEMENT_3D('',#100580,#100590,#100600);
#100620=CYLINDRICAL_SURFACE('',#100610,3.1);
#100630=CARTESIAN_POINT('',(118.73890173317,-52.2751171901442,-870.6));
#100640=DIRECTION('',(0.,1.,0.));
#100650=VECTOR('',#100640,1.);
#100660=LINE('',#100630,#100650);
#100670=EDGE_CURVE('',#16730,#51080,#100660,.T.);
#100680=ORIENTED_EDGE('',*,*,#100670,.T.);
#100690=ORIENTED_EDGE('',*,*,#16740,.F.);
#100700=ORIENTED_EDGE('',*,*,#100430,.F.);
#100710=ORIENTED_EDGE('',*,*,#51180,.T.);
#100720=EDGE_LOOP('',(#100710,#100700,#100690,#100680));
#100730=FACE_OUTER_BOUND('',#100720,.T.);
#100740=ADVANCED_FACE('',(#100730),#100620,.F.);
#100750=COLOUR_RGB('',0.823529481887817,0.823529481887817,
0.784313797950745);
#100760=FILL_AREA_STYLE_COLOUR('',#100750);
#100770=FILL_AREA_STYLE('',(#100760));
#100780=SURFACE_STYLE_FILL_AREA(#100770);
#100790=SURFACE_SIDE_STYLE('',(#100780));
#100800=SURFACE_STYLE_USAGE(.BOTH.,#100790);
#100810=PRESENTATION_STYLE_ASSIGNMENT((#100800));
#100820=CARTESIAN_POINT('',(118.73890173317,-52.2751171901442,-870.6));
#100830=DIRECTION('',(-1.,-0.,-0.));
#100840=DIRECTION('',(0.,0.,-1.));
#100850=AXIS2_PLACEMENT_3D('',#100820,#100830,#100840);
#100860=PLANE('',#100850);
#100870=ORIENTED_EDGE('',*,*,#100210,.T.);
#100880=ORIENTED_EDGE('',*,*,#16800,.T.);
#100890=ORIENTED_EDGE('',*,*,#100670,.F.);
#100900=ORIENTED_EDGE('',*,*,#51090,.T.);
#100910=EDGE_LOOP('',(#100900,#100890,#100880,#100870));
#100920=FACE_OUTER_BOUND('',#100910,.T.);
#100930=ADVANCED_FACE('',(#100920),#100860,.F.);
#100940=COLOUR_RGB('',0.823529481887817,0.823529481887817,
0.784313797950745);
#100950=FILL_AREA_STYLE_COLOUR('',#100940);
#100960=FILL_AREA_STYLE('',(#100950));
#100970=SURFACE_STYLE_FILL_AREA(#100960);
#100980=SURFACE_SIDE_STYLE('',(#100970));
#100990=SURFACE_STYLE_USAGE(.BOTH.,#100980);
#101000=PRESENTATION_STYLE_ASSIGNMENT((#100990));
#101010=CARTESIAN_POINT('',(121.83890173317,-52.2751171901442,-1254.4));
#101020=DIRECTION('',(0.,1.,0.));
#101030=DIRECTION('',(0.,0.,-1.));
#101040=AXIS2_PLACEMENT_3D('',#101010,#101020,#101030);
#101050=CYLINDRICAL_SURFACE('',#101040,3.1);
#101060=CARTESIAN_POINT('',(124.93890173317,-52.2751171901442,-1254.4));
#101070=DIRECTION('',(0.,1.,0.));
#101080=VECTOR('',#101070,1.);
#101090=LINE('',#101060,#101080);
#101100=EDGE_CURVE('',#16900,#54320,#101090,.T.);
#101110=ORIENTED_EDGE('',*,*,#101100,.T.);
#101120=ORIENTED_EDGE('',*,*,#16930,.F.);
#101130=CARTESIAN_POINT('',(118.73890173317,-52.2751171901442,-1254.4));
#101140=DIRECTION('',(0.,1.,0.));
#101150=VECTOR('',#101140,1.);
#101160=LINE('',#101130,#101150);
#101170=EDGE_CURVE('',#16920,#54410,#101160,.T.);
#101180=ORIENTED_EDGE('',*,*,#101170,.F.);
#101190=ORIENTED_EDGE('',*,*,#54420,.T.);
#101200=EDGE_LOOP('',(#101190,#101180,#101120,#101110));
#101210=FACE_OUTER_BOUND('',#101200,.T.);
#101220=ADVANCED_FACE('',(#101210),#101050,.F.);
#101230=COLOUR_RGB('',0.823529481887817,0.823529481887817,
0.784313797950745);
#101240=FILL_AREA_STYLE_COLOUR('',#101230);
#101250=FILL_AREA_STYLE('',(#101240));
#101260=SURFACE_STYLE_FILL_AREA(#101250);
#101270=SURFACE_SIDE_STYLE('',(#101260));
#101280=SURFACE_STYLE_USAGE(.BOTH.,#101270);
#101290=PRESENTATION_STYLE_ASSIGNMENT((#101280));
#101300=CARTESIAN_POINT('',(124.93890173317,-52.2751171901442,-1254.4));
#101310=DIRECTION('',(1.,0.,-0.));
#101320=DIRECTION('',(0.,0.,1.));
#101330=AXIS2_PLACEMENT_3D('',#101300,#101310,#101320);
#101340=PLANE('',#101330);
#101350=CARTESIAN_POINT('',(124.93890173317,-52.2751171901442,-1245.6));
#101360=DIRECTION('',(0.,1.,0.));
#101370=VECTOR('',#101360,1.);
#101380=LINE('',#101350,#101370);
#101390=EDGE_CURVE('',#17000,#54240,#101380,.T.);
#101400=ORIENTED_EDGE('',*,*,#101390,.T.);
#101410=ORIENTED_EDGE('',*,*,#17010,.T.);
#101420=ORIENTED_EDGE('',*,*,#101100,.F.);
#101430=ORIENTED_EDGE('',*,*,#54330,.T.);
#101440=EDGE_LOOP('',(#101430,#101420,#101410,#101400));
#101450=FACE_OUTER_BOUND('',#101440,.T.);
#101460=ADVANCED_FACE('',(#101450),#101340,.F.);
#101470=COLOUR_RGB('',0.823529481887817,0.823529481887817,
0.784313797950745);
#101480=FILL_AREA_STYLE_COLOUR('',#101470);
#101490=FILL_AREA_STYLE('',(#101480));
#101500=SURFACE_STYLE_FILL_AREA(#101490);
#101510=SURFACE_SIDE_STYLE('',(#101500));
#101520=SURFACE_STYLE_USAGE(.BOTH.,#101510);
#101530=PRESENTATION_STYLE_ASSIGNMENT((#101520));
#101540=CARTESIAN_POINT('',(121.83890173317,-52.2751171901442,-1245.6));
#101550=DIRECTION('',(0.,1.,0.));
#101560=DIRECTION('',(0.,0.,-1.));
#101570=AXIS2_PLACEMENT_3D('',#101540,#101550,#101560);
#101580=CYLINDRICAL_SURFACE('',#101570,3.1);
#101590=CARTESIAN_POINT('',(118.73890173317,-52.2751171901442,-1245.6));
#101600=DIRECTION('',(0.,1.,0.));
#101610=VECTOR('',#101600,1.);
#101620=LINE('',#101590,#101610);
#101630=EDGE_CURVE('',#17090,#54220,#101620,.T.);
#101640=ORIENTED_EDGE('',*,*,#101630,.T.);
#101650=ORIENTED_EDGE('',*,*,#17100,.F.);
#101660=ORIENTED_EDGE('',*,*,#101390,.F.);
#101670=ORIENTED_EDGE('',*,*,#54250,.T.);
#101680=EDGE_LOOP('',(#101670,#101660,#101650,#101640));
#101690=FACE_OUTER_BOUND('',#101680,.T.);
#101700=ADVANCED_FACE('',(#101690),#101580,.F.);
#101710=COLOUR_RGB('',0.823529481887817,0.823529481887817,
0.784313797950745);
#101720=FILL_AREA_STYLE_COLOUR('',#101710);
#101730=FILL_AREA_STYLE('',(#101720));
#101740=SURFACE_STYLE_FILL_AREA(#101730);
#101750=SURFACE_SIDE_STYLE('',(#101740));
#101760=SURFACE_STYLE_USAGE(.BOTH.,#101750);
#101770=PRESENTATION_STYLE_ASSIGNMENT((#101760));
#101780=CARTESIAN_POINT('',(118.73890173317,-52.2751171901442,-1245.6));
#101790=DIRECTION('',(-1.,-0.,-0.));
#101800=DIRECTION('',(0.,0.,-1.));
#101810=AXIS2_PLACEMENT_3D('',#101780,#101790,#101800);
#101820=PLANE('',#101810);
#101830=ORIENTED_EDGE('',*,*,#101170,.T.);
#101840=ORIENTED_EDGE('',*,*,#17160,.T.);
#101850=ORIENTED_EDGE('',*,*,#101630,.F.);
#101860=ORIENTED_EDGE('',*,*,#54480,.T.);
#101870=EDGE_LOOP('',(#101860,#101850,#101840,#101830));
#101880=FACE_OUTER_BOUND('',#101870,.T.);
#101890=ADVANCED_FACE('',(#101880),#101820,.F.);
#101900=COLOUR_RGB('',0.823529481887817,0.823529481887817,
0.784313797950745);
#101910=FILL_AREA_STYLE_COLOUR('',#101900);
#101920=FILL_AREA_STYLE('',(#101910));
#101930=SURFACE_STYLE_FILL_AREA(#101920);
#101940=SURFACE_SIDE_STYLE('',(#101930));
#101950=SURFACE_STYLE_USAGE(.BOTH.,#101940);
#101960=PRESENTATION_STYLE_ASSIGNMENT((#101950));
#101970=CARTESIAN_POINT('',(121.83890173317,-52.2751171901442,-354.4));
#101980=DIRECTION('',(0.,1.,0.));
#101990=DIRECTION('',(0.,0.,-1.));
#102000=AXIS2_PLACEMENT_3D('',#101970,#101980,#101990);
#102010=CYLINDRICAL_SURFACE('',#102000,3.1);
#102020=CARTESIAN_POINT('',(124.93890173317,-52.2751171901442,-354.4));
#102030=DIRECTION('',(0.,1.,0.));
#102040=VECTOR('',#102030,1.);
#102050=LINE('',#102020,#102040);
#102060=EDGE_CURVE('',#17260,#34780,#102050,.T.);
#102070=ORIENTED_EDGE('',*,*,#102060,.T.);
#102080=ORIENTED_EDGE('',*,*,#17290,.F.);
#102090=CARTESIAN_POINT('',(118.73890173317,-52.2751171901442,-354.4));
#102100=DIRECTION('',(0.,1.,0.));
#102110=VECTOR('',#102100,1.);
#102120=LINE('',#102090,#102110);
#102130=EDGE_CURVE('',#17280,#34800,#102120,.T.);
#102140=ORIENTED_EDGE('',*,*,#102130,.F.);
#102150=ORIENTED_EDGE('',*,*,#34810,.T.);
#102160=EDGE_LOOP('',(#102150,#102140,#102080,#102070));
#102170=FACE_OUTER_BOUND('',#102160,.T.);
#102180=ADVANCED_FACE('',(#102170),#102010,.F.);
#102190=COLOUR_RGB('',0.823529481887817,0.823529481887817,
0.784313797950745);
#102200=FILL_AREA_STYLE_COLOUR('',#102190);
#102210=FILL_AREA_STYLE('',(#102200));
#102220=SURFACE_STYLE_FILL_AREA(#102210);
#102230=SURFACE_SIDE_STYLE('',(#102220));
#102240=SURFACE_STYLE_USAGE(.BOTH.,#102230);
#102250=PRESENTATION_STYLE_ASSIGNMENT((#102240));
#102260=CARTESIAN_POINT('',(124.93890173317,-52.2751171901442,-354.4));
#102270=DIRECTION('',(1.,0.,-0.));
#102280=DIRECTION('',(0.,0.,1.));
#102290=AXIS2_PLACEMENT_3D('',#102260,#102270,#102280);
#102300=PLANE('',#102290);
#102310=CARTESIAN_POINT('',(124.93890173317,-52.2751171901442,-345.6));
#102320=DIRECTION('',(0.,1.,0.));
#102330=VECTOR('',#102320,1.);
#102340=LINE('',#102310,#102330);
#102350=EDGE_CURVE('',#17360,#34970,#102340,.T.);
#102360=ORIENTED_EDGE('',*,*,#102350,.T.);
#102370=ORIENTED_EDGE('',*,*,#17370,.T.);
#102380=ORIENTED_EDGE('',*,*,#102060,.F.);
#102390=ORIENTED_EDGE('',*,*,#35040,.T.);
#102400=EDGE_LOOP('',(#102390,#102380,#102370,#102360));
#102410=FACE_OUTER_BOUND('',#102400,.T.);
#102420=ADVANCED_FACE('',(#102410),#102300,.F.);
#102430=COLOUR_RGB('',0.823529481887817,0.823529481887817,
0.784313797950745);
#102440=FILL_AREA_STYLE_COLOUR('',#102430);
#102450=FILL_AREA_STYLE('',(#102440));
#102460=SURFACE_STYLE_FILL_AREA(#102450);
#102470=SURFACE_SIDE_STYLE('',(#102460));
#102480=SURFACE_STYLE_USAGE(.BOTH.,#102470);
#102490=PRESENTATION_STYLE_ASSIGNMENT((#102480));
#102500=CARTESIAN_POINT('',(121.83890173317,-52.2751171901442,-345.6));
#102510=DIRECTION('',(0.,1.,0.));
#102520=DIRECTION('',(0.,0.,-1.));
#102530=AXIS2_PLACEMENT_3D('',#102500,#102510,#102520);
#102540=CYLINDRICAL_SURFACE('',#102530,3.1);
#102550=CARTESIAN_POINT('',(118.73890173317,-52.2751171901442,-345.6));
#102560=DIRECTION('',(0.,1.,0.));
#102570=VECTOR('',#102560,1.);
#102580=LINE('',#102550,#102570);
#102590=EDGE_CURVE('',#17450,#34880,#102580,.T.);
#102600=ORIENTED_EDGE('',*,*,#102590,.T.);
#102610=ORIENTED_EDGE('',*,*,#17460,.F.);
#102620=ORIENTED_EDGE('',*,*,#102350,.F.);
#102630=ORIENTED_EDGE('',*,*,#34980,.T.);
#102640=EDGE_LOOP('',(#102630,#102620,#102610,#102600));
#102650=FACE_OUTER_BOUND('',#102640,.T.);
#102660=ADVANCED_FACE('',(#102650),#102540,.F.);
#102670=COLOUR_RGB('',0.823529481887817,0.823529481887817,
0.784313797950745);
#102680=FILL_AREA_STYLE_COLOUR('',#102670);
#102690=FILL_AREA_STYLE('',(#102680));
#102700=SURFACE_STYLE_FILL_AREA(#102690);
#102710=SURFACE_SIDE_STYLE('',(#102700));
#102720=SURFACE_STYLE_USAGE(.BOTH.,#102710);
#102730=PRESENTATION_STYLE_ASSIGNMENT((#102720));
#102740=CARTESIAN_POINT('',(118.73890173317,-52.2751171901442,-345.6));
#102750=DIRECTION('',(-1.,-0.,-0.));
#102760=DIRECTION('',(0.,0.,-1.));
#102770=AXIS2_PLACEMENT_3D('',#102740,#102750,#102760);
#102780=PLANE('',#102770);
#102790=ORIENTED_EDGE('',*,*,#102130,.T.);
#102800=ORIENTED_EDGE('',*,*,#17520,.T.);
#102810=ORIENTED_EDGE('',*,*,#102590,.F.);
#102820=ORIENTED_EDGE('',*,*,#34890,.T.);
#102830=EDGE_LOOP('',(#102820,#102810,#102800,#102790));
#102840=FACE_OUTER_BOUND('',#102830,.T.);
#102850=ADVANCED_FACE('',(#102840),#102780,.F.);
#102860=COLOUR_RGB('',0.823529481887817,0.823529481887817,
0.784313797950745);
#102870=FILL_AREA_STYLE_COLOUR('',#102860);
#102880=FILL_AREA_STYLE('',(#102870));
#102890=SURFACE_STYLE_FILL_AREA(#102880);
#102900=SURFACE_SIDE_STYLE('',(#102890));
#102910=SURFACE_STYLE_USAGE(.BOTH.,#102900);
#102920=PRESENTATION_STYLE_ASSIGNMENT((#102910));
#102930=CARTESIAN_POINT('',(124.93890173317,-52.2751171901442,-1404.4));
#102940=DIRECTION('',(1.,0.,-0.));
#102950=DIRECTION('',(0.,0.,1.));
#102960=AXIS2_PLACEMENT_3D('',#102930,#102940,#102950);
#102970=PLANE('',#102960);
#102980=CARTESIAN_POINT('',(124.93890173317,-52.2751171901442,-1395.6));
#102990=DIRECTION('',(0.,1.,0.));
#103000=VECTOR('',#102990,1.);
#103010=LINE('',#102980,#103000);
#103020=EDGE_CURVE('',#17640,#49170,#103010,.T.);
#103030=ORIENTED_EDGE('',*,*,#103020,.T.);
#103040=ORIENTED_EDGE('',*,*,#17880,.T.);
#103050=CARTESIAN_POINT('',(124.93890173317,-52.2751171901442,-1404.4));
#103060=DIRECTION('',(0.,1.,0.));
#103070=VECTOR('',#103060,1.);
#103080=LINE('',#103050,#103070);
#103090=EDGE_CURVE('',#17810,#49190,#103080,.T.);
#103100=ORIENTED_EDGE('',*,*,#103090,.F.);
#103110=ORIENTED_EDGE('',*,*,#49200,.T.);
#103120=EDGE_LOOP('',(#103110,#103100,#103040,#103030));
#103130=FACE_OUTER_BOUND('',#103120,.T.);
#103140=ADVANCED_FACE('',(#103130),#102970,.F.);
#103150=COLOUR_RGB('',0.823529481887817,0.823529481887817,
0.784313797950745);
#103160=FILL_AREA_STYLE_COLOUR('',#103150);
#103170=FILL_AREA_STYLE('',(#103160));
#103180=SURFACE_STYLE_FILL_AREA(#103170);
#103190=SURFACE_SIDE_STYLE('',(#103180));
#103200=SURFACE_STYLE_USAGE(.BOTH.,#103190);
#103210=PRESENTATION_STYLE_ASSIGNMENT((#103200));
#103220=CARTESIAN_POINT('',(121.83890173317,-52.2751171901442,-1404.4));
#103230=DIRECTION('',(0.,1.,0.));
#103240=DIRECTION('',(0.,0.,-1.));
#103250=AXIS2_PLACEMENT_3D('',#103220,#103230,#103240);
#103260=CYLINDRICAL_SURFACE('',#103250,3.1);
#103270=ORIENTED_EDGE('',*,*,#103090,.T.);
#103280=ORIENTED_EDGE('',*,*,#17820,.F.);
#103290=CARTESIAN_POINT('',(118.73890173317,-52.2751171901442,-1404.4));
#103300=DIRECTION('',(0.,1.,0.));
#103310=VECTOR('',#103300,1.);
#103320=LINE('',#103290,#103310);
#103330=EDGE_CURVE('',#17720,#49280,#103320,.T.);
#103340=ORIENTED_EDGE('',*,*,#103330,.F.);
#103350=ORIENTED_EDGE('',*,*,#49290,.T.);
#103360=EDGE_LOOP('',(#103350,#103340,#103280,#103270));
#103370=FACE_OUTER_BOUND('',#103360,.T.);
#103380=ADVANCED_FACE('',(#103370),#103260,.F.);
#103390=COLOUR_RGB('',0.823529481887817,0.823529481887817,
0.784313797950745);
#103400=FILL_AREA_STYLE_COLOUR('',#103390);
#103410=FILL_AREA_STYLE('',(#103400));
#103420=SURFACE_STYLE_FILL_AREA(#103410);
#103430=SURFACE_SIDE_STYLE('',(#103420));
#103440=SURFACE_STYLE_USAGE(.BOTH.,#103430);
#103450=PRESENTATION_STYLE_ASSIGNMENT((#103440));
#103460=CARTESIAN_POINT('',(118.73890173317,-52.2751171901442,-1395.6));
#103470=DIRECTION('',(-1.,-0.,-0.));
#103480=DIRECTION('',(0.,0.,-1.));
#103490=AXIS2_PLACEMENT_3D('',#103460,#103470,#103480);
#103500=PLANE('',#103490);
#103510=ORIENTED_EDGE('',*,*,#103330,.T.);
#103520=ORIENTED_EDGE('',*,*,#17730,.T.);
#103530=CARTESIAN_POINT('',(118.73890173317,-52.2751171901442,-1395.6));
#103540=DIRECTION('',(0.,1.,0.));
#103550=VECTOR('',#103540,1.);
#103560=LINE('',#103530,#103550);
#103570=EDGE_CURVE('',#17620,#49360,#103560,.T.);
#103580=ORIENTED_EDGE('',*,*,#103570,.F.);
#103590=ORIENTED_EDGE('',*,*,#49370,.T.);
#103600=EDGE_LOOP('',(#103590,#103580,#103520,#103510));
#103610=FACE_OUTER_BOUND('',#103600,.T.);
#103620=ADVANCED_FACE('',(#103610),#103500,.F.);
#103630=COLOUR_RGB('',0.823529481887817,0.823529481887817,
0.784313797950745);
#103640=FILL_AREA_STYLE_COLOUR('',#103630);
#103650=FILL_AREA_STYLE('',(#103640));
#103660=SURFACE_STYLE_FILL_AREA(#103650);
#103670=SURFACE_SIDE_STYLE('',(#103660));
#103680=SURFACE_STYLE_USAGE(.BOTH.,#103670);
#103690=PRESENTATION_STYLE_ASSIGNMENT((#103680));
#103700=CARTESIAN_POINT('',(121.83890173317,-52.2751171901442,-1395.6));
#103710=DIRECTION('',(0.,1.,0.));
#103720=DIRECTION('',(0.,0.,-1.));
#103730=AXIS2_PLACEMENT_3D('',#103700,#103710,#103720);
#103740=CYLINDRICAL_SURFACE('',#103730,3.1);
#103750=ORIENTED_EDGE('',*,*,#103570,.T.);
#103760=ORIENTED_EDGE('',*,*,#17650,.F.);
#103770=ORIENTED_EDGE('',*,*,#103020,.F.);
#103780=ORIENTED_EDGE('',*,*,#49440,.T.);
#103790=EDGE_LOOP('',(#103780,#103770,#103760,#103750));
#103800=FACE_OUTER_BOUND('',#103790,.T.);
#103810=ADVANCED_FACE('',(#103800),#103740,.F.);
#103820=COLOUR_RGB('',0.823529481887817,0.823529481887817,
0.784313797950745);
#103830=FILL_AREA_STYLE_COLOUR('',#103820);
#103840=FILL_AREA_STYLE('',(#103830));
#103850=SURFACE_STYLE_FILL_AREA(#103840);
#103860=SURFACE_SIDE_STYLE('',(#103850));
#103870=SURFACE_STYLE_USAGE(.BOTH.,#103860);
#103880=PRESENTATION_STYLE_ASSIGNMENT((#103870));
#103890=CARTESIAN_POINT('',(121.83890173317,-52.2751171901442,-679.4));
#103900=DIRECTION('',(0.,1.,0.));
#103910=DIRECTION('',(0.,0.,-1.));
#103920=AXIS2_PLACEMENT_3D('',#103890,#103900,#103910);
#103930=CYLINDRICAL_SURFACE('',#103920,3.1);
#103940=CARTESIAN_POINT('',(124.93890173317,-52.2751171901442,-679.4));
#103950=DIRECTION('',(0.,1.,0.));
#103960=VECTOR('',#103950,1.);
#103970=LINE('',#103940,#103960);
#103980=EDGE_CURVE('',#17980,#47740,#103970,.T.);
#103990=ORIENTED_EDGE('',*,*,#103980,.T.);
#104000=ORIENTED_EDGE('',*,*,#18010,.F.);
#104010=CARTESIAN_POINT('',(118.73890173317,-52.2751171901442,-679.4));
#104020=DIRECTION('',(0.,1.,0.));
#104030=VECTOR('',#104020,1.);
#104040=LINE('',#104010,#104030);
#104050=EDGE_CURVE('',#18000,#47760,#104040,.T.);
#104060=ORIENTED_EDGE('',*,*,#104050,.F.);
#104070=ORIENTED_EDGE('',*,*,#47770,.T.);
#104080=EDGE_LOOP('',(#104070,#104060,#104000,#103990));
#104090=FACE_OUTER_BOUND('',#104080,.T.);
#104100=ADVANCED_FACE('',(#104090),#103930,.F.);
#104110=COLOUR_RGB('',0.823529481887817,0.823529481887817,
0.784313797950745);
#104120=FILL_AREA_STYLE_COLOUR('',#104110);
#104130=FILL_AREA_STYLE('',(#104120));
#104140=SURFACE_STYLE_FILL_AREA(#104130);
#104150=SURFACE_SIDE_STYLE('',(#104140));
#104160=SURFACE_STYLE_USAGE(.BOTH.,#104150);
#104170=PRESENTATION_STYLE_ASSIGNMENT((#104160));
#104180=CARTESIAN_POINT('',(124.93890173317,-52.2751171901442,-679.4));
#104190=DIRECTION('',(1.,0.,-0.));
#104200=DIRECTION('',(0.,0.,1.));
#104210=AXIS2_PLACEMENT_3D('',#104180,#104190,#104200);
#104220=PLANE('',#104210);
#104230=CARTESIAN_POINT('',(124.93890173317,-52.2751171901442,-670.6));
#104240=DIRECTION('',(0.,1.,0.));
#104250=VECTOR('',#104240,1.);
#104260=LINE('',#104230,#104250);
#104270=EDGE_CURVE('',#18080,#47930,#104260,.T.);
#104280=ORIENTED_EDGE('',*,*,#104270,.T.);
#104290=ORIENTED_EDGE('',*,*,#18090,.T.);
#104300=ORIENTED_EDGE('',*,*,#103980,.F.);
#104310=ORIENTED_EDGE('',*,*,#48000,.T.);
#104320=EDGE_LOOP('',(#104310,#104300,#104290,#104280));
#104330=FACE_OUTER_BOUND('',#104320,.T.);
#104340=ADVANCED_FACE('',(#104330),#104220,.F.);
#104350=COLOUR_RGB('',0.823529481887817,0.823529481887817,
0.784313797950745);
#104360=FILL_AREA_STYLE_COLOUR('',#104350);
#104370=FILL_AREA_STYLE('',(#104360));
#104380=SURFACE_STYLE_FILL_AREA(#104370);
#104390=SURFACE_SIDE_STYLE('',(#104380));
#104400=SURFACE_STYLE_USAGE(.BOTH.,#104390);
#104410=PRESENTATION_STYLE_ASSIGNMENT((#104400));
#104420=CARTESIAN_POINT('',(121.83890173317,-52.2751171901442,-670.6));
#104430=DIRECTION('',(0.,1.,0.));
#104440=DIRECTION('',(0.,0.,-1.));
#104450=AXIS2_PLACEMENT_3D('',#104420,#104430,#104440);
#104460=CYLINDRICAL_SURFACE('',#104450,3.1);
#104470=CARTESIAN_POINT('',(118.73890173317,-52.2751171901442,-670.6));
#104480=DIRECTION('',(0.,1.,0.));
#104490=VECTOR('',#104480,1.);
#104500=LINE('',#104470,#104490);
#104510=EDGE_CURVE('',#18170,#47840,#104500,.T.);
#104520=ORIENTED_EDGE('',*,*,#104510,.T.);
#104530=ORIENTED_EDGE('',*,*,#18180,.F.);
#104540=ORIENTED_EDGE('',*,*,#104270,.F.);
#104550=ORIENTED_EDGE('',*,*,#47940,.T.);
#104560=EDGE_LOOP('',(#104550,#104540,#104530,#104520));
#104570=FACE_OUTER_BOUND('',#104560,.T.);
#104580=ADVANCED_FACE('',(#104570),#104460,.F.);
#104590=COLOUR_RGB('',0.823529481887817,0.823529481887817,
0.784313797950745);
#104600=FILL_AREA_STYLE_COLOUR('',#104590);
#104610=FILL_AREA_STYLE('',(#104600));
#104620=SURFACE_STYLE_FILL_AREA(#104610);
#104630=SURFACE_SIDE_STYLE('',(#104620));
#104640=SURFACE_STYLE_USAGE(.BOTH.,#104630);
#104650=PRESENTATION_STYLE_ASSIGNMENT((#104640));
#104660=CARTESIAN_POINT('',(118.73890173317,-52.2751171901442,-670.6));
#104670=DIRECTION('',(-1.,-0.,-0.));
#104680=DIRECTION('',(0.,0.,-1.));
#104690=AXIS2_PLACEMENT_3D('',#104660,#104670,#104680);
#104700=PLANE('',#104690);
#104710=ORIENTED_EDGE('',*,*,#104050,.T.);
#104720=ORIENTED_EDGE('',*,*,#18240,.T.);
#104730=ORIENTED_EDGE('',*,*,#104510,.F.);
#104740=ORIENTED_EDGE('',*,*,#47850,.T.);
#104750=EDGE_LOOP('',(#104740,#104730,#104720,#104710));
#104760=FACE_OUTER_BOUND('',#104750,.T.);
#104770=ADVANCED_FACE('',(#104760),#104700,.F.);
#104780=COLOUR_RGB('',0.823529481887817,0.823529481887817,
0.784313797950745);
#104790=FILL_AREA_STYLE_COLOUR('',#104780);
#104800=FILL_AREA_STYLE('',(#104790));
#104810=SURFACE_STYLE_FILL_AREA(#104800);
#104820=SURFACE_SIDE_STYLE('',(#104810));
#104830=SURFACE_STYLE_USAGE(.BOTH.,#104820);
#104840=PRESENTATION_STYLE_ASSIGNMENT((#104830));
#104850=CARTESIAN_POINT('',(124.93890173317,-52.2751171901442,-1879.4));
#104860=DIRECTION('',(1.,0.,-0.));
#104870=DIRECTION('',(0.,0.,1.));
#104880=AXIS2_PLACEMENT_3D('',#104850,#104860,#104870);
#104890=PLANE('',#104880);
#104900=CARTESIAN_POINT('',(124.93890173317,-52.2751171901442,-1870.6));
#104910=DIRECTION('',(0.,1.,0.));
#104920=VECTOR('',#104910,1.);
#104930=LINE('',#104900,#104920);
#104940=EDGE_CURVE('',#18360,#33440,#104930,.T.);
#104950=ORIENTED_EDGE('',*,*,#104940,.T.);
#104960=ORIENTED_EDGE('',*,*,#18600,.T.);
#104970=CARTESIAN_POINT('',(124.93890173317,-52.2751171901442,-1879.4));
#104980=DIRECTION('',(0.,1.,0.));
#104990=VECTOR('',#104980,1.);
#105000=LINE('',#104970,#104990);
#105010=EDGE_CURVE('',#18530,#33520,#105000,.T.);
#105020=ORIENTED_EDGE('',*,*,#105010,.F.);
#105030=ORIENTED_EDGE('',*,*,#33530,.T.);
#105040=EDGE_LOOP('',(#105030,#105020,#104960,#104950));
#105050=FACE_OUTER_BOUND('',#105040,.T.);
#105060=ADVANCED_FACE('',(#105050),#104890,.F.);
#105070=COLOUR_RGB('',0.823529481887817,0.823529481887817,
0.784313797950745);
#105080=FILL_AREA_STYLE_COLOUR('',#105070);
#105090=FILL_AREA_STYLE('',(#105080));
#105100=SURFACE_STYLE_FILL_AREA(#105090);
#105110=SURFACE_SIDE_STYLE('',(#105100));
#105120=SURFACE_STYLE_USAGE(.BOTH.,#105110);
#105130=PRESENTATION_STYLE_ASSIGNMENT((#105120));
#105140=CARTESIAN_POINT('',(121.83890173317,-52.2751171901442,-1879.4));
#105150=DIRECTION('',(0.,1.,0.));
#105160=DIRECTION('',(0.,0.,-1.));
#105170=AXIS2_PLACEMENT_3D('',#105140,#105150,#105160);
#105180=CYLINDRICAL_SURFACE('',#105170,3.1);
#105190=ORIENTED_EDGE('',*,*,#105010,.T.);
#105200=ORIENTED_EDGE('',*,*,#18540,.F.);
#105210=CARTESIAN_POINT('',(118.73890173317,-52.2751171901442,-1879.4));
#105220=DIRECTION('',(0.,1.,0.));
#105230=VECTOR('',#105220,1.);
#105240=LINE('',#105210,#105230);
#105250=EDGE_CURVE('',#18440,#33330,#105240,.T.);
#105260=ORIENTED_EDGE('',*,*,#105250,.F.);
#105270=ORIENTED_EDGE('',*,*,#33600,.T.);
#105280=EDGE_LOOP('',(#105270,#105260,#105200,#105190));
#105290=FACE_OUTER_BOUND('',#105280,.T.);
#105300=ADVANCED_FACE('',(#105290),#105180,.F.);
#105310=COLOUR_RGB('',0.823529481887817,0.823529481887817,
0.784313797950745);
#105320=FILL_AREA_STYLE_COLOUR('',#105310);
#105330=FILL_AREA_STYLE('',(#105320));
#105340=SURFACE_STYLE_FILL_AREA(#105330);
#105350=SURFACE_SIDE_STYLE('',(#105340));
#105360=SURFACE_STYLE_USAGE(.BOTH.,#105350);
#105370=PRESENTATION_STYLE_ASSIGNMENT((#105360));
#105380=CARTESIAN_POINT('',(118.73890173317,-52.2751171901442,-1870.6));
#105390=DIRECTION('',(-1.,-0.,-0.));
#105400=DIRECTION('',(0.,0.,-1.));
#105410=AXIS2_PLACEMENT_3D('',#105380,#105390,#105400);
#105420=PLANE('',#105410);
#105430=ORIENTED_EDGE('',*,*,#105250,.T.);
#105440=ORIENTED_EDGE('',*,*,#18450,.T.);
#105450=CARTESIAN_POINT('',(118.73890173317,-52.2751171901442,-1870.6));
#105460=DIRECTION('',(0.,1.,0.));
#105470=VECTOR('',#105460,1.);
#105480=LINE('',#105450,#105470);
#105490=EDGE_CURVE('',#18340,#33350,#105480,.T.);
#105500=ORIENTED_EDGE('',*,*,#105490,.F.);
#105510=ORIENTED_EDGE('',*,*,#33360,.T.);
#105520=EDGE_LOOP('',(#105510,#105500,#105440,#105430));
#105530=FACE_OUTER_BOUND('',#105520,.T.);
#105540=ADVANCED_FACE('',(#105530),#105420,.F.);
#105550=COLOUR_RGB('',0.823529481887817,0.823529481887817,
0.784313797950745);
#105560=FILL_AREA_STYLE_COLOUR('',#105550);
#105570=FILL_AREA_STYLE('',(#105560));
#105580=SURFACE_STYLE_FILL_AREA(#105570);
#105590=SURFACE_SIDE_STYLE('',(#105580));
#105600=SURFACE_STYLE_USAGE(.BOTH.,#105590);
#105610=PRESENTATION_STYLE_ASSIGNMENT((#105600));
#105620=CARTESIAN_POINT('',(121.83890173317,-52.2751171901442,-1870.6));
#105630=DIRECTION('',(0.,1.,0.));
#105640=DIRECTION('',(0.,0.,-1.));
#105650=AXIS2_PLACEMENT_3D('',#105620,#105630,#105640);
#105660=CYLINDRICAL_SURFACE('',#105650,3.1);
#105670=ORIENTED_EDGE('',*,*,#105490,.T.);
#105680=ORIENTED_EDGE('',*,*,#18370,.F.);
#105690=ORIENTED_EDGE('',*,*,#104940,.F.);
#105700=ORIENTED_EDGE('',*,*,#33450,.T.);
#105710=EDGE_LOOP('',(#105700,#105690,#105680,#105670));
#105720=FACE_OUTER_BOUND('',#105710,.T.);
#105730=ADVANCED_FACE('',(#105720),#105660,.F.);
#105740=COLOUR_RGB('',0.823529481887817,0.823529481887817,
0.784313797950745);
#105750=FILL_AREA_STYLE_COLOUR('',#105740);
#105760=FILL_AREA_STYLE('',(#105750));
#105770=SURFACE_STYLE_FILL_AREA(#105760);
#105780=SURFACE_SIDE_STYLE('',(#105770));
#105790=SURFACE_STYLE_USAGE(.BOTH.,#105780);
#105800=PRESENTATION_STYLE_ASSIGNMENT((#105790));
#105810=CARTESIAN_POINT('',(124.93890173317,-52.2751171901442,-479.4));
#105820=DIRECTION('',(1.,0.,-0.));
#105830=DIRECTION('',(0.,0.,1.));
#105840=AXIS2_PLACEMENT_3D('',#105810,#105820,#105830);
#105850=PLANE('',#105840);
#105860=CARTESIAN_POINT('',(124.93890173317,-52.2751171901442,-470.6));
#105870=DIRECTION('',(0.,1.,0.));
#105880=VECTOR('',#105870,1.);
#105890=LINE('',#105860,#105880);
#105900=EDGE_CURVE('',#18880,#41610,#105890,.T.);
#105910=ORIENTED_EDGE('',*,*,#105900,.T.);
#105920=ORIENTED_EDGE('',*,*,#18890,.T.);
#105930=CARTESIAN_POINT('',(124.93890173317,-52.2751171901442,-479.4));
#105940=DIRECTION('',(0.,1.,0.));
#105950=VECTOR('',#105940,1.);
#105960=LINE('',#105930,#105950);
#105970=EDGE_CURVE('',#18800,#41630,#105960,.T.);
#105980=ORIENTED_EDGE('',*,*,#105970,.F.);
#105990=ORIENTED_EDGE('',*,*,#41640,.T.);
#106000=EDGE_LOOP('',(#105990,#105980,#105920,#105910));
#106010=FACE_OUTER_BOUND('',#106000,.T.);
#106020=ADVANCED_FACE('',(#106010),#105850,.F.);
#106030=COLOUR_RGB('',0.823529481887817,0.823529481887817,
0.784313797950745);
#106040=FILL_AREA_STYLE_COLOUR('',#106030);
#106050=FILL_AREA_STYLE('',(#106040));
#106060=SURFACE_STYLE_FILL_AREA(#106050);
#106070=SURFACE_SIDE_STYLE('',(#106060));
#106080=SURFACE_STYLE_USAGE(.BOTH.,#106070);
#106090=PRESENTATION_STYLE_ASSIGNMENT((#106080));
#106100=CARTESIAN_POINT('',(121.83890173317,-52.2751171901442,-479.4));
#106110=DIRECTION('',(0.,1.,0.));
#106120=DIRECTION('',(0.,0.,-1.));
#106130=AXIS2_PLACEMENT_3D('',#106100,#106110,#106120);
#106140=CYLINDRICAL_SURFACE('',#106130,3.1);
#106150=ORIENTED_EDGE('',*,*,#105970,.T.);
#106160=ORIENTED_EDGE('',*,*,#18810,.F.);
#106170=CARTESIAN_POINT('',(118.73890173317,-52.2751171901442,-479.4));
#106180=DIRECTION('',(0.,1.,0.));
#106190=VECTOR('',#106180,1.);
#106200=LINE('',#106170,#106190);
#106210=EDGE_CURVE('',#18710,#41720,#106200,.T.);
#106220=ORIENTED_EDGE('',*,*,#106210,.F.);
#106230=ORIENTED_EDGE('',*,*,#41730,.T.);
#106240=EDGE_LOOP('',(#106230,#106220,#106160,#106150));
#106250=FACE_OUTER_BOUND('',#106240,.T.);
#106260=ADVANCED_FACE('',(#106250),#106140,.F.);
#106270=COLOUR_RGB('',0.823529481887817,0.823529481887817,
0.784313797950745);
#106280=FILL_AREA_STYLE_COLOUR('',#106270);
#106290=FILL_AREA_STYLE('',(#106280));
#106300=SURFACE_STYLE_FILL_AREA(#106290);
#106310=SURFACE_SIDE_STYLE('',(#106300));
#106320=SURFACE_STYLE_USAGE(.BOTH.,#106310);
#106330=PRESENTATION_STYLE_ASSIGNMENT((#106320));
#106340=CARTESIAN_POINT('',(118.73890173317,-52.2751171901442,-470.6));
#106350=DIRECTION('',(-1.,-0.,-0.));
#106360=DIRECTION('',(0.,0.,-1.));
#106370=AXIS2_PLACEMENT_3D('',#106340,#106350,#106360);
#106380=PLANE('',#106370);
#106390=ORIENTED_EDGE('',*,*,#106210,.T.);
#106400=ORIENTED_EDGE('',*,*,#18720,.T.);
#106410=CARTESIAN_POINT('',(118.73890173317,-52.2751171901442,-470.6));
#106420=DIRECTION('',(0.,1.,0.));
#106430=VECTOR('',#106420,1.);
#106440=LINE('',#106410,#106430);
#106450=EDGE_CURVE('',#18690,#41800,#106440,.T.);
#106460=ORIENTED_EDGE('',*,*,#106450,.F.);
#106470=ORIENTED_EDGE('',*,*,#41810,.T.);
#106480=EDGE_LOOP('',(#106470,#106460,#106400,#106390));
#106490=FACE_OUTER_BOUND('',#106480,.T.);
#106500=ADVANCED_FACE('',(#106490),#106380,.F.);
#106510=COLOUR_RGB('',0.823529481887817,0.823529481887817,
0.784313797950745);
#106520=FILL_AREA_STYLE_COLOUR('',#106510);
#106530=FILL_AREA_STYLE('',(#106520));
#106540=SURFACE_STYLE_FILL_AREA(#106530);
#106550=SURFACE_SIDE_STYLE('',(#106540));
#106560=SURFACE_STYLE_USAGE(.BOTH.,#106550);
#106570=PRESENTATION_STYLE_ASSIGNMENT((#106560));
#106580=CARTESIAN_POINT('',(121.83890173317,-52.2751171901442,-470.6));
#106590=DIRECTION('',(0.,1.,0.));
#106600=DIRECTION('',(0.,0.,-1.));
#106610=AXIS2_PLACEMENT_3D('',#106580,#106590,#106600);
#106620=CYLINDRICAL_SURFACE('',#106610,3.1);
#106630=ORIENTED_EDGE('',*,*,#106450,.T.);
#106640=ORIENTED_EDGE('',*,*,#18960,.F.);
#106650=ORIENTED_EDGE('',*,*,#105900,.F.);
#106660=ORIENTED_EDGE('',*,*,#41880,.T.);
#106670=EDGE_LOOP('',(#106660,#106650,#106640,#106630));
#106680=FACE_OUTER_BOUND('',#106670,.T.);
#106690=ADVANCED_FACE('',(#106680),#106620,.F.);
#106700=COLOUR_RGB('',0.823529481887817,0.823529481887817,
0.784313797950745);
#106710=FILL_AREA_STYLE_COLOUR('',#106700);
#106720=FILL_AREA_STYLE('',(#106710));
#106730=SURFACE_STYLE_FILL_AREA(#106720);
#106740=SURFACE_SIDE_STYLE('',(#106730));
#106750=SURFACE_STYLE_USAGE(.BOTH.,#106740);
#106760=PRESENTATION_STYLE_ASSIGNMENT((#106750));
#106770=CARTESIAN_POINT('',(121.83890173317,-52.2751171901442,-379.4));
#106780=DIRECTION('',(0.,1.,0.));
#106790=DIRECTION('',(0.,0.,-1.));
#106800=AXIS2_PLACEMENT_3D('',#106770,#106780,#106790);
#106810=CYLINDRICAL_SURFACE('',#106800,3.1);
#106820=CARTESIAN_POINT('',(124.93890173317,-52.2751171901442,-379.4));
#106830=DIRECTION('',(0.,1.,0.));
#106840=VECTOR('',#106830,1.);
#106850=LINE('',#106820,#106840);
#106860=EDGE_CURVE('',#19060,#37760,#106850,.T.);
#106870=ORIENTED_EDGE('',*,*,#106860,.T.);
#106880=ORIENTED_EDGE('',*,*,#19090,.F.);
#106890=CARTESIAN_POINT('',(118.73890173317,-52.2751171901442,-379.4));
#106900=DIRECTION('',(0.,1.,0.));
#106910=VECTOR('',#106900,1.);
#106920=LINE('',#106890,#106910);
#106930=EDGE_CURVE('',#19080,#37850,#106920,.T.);
#106940=ORIENTED_EDGE('',*,*,#106930,.F.);
#106950=ORIENTED_EDGE('',*,*,#37860,.T.);
#106960=EDGE_LOOP('',(#106950,#106940,#106880,#106870));
#106970=FACE_OUTER_BOUND('',#106960,.T.);
#106980=ADVANCED_FACE('',(#106970),#106810,.F.);
#106990=COLOUR_RGB('',0.823529481887817,0.823529481887817,
0.784313797950745);
#107000=FILL_AREA_STYLE_COLOUR('',#106990);
#107010=FILL_AREA_STYLE('',(#107000));
#107020=SURFACE_STYLE_FILL_AREA(#107010);
#107030=SURFACE_SIDE_STYLE('',(#107020));
#107040=SURFACE_STYLE_USAGE(.BOTH.,#107030);
#107050=PRESENTATION_STYLE_ASSIGNMENT((#107040));
#107060=CARTESIAN_POINT('',(124.93890173317,-52.2751171901442,-379.4));
#107070=DIRECTION('',(1.,0.,-0.));
#107080=DIRECTION('',(0.,0.,1.));
#107090=AXIS2_PLACEMENT_3D('',#107060,#107070,#107080);
#107100=PLANE('',#107090);
#107110=CARTESIAN_POINT('',(124.93890173317,-52.2751171901442,-370.6));
#107120=DIRECTION('',(0.,1.,0.));
#107130=VECTOR('',#107120,1.);
#107140=LINE('',#107110,#107130);
#107150=EDGE_CURVE('',#19160,#37680,#107140,.T.);
#107160=ORIENTED_EDGE('',*,*,#107150,.T.);
#107170=ORIENTED_EDGE('',*,*,#19170,.T.);
#107180=ORIENTED_EDGE('',*,*,#106860,.F.);
#107190=ORIENTED_EDGE('',*,*,#37770,.T.);
#107200=EDGE_LOOP('',(#107190,#107180,#107170,#107160));
#107210=FACE_OUTER_BOUND('',#107200,.T.);
#107220=ADVANCED_FACE('',(#107210),#107100,.F.);
#107230=COLOUR_RGB('',0.823529481887817,0.823529481887817,
0.784313797950745);
#107240=FILL_AREA_STYLE_COLOUR('',#107230);
#107250=FILL_AREA_STYLE('',(#107240));
#107260=SURFACE_STYLE_FILL_AREA(#107250);
#107270=SURFACE_SIDE_STYLE('',(#107260));
#107280=SURFACE_STYLE_USAGE(.BOTH.,#107270);
#107290=PRESENTATION_STYLE_ASSIGNMENT((#107280));
#107300=CARTESIAN_POINT('',(121.83890173317,-52.2751171901442,-370.6));
#107310=DIRECTION('',(0.,1.,0.));
#107320=DIRECTION('',(0.,0.,-1.));
#107330=AXIS2_PLACEMENT_3D('',#107300,#107310,#107320);
#107340=CYLINDRICAL_SURFACE('',#107330,3.1);
#107350=CARTESIAN_POINT('',(118.73890173317,-52.2751171901442,-370.6));
#107360=DIRECTION('',(0.,1.,0.));
#107370=VECTOR('',#107360,1.);
#107380=LINE('',#107350,#107370);
#107390=EDGE_CURVE('',#19250,#37660,#107380,.T.);
#107400=ORIENTED_EDGE('',*,*,#107390,.T.);
#107410=ORIENTED_EDGE('',*,*,#19260,.F.);
#107420=ORIENTED_EDGE('',*,*,#107150,.F.);
#107430=ORIENTED_EDGE('',*,*,#37690,.T.);
#107440=EDGE_LOOP('',(#107430,#107420,#107410,#107400));
#107450=FACE_OUTER_BOUND('',#107440,.T.);
#107460=ADVANCED_FACE('',(#107450),#107340,.F.);
#107470=COLOUR_RGB('',0.823529481887817,0.823529481887817,
0.784313797950745);
#107480=FILL_AREA_STYLE_COLOUR('',#107470);
#107490=FILL_AREA_STYLE('',(#107480));
#107500=SURFACE_STYLE_FILL_AREA(#107490);
#107510=SURFACE_SIDE_STYLE('',(#107500));
#107520=SURFACE_STYLE_USAGE(.BOTH.,#107510);
#107530=PRESENTATION_STYLE_ASSIGNMENT((#107520));
#107540=CARTESIAN_POINT('',(118.73890173317,-52.2751171901442,-370.6));
#107550=DIRECTION('',(-1.,-0.,-0.));
#107560=DIRECTION('',(0.,0.,-1.));
#107570=AXIS2_PLACEMENT_3D('',#107540,#107550,#107560);
#107580=PLANE('',#107570);
#107590=ORIENTED_EDGE('',*,*,#106930,.T.);
#107600=ORIENTED_EDGE('',*,*,#19320,.T.);
#107610=ORIENTED_EDGE('',*,*,#107390,.F.);
#107620=ORIENTED_EDGE('',*,*,#37920,.T.);
#107630=EDGE_LOOP('',(#107620,#107610,#107600,#107590));
#107640=FACE_OUTER_BOUND('',#107630,.T.);
#107650=ADVANCED_FACE('',(#107640),#107580,.F.);
#107660=COLOUR_RGB('',0.823529481887817,0.823529481887817,
0.784313797950745);
#107670=FILL_AREA_STYLE_COLOUR('',#107660);
#107680=FILL_AREA_STYLE('',(#107670));
#107690=SURFACE_STYLE_FILL_AREA(#107680);
#107700=SURFACE_SIDE_STYLE('',(#107690));
#107710=SURFACE_STYLE_USAGE(.BOTH.,#107700);
#107720=PRESENTATION_STYLE_ASSIGNMENT((#107710));
#107730=CARTESIAN_POINT('',(121.83890173317,-52.2751171901442,-804.4));
#107740=DIRECTION('',(0.,1.,0.));
#107750=DIRECTION('',(0.,0.,-1.));
#107760=AXIS2_PLACEMENT_3D('',#107730,#107740,#107750);
#107770=CYLINDRICAL_SURFACE('',#107760,3.1);
#107780=CARTESIAN_POINT('',(124.93890173317,-52.2751171901442,-804.4));
#107790=DIRECTION('',(0.,1.,0.));
#107800=VECTOR('',#107790,1.);
#107810=LINE('',#107780,#107800);
#107820=EDGE_CURVE('',#19420,#45580,#107810,.T.);
#107830=ORIENTED_EDGE('',*,*,#107820,.T.);
#107840=ORIENTED_EDGE('',*,*,#19450,.F.);
#107850=CARTESIAN_POINT('',(118.73890173317,-52.2751171901442,-804.4));
#107860=DIRECTION('',(0.,1.,0.));
#107870=VECTOR('',#107860,1.);
#107880=LINE('',#107850,#107870);
#107890=EDGE_CURVE('',#19440,#45600,#107880,.T.);
#107900=ORIENTED_EDGE('',*,*,#107890,.F.);
#107910=ORIENTED_EDGE('',*,*,#45610,.T.);
#107920=EDGE_LOOP('',(#107910,#107900,#107840,#107830));
#107930=FACE_OUTER_BOUND('',#107920,.T.);
#107940=ADVANCED_FACE('',(#107930),#107770,.F.);
#107950=COLOUR_RGB('',0.823529481887817,0.823529481887817,
0.784313797950745);
#107960=FILL_AREA_STYLE_COLOUR('',#107950);
#107970=FILL_AREA_STYLE('',(#107960));
#107980=SURFACE_STYLE_FILL_AREA(#107970);
#107990=SURFACE_SIDE_STYLE('',(#107980));
#108000=SURFACE_STYLE_USAGE(.BOTH.,#107990);
#108010=PRESENTATION_STYLE_ASSIGNMENT((#108000));
#108020=CARTESIAN_POINT('',(124.93890173317,-52.2751171901442,-804.4));
#108030=DIRECTION('',(1.,0.,-0.));
#108040=DIRECTION('',(0.,0.,1.));
#108050=AXIS2_PLACEMENT_3D('',#108020,#108030,#108040);
#108060=PLANE('',#108050);
#108070=CARTESIAN_POINT('',(124.93890173317,-52.2751171901442,-795.6));
#108080=DIRECTION('',(0.,1.,0.));
#108090=VECTOR('',#108080,1.);
#108100=LINE('',#108070,#108090);
#108110=EDGE_CURVE('',#19520,#45770,#108100,.T.);
#108120=ORIENTED_EDGE('',*,*,#108110,.T.);
#108130=ORIENTED_EDGE('',*,*,#19530,.T.);
#108140=ORIENTED_EDGE('',*,*,#107820,.F.);
#108150=ORIENTED_EDGE('',*,*,#45840,.T.);
#108160=EDGE_LOOP('',(#108150,#108140,#108130,#108120));
#108170=FACE_OUTER_BOUND('',#108160,.T.);
#108180=ADVANCED_FACE('',(#108170),#108060,.F.);
#108190=COLOUR_RGB('',0.823529481887817,0.823529481887817,
0.784313797950745);
#108200=FILL_AREA_STYLE_COLOUR('',#108190);
#108210=FILL_AREA_STYLE('',(#108200));
#108220=SURFACE_STYLE_FILL_AREA(#108210);
#108230=SURFACE_SIDE_STYLE('',(#108220));
#108240=SURFACE_STYLE_USAGE(.BOTH.,#108230);
#108250=PRESENTATION_STYLE_ASSIGNMENT((#108240));
#108260=CARTESIAN_POINT('',(121.83890173317,-52.2751171901442,-795.6));
#108270=DIRECTION('',(0.,1.,0.));
#108280=DIRECTION('',(0.,0.,-1.));
#108290=AXIS2_PLACEMENT_3D('',#108260,#108270,#108280);
#108300=CYLINDRICAL_SURFACE('',#108290,3.1);
#108310=CARTESIAN_POINT('',(118.73890173317,-52.2751171901442,-795.6));
#108320=DIRECTION('',(0.,1.,0.));
#108330=VECTOR('',#108320,1.);
#108340=LINE('',#108310,#108330);
#108350=EDGE_CURVE('',#19610,#45680,#108340,.T.);
#108360=ORIENTED_EDGE('',*,*,#108350,.T.);
#108370=ORIENTED_EDGE('',*,*,#19620,.F.);
#108380=ORIENTED_EDGE('',*,*,#108110,.F.);
#108390=ORIENTED_EDGE('',*,*,#45780,.T.);
#108400=EDGE_LOOP('',(#108390,#108380,#108370,#108360));
#108410=FACE_OUTER_BOUND('',#108400,.T.);
#108420=ADVANCED_FACE('',(#108410),#108300,.F.);
#108430=COLOUR_RGB('',0.823529481887817,0.823529481887817,
0.784313797950745);
#108440=FILL_AREA_STYLE_COLOUR('',#108430);
#108450=FILL_AREA_STYLE('',(#108440));
#108460=SURFACE_STYLE_FILL_AREA(#108450);
#108470=SURFACE_SIDE_STYLE('',(#108460));
#108480=SURFACE_STYLE_USAGE(.BOTH.,#108470);
#108490=PRESENTATION_STYLE_ASSIGNMENT((#108480));
#108500=CARTESIAN_POINT('',(118.73890173317,-52.2751171901442,-795.6));
#108510=DIRECTION('',(-1.,-0.,-0.));
#108520=DIRECTION('',(0.,0.,-1.));
#108530=AXIS2_PLACEMENT_3D('',#108500,#108510,#108520);
#108540=PLANE('',#108530);
#108550=ORIENTED_EDGE('',*,*,#107890,.T.);
#108560=ORIENTED_EDGE('',*,*,#19680,.T.);
#108570=ORIENTED_EDGE('',*,*,#108350,.F.);
#108580=ORIENTED_EDGE('',*,*,#45690,.T.);
#108590=EDGE_LOOP('',(#108580,#108570,#108560,#108550));
#108600=FACE_OUTER_BOUND('',#108590,.T.);
#108610=ADVANCED_FACE('',(#108600),#108540,.F.);
#108620=COLOUR_RGB('',0.823529481887817,0.823529481887817,
0.784313797950745);
#108630=FILL_AREA_STYLE_COLOUR('',#108620);
#108640=FILL_AREA_STYLE('',(#108630));
#108650=SURFACE_STYLE_FILL_AREA(#108640);
#108660=SURFACE_SIDE_STYLE('',(#108650));
#108670=SURFACE_STYLE_USAGE(.BOTH.,#108660);
#108680=PRESENTATION_STYLE_ASSIGNMENT((#108670));
#108690=CARTESIAN_POINT('',(124.93890173317,-52.2751171901442,-1279.4));
#108700=DIRECTION('',(1.,0.,-0.));
#108710=DIRECTION('',(0.,0.,1.));
#108720=AXIS2_PLACEMENT_3D('',#108690,#108700,#108710);
#108730=PLANE('',#108720);
#108740=CARTESIAN_POINT('',(124.93890173317,-52.2751171901442,-1270.6));
#108750=DIRECTION('',(0.,1.,0.));
#108760=VECTOR('',#108750,1.);
#108770=LINE('',#108740,#108760);
#108780=EDGE_CURVE('',#19800,#43050,#108770,.T.);
#108790=ORIENTED_EDGE('',*,*,#108780,.T.);
#108800=ORIENTED_EDGE('',*,*,#20040,.T.);
#108810=CARTESIAN_POINT('',(124.93890173317,-52.2751171901442,-1279.4));
#108820=DIRECTION('',(0.,1.,0.));
#108830=VECTOR('',#108820,1.);
#108840=LINE('',#108810,#108830);
#108850=EDGE_CURVE('',#19970,#43070,#108840,.T.);
#108860=ORIENTED_EDGE('',*,*,#108850,.F.);
#108870=ORIENTED_EDGE('',*,*,#43080,.T.);
#108880=EDGE_LOOP('',(#108870,#108860,#108800,#108790));
#108890=FACE_OUTER_BOUND('',#108880,.T.);
#108900=ADVANCED_FACE('',(#108890),#108730,.F.);
#108910=COLOUR_RGB('',0.823529481887817,0.823529481887817,
0.784313797950745);
#108920=FILL_AREA_STYLE_COLOUR('',#108910);
#108930=FILL_AREA_STYLE('',(#108920));
#108940=SURFACE_STYLE_FILL_AREA(#108930);
#108950=SURFACE_SIDE_STYLE('',(#108940));
#108960=SURFACE_STYLE_USAGE(.BOTH.,#108950);
#108970=PRESENTATION_STYLE_ASSIGNMENT((#108960));
#108980=CARTESIAN_POINT('',(121.83890173317,-52.2751171901442,-1279.4));
#108990=DIRECTION('',(0.,1.,0.));
#109000=DIRECTION('',(0.,0.,-1.));
#109010=AXIS2_PLACEMENT_3D('',#108980,#108990,#109000);
#109020=CYLINDRICAL_SURFACE('',#109010,3.1);
#109030=ORIENTED_EDGE('',*,*,#108850,.T.);
#109040=ORIENTED_EDGE('',*,*,#19980,.F.);
#109050=CARTESIAN_POINT('',(118.73890173317,-52.2751171901442,-1279.4));
#109060=DIRECTION('',(0.,1.,0.));
#109070=VECTOR('',#109060,1.);
#109080=LINE('',#109050,#109070);
#109090=EDGE_CURVE('',#19880,#43160,#109080,.T.);
#109100=ORIENTED_EDGE('',*,*,#109090,.F.);
#109110=ORIENTED_EDGE('',*,*,#43170,.T.);
#109120=EDGE_LOOP('',(#109110,#109100,#109040,#109030));
#109130=FACE_OUTER_BOUND('',#109120,.T.);
#109140=ADVANCED_FACE('',(#109130),#109020,.F.);
#109150=COLOUR_RGB('',0.823529481887817,0.823529481887817,
0.784313797950745);
#109160=FILL_AREA_STYLE_COLOUR('',#109150);
#109170=FILL_AREA_STYLE('',(#109160));
#109180=SURFACE_STYLE_FILL_AREA(#109170);
#109190=SURFACE_SIDE_STYLE('',(#109180));
#109200=SURFACE_STYLE_USAGE(.BOTH.,#109190);
#109210=PRESENTATION_STYLE_ASSIGNMENT((#109200));
#109220=CARTESIAN_POINT('',(118.73890173317,-52.2751171901442,-1270.6));
#109230=DIRECTION('',(-1.,-0.,-0.));
#109240=DIRECTION('',(0.,0.,-1.));
#109250=AXIS2_PLACEMENT_3D('',#109220,#109230,#109240);
#109260=PLANE('',#109250);
#109270=ORIENTED_EDGE('',*,*,#109090,.T.);
#109280=ORIENTED_EDGE('',*,*,#19890,.T.);
#109290=CARTESIAN_POINT('',(118.73890173317,-52.2751171901442,-1270.6));
#109300=DIRECTION('',(0.,1.,0.));
#109310=VECTOR('',#109300,1.);
#109320=LINE('',#109290,#109310);
#109330=EDGE_CURVE('',#19780,#43240,#109320,.T.);
#109340=ORIENTED_EDGE('',*,*,#109330,.F.);
#109350=ORIENTED_EDGE('',*,*,#43250,.T.);
#109360=EDGE_LOOP('',(#109350,#109340,#109280,#109270));
#109370=FACE_OUTER_BOUND('',#109360,.T.);
#109380=ADVANCED_FACE('',(#109370),#109260,.F.);
#109390=COLOUR_RGB('',0.823529481887817,0.823529481887817,
0.784313797950745);
#109400=FILL_AREA_STYLE_COLOUR('',#109390);
#109410=FILL_AREA_STYLE('',(#109400));
#109420=SURFACE_STYLE_FILL_AREA(#109410);
#109430=SURFACE_SIDE_STYLE('',(#109420));
#109440=SURFACE_STYLE_USAGE(.BOTH.,#109430);
#109450=PRESENTATION_STYLE_ASSIGNMENT((#109440));
#109460=CARTESIAN_POINT('',(121.83890173317,-52.2751171901442,-1270.6));
#109470=DIRECTION('',(0.,1.,0.));
#109480=DIRECTION('',(0.,0.,-1.));
#109490=AXIS2_PLACEMENT_3D('',#109460,#109470,#109480);
#109500=CYLINDRICAL_SURFACE('',#109490,3.1);
#109510=ORIENTED_EDGE('',*,*,#109330,.T.);
#109520=ORIENTED_EDGE('',*,*,#19810,.F.);
#109530=ORIENTED_EDGE('',*,*,#108780,.F.);
#109540=ORIENTED_EDGE('',*,*,#43320,.T.);
#109550=EDGE_LOOP('',(#109540,#109530,#109520,#109510));
#109560=FACE_OUTER_BOUND('',#109550,.T.);
#109570=ADVANCED_FACE('',(#109560),#109500,.F.);
#109580=COLOUR_RGB('',0.823529481887817,0.823529481887817,
0.784313797950745);
#109590=FILL_AREA_STYLE_COLOUR('',#109580);
#109600=FILL_AREA_STYLE('',(#109590));
#109610=SURFACE_STYLE_FILL_AREA(#109600);
#109620=SURFACE_SIDE_STYLE('',(#109610));
#109630=SURFACE_STYLE_USAGE(.BOTH.,#109620);
#109640=PRESENTATION_STYLE_ASSIGNMENT((#109630));
#109650=CARTESIAN_POINT('',(124.93890173317,-52.2751171901442,-1429.4));
#109660=DIRECTION('',(1.,0.,-0.));
#109670=DIRECTION('',(0.,0.,1.));
#109680=AXIS2_PLACEMENT_3D('',#109650,#109660,#109670);
#109690=PLANE('',#109680);
#109700=CARTESIAN_POINT('',(124.93890173317,-52.2751171901442,-1420.6));
#109710=DIRECTION('',(0.,1.,0.));
#109720=VECTOR('',#109710,1.);
#109730=LINE('',#109700,#109720);
#109740=EDGE_CURVE('',#20160,#35960,#109730,.T.);
#109750=ORIENTED_EDGE('',*,*,#109740,.T.);
#109760=ORIENTED_EDGE('',*,*,#20400,.T.);
#109770=CARTESIAN_POINT('',(124.93890173317,-52.2751171901442,-1429.4));
#109780=DIRECTION('',(0.,1.,0.));
#109790=VECTOR('',#109780,1.);
#109800=LINE('',#109770,#109790);
#109810=EDGE_CURVE('',#20330,#36040,#109800,.T.);
#109820=ORIENTED_EDGE('',*,*,#109810,.F.);
#109830=ORIENTED_EDGE('',*,*,#36050,.T.);
#109840=EDGE_LOOP('',(#109830,#109820,#109760,#109750));
#109850=FACE_OUTER_BOUND('',#109840,.T.);
#109860=ADVANCED_FACE('',(#109850),#109690,.F.);
#109870=COLOUR_RGB('',0.823529481887817,0.823529481887817,
0.784313797950745);
#109880=FILL_AREA_STYLE_COLOUR('',#109870);
#109890=FILL_AREA_STYLE('',(#109880));
#109900=SURFACE_STYLE_FILL_AREA(#109890);
#109910=SURFACE_SIDE_STYLE('',(#109900));
#109920=SURFACE_STYLE_USAGE(.BOTH.,#109910);
#109930=PRESENTATION_STYLE_ASSIGNMENT((#109920));
#109940=CARTESIAN_POINT('',(121.83890173317,-52.2751171901442,-1429.4));
#109950=DIRECTION('',(0.,1.,0.));
#109960=DIRECTION('',(0.,0.,-1.));
#109970=AXIS2_PLACEMENT_3D('',#109940,#109950,#109960);
#109980=CYLINDRICAL_SURFACE('',#109970,3.1);
#109990=ORIENTED_EDGE('',*,*,#109810,.T.);
#110000=ORIENTED_EDGE('',*,*,#20340,.F.);
#110010=CARTESIAN_POINT('',(118.73890173317,-52.2751171901442,-1429.4));
#110020=DIRECTION('',(0.,1.,0.));
#110030=VECTOR('',#110020,1.);
#110040=LINE('',#110010,#110030);
#110050=EDGE_CURVE('',#20240,#35850,#110040,.T.);
#110060=ORIENTED_EDGE('',*,*,#110050,.F.);
#110070=ORIENTED_EDGE('',*,*,#36120,.T.);
#110080=EDGE_LOOP('',(#110070,#110060,#110000,#109990));
#110090=FACE_OUTER_BOUND('',#110080,.T.);
#110100=ADVANCED_FACE('',(#110090),#109980,.F.);
#110110=COLOUR_RGB('',0.823529481887817,0.823529481887817,
0.784313797950745);
#110120=FILL_AREA_STYLE_COLOUR('',#110110);
#110130=FILL_AREA_STYLE('',(#110120));
#110140=SURFACE_STYLE_FILL_AREA(#110130);
#110150=SURFACE_SIDE_STYLE('',(#110140));
#110160=SURFACE_STYLE_USAGE(.BOTH.,#110150);
#110170=PRESENTATION_STYLE_ASSIGNMENT((#110160));
#110180=CARTESIAN_POINT('',(118.73890173317,-52.2751171901442,-1420.6));
#110190=DIRECTION('',(-1.,-0.,-0.));
#110200=DIRECTION('',(0.,0.,-1.));
#110210=AXIS2_PLACEMENT_3D('',#110180,#110190,#110200);
#110220=PLANE('',#110210);
#110230=ORIENTED_EDGE('',*,*,#110050,.T.);
#110240=ORIENTED_EDGE('',*,*,#20250,.T.);
#110250=CARTESIAN_POINT('',(118.73890173317,-52.2751171901442,-1420.6));
#110260=DIRECTION('',(0.,1.,0.));
#110270=VECTOR('',#110260,1.);
#110280=LINE('',#110250,#110270);
#110290=EDGE_CURVE('',#20140,#35870,#110280,.T.);
#110300=ORIENTED_EDGE('',*,*,#110290,.F.);
#110310=ORIENTED_EDGE('',*,*,#35880,.T.);
#110320=EDGE_LOOP('',(#110310,#110300,#110240,#110230));
#110330=FACE_OUTER_BOUND('',#110320,.T.);
#110340=ADVANCED_FACE('',(#110330),#110220,.F.);
#110350=COLOUR_RGB('',0.823529481887817,0.823529481887817,
0.784313797950745);
#110360=FILL_AREA_STYLE_COLOUR('',#110350);
#110370=FILL_AREA_STYLE('',(#110360));
#110380=SURFACE_STYLE_FILL_AREA(#110370);
#110390=SURFACE_SIDE_STYLE('',(#110380));
#110400=SURFACE_STYLE_USAGE(.BOTH.,#110390);
#110410=PRESENTATION_STYLE_ASSIGNMENT((#110400));
#110420=CARTESIAN_POINT('',(121.83890173317,-52.2751171901442,-1420.6));
#110430=DIRECTION('',(0.,1.,0.));
#110440=DIRECTION('',(0.,0.,-1.));
#110450=AXIS2_PLACEMENT_3D('',#110420,#110430,#110440);
#110460=CYLINDRICAL_SURFACE('',#110450,3.1);
#110470=ORIENTED_EDGE('',*,*,#110290,.T.);
#110480=ORIENTED_EDGE('',*,*,#20170,.F.);
#110490=ORIENTED_EDGE('',*,*,#109740,.F.);
#110500=ORIENTED_EDGE('',*,*,#35970,.T.);
#110510=EDGE_LOOP('',(#110500,#110490,#110480,#110470));
#110520=FACE_OUTER_BOUND('',#110510,.T.);
#110530=ADVANCED_FACE('',(#110520),#110460,.F.);
#110540=COLOUR_RGB('',0.823529481887817,0.823529481887817,
0.784313797950745);
#110550=FILL_AREA_STYLE_COLOUR('',#110540);
#110560=FILL_AREA_STYLE('',(#110550));
#110570=SURFACE_STYLE_FILL_AREA(#110560);
#110580=SURFACE_SIDE_STYLE('',(#110570));
#110590=SURFACE_STYLE_USAGE(.BOTH.,#110580);
#110600=PRESENTATION_STYLE_ASSIGNMENT((#110590));
#110610=CARTESIAN_POINT('',(124.93890173317,-52.2751171901442,-1754.4));
#110620=DIRECTION('',(1.,0.,-0.));
#110630=DIRECTION('',(0.,0.,1.));
#110640=AXIS2_PLACEMENT_3D('',#110610,#110620,#110630);
#110650=PLANE('',#110640);
#110660=CARTESIAN_POINT('',(124.93890173317,-52.2751171901442,-1745.6));
#110670=DIRECTION('',(0.,1.,0.));
#110680=VECTOR('',#110670,1.);
#110690=LINE('',#110660,#110680);
#110700=EDGE_CURVE('',#20520,#36320,#110690,.T.);
#110710=ORIENTED_EDGE('',*,*,#110700,.T.);
#110720=ORIENTED_EDGE('',*,*,#20760,.T.);
#110730=CARTESIAN_POINT('',(124.93890173317,-52.2751171901442,-1754.4));
#110740=DIRECTION('',(0.,1.,0.));
#110750=VECTOR('',#110740,1.);
#110760=LINE('',#110730,#110750);
#110770=EDGE_CURVE('',#20690,#36400,#110760,.T.);
#110780=ORIENTED_EDGE('',*,*,#110770,.F.);
#110790=ORIENTED_EDGE('',*,*,#36410,.T.);
#110800=EDGE_LOOP('',(#110790,#110780,#110720,#110710));
#110810=FACE_OUTER_BOUND('',#110800,.T.);
#110820=ADVANCED_FACE('',(#110810),#110650,.F.);
#110830=COLOUR_RGB('',0.823529481887817,0.823529481887817,
0.784313797950745);
#110840=FILL_AREA_STYLE_COLOUR('',#110830);
#110850=FILL_AREA_STYLE('',(#110840));
#110860=SURFACE_STYLE_FILL_AREA(#110850);
#110870=SURFACE_SIDE_STYLE('',(#110860));
#110880=SURFACE_STYLE_USAGE(.BOTH.,#110870);
#110890=PRESENTATION_STYLE_ASSIGNMENT((#110880));
#110900=CARTESIAN_POINT('',(121.83890173317,-52.2751171901442,-1754.4));
#110910=DIRECTION('',(0.,1.,0.));
#110920=DIRECTION('',(0.,0.,-1.));
#110930=AXIS2_PLACEMENT_3D('',#110900,#110910,#110920);
#110940=CYLINDRICAL_SURFACE('',#110930,3.1);
#110950=ORIENTED_EDGE('',*,*,#110770,.T.);
#110960=ORIENTED_EDGE('',*,*,#20700,.F.);
#110970=CARTESIAN_POINT('',(118.73890173317,-52.2751171901442,-1754.4));
#110980=DIRECTION('',(0.,1.,0.));
#110990=VECTOR('',#110980,1.);
#111000=LINE('',#110970,#110990);
#111010=EDGE_CURVE('',#20600,#36210,#111000,.T.);
#111020=ORIENTED_EDGE('',*,*,#111010,.F.);
#111030=ORIENTED_EDGE('',*,*,#36480,.T.);
#111040=EDGE_LOOP('',(#111030,#111020,#110960,#110950));
#111050=FACE_OUTER_BOUND('',#111040,.T.);
#111060=ADVANCED_FACE('',(#111050),#110940,.F.);
#111070=COLOUR_RGB('',0.823529481887817,0.823529481887817,
0.784313797950745);
#111080=FILL_AREA_STYLE_COLOUR('',#111070);
#111090=FILL_AREA_STYLE('',(#111080));
#111100=SURFACE_STYLE_FILL_AREA(#111090);
#111110=SURFACE_SIDE_STYLE('',(#111100));
#111120=SURFACE_STYLE_USAGE(.BOTH.,#111110);
#111130=PRESENTATION_STYLE_ASSIGNMENT((#111120));
#111140=CARTESIAN_POINT('',(118.73890173317,-52.2751171901442,-1745.6));
#111150=DIRECTION('',(-1.,-0.,-0.));
#111160=DIRECTION('',(0.,0.,-1.));
#111170=AXIS2_PLACEMENT_3D('',#111140,#111150,#111160);
#111180=PLANE('',#111170);
#111190=ORIENTED_EDGE('',*,*,#111010,.T.);
#111200=ORIENTED_EDGE('',*,*,#20610,.T.);
#111210=CARTESIAN_POINT('',(118.73890173317,-52.2751171901442,-1745.6));
#111220=DIRECTION('',(0.,1.,0.));
#111230=VECTOR('',#111220,1.);
#111240=LINE('',#111210,#111230);
#111250=EDGE_CURVE('',#20500,#36230,#111240,.T.);
#111260=ORIENTED_EDGE('',*,*,#111250,.F.);
#111270=ORIENTED_EDGE('',*,*,#36240,.T.);
#111280=EDGE_LOOP('',(#111270,#111260,#111200,#111190));
#111290=FACE_OUTER_BOUND('',#111280,.T.);
#111300=ADVANCED_FACE('',(#111290),#111180,.F.);
#111310=COLOUR_RGB('',0.823529481887817,0.823529481887817,
0.784313797950745);
#111320=FILL_AREA_STYLE_COLOUR('',#111310);
#111330=FILL_AREA_STYLE('',(#111320));
#111340=SURFACE_STYLE_FILL_AREA(#111330);
#111350=SURFACE_SIDE_STYLE('',(#111340));
#111360=SURFACE_STYLE_USAGE(.BOTH.,#111350);
#111370=PRESENTATION_STYLE_ASSIGNMENT((#111360));
#111380=CARTESIAN_POINT('',(121.83890173317,-52.2751171901442,-1745.6));
#111390=DIRECTION('',(0.,1.,0.));
#111400=DIRECTION('',(0.,0.,-1.));
#111410=AXIS2_PLACEMENT_3D('',#111380,#111390,#111400);
#111420=CYLINDRICAL_SURFACE('',#111410,3.1);
#111430=ORIENTED_EDGE('',*,*,#111250,.T.);
#111440=ORIENTED_EDGE('',*,*,#20530,.F.);
#111450=ORIENTED_EDGE('',*,*,#110700,.F.);
#111460=ORIENTED_EDGE('',*,*,#36330,.T.);
#111470=EDGE_LOOP('',(#111460,#111450,#111440,#111430));
#111480=FACE_OUTER_BOUND('',#111470,.T.);
#111490=ADVANCED_FACE('',(#111480),#111420,.F.);
#111500=COLOUR_RGB('',0.823529481887817,0.823529481887817,
0.784313797950745);
#111510=FILL_AREA_STYLE_COLOUR('',#111500);
#111520=FILL_AREA_STYLE('',(#111510));
#111530=SURFACE_STYLE_FILL_AREA(#111520);
#111540=SURFACE_SIDE_STYLE('',(#111530));
#111550=SURFACE_STYLE_USAGE(.BOTH.,#111540);
#111560=PRESENTATION_STYLE_ASSIGNMENT((#111550));
#111570=CARTESIAN_POINT('',(124.93890173317,-52.2751171901442,-504.4));
#111580=DIRECTION('',(1.,0.,-0.));
#111590=DIRECTION('',(0.,0.,1.));
#111600=AXIS2_PLACEMENT_3D('',#111570,#111580,#111590);
#111610=PLANE('',#111600);
#111620=CARTESIAN_POINT('',(124.93890173317,-52.2751171901442,-495.6));
#111630=DIRECTION('',(0.,1.,0.));
#111640=VECTOR('',#111630,1.);
#111650=LINE('',#111620,#111640);
#111660=EDGE_CURVE('',#21040,#34050,#111650,.T.);
#111670=ORIENTED_EDGE('',*,*,#111660,.T.);
#111680=ORIENTED_EDGE('',*,*,#21050,.T.);
#111690=CARTESIAN_POINT('',(124.93890173317,-52.2751171901442,-504.4));
#111700=DIRECTION('',(0.,1.,0.));
#111710=VECTOR('',#111700,1.);
#111720=LINE('',#111690,#111710);
#111730=EDGE_CURVE('',#20960,#34070,#111720,.T.);
#111740=ORIENTED_EDGE('',*,*,#111730,.F.);
#111750=ORIENTED_EDGE('',*,*,#34080,.T.);
#111760=EDGE_LOOP('',(#111750,#111740,#111680,#111670));
#111770=FACE_OUTER_BOUND('',#111760,.T.);
#111780=ADVANCED_FACE('',(#111770),#111610,.F.);
#111790=COLOUR_RGB('',0.823529481887817,0.823529481887817,
0.784313797950745);
#111800=FILL_AREA_STYLE_COLOUR('',#111790);
#111810=FILL_AREA_STYLE('',(#111800));
#111820=SURFACE_STYLE_FILL_AREA(#111810);
#111830=SURFACE_SIDE_STYLE('',(#111820));
#111840=SURFACE_STYLE_USAGE(.BOTH.,#111830);
#111850=PRESENTATION_STYLE_ASSIGNMENT((#111840));
#111860=CARTESIAN_POINT('',(121.83890173317,-52.2751171901442,-504.4));
#111870=DIRECTION('',(0.,1.,0.));
#111880=DIRECTION('',(0.,0.,-1.));
#111890=AXIS2_PLACEMENT_3D('',#111860,#111870,#111880);
#111900=CYLINDRICAL_SURFACE('',#111890,3.1);
#111910=ORIENTED_EDGE('',*,*,#111730,.T.);
#111920=ORIENTED_EDGE('',*,*,#20970,.F.);
#111930=CARTESIAN_POINT('',(118.73890173317,-52.2751171901442,-504.4));
#111940=DIRECTION('',(0.,1.,0.));
#111950=VECTOR('',#111940,1.);
#111960=LINE('',#111930,#111950);
#111970=EDGE_CURVE('',#20870,#34160,#111960,.T.);
#111980=ORIENTED_EDGE('',*,*,#111970,.F.);
#111990=ORIENTED_EDGE('',*,*,#34170,.T.);
#112000=EDGE_LOOP('',(#111990,#111980,#111920,#111910));
#112010=FACE_OUTER_BOUND('',#112000,.T.);
#112020=ADVANCED_FACE('',(#112010),#111900,.F.);
#112030=COLOUR_RGB('',0.823529481887817,0.823529481887817,
0.784313797950745);
#112040=FILL_AREA_STYLE_COLOUR('',#112030);
#112050=FILL_AREA_STYLE('',(#112040));
#112060=SURFACE_STYLE_FILL_AREA(#112050);
#112070=SURFACE_SIDE_STYLE('',(#112060));
#112080=SURFACE_STYLE_USAGE(.BOTH.,#112070);
#112090=PRESENTATION_STYLE_ASSIGNMENT((#112080));
#112100=CARTESIAN_POINT('',(118.73890173317,-52.2751171901442,-495.6));
#112110=DIRECTION('',(-1.,-0.,-0.));
#112120=DIRECTION('',(0.,0.,-1.));
#112130=AXIS2_PLACEMENT_3D('',#112100,#112110,#112120);
#112140=PLANE('',#112130);
#112150=ORIENTED_EDGE('',*,*,#111970,.T.);
#112160=ORIENTED_EDGE('',*,*,#20880,.T.);
#112170=CARTESIAN_POINT('',(118.73890173317,-52.2751171901442,-495.6));
#112180=DIRECTION('',(0.,1.,0.));
#112190=VECTOR('',#112180,1.);
#112200=LINE('',#112170,#112190);
#112210=EDGE_CURVE('',#20850,#34240,#112200,.T.);
#112220=ORIENTED_EDGE('',*,*,#112210,.F.);
#112230=ORIENTED_EDGE('',*,*,#34250,.T.);
#112240=EDGE_LOOP('',(#112230,#112220,#112160,#112150));
#112250=FACE_OUTER_BOUND('',#112240,.T.);
#112260=ADVANCED_FACE('',(#112250),#112140,.F.);
#112270=COLOUR_RGB('',0.823529481887817,0.823529481887817,
0.784313797950745);
#112280=FILL_AREA_STYLE_COLOUR('',#112270);
#112290=FILL_AREA_STYLE('',(#112280));
#112300=SURFACE_STYLE_FILL_AREA(#112290);
#112310=SURFACE_SIDE_STYLE('',(#112300));
#112320=SURFACE_STYLE_USAGE(.BOTH.,#112310);
#112330=PRESENTATION_STYLE_ASSIGNMENT((#112320));
#112340=CARTESIAN_POINT('',(121.83890173317,-52.2751171901442,-495.6));
#112350=DIRECTION('',(0.,1.,0.));
#112360=DIRECTION('',(0.,0.,-1.));
#112370=AXIS2_PLACEMENT_3D('',#112340,#112350,#112360);
#112380=CYLINDRICAL_SURFACE('',#112370,3.1);
#112390=ORIENTED_EDGE('',*,*,#112210,.T.);
#112400=ORIENTED_EDGE('',*,*,#21120,.F.);
#112410=ORIENTED_EDGE('',*,*,#111660,.F.);
#112420=ORIENTED_EDGE('',*,*,#34320,.T.);
#112430=EDGE_LOOP('',(#112420,#112410,#112400,#112390));
#112440=FACE_OUTER_BOUND('',#112430,.T.);
#112450=ADVANCED_FACE('',(#112440),#112380,.F.);
#112460=COLOUR_RGB('',0.823529481887817,0.823529481887817,
0.784313797950745);
#112470=FILL_AREA_STYLE_COLOUR('',#112460);
#112480=FILL_AREA_STYLE('',(#112470));
#112490=SURFACE_STYLE_FILL_AREA(#112480);
#112500=SURFACE_SIDE_STYLE('',(#112490));
#112510=SURFACE_STYLE_USAGE(.BOTH.,#112500);
#112520=PRESENTATION_STYLE_ASSIGNMENT((#112510));
#112530=CARTESIAN_POINT('',(124.93890173317,-52.2751171901442,-1179.4));
#112540=DIRECTION('',(1.,0.,-0.));
#112550=DIRECTION('',(0.,0.,1.));
#112560=AXIS2_PLACEMENT_3D('',#112530,#112540,#112550);
#112570=PLANE('',#112560);
#112580=CARTESIAN_POINT('',(124.93890173317,-52.2751171901442,-1170.6));
#112590=DIRECTION('',(0.,1.,0.));
#112600=VECTOR('',#112590,1.);
#112610=LINE('',#112580,#112600);
#112620=EDGE_CURVE('',#21240,#40170,#112610,.T.);
#112630=ORIENTED_EDGE('',*,*,#112620,.T.);
#112640=ORIENTED_EDGE('',*,*,#21480,.T.);
#112650=CARTESIAN_POINT('',(124.93890173317,-52.2751171901442,-1179.4));
#112660=DIRECTION('',(0.,1.,0.));
#112670=VECTOR('',#112660,1.);
#112680=LINE('',#112650,#112670);
#112690=EDGE_CURVE('',#21410,#40190,#112680,.T.);
#112700=ORIENTED_EDGE('',*,*,#112690,.F.);
#112710=ORIENTED_EDGE('',*,*,#40200,.T.);
#112720=EDGE_LOOP('',(#112710,#112700,#112640,#112630));
#112730=FACE_OUTER_BOUND('',#112720,.T.);
#112740=ADVANCED_FACE('',(#112730),#112570,.F.);
#112750=COLOUR_RGB('',0.823529481887817,0.823529481887817,
0.784313797950745);
#112760=FILL_AREA_STYLE_COLOUR('',#112750);
#112770=FILL_AREA_STYLE('',(#112760));
#112780=SURFACE_STYLE_FILL_AREA(#112770);
#112790=SURFACE_SIDE_STYLE('',(#112780));
#112800=SURFACE_STYLE_USAGE(.BOTH.,#112790);
#112810=PRESENTATION_STYLE_ASSIGNMENT((#112800));
#112820=CARTESIAN_POINT('',(121.83890173317,-52.2751171901442,-1179.4));
#112830=DIRECTION('',(0.,1.,0.));
#112840=DIRECTION('',(0.,0.,-1.));
#112850=AXIS2_PLACEMENT_3D('',#112820,#112830,#112840);
#112860=CYLINDRICAL_SURFACE('',#112850,3.1);
#112870=ORIENTED_EDGE('',*,*,#112690,.T.);
#112880=ORIENTED_EDGE('',*,*,#21420,.F.);
#112890=CARTESIAN_POINT('',(118.73890173317,-52.2751171901442,-1179.4));
#112900=DIRECTION('',(0.,1.,0.));
#112910=VECTOR('',#112900,1.);
#112920=LINE('',#112890,#112910);
#112930=EDGE_CURVE('',#21320,#40280,#112920,.T.);
#112940=ORIENTED_EDGE('',*,*,#112930,.F.);
#112950=ORIENTED_EDGE('',*,*,#40290,.T.);
#112960=EDGE_LOOP('',(#112950,#112940,#112880,#112870));
#112970=FACE_OUTER_BOUND('',#112960,.T.);
#112980=ADVANCED_FACE('',(#112970),#112860,.F.);
#112990=COLOUR_RGB('',0.823529481887817,0.823529481887817,
0.784313797950745);
#113000=FILL_AREA_STYLE_COLOUR('',#112990);
#113010=FILL_AREA_STYLE('',(#113000));
#113020=SURFACE_STYLE_FILL_AREA(#113010);
#113030=SURFACE_SIDE_STYLE('',(#113020));
#113040=SURFACE_STYLE_USAGE(.BOTH.,#113030);
#113050=PRESENTATION_STYLE_ASSIGNMENT((#113040));
#113060=CARTESIAN_POINT('',(118.73890173317,-52.2751171901442,-1170.6));
#113070=DIRECTION('',(-1.,-0.,-0.));
#113080=DIRECTION('',(0.,0.,-1.));
#113090=AXIS2_PLACEMENT_3D('',#113060,#113070,#113080);
#113100=PLANE('',#113090);
#113110=ORIENTED_EDGE('',*,*,#112930,.T.);
#113120=ORIENTED_EDGE('',*,*,#21330,.T.);
#113130=CARTESIAN_POINT('',(118.73890173317,-52.2751171901442,-1170.6));
#113140=DIRECTION('',(0.,1.,0.));
#113150=VECTOR('',#113140,1.);
#113160=LINE('',#113130,#113150);
#113170=EDGE_CURVE('',#21220,#40360,#113160,.T.);
#113180=ORIENTED_EDGE('',*,*,#113170,.F.);
#113190=ORIENTED_EDGE('',*,*,#40370,.T.);
#113200=EDGE_LOOP('',(#113190,#113180,#113120,#113110));
#113210=FACE_OUTER_BOUND('',#113200,.T.);
#113220=ADVANCED_FACE('',(#113210),#113100,.F.);
#113230=COLOUR_RGB('',0.823529481887817,0.823529481887817,
0.784313797950745);
#113240=FILL_AREA_STYLE_COLOUR('',#113230);
#113250=FILL_AREA_STYLE('',(#113240));
#113260=SURFACE_STYLE_FILL_AREA(#113250);
#113270=SURFACE_SIDE_STYLE('',(#113260));
#113280=SURFACE_STYLE_USAGE(.BOTH.,#113270);
#113290=PRESENTATION_STYLE_ASSIGNMENT((#113280));
#113300=CARTESIAN_POINT('',(121.83890173317,-52.2751171901442,-1170.6));
#113310=DIRECTION('',(0.,1.,0.));
#113320=DIRECTION('',(0.,0.,-1.));
#113330=AXIS2_PLACEMENT_3D('',#113300,#113310,#113320);
#113340=CYLINDRICAL_SURFACE('',#113330,3.1);
#113350=ORIENTED_EDGE('',*,*,#113170,.T.);
#113360=ORIENTED_EDGE('',*,*,#21250,.F.);
#113370=ORIENTED_EDGE('',*,*,#112620,.F.);
#113380=ORIENTED_EDGE('',*,*,#40440,.T.);
#113390=EDGE_LOOP('',(#113380,#113370,#113360,#113350));
#113400=FACE_OUTER_BOUND('',#113390,.T.);
#113410=ADVANCED_FACE('',(#113400),#113340,.F.);
#113420=COLOUR_RGB('',0.823529481887817,0.823529481887817,
0.784313797950745);
#113430=FILL_AREA_STYLE_COLOUR('',#113420);
#113440=FILL_AREA_STYLE('',(#113430));
#113450=SURFACE_STYLE_FILL_AREA(#113440);
#113460=SURFACE_SIDE_STYLE('',(#113450));
#113470=SURFACE_STYLE_USAGE(.BOTH.,#113460);
#113480=PRESENTATION_STYLE_ASSIGNMENT((#113470));
#113490=CARTESIAN_POINT('',(124.93890173317,-52.2751171901442,-979.4));
#113500=DIRECTION('',(1.,0.,-0.));
#113510=DIRECTION('',(0.,0.,1.));
#113520=AXIS2_PLACEMENT_3D('',#113490,#113500,#113510);
#113530=PLANE('',#113520);
#113540=CARTESIAN_POINT('',(124.93890173317,-52.2751171901442,-970.6));
#113550=DIRECTION('',(0.,1.,0.));
#113560=VECTOR('',#113550,1.);
#113570=LINE('',#113540,#113560);
#113580=EDGE_CURVE('',#21600,#56120,#113570,.T.);
#113590=ORIENTED_EDGE('',*,*,#113580,.T.);
#113600=ORIENTED_EDGE('',*,*,#21840,.T.);
#113610=CARTESIAN_POINT('',(124.93890173317,-52.2751171901442,-979.4));
#113620=DIRECTION('',(0.,1.,0.));
#113630=VECTOR('',#113620,1.);
#113640=LINE('',#113610,#113630);
#113650=EDGE_CURVE('',#21770,#56200,#113640,.T.);
#113660=ORIENTED_EDGE('',*,*,#113650,.F.);
#113670=ORIENTED_EDGE('',*,*,#56210,.T.);
#113680=EDGE_LOOP('',(#113670,#113660,#113600,#113590));
#113690=FACE_OUTER_BOUND('',#113680,.T.);
#113700=ADVANCED_FACE('',(#113690),#113530,.F.);
#113710=COLOUR_RGB('',0.823529481887817,0.823529481887817,
0.784313797950745);
#113720=FILL_AREA_STYLE_COLOUR('',#113710);
#113730=FILL_AREA_STYLE('',(#113720));
#113740=SURFACE_STYLE_FILL_AREA(#113730);
#113750=SURFACE_SIDE_STYLE('',(#113740));
#113760=SURFACE_STYLE_USAGE(.BOTH.,#113750);
#113770=PRESENTATION_STYLE_ASSIGNMENT((#113760));
#113780=CARTESIAN_POINT('',(121.83890173317,-52.2751171901442,-979.4));
#113790=DIRECTION('',(0.,1.,0.));
#113800=DIRECTION('',(0.,0.,-1.));
#113810=AXIS2_PLACEMENT_3D('',#113780,#113790,#113800);
#113820=CYLINDRICAL_SURFACE('',#113810,3.1);
#113830=ORIENTED_EDGE('',*,*,#113650,.T.);
#113840=ORIENTED_EDGE('',*,*,#21780,.F.);
#113850=CARTESIAN_POINT('',(118.73890173317,-52.2751171901442,-979.4));
#113860=DIRECTION('',(0.,1.,0.));
#113870=VECTOR('',#113860,1.);
#113880=LINE('',#113850,#113870);
#113890=EDGE_CURVE('',#21680,#56010,#113880,.T.);
#113900=ORIENTED_EDGE('',*,*,#113890,.F.);
#113910=ORIENTED_EDGE('',*,*,#56280,.T.);
#113920=EDGE_LOOP('',(#113910,#113900,#113840,#113830));
#113930=FACE_OUTER_BOUND('',#113920,.T.);
#113940=ADVANCED_FACE('',(#113930),#113820,.F.);
#113950=COLOUR_RGB('',0.823529481887817,0.823529481887817,
0.784313797950745);
#113960=FILL_AREA_STYLE_COLOUR('',#113950);
#113970=FILL_AREA_STYLE('',(#113960));
#113980=SURFACE_STYLE_FILL_AREA(#113970);
#113990=SURFACE_SIDE_STYLE('',(#113980));
#114000=SURFACE_STYLE_USAGE(.BOTH.,#113990);
#114010=PRESENTATION_STYLE_ASSIGNMENT((#114000));
#114020=CARTESIAN_POINT('',(118.73890173317,-52.2751171901442,-970.6));
#114030=DIRECTION('',(-1.,-0.,-0.));
#114040=DIRECTION('',(0.,0.,-1.));
#114050=AXIS2_PLACEMENT_3D('',#114020,#114030,#114040);
#114060=PLANE('',#114050);
#114070=ORIENTED_EDGE('',*,*,#113890,.T.);
#114080=ORIENTED_EDGE('',*,*,#21690,.T.);
#114090=CARTESIAN_POINT('',(118.73890173317,-52.2751171901442,-970.6));
#114100=DIRECTION('',(0.,1.,0.));
#114110=VECTOR('',#114100,1.);
#114120=LINE('',#114090,#114110);
#114130=EDGE_CURVE('',#21580,#56030,#114120,.T.);
#114140=ORIENTED_EDGE('',*,*,#114130,.F.);
#114150=ORIENTED_EDGE('',*,*,#56040,.T.);
#114160=EDGE_LOOP('',(#114150,#114140,#114080,#114070));
#114170=FACE_OUTER_BOUND('',#114160,.T.);
#114180=ADVANCED_FACE('',(#114170),#114060,.F.);
#114190=COLOUR_RGB('',0.823529481887817,0.823529481887817,
0.784313797950745);
#114200=FILL_AREA_STYLE_COLOUR('',#114190);
#114210=FILL_AREA_STYLE('',(#114200));
#114220=SURFACE_STYLE_FILL_AREA(#114210);
#114230=SURFACE_SIDE_STYLE('',(#114220));
#114240=SURFACE_STYLE_USAGE(.BOTH.,#114230);
#114250=PRESENTATION_STYLE_ASSIGNMENT((#114240));
#114260=CARTESIAN_POINT('',(121.83890173317,-52.2751171901442,-970.6));
#114270=DIRECTION('',(0.,1.,0.));
#114280=DIRECTION('',(0.,0.,-1.));
#114290=AXIS2_PLACEMENT_3D('',#114260,#114270,#114280);
#114300=CYLINDRICAL_SURFACE('',#114290,3.1);
#114310=ORIENTED_EDGE('',*,*,#114130,.T.);
#114320=ORIENTED_EDGE('',*,*,#21610,.F.);
#114330=ORIENTED_EDGE('',*,*,#113580,.F.);
#114340=ORIENTED_EDGE('',*,*,#56130,.T.);
#114350=EDGE_LOOP('',(#114340,#114330,#114320,#114310));
#114360=FACE_OUTER_BOUND('',#114350,.T.);
#114370=ADVANCED_FACE('',(#114360),#114300,.F.);
#114380=COLOUR_RGB('',0.823529481887817,0.823529481887817,
0.784313797950745);
#114390=FILL_AREA_STYLE_COLOUR('',#114380);
#114400=FILL_AREA_STYLE('',(#114390));
#114410=SURFACE_STYLE_FILL_AREA(#114400);
#114420=SURFACE_SIDE_STYLE('',(#114410));
#114430=SURFACE_STYLE_USAGE(.BOTH.,#114420);
#114440=PRESENTATION_STYLE_ASSIGNMENT((#114430));
#114450=CARTESIAN_POINT('',(124.93890173317,-52.2751171901442,-1229.4));
#114460=DIRECTION('',(1.,0.,-0.));
#114470=DIRECTION('',(0.,0.,1.));
#114480=AXIS2_PLACEMENT_3D('',#114450,#114460,#114470);
#114490=PLANE('',#114480);
#114500=CARTESIAN_POINT('',(124.93890173317,-52.2751171901442,-1220.6));
#114510=DIRECTION('',(0.,1.,0.));
#114520=VECTOR('',#114510,1.);
#114530=LINE('',#114500,#114520);
#114540=EDGE_CURVE('',#21960,#37290,#114530,.T.);
#114550=ORIENTED_EDGE('',*,*,#114540,.T.);
#114560=ORIENTED_EDGE('',*,*,#22200,.T.);
#114570=CARTESIAN_POINT('',(124.93890173317,-52.2751171901442,-1229.4));
#114580=DIRECTION('',(0.,1.,0.));
#114590=VECTOR('',#114580,1.);
#114600=LINE('',#114570,#114590);
#114610=EDGE_CURVE('',#22130,#37310,#114600,.T.);
#114620=ORIENTED_EDGE('',*,*,#114610,.F.);
#114630=ORIENTED_EDGE('',*,*,#37320,.T.);
#114640=EDGE_LOOP('',(#114630,#114620,#114560,#114550));
#114650=FACE_OUTER_BOUND('',#114640,.T.);
#114660=ADVANCED_FACE('',(#114650),#114490,.F.);
#114670=COLOUR_RGB('',0.823529481887817,0.823529481887817,
0.784313797950745);
#114680=FILL_AREA_STYLE_COLOUR('',#114670);
#114690=FILL_AREA_STYLE('',(#114680));
#114700=SURFACE_STYLE_FILL_AREA(#114690);
#114710=SURFACE_SIDE_STYLE('',(#114700));
#114720=SURFACE_STYLE_USAGE(.BOTH.,#114710);
#114730=PRESENTATION_STYLE_ASSIGNMENT((#114720));
#114740=CARTESIAN_POINT('',(121.83890173317,-52.2751171901442,-1229.4));
#114750=DIRECTION('',(0.,1.,0.));
#114760=DIRECTION('',(0.,0.,-1.));
#114770=AXIS2_PLACEMENT_3D('',#114740,#114750,#114760);
#114780=CYLINDRICAL_SURFACE('',#114770,3.1);
#114790=ORIENTED_EDGE('',*,*,#114610,.T.);
#114800=ORIENTED_EDGE('',*,*,#22140,.F.);
#114810=CARTESIAN_POINT('',(118.73890173317,-52.2751171901442,-1229.4));
#114820=DIRECTION('',(0.,1.,0.));
#114830=VECTOR('',#114820,1.);
#114840=LINE('',#114810,#114830);
#114850=EDGE_CURVE('',#22040,#37400,#114840,.T.);
#114860=ORIENTED_EDGE('',*,*,#114850,.F.);
#114870=ORIENTED_EDGE('',*,*,#37410,.T.);
#114880=EDGE_LOOP('',(#114870,#114860,#114800,#114790));
#114890=FACE_OUTER_BOUND('',#114880,.T.);
#114900=ADVANCED_FACE('',(#114890),#114780,.F.);
#114910=COLOUR_RGB('',0.823529481887817,0.823529481887817,
0.784313797950745);
#114920=FILL_AREA_STYLE_COLOUR('',#114910);
#114930=FILL_AREA_STYLE('',(#114920));
#114940=SURFACE_STYLE_FILL_AREA(#114930);
#114950=SURFACE_SIDE_STYLE('',(#114940));
#114960=SURFACE_STYLE_USAGE(.BOTH.,#114950);
#114970=PRESENTATION_STYLE_ASSIGNMENT((#114960));
#114980=CARTESIAN_POINT('',(118.73890173317,-52.2751171901442,-1220.6));
#114990=DIRECTION('',(-1.,-0.,-0.));
#115000=DIRECTION('',(0.,0.,-1.));
#115010=AXIS2_PLACEMENT_3D('',#114980,#114990,#115000);
#115020=PLANE('',#115010);
#115030=ORIENTED_EDGE('',*,*,#114850,.T.);
#115040=ORIENTED_EDGE('',*,*,#22050,.T.);
#115050=CARTESIAN_POINT('',(118.73890173317,-52.2751171901442,-1220.6));
#115060=DIRECTION('',(0.,1.,0.));
#115070=VECTOR('',#115060,1.);
#115080=LINE('',#115050,#115070);
#115090=EDGE_CURVE('',#21940,#37480,#115080,.T.);
#115100=ORIENTED_EDGE('',*,*,#115090,.F.);
#115110=ORIENTED_EDGE('',*,*,#37490,.T.);
#115120=EDGE_LOOP('',(#115110,#115100,#115040,#115030));
#115130=FACE_OUTER_BOUND('',#115120,.T.);
#115140=ADVANCED_FACE('',(#115130),#115020,.F.);
#115150=COLOUR_RGB('',0.823529481887817,0.823529481887817,
0.784313797950745);
#115160=FILL_AREA_STYLE_COLOUR('',#115150);
#115170=FILL_AREA_STYLE('',(#115160));
#115180=SURFACE_STYLE_FILL_AREA(#115170);
#115190=SURFACE_SIDE_STYLE('',(#115180));
#115200=SURFACE_STYLE_USAGE(.BOTH.,#115190);
#115210=PRESENTATION_STYLE_ASSIGNMENT((#115200));
#115220=CARTESIAN_POINT('',(121.83890173317,-52.2751171901442,-1220.6));
#115230=DIRECTION('',(0.,1.,0.));
#115240=DIRECTION('',(0.,0.,-1.));
#115250=AXIS2_PLACEMENT_3D('',#115220,#115230,#115240);
#115260=CYLINDRICAL_SURFACE('',#115250,3.1);
#115270=ORIENTED_EDGE('',*,*,#115090,.T.);
#115280=ORIENTED_EDGE('',*,*,#21970,.F.);
#115290=ORIENTED_EDGE('',*,*,#114540,.F.);
#115300=ORIENTED_EDGE('',*,*,#37560,.T.);
#115310=EDGE_LOOP('',(#115300,#115290,#115280,#115270));
#115320=FACE_OUTER_BOUND('',#115310,.T.);
#115330=ADVANCED_FACE('',(#115320),#115260,.F.);
#115340=COLOUR_RGB('',0.823529481887817,0.823529481887817,
0.784313797950745);
#115350=FILL_AREA_STYLE_COLOUR('',#115340);
#115360=FILL_AREA_STYLE('',(#115350));
#115370=SURFACE_STYLE_FILL_AREA(#115360);
#115380=SURFACE_SIDE_STYLE('',(#115370));
#115390=SURFACE_STYLE_USAGE(.BOTH.,#115380);
#115400=PRESENTATION_STYLE_ASSIGNMENT((#115390));
#115410=CARTESIAN_POINT('',(124.93890173317,-52.2751171901442,-154.4));
#115420=DIRECTION('',(1.,0.,-0.));
#115430=DIRECTION('',(0.,0.,1.));
#115440=AXIS2_PLACEMENT_3D('',#115410,#115420,#115430);
#115450=PLANE('',#115440);
#115460=CARTESIAN_POINT('',(124.93890173317,-52.2751171901442,-145.6));
#115470=DIRECTION('',(0.,1.,0.));
#115480=VECTOR('',#115470,1.);
#115490=LINE('',#115460,#115480);
#115500=EDGE_CURVE('',#22480,#53850,#115490,.T.);
#115510=ORIENTED_EDGE('',*,*,#115500,.T.);
#115520=ORIENTED_EDGE('',*,*,#22490,.T.);
#115530=CARTESIAN_POINT('',(124.93890173317,-52.2751171901442,-154.4));
#115540=DIRECTION('',(0.,1.,0.));
#115550=VECTOR('',#115540,1.);
#115560=LINE('',#115530,#115550);
#115570=EDGE_CURVE('',#22400,#53870,#115560,.T.);
#115580=ORIENTED_EDGE('',*,*,#115570,.F.);
#115590=ORIENTED_EDGE('',*,*,#53880,.T.);
#115600=EDGE_LOOP('',(#115590,#115580,#115520,#115510));
#115610=FACE_OUTER_BOUND('',#115600,.T.);
#115620=ADVANCED_FACE('',(#115610),#115450,.F.);
#115630=COLOUR_RGB('',0.823529481887817,0.823529481887817,
0.784313797950745);
#115640=FILL_AREA_STYLE_COLOUR('',#115630);
#115650=FILL_AREA_STYLE('',(#115640));
#115660=SURFACE_STYLE_FILL_AREA(#115650);
#115670=SURFACE_SIDE_STYLE('',(#115660));
#115680=SURFACE_STYLE_USAGE(.BOTH.,#115670);
#115690=PRESENTATION_STYLE_ASSIGNMENT((#115680));
#115700=CARTESIAN_POINT('',(121.83890173317,-52.2751171901442,-154.4));
#115710=DIRECTION('',(0.,1.,0.));
#115720=DIRECTION('',(0.,0.,-1.));
#115730=AXIS2_PLACEMENT_3D('',#115700,#115710,#115720);
#115740=CYLINDRICAL_SURFACE('',#115730,3.1);
#115750=ORIENTED_EDGE('',*,*,#115570,.T.);
#115760=ORIENTED_EDGE('',*,*,#22410,.F.);
#115770=CARTESIAN_POINT('',(118.73890173317,-52.2751171901442,-154.4));
#115780=DIRECTION('',(0.,1.,0.));
#115790=VECTOR('',#115780,1.);
#115800=LINE('',#115770,#115790);
#115810=EDGE_CURVE('',#22310,#53960,#115800,.T.);
#115820=ORIENTED_EDGE('',*,*,#115810,.F.);
#115830=ORIENTED_EDGE('',*,*,#53970,.T.);
#115840=EDGE_LOOP('',(#115830,#115820,#115760,#115750));
#115850=FACE_OUTER_BOUND('',#115840,.T.);
#115860=ADVANCED_FACE('',(#115850),#115740,.F.);
#115870=COLOUR_RGB('',0.823529481887817,0.823529481887817,
0.784313797950745);
#115880=FILL_AREA_STYLE_COLOUR('',#115870);
#115890=FILL_AREA_STYLE('',(#115880));
#115900=SURFACE_STYLE_FILL_AREA(#115890);
#115910=SURFACE_SIDE_STYLE('',(#115900));
#115920=SURFACE_STYLE_USAGE(.BOTH.,#115910);
#115930=PRESENTATION_STYLE_ASSIGNMENT((#115920));
#115940=CARTESIAN_POINT('',(118.73890173317,-52.2751171901442,-145.6));
#115950=DIRECTION('',(-1.,-0.,-0.));
#115960=DIRECTION('',(0.,0.,-1.));
#115970=AXIS2_PLACEMENT_3D('',#115940,#115950,#115960);
#115980=PLANE('',#115970);
#115990=ORIENTED_EDGE('',*,*,#115810,.T.);
#116000=ORIENTED_EDGE('',*,*,#22320,.T.);
#116010=CARTESIAN_POINT('',(118.73890173317,-52.2751171901442,-145.6));
#116020=DIRECTION('',(0.,1.,0.));
#116030=VECTOR('',#116020,1.);
#116040=LINE('',#116010,#116030);
#116050=EDGE_CURVE('',#22290,#54040,#116040,.T.);
#116060=ORIENTED_EDGE('',*,*,#116050,.F.);
#116070=ORIENTED_EDGE('',*,*,#54050,.T.);
#116080=EDGE_LOOP('',(#116070,#116060,#116000,#115990));
#116090=FACE_OUTER_BOUND('',#116080,.T.);
#116100=ADVANCED_FACE('',(#116090),#115980,.F.);
#116110=COLOUR_RGB('',0.823529481887817,0.823529481887817,
0.784313797950745);
#116120=FILL_AREA_STYLE_COLOUR('',#116110);
#116130=FILL_AREA_STYLE('',(#116120));
#116140=SURFACE_STYLE_FILL_AREA(#116130);
#116150=SURFACE_SIDE_STYLE('',(#116140));
#116160=SURFACE_STYLE_USAGE(.BOTH.,#116150);
#116170=PRESENTATION_STYLE_ASSIGNMENT((#116160));
#116180=CARTESIAN_POINT('',(121.83890173317,-52.2751171901442,-145.6));
#116190=DIRECTION('',(0.,1.,0.));
#116200=DIRECTION('',(0.,0.,-1.));
#116210=AXIS2_PLACEMENT_3D('',#116180,#116190,#116200);
#116220=CYLINDRICAL_SURFACE('',#116210,3.1);
#116230=ORIENTED_EDGE('',*,*,#116050,.T.);
#116240=ORIENTED_EDGE('',*,*,#22560,.F.);
#116250=ORIENTED_EDGE('',*,*,#115500,.F.);
#116260=ORIENTED_EDGE('',*,*,#54120,.T.);
#116270=EDGE_LOOP('',(#116260,#116250,#116240,#116230));
#116280=FACE_OUTER_BOUND('',#116270,.T.);
#116290=ADVANCED_FACE('',(#116280),#116220,.F.);
#116300=COLOUR_RGB('',0.823529481887817,0.823529481887817,
0.784313797950745);
#116310=FILL_AREA_STYLE_COLOUR('',#116300);
#116320=FILL_AREA_STYLE('',(#116310));
#116330=SURFACE_STYLE_FILL_AREA(#116320);
#116340=SURFACE_SIDE_STYLE('',(#116330));
#116350=SURFACE_STYLE_USAGE(.BOTH.,#116340);
#116360=PRESENTATION_STYLE_ASSIGNMENT((#116350));
#116370=CARTESIAN_POINT('',(124.93890173317,-52.2751171901442,-1729.4));
#116380=DIRECTION('',(1.,0.,-0.));
#116390=DIRECTION('',(0.,0.,1.));
#116400=AXIS2_PLACEMENT_3D('',#116370,#116380,#116390);
#116410=PLANE('',#116400);
#116420=CARTESIAN_POINT('',(124.93890173317,-52.2751171901442,-1720.6));
#116430=DIRECTION('',(0.,1.,0.));
#116440=VECTOR('',#116430,1.);
#116450=LINE('',#116420,#116440);
#116460=EDGE_CURVE('',#22680,#39920,#116450,.T.);
#116470=ORIENTED_EDGE('',*,*,#116460,.T.);
#116480=ORIENTED_EDGE('',*,*,#22920,.T.);
#116490=CARTESIAN_POINT('',(124.93890173317,-52.2751171901442,-1729.4));
#116500=DIRECTION('',(0.,1.,0.));
#116510=VECTOR('',#116500,1.);
#116520=LINE('',#116490,#116510);
#116530=EDGE_CURVE('',#22850,#40000,#116520,.T.);
#116540=ORIENTED_EDGE('',*,*,#116530,.F.);
#116550=ORIENTED_EDGE('',*,*,#40010,.T.);
#116560=EDGE_LOOP('',(#116550,#116540,#116480,#116470));
#116570=FACE_OUTER_BOUND('',#116560,.T.);
#116580=ADVANCED_FACE('',(#116570),#116410,.F.);
#116590=COLOUR_RGB('',0.823529481887817,0.823529481887817,
0.784313797950745);
#116600=FILL_AREA_STYLE_COLOUR('',#116590);
#116610=FILL_AREA_STYLE('',(#116600));
#116620=SURFACE_STYLE_FILL_AREA(#116610);
#116630=SURFACE_SIDE_STYLE('',(#116620));
#116640=SURFACE_STYLE_USAGE(.BOTH.,#116630);
#116650=PRESENTATION_STYLE_ASSIGNMENT((#116640));
#116660=CARTESIAN_POINT('',(121.83890173317,-52.2751171901442,-1729.4));
#116670=DIRECTION('',(0.,1.,0.));
#116680=DIRECTION('',(0.,0.,-1.));
#116690=AXIS2_PLACEMENT_3D('',#116660,#116670,#116680);
#116700=CYLINDRICAL_SURFACE('',#116690,3.1);
#116710=ORIENTED_EDGE('',*,*,#116530,.T.);
#116720=ORIENTED_EDGE('',*,*,#22860,.F.);
#116730=CARTESIAN_POINT('',(118.73890173317,-52.2751171901442,-1729.4));
#116740=DIRECTION('',(0.,1.,0.));
#116750=VECTOR('',#116740,1.);
#116760=LINE('',#116730,#116750);
#116770=EDGE_CURVE('',#22760,#39810,#116760,.T.);
#116780=ORIENTED_EDGE('',*,*,#116770,.F.);
#116790=ORIENTED_EDGE('',*,*,#40080,.T.);
#116800=EDGE_LOOP('',(#116790,#116780,#116720,#116710));
#116810=FACE_OUTER_BOUND('',#116800,.T.);
#116820=ADVANCED_FACE('',(#116810),#116700,.F.);
#116830=COLOUR_RGB('',0.823529481887817,0.823529481887817,
0.784313797950745);
#116840=FILL_AREA_STYLE_COLOUR('',#116830);
#116850=FILL_AREA_STYLE('',(#116840));
#116860=SURFACE_STYLE_FILL_AREA(#116850);
#116870=SURFACE_SIDE_STYLE('',(#116860));
#116880=SURFACE_STYLE_USAGE(.BOTH.,#116870);
#116890=PRESENTATION_STYLE_ASSIGNMENT((#116880));
#116900=CARTESIAN_POINT('',(118.73890173317,-52.2751171901442,-1720.6));
#116910=DIRECTION('',(-1.,-0.,-0.));
#116920=DIRECTION('',(0.,0.,-1.));
#116930=AXIS2_PLACEMENT_3D('',#116900,#116910,#116920);
#116940=PLANE('',#116930);
#116950=ORIENTED_EDGE('',*,*,#116770,.T.);
#116960=ORIENTED_EDGE('',*,*,#22770,.T.);
#116970=CARTESIAN_POINT('',(118.73890173317,-52.2751171901442,-1720.6));
#116980=DIRECTION('',(0.,1.,0.));
#116990=VECTOR('',#116980,1.);
#117000=LINE('',#116970,#116990);
#117010=EDGE_CURVE('',#22660,#39830,#117000,.T.);
#117020=ORIENTED_EDGE('',*,*,#117010,.F.);
#117030=ORIENTED_EDGE('',*,*,#39840,.T.);
#117040=EDGE_LOOP('',(#117030,#117020,#116960,#116950));
#117050=FACE_OUTER_BOUND('',#117040,.T.);
#117060=ADVANCED_FACE('',(#117050),#116940,.F.);
#117070=COLOUR_RGB('',0.823529481887817,0.823529481887817,
0.784313797950745);
#117080=FILL_AREA_STYLE_COLOUR('',#117070);
#117090=FILL_AREA_STYLE('',(#117080));
#117100=SURFACE_STYLE_FILL_AREA(#117090);
#117110=SURFACE_SIDE_STYLE('',(#117100));
#117120=SURFACE_STYLE_USAGE(.BOTH.,#117110);
#117130=PRESENTATION_STYLE_ASSIGNMENT((#117120));
#117140=CARTESIAN_POINT('',(121.83890173317,-52.2751171901442,-1720.6));
#117150=DIRECTION('',(0.,1.,0.));
#117160=DIRECTION('',(0.,0.,-1.));
#117170=AXIS2_PLACEMENT_3D('',#117140,#117150,#117160);
#117180=CYLINDRICAL_SURFACE('',#117170,3.1);
#117190=ORIENTED_EDGE('',*,*,#117010,.T.);
#117200=ORIENTED_EDGE('',*,*,#22690,.F.);
#117210=ORIENTED_EDGE('',*,*,#116460,.F.);
#117220=ORIENTED_EDGE('',*,*,#39930,.T.);
#117230=EDGE_LOOP('',(#117220,#117210,#117200,#117190));
#117240=FACE_OUTER_BOUND('',#117230,.T.);
#117250=ADVANCED_FACE('',(#117240),#117180,.F.);
#117260=COLOUR_RGB('',0.823529481887817,0.823529481887817,
0.784313797950745);
#117270=FILL_AREA_STYLE_COLOUR('',#117260);
#117280=FILL_AREA_STYLE('',(#117270));
#117290=SURFACE_STYLE_FILL_AREA(#117280);
#117300=SURFACE_SIDE_STYLE('',(#117290));
#117310=SURFACE_STYLE_USAGE(.BOTH.,#117300);
#117320=PRESENTATION_STYLE_ASSIGNMENT((#117310));
#117330=CARTESIAN_POINT('',(124.93890173317,-52.2751171901442,-629.4));
#117340=DIRECTION('',(1.,0.,-0.));
#117350=DIRECTION('',(0.,0.,1.));
#117360=AXIS2_PLACEMENT_3D('',#117330,#117340,#117350);
#117370=PLANE('',#117360);
#117380=CARTESIAN_POINT('',(124.93890173317,-52.2751171901442,-620.6));
#117390=DIRECTION('',(0.,1.,0.));
#117400=VECTOR('',#117390,1.);
#117410=LINE('',#117380,#117400);
#117420=EDGE_CURVE('',#23200,#36930,#117410,.T.);
#117430=ORIENTED_EDGE('',*,*,#117420,.T.);
#117440=ORIENTED_EDGE('',*,*,#23210,.T.);
#117450=CARTESIAN_POINT('',(124.93890173317,-52.2751171901442,-629.4));
#117460=DIRECTION('',(0.,1.,0.));
#117470=VECTOR('',#117460,1.);
#117480=LINE('',#117450,#117470);
#117490=EDGE_CURVE('',#23120,#36950,#117480,.T.);
#117500=ORIENTED_EDGE('',*,*,#117490,.F.);
#117510=ORIENTED_EDGE('',*,*,#36960,.T.);
#117520=EDGE_LOOP('',(#117510,#117500,#117440,#117430));
#117530=FACE_OUTER_BOUND('',#117520,.T.);
#117540=ADVANCED_FACE('',(#117530),#117370,.F.);
#117550=COLOUR_RGB('',0.823529481887817,0.823529481887817,
0.784313797950745);
#117560=FILL_AREA_STYLE_COLOUR('',#117550);
#117570=FILL_AREA_STYLE('',(#117560));
#117580=SURFACE_STYLE_FILL_AREA(#117570);
#117590=SURFACE_SIDE_STYLE('',(#117580));
#117600=SURFACE_STYLE_USAGE(.BOTH.,#117590);
#117610=PRESENTATION_STYLE_ASSIGNMENT((#117600));
#117620=CARTESIAN_POINT('',(121.83890173317,-52.2751171901442,-629.4));
#117630=DIRECTION('',(0.,1.,0.));
#117640=DIRECTION('',(0.,0.,-1.));
#117650=AXIS2_PLACEMENT_3D('',#117620,#117630,#117640);
#117660=CYLINDRICAL_SURFACE('',#117650,3.1);
#117670=ORIENTED_EDGE('',*,*,#117490,.T.);
#117680=ORIENTED_EDGE('',*,*,#23130,.F.);
#117690=CARTESIAN_POINT('',(118.73890173317,-52.2751171901442,-629.4));
#117700=DIRECTION('',(0.,1.,0.));
#117710=VECTOR('',#117700,1.);
#117720=LINE('',#117690,#117710);
#117730=EDGE_CURVE('',#23030,#37040,#117720,.T.);
#117740=ORIENTED_EDGE('',*,*,#117730,.F.);
#117750=ORIENTED_EDGE('',*,*,#37050,.T.);
#117760=EDGE_LOOP('',(#117750,#117740,#117680,#117670));
#117770=FACE_OUTER_BOUND('',#117760,.T.);
#117780=ADVANCED_FACE('',(#117770),#117660,.F.);
#117790=COLOUR_RGB('',0.823529481887817,0.823529481887817,
0.784313797950745);
#117800=FILL_AREA_STYLE_COLOUR('',#117790);
#117810=FILL_AREA_STYLE('',(#117800));
#117820=SURFACE_STYLE_FILL_AREA(#117810);
#117830=SURFACE_SIDE_STYLE('',(#117820));
#117840=SURFACE_STYLE_USAGE(.BOTH.,#117830);
#117850=PRESENTATION_STYLE_ASSIGNMENT((#117840));
#117860=CARTESIAN_POINT('',(118.73890173317,-52.2751171901442,-620.6));
#117870=DIRECTION('',(-1.,-0.,-0.));
#117880=DIRECTION('',(0.,0.,-1.));
#117890=AXIS2_PLACEMENT_3D('',#117860,#117870,#117880);
#117900=PLANE('',#117890);
#117910=ORIENTED_EDGE('',*,*,#117730,.T.);
#117920=ORIENTED_EDGE('',*,*,#23040,.T.);
#117930=CARTESIAN_POINT('',(118.73890173317,-52.2751171901442,-620.6));
#117940=DIRECTION('',(0.,1.,0.));
#117950=VECTOR('',#117940,1.);
#117960=LINE('',#117930,#117950);
#117970=EDGE_CURVE('',#23010,#37120,#117960,.T.);
#117980=ORIENTED_EDGE('',*,*,#117970,.F.);
#117990=ORIENTED_EDGE('',*,*,#37130,.T.);
#118000=EDGE_LOOP('',(#117990,#117980,#117920,#117910));
#118010=FACE_OUTER_BOUND('',#118000,.T.);
#118020=ADVANCED_FACE('',(#118010),#117900,.F.);
#118030=COLOUR_RGB('',0.823529481887817,0.823529481887817,
0.784313797950745);
#118040=FILL_AREA_STYLE_COLOUR('',#118030);
#118050=FILL_AREA_STYLE('',(#118040));
#118060=SURFACE_STYLE_FILL_AREA(#118050);
#118070=SURFACE_SIDE_STYLE('',(#118060));
#118080=SURFACE_STYLE_USAGE(.BOTH.,#118070);
#118090=PRESENTATION_STYLE_ASSIGNMENT((#118080));
#118100=CARTESIAN_POINT('',(121.83890173317,-52.2751171901442,-620.6));
#118110=DIRECTION('',(0.,1.,0.));
#118120=DIRECTION('',(0.,0.,-1.));
#118130=AXIS2_PLACEMENT_3D('',#118100,#118110,#118120);
#118140=CYLINDRICAL_SURFACE('',#118130,3.1);
#118150=ORIENTED_EDGE('',*,*,#117970,.T.);
#118160=ORIENTED_EDGE('',*,*,#23280,.F.);
#118170=ORIENTED_EDGE('',*,*,#117420,.F.);
#118180=ORIENTED_EDGE('',*,*,#37200,.T.);
#118190=EDGE_LOOP('',(#118180,#118170,#118160,#118150));
#118200=FACE_OUTER_BOUND('',#118190,.T.);
#118210=ADVANCED_FACE('',(#118200),#118140,.F.);
#118220=COLOUR_RGB('',0.823529481887817,0.823529481887817,
0.784313797950745);
#118230=FILL_AREA_STYLE_COLOUR('',#118220);
#118240=FILL_AREA_STYLE('',(#118230));
#118250=SURFACE_STYLE_FILL_AREA(#118240);
#118260=SURFACE_SIDE_STYLE('',(#118250));
#118270=SURFACE_STYLE_USAGE(.BOTH.,#118260);
#118280=PRESENTATION_STYLE_ASSIGNMENT((#118270));
#118290=CARTESIAN_POINT('',(124.93890173317,-52.2751171901442,-1504.4));
#118300=DIRECTION('',(1.,0.,-0.));
#118310=DIRECTION('',(0.,0.,1.));
#118320=AXIS2_PLACEMENT_3D('',#118290,#118300,#118310);
#118330=PLANE('',#118320);
#118340=CARTESIAN_POINT('',(124.93890173317,-52.2751171901442,-1495.6));
#118350=DIRECTION('',(0.,1.,0.));
#118360=VECTOR('',#118350,1.);
#118370=LINE('',#118340,#118360);
#118380=EDGE_CURVE('',#23560,#56370,#118370,.T.);
#118390=ORIENTED_EDGE('',*,*,#118380,.T.);
#118400=ORIENTED_EDGE('',*,*,#23570,.T.);
#118410=CARTESIAN_POINT('',(124.93890173317,-52.2751171901442,-1504.4));
#118420=DIRECTION('',(0.,1.,0.));
#118430=VECTOR('',#118420,1.);
#118440=LINE('',#118410,#118430);
#118450=EDGE_CURVE('',#23480,#56390,#118440,.T.);
#118460=ORIENTED_EDGE('',*,*,#118450,.F.);
#118470=ORIENTED_EDGE('',*,*,#56400,.T.);
#118480=EDGE_LOOP('',(#118470,#118460,#118400,#118390));
#118490=FACE_OUTER_BOUND('',#118480,.T.);
#118500=ADVANCED_FACE('',(#118490),#118330,.F.);
#118510=COLOUR_RGB('',0.823529481887817,0.823529481887817,
0.784313797950745);
#118520=FILL_AREA_STYLE_COLOUR('',#118510);
#118530=FILL_AREA_STYLE('',(#118520));
#118540=SURFACE_STYLE_FILL_AREA(#118530);
#118550=SURFACE_SIDE_STYLE('',(#118540));
#118560=SURFACE_STYLE_USAGE(.BOTH.,#118550);
#118570=PRESENTATION_STYLE_ASSIGNMENT((#118560));
#118580=CARTESIAN_POINT('',(121.83890173317,-52.2751171901442,-1504.4));
#118590=DIRECTION('',(0.,1.,0.));
#118600=DIRECTION('',(0.,0.,-1.));
#118610=AXIS2_PLACEMENT_3D('',#118580,#118590,#118600);
#118620=CYLINDRICAL_SURFACE('',#118610,3.1);
#118630=ORIENTED_EDGE('',*,*,#118450,.T.);
#118640=ORIENTED_EDGE('',*,*,#23490,.F.);
#118650=CARTESIAN_POINT('',(118.73890173317,-52.2751171901442,-1504.4));
#118660=DIRECTION('',(0.,1.,0.));
#118670=VECTOR('',#118660,1.);
#118680=LINE('',#118650,#118670);
#118690=EDGE_CURVE('',#23390,#56480,#118680,.T.);
#118700=ORIENTED_EDGE('',*,*,#118690,.F.);
#118710=ORIENTED_EDGE('',*,*,#56490,.T.);
#118720=EDGE_LOOP('',(#118710,#118700,#118640,#118630));
#118730=FACE_OUTER_BOUND('',#118720,.T.);
#118740=ADVANCED_FACE('',(#118730),#118620,.F.);
#118750=COLOUR_RGB('',0.823529481887817,0.823529481887817,
0.784313797950745);
#118760=FILL_AREA_STYLE_COLOUR('',#118750);
#118770=FILL_AREA_STYLE('',(#118760));
#118780=SURFACE_STYLE_FILL_AREA(#118770);
#118790=SURFACE_SIDE_STYLE('',(#118780));
#118800=SURFACE_STYLE_USAGE(.BOTH.,#118790);
#118810=PRESENTATION_STYLE_ASSIGNMENT((#118800));
#118820=CARTESIAN_POINT('',(118.73890173317,-52.2751171901442,-1495.6));
#118830=DIRECTION('',(-1.,-0.,-0.));
#118840=DIRECTION('',(0.,0.,-1.));
#118850=AXIS2_PLACEMENT_3D('',#118820,#118830,#118840);
#118860=PLANE('',#118850);
#118870=ORIENTED_EDGE('',*,*,#118690,.T.);
#118880=ORIENTED_EDGE('',*,*,#23400,.T.);
#118890=CARTESIAN_POINT('',(118.73890173317,-52.2751171901442,-1495.6));
#118900=DIRECTION('',(0.,1.,0.));
#118910=VECTOR('',#118900,1.);
#118920=LINE('',#118890,#118910);
#118930=EDGE_CURVE('',#23370,#56560,#118920,.T.);
#118940=ORIENTED_EDGE('',*,*,#118930,.F.);
#118950=ORIENTED_EDGE('',*,*,#56570,.T.);
#118960=EDGE_LOOP('',(#118950,#118940,#118880,#118870));
#118970=FACE_OUTER_BOUND('',#118960,.T.);
#118980=ADVANCED_FACE('',(#118970),#118860,.F.);
#118990=COLOUR_RGB('',0.823529481887817,0.823529481887817,
0.784313797950745);
#119000=FILL_AREA_STYLE_COLOUR('',#118990);
#119010=FILL_AREA_STYLE('',(#119000));
#119020=SURFACE_STYLE_FILL_AREA(#119010);
#119030=SURFACE_SIDE_STYLE('',(#119020));
#119040=SURFACE_STYLE_USAGE(.BOTH.,#119030);
#119050=PRESENTATION_STYLE_ASSIGNMENT((#119040));
#119060=CARTESIAN_POINT('',(121.83890173317,-52.2751171901442,-1495.6));
#119070=DIRECTION('',(0.,1.,0.));
#119080=DIRECTION('',(0.,0.,-1.));
#119090=AXIS2_PLACEMENT_3D('',#119060,#119070,#119080);
#119100=CYLINDRICAL_SURFACE('',#119090,3.1);
#119110=ORIENTED_EDGE('',*,*,#118930,.T.);
#119120=ORIENTED_EDGE('',*,*,#23640,.F.);
#119130=ORIENTED_EDGE('',*,*,#118380,.F.);
#119140=ORIENTED_EDGE('',*,*,#56640,.T.);
#119150=EDGE_LOOP('',(#119140,#119130,#119120,#119110));
#119160=FACE_OUTER_BOUND('',#119150,.T.);
#119170=ADVANCED_FACE('',(#119160),#119100,.F.);
#119180=COLOUR_RGB('',0.823529481887817,0.823529481887817,
0.784313797950745);
#119190=FILL_AREA_STYLE_COLOUR('',#119180);
#119200=FILL_AREA_STYLE('',(#119190));
#119210=SURFACE_STYLE_FILL_AREA(#119200);
#119220=SURFACE_SIDE_STYLE('',(#119210));
#119230=SURFACE_STYLE_USAGE(.BOTH.,#119220);
#119240=PRESENTATION_STYLE_ASSIGNMENT((#119230));
#119250=CARTESIAN_POINT('',(121.83890173317,-52.2751171901442,-1004.4));
#119260=DIRECTION('',(0.,1.,0.));
#119270=DIRECTION('',(0.,0.,-1.));
#119280=AXIS2_PLACEMENT_3D('',#119250,#119260,#119270);
#119290=CYLINDRICAL_SURFACE('',#119280,3.1);
#119300=CARTESIAN_POINT('',(124.93890173317,-52.2751171901442,-1004.4));
#119310=DIRECTION('',(0.,1.,0.));
#119320=VECTOR('',#119310,1.);
#119330=LINE('',#119300,#119320);
#119340=EDGE_CURVE('',#23740,#43420,#119330,.T.);
#119350=ORIENTED_EDGE('',*,*,#119340,.T.);
#119360=ORIENTED_EDGE('',*,*,#23770,.F.);
#119370=CARTESIAN_POINT('',(118.73890173317,-52.2751171901442,-1004.4));
#119380=DIRECTION('',(0.,1.,0.));
#119390=VECTOR('',#119380,1.);
#119400=LINE('',#119370,#119390);
#119410=EDGE_CURVE('',#23760,#43440,#119400,.T.);
#119420=ORIENTED_EDGE('',*,*,#119410,.F.);
#119430=ORIENTED_EDGE('',*,*,#43450,.T.);
#119440=EDGE_LOOP('',(#119430,#119420,#119360,#119350));
#119450=FACE_OUTER_BOUND('',#119440,.T.);
#119460=ADVANCED_FACE('',(#119450),#119290,.F.);
#119470=COLOUR_RGB('',0.823529481887817,0.823529481887817,
0.784313797950745);
#119480=FILL_AREA_STYLE_COLOUR('',#119470);
#119490=FILL_AREA_STYLE('',(#119480));
#119500=SURFACE_STYLE_FILL_AREA(#119490);
#119510=SURFACE_SIDE_STYLE('',(#119500));
#119520=SURFACE_STYLE_USAGE(.BOTH.,#119510);
#119530=PRESENTATION_STYLE_ASSIGNMENT((#119520));
#119540=CARTESIAN_POINT('',(124.93890173317,-52.2751171901442,-1004.4));
#119550=DIRECTION('',(1.,0.,-0.));
#119560=DIRECTION('',(0.,0.,1.));
#119570=AXIS2_PLACEMENT_3D('',#119540,#119550,#119560);
#119580=PLANE('',#119570);
#119590=CARTESIAN_POINT('',(124.93890173317,-52.2751171901442,-995.6));
#119600=DIRECTION('',(0.,1.,0.));
#119610=VECTOR('',#119600,1.);
#119620=LINE('',#119590,#119610);
#119630=EDGE_CURVE('',#23840,#43610,#119620,.T.);
#119640=ORIENTED_EDGE('',*,*,#119630,.T.);
#119650=ORIENTED_EDGE('',*,*,#23850,.T.);
#119660=ORIENTED_EDGE('',*,*,#119340,.F.);
#119670=ORIENTED_EDGE('',*,*,#43680,.T.);
#119680=EDGE_LOOP('',(#119670,#119660,#119650,#119640));
#119690=FACE_OUTER_BOUND('',#119680,.T.);
#119700=ADVANCED_FACE('',(#119690),#119580,.F.);
#119710=COLOUR_RGB('',0.823529481887817,0.823529481887817,
0.784313797950745);
#119720=FILL_AREA_STYLE_COLOUR('',#119710);
#119730=FILL_AREA_STYLE('',(#119720));
#119740=SURFACE_STYLE_FILL_AREA(#119730);
#119750=SURFACE_SIDE_STYLE('',(#119740));
#119760=SURFACE_STYLE_USAGE(.BOTH.,#119750);
#119770=PRESENTATION_STYLE_ASSIGNMENT((#119760));
#119780=CARTESIAN_POINT('',(121.83890173317,-52.2751171901442,-995.6));
#119790=DIRECTION('',(0.,1.,0.));
#119800=DIRECTION('',(0.,0.,-1.));
#119810=AXIS2_PLACEMENT_3D('',#119780,#119790,#119800);
#119820=CYLINDRICAL_SURFACE('',#119810,3.1);
#119830=CARTESIAN_POINT('',(118.73890173317,-52.2751171901442,-995.6));
#119840=DIRECTION('',(0.,1.,0.));
#119850=VECTOR('',#119840,1.);
#119860=LINE('',#119830,#119850);
#119870=EDGE_CURVE('',#23930,#43520,#119860,.T.);
#119880=ORIENTED_EDGE('',*,*,#119870,.T.);
#119890=ORIENTED_EDGE('',*,*,#23940,.F.);
#119900=ORIENTED_EDGE('',*,*,#119630,.F.);
#119910=ORIENTED_EDGE('',*,*,#43620,.T.);
#119920=EDGE_LOOP('',(#119910,#119900,#119890,#119880));
#119930=FACE_OUTER_BOUND('',#119920,.T.);
#119940=ADVANCED_FACE('',(#119930),#119820,.F.);
#119950=COLOUR_RGB('',0.823529481887817,0.823529481887817,
0.784313797950745);
#119960=FILL_AREA_STYLE_COLOUR('',#119950);
#119970=FILL_AREA_STYLE('',(#119960));
#119980=SURFACE_STYLE_FILL_AREA(#119970);
#119990=SURFACE_SIDE_STYLE('',(#119980));
#120000=SURFACE_STYLE_USAGE(.BOTH.,#119990);
#120010=PRESENTATION_STYLE_ASSIGNMENT((#120000));
#120020=CARTESIAN_POINT('',(118.73890173317,-52.2751171901442,-995.6));
#120030=DIRECTION('',(-1.,-0.,-0.));
#120040=DIRECTION('',(0.,0.,-1.));
#120050=AXIS2_PLACEMENT_3D('',#120020,#120030,#120040);
#120060=PLANE('',#120050);
#120070=ORIENTED_EDGE('',*,*,#119410,.T.);
#120080=ORIENTED_EDGE('',*,*,#24000,.T.);
#120090=ORIENTED_EDGE('',*,*,#119870,.F.);
#120100=ORIENTED_EDGE('',*,*,#43530,.T.);
#120110=EDGE_LOOP('',(#120100,#120090,#120080,#120070));
#120120=FACE_OUTER_BOUND('',#120110,.T.);
#120130=ADVANCED_FACE('',(#120120),#120060,.F.);
#120140=COLOUR_RGB('',0.823529481887817,0.823529481887817,
0.784313797950745);
#120150=FILL_AREA_STYLE_COLOUR('',#120140);
#120160=FILL_AREA_STYLE('',(#120150));
#120170=SURFACE_STYLE_FILL_AREA(#120160);
#120180=SURFACE_SIDE_STYLE('',(#120170));
#120190=SURFACE_STYLE_USAGE(.BOTH.,#120180);
#120200=PRESENTATION_STYLE_ASSIGNMENT((#120190));
#120210=CARTESIAN_POINT('',(121.83890173317,-52.2751171901442,20.6));
#120220=DIRECTION('',(0.,1.,0.));
#120230=DIRECTION('',(0.,0.,-1.));
#120240=AXIS2_PLACEMENT_3D('',#120210,#120220,#120230);
#120250=CYLINDRICAL_SURFACE('',#120240,3.1);
#120260=CARTESIAN_POINT('',(124.93890173317,-52.2751171901442,20.6));
#120270=DIRECTION('',(0.,1.,0.));
#120280=VECTOR('',#120270,1.);
#120290=LINE('',#120260,#120280);
#120300=EDGE_CURVE('',#24100,#59980,#120290,.T.);
#120310=ORIENTED_EDGE('',*,*,#120300,.T.);
#120320=ORIENTED_EDGE('',*,*,#24130,.F.);
#120330=CARTESIAN_POINT('',(118.73890173317,-52.2751171901442,20.6));
#120340=DIRECTION('',(0.,1.,0.));
#120350=VECTOR('',#120340,1.);
#120360=LINE('',#120330,#120350);
#120370=EDGE_CURVE('',#24120,#60000,#120360,.T.);
#120380=ORIENTED_EDGE('',*,*,#120370,.F.);
#120390=ORIENTED_EDGE('',*,*,#60010,.T.);
#120400=EDGE_LOOP('',(#120390,#120380,#120320,#120310));
#120410=FACE_OUTER_BOUND('',#120400,.T.);
#120420=ADVANCED_FACE('',(#120410),#120250,.F.);
#120430=COLOUR_RGB('',0.823529481887817,0.823529481887817,
0.784313797950745);
#120440=FILL_AREA_STYLE_COLOUR('',#120430);
#120450=FILL_AREA_STYLE('',(#120440));
#120460=SURFACE_STYLE_FILL_AREA(#120450);
#120470=SURFACE_SIDE_STYLE('',(#120460));
#120480=SURFACE_STYLE_USAGE(.BOTH.,#120470);
#120490=PRESENTATION_STYLE_ASSIGNMENT((#120480));
#120500=CARTESIAN_POINT('',(124.93890173317,-52.2751171901442,20.6));
#120510=DIRECTION('',(1.,0.,-0.));
#120520=DIRECTION('',(0.,0.,1.));
#120530=AXIS2_PLACEMENT_3D('',#120500,#120510,#120520);
#120540=PLANE('',#120530);
#120550=CARTESIAN_POINT('',(124.93890173317,-52.2751171901442,29.4));
#120560=DIRECTION('',(0.,1.,0.));
#120570=VECTOR('',#120560,1.);
#120580=LINE('',#120550,#120570);
#120590=EDGE_CURVE('',#24200,#60170,#120580,.T.);
#120600=ORIENTED_EDGE('',*,*,#120590,.T.);
#120610=ORIENTED_EDGE('',*,*,#24210,.T.);
#120620=ORIENTED_EDGE('',*,*,#120300,.F.);
#120630=ORIENTED_EDGE('',*,*,#60240,.T.);
#120640=EDGE_LOOP('',(#120630,#120620,#120610,#120600));
#120650=FACE_OUTER_BOUND('',#120640,.T.);
#120660=ADVANCED_FACE('',(#120650),#120540,.F.);
#120670=COLOUR_RGB('',0.823529481887817,0.823529481887817,
0.784313797950745);
#120680=FILL_AREA_STYLE_COLOUR('',#120670);
#120690=FILL_AREA_STYLE('',(#120680));
#120700=SURFACE_STYLE_FILL_AREA(#120690);
#120710=SURFACE_SIDE_STYLE('',(#120700));
#120720=SURFACE_STYLE_USAGE(.BOTH.,#120710);
#120730=PRESENTATION_STYLE_ASSIGNMENT((#120720));
#120740=CARTESIAN_POINT('',(121.83890173317,-52.2751171901442,29.4));
#120750=DIRECTION('',(0.,1.,0.));
#120760=DIRECTION('',(0.,0.,-1.));
#120770=AXIS2_PLACEMENT_3D('',#120740,#120750,#120760);
#120780=CYLINDRICAL_SURFACE('',#120770,3.1);
#120790=CARTESIAN_POINT('',(118.73890173317,-52.2751171901442,29.4));
#120800=DIRECTION('',(0.,1.,0.));
#120810=VECTOR('',#120800,1.);
#120820=LINE('',#120790,#120810);
#120830=EDGE_CURVE('',#24290,#60080,#120820,.T.);
#120840=ORIENTED_EDGE('',*,*,#120830,.T.);
#120850=ORIENTED_EDGE('',*,*,#24300,.F.);
#120860=ORIENTED_EDGE('',*,*,#120590,.F.);
#120870=ORIENTED_EDGE('',*,*,#60180,.T.);
#120880=EDGE_LOOP('',(#120870,#120860,#120850,#120840));
#120890=FACE_OUTER_BOUND('',#120880,.T.);
#120900=ADVANCED_FACE('',(#120890),#120780,.F.);
#120910=COLOUR_RGB('',0.823529481887817,0.823529481887817,
0.784313797950745);
#120920=FILL_AREA_STYLE_COLOUR('',#120910);
#120930=FILL_AREA_STYLE('',(#120920));
#120940=SURFACE_STYLE_FILL_AREA(#120930);
#120950=SURFACE_SIDE_STYLE('',(#120940));
#120960=SURFACE_STYLE_USAGE(.BOTH.,#120950);
#120970=PRESENTATION_STYLE_ASSIGNMENT((#120960));
#120980=CARTESIAN_POINT('',(118.73890173317,-52.2751171901442,29.4));
#120990=DIRECTION('',(-1.,-0.,-0.));
#121000=DIRECTION('',(0.,0.,-1.));
#121010=AXIS2_PLACEMENT_3D('',#120980,#120990,#121000);
#121020=PLANE('',#121010);
#121030=ORIENTED_EDGE('',*,*,#120370,.T.);
#121040=ORIENTED_EDGE('',*,*,#24360,.T.);
#121050=ORIENTED_EDGE('',*,*,#120830,.F.);
#121060=ORIENTED_EDGE('',*,*,#60090,.T.);
#121070=EDGE_LOOP('',(#121060,#121050,#121040,#121030));
#121080=FACE_OUTER_BOUND('',#121070,.T.);
#121090=ADVANCED_FACE('',(#121080),#121020,.F.);
#121100=COLOUR_RGB('',0.823529481887817,0.823529481887817,
0.784313797950745);
#121110=FILL_AREA_STYLE_COLOUR('',#121100);
#121120=FILL_AREA_STYLE('',(#121110));
#121130=SURFACE_STYLE_FILL_AREA(#121120);
#121140=SURFACE_SIDE_STYLE('',(#121130));
#121150=SURFACE_STYLE_USAGE(.BOTH.,#121140);
#121160=PRESENTATION_STYLE_ASSIGNMENT((#121150));
#121170=CARTESIAN_POINT('',(121.83890173317,-52.2751171901442,-1154.4));
#121180=DIRECTION('',(0.,1.,0.));
#121190=DIRECTION('',(0.,0.,-1.));
#121200=AXIS2_PLACEMENT_3D('',#121170,#121180,#121190);
#121210=CYLINDRICAL_SURFACE('',#121200,3.1);
#121220=CARTESIAN_POINT('',(124.93890173317,-52.2751171901442,-1154.4));
#121230=DIRECTION('',(0.,1.,0.));
#121240=VECTOR('',#121230,1.);
#121250=LINE('',#121220,#121240);
#121260=EDGE_CURVE('',#24460,#32990,#121250,.T.);
#121270=ORIENTED_EDGE('',*,*,#121260,.T.);
#121280=ORIENTED_EDGE('',*,*,#24490,.F.);
#121290=CARTESIAN_POINT('',(118.73890173317,-52.2751171901442,-1154.4));
#121300=DIRECTION('',(0.,1.,0.));
#121310=VECTOR('',#121300,1.);
#121320=LINE('',#121290,#121310);
#121330=EDGE_CURVE('',#24480,#33080,#121320,.T.);
#121340=ORIENTED_EDGE('',*,*,#121330,.F.);
#121350=ORIENTED_EDGE('',*,*,#33090,.T.);
#121360=EDGE_LOOP('',(#121350,#121340,#121280,#121270));
#121370=FACE_OUTER_BOUND('',#121360,.T.);
#121380=ADVANCED_FACE('',(#121370),#121210,.F.);
#121390=COLOUR_RGB('',0.823529481887817,0.823529481887817,
0.784313797950745);
#121400=FILL_AREA_STYLE_COLOUR('',#121390);
#121410=FILL_AREA_STYLE('',(#121400));
#121420=SURFACE_STYLE_FILL_AREA(#121410);
#121430=SURFACE_SIDE_STYLE('',(#121420));
#121440=SURFACE_STYLE_USAGE(.BOTH.,#121430);
#121450=PRESENTATION_STYLE_ASSIGNMENT((#121440));
#121460=CARTESIAN_POINT('',(124.93890173317,-52.2751171901442,-1154.4));
#121470=DIRECTION('',(1.,0.,-0.));
#121480=DIRECTION('',(0.,0.,1.));
#121490=AXIS2_PLACEMENT_3D('',#121460,#121470,#121480);
#121500=PLANE('',#121490);
#121510=CARTESIAN_POINT('',(124.93890173317,-52.2751171901442,-1145.6));
#121520=DIRECTION('',(0.,1.,0.));
#121530=VECTOR('',#121520,1.);
#121540=LINE('',#121510,#121530);
#121550=EDGE_CURVE('',#24560,#32970,#121540,.T.);
#121560=ORIENTED_EDGE('',*,*,#121550,.T.);
#121570=ORIENTED_EDGE('',*,*,#24570,.T.);
#121580=ORIENTED_EDGE('',*,*,#121260,.F.);
#121590=ORIENTED_EDGE('',*,*,#33000,.T.);
#121600=EDGE_LOOP('',(#121590,#121580,#121570,#121560));
#121610=FACE_OUTER_BOUND('',#121600,.T.);
#121620=ADVANCED_FACE('',(#121610),#121500,.F.);
#121630=COLOUR_RGB('',0.823529481887817,0.823529481887817,
0.784313797950745);
#121640=FILL_AREA_STYLE_COLOUR('',#121630);
#121650=FILL_AREA_STYLE('',(#121640));
#121660=SURFACE_STYLE_FILL_AREA(#121650);
#121670=SURFACE_SIDE_STYLE('',(#121660));
#121680=SURFACE_STYLE_USAGE(.BOTH.,#121670);
#121690=PRESENTATION_STYLE_ASSIGNMENT((#121680));
#121700=CARTESIAN_POINT('',(121.83890173317,-52.2751171901442,-1145.6));
#121710=DIRECTION('',(0.,1.,0.));
#121720=DIRECTION('',(0.,0.,-1.));
#121730=AXIS2_PLACEMENT_3D('',#121700,#121710,#121720);
#121740=CYLINDRICAL_SURFACE('',#121730,3.1);
#121750=CARTESIAN_POINT('',(118.73890173317,-52.2751171901442,-1145.6));
#121760=DIRECTION('',(0.,1.,0.));
#121770=VECTOR('',#121760,1.);
#121780=LINE('',#121750,#121770);
#121790=EDGE_CURVE('',#24650,#33160,#121780,.T.);
#121800=ORIENTED_EDGE('',*,*,#121790,.T.);
#121810=ORIENTED_EDGE('',*,*,#24660,.F.);
#121820=ORIENTED_EDGE('',*,*,#121550,.F.);
#121830=ORIENTED_EDGE('',*,*,#33240,.T.);
#121840=EDGE_LOOP('',(#121830,#121820,#121810,#121800));
#121850=FACE_OUTER_BOUND('',#121840,.T.);
#121860=ADVANCED_FACE('',(#121850),#121740,.F.);
#121870=COLOUR_RGB('',0.823529481887817,0.823529481887817,
0.784313797950745);
#121880=FILL_AREA_STYLE_COLOUR('',#121870);
#121890=FILL_AREA_STYLE('',(#121880));
#121900=SURFACE_STYLE_FILL_AREA(#121890);
#121910=SURFACE_SIDE_STYLE('',(#121900));
#121920=SURFACE_STYLE_USAGE(.BOTH.,#121910);
#121930=PRESENTATION_STYLE_ASSIGNMENT((#121920));
#121940=CARTESIAN_POINT('',(118.73890173317,-52.2751171901442,-1145.6));
#121950=DIRECTION('',(-1.,-0.,-0.));
#121960=DIRECTION('',(0.,0.,-1.));
#121970=AXIS2_PLACEMENT_3D('',#121940,#121950,#121960);
#121980=PLANE('',#121970);
#121990=ORIENTED_EDGE('',*,*,#121330,.T.);
#122000=ORIENTED_EDGE('',*,*,#24720,.T.);
#122010=ORIENTED_EDGE('',*,*,#121790,.F.);
#122020=ORIENTED_EDGE('',*,*,#33170,.T.);
#122030=EDGE_LOOP('',(#122020,#122010,#122000,#121990));
#122040=FACE_OUTER_BOUND('',#122030,.T.);
#122050=ADVANCED_FACE('',(#122040),#121980,.F.);
#122060=COLOUR_RGB('',0.823529481887817,0.823529481887817,
0.784313797950745);
#122070=FILL_AREA_STYLE_COLOUR('',#122060);
#122080=FILL_AREA_STYLE('',(#122070));
#122090=SURFACE_STYLE_FILL_AREA(#122080);
#122100=SURFACE_SIDE_STYLE('',(#122090));
#122110=SURFACE_STYLE_USAGE(.BOTH.,#122100);
#122120=PRESENTATION_STYLE_ASSIGNMENT((#122110));
#122130=CARTESIAN_POINT('',(124.93890173317,-52.2751171901442,-1654.4));
#122140=DIRECTION('',(1.,0.,-0.));
#122150=DIRECTION('',(0.,0.,1.));
#122160=AXIS2_PLACEMENT_3D('',#122130,#122140,#122150);
#122170=PLANE('',#122160);
#122180=CARTESIAN_POINT('',(124.93890173317,-52.2751171901442,-1645.6));
#122190=DIRECTION('',(0.,1.,0.));
#122200=VECTOR('',#122190,1.);
#122210=LINE('',#122180,#122200);
#122220=EDGE_CURVE('',#24840,#42080,#122210,.T.);
#122230=ORIENTED_EDGE('',*,*,#122220,.T.);
#122240=ORIENTED_EDGE('',*,*,#25080,.T.);
#122250=CARTESIAN_POINT('',(124.93890173317,-52.2751171901442,-1654.4));
#122260=DIRECTION('',(0.,1.,0.));
#122270=VECTOR('',#122260,1.);
#122280=LINE('',#122250,#122270);
#122290=EDGE_CURVE('',#25010,#42160,#122280,.T.);
#122300=ORIENTED_EDGE('',*,*,#122290,.F.);
#122310=ORIENTED_EDGE('',*,*,#42170,.T.);
#122320=EDGE_LOOP('',(#122310,#122300,#122240,#122230));
#122330=FACE_OUTER_BOUND('',#122320,.T.);
#122340=ADVANCED_FACE('',(#122330),#122170,.F.);
#122350=COLOUR_RGB('',0.823529481887817,0.823529481887817,
0.784313797950745);
#122360=FILL_AREA_STYLE_COLOUR('',#122350);
#122370=FILL_AREA_STYLE('',(#122360));
#122380=SURFACE_STYLE_FILL_AREA(#122370);
#122390=SURFACE_SIDE_STYLE('',(#122380));
#122400=SURFACE_STYLE_USAGE(.BOTH.,#122390);
#122410=PRESENTATION_STYLE_ASSIGNMENT((#122400));
#122420=CARTESIAN_POINT('',(121.83890173317,-52.2751171901442,-1654.4));
#122430=DIRECTION('',(0.,1.,0.));
#122440=DIRECTION('',(0.,0.,-1.));
#122450=AXIS2_PLACEMENT_3D('',#122420,#122430,#122440);
#122460=CYLINDRICAL_SURFACE('',#122450,3.1);
#122470=ORIENTED_EDGE('',*,*,#122290,.T.);
#122480=ORIENTED_EDGE('',*,*,#25020,.F.);
#122490=CARTESIAN_POINT('',(118.73890173317,-52.2751171901442,-1654.4));
#122500=DIRECTION('',(0.,1.,0.));
#122510=VECTOR('',#122500,1.);
#122520=LINE('',#122490,#122510);
#122530=EDGE_CURVE('',#24920,#41970,#122520,.T.);
#122540=ORIENTED_EDGE('',*,*,#122530,.F.);
#122550=ORIENTED_EDGE('',*,*,#42240,.T.);
#122560=EDGE_LOOP('',(#122550,#122540,#122480,#122470));
#122570=FACE_OUTER_BOUND('',#122560,.T.);
#122580=ADVANCED_FACE('',(#122570),#122460,.F.);
#122590=COLOUR_RGB('',0.823529481887817,0.823529481887817,
0.784313797950745);
#122600=FILL_AREA_STYLE_COLOUR('',#122590);
#122610=FILL_AREA_STYLE('',(#122600));
#122620=SURFACE_STYLE_FILL_AREA(#122610);
#122630=SURFACE_SIDE_STYLE('',(#122620));
#122640=SURFACE_STYLE_USAGE(.BOTH.,#122630);
#122650=PRESENTATION_STYLE_ASSIGNMENT((#122640));
#122660=CARTESIAN_POINT('',(118.73890173317,-52.2751171901442,-1645.6));
#122670=DIRECTION('',(-1.,-0.,-0.));
#122680=DIRECTION('',(0.,0.,-1.));
#122690=AXIS2_PLACEMENT_3D('',#122660,#122670,#122680);
#122700=PLANE('',#122690);
#122710=ORIENTED_EDGE('',*,*,#122530,.T.);
#122720=ORIENTED_EDGE('',*,*,#24930,.T.);
#122730=CARTESIAN_POINT('',(118.73890173317,-52.2751171901442,-1645.6));
#122740=DIRECTION('',(0.,1.,0.));
#122750=VECTOR('',#122740,1.);
#122760=LINE('',#122730,#122750);
#122770=EDGE_CURVE('',#24820,#41990,#122760,.T.);
#122780=ORIENTED_EDGE('',*,*,#122770,.F.);
#122790=ORIENTED_EDGE('',*,*,#42000,.T.);
#122800=EDGE_LOOP('',(#122790,#122780,#122720,#122710));
#122810=FACE_OUTER_BOUND('',#122800,.T.);
#122820=ADVANCED_FACE('',(#122810),#122700,.F.);
#122830=COLOUR_RGB('',0.823529481887817,0.823529481887817,
0.784313797950745);
#122840=FILL_AREA_STYLE_COLOUR('',#122830);
#122850=FILL_AREA_STYLE('',(#122840));
#122860=SURFACE_STYLE_FILL_AREA(#122850);
#122870=SURFACE_SIDE_STYLE('',(#122860));
#122880=SURFACE_STYLE_USAGE(.BOTH.,#122870);
#122890=PRESENTATION_STYLE_ASSIGNMENT((#122880));
#122900=CARTESIAN_POINT('',(121.83890173317,-52.2751171901442,-1645.6));
#122910=DIRECTION('',(0.,1.,0.));
#122920=DIRECTION('',(0.,0.,-1.));
#122930=AXIS2_PLACEMENT_3D('',#122900,#122910,#122920);
#122940=CYLINDRICAL_SURFACE('',#122930,3.1);
#122950=ORIENTED_EDGE('',*,*,#122770,.T.);
#122960=ORIENTED_EDGE('',*,*,#24850,.F.);
#122970=ORIENTED_EDGE('',*,*,#122220,.F.);
#122980=ORIENTED_EDGE('',*,*,#42090,.T.);
#122990=EDGE_LOOP('',(#122980,#122970,#122960,#122950));
#123000=FACE_OUTER_BOUND('',#122990,.T.);
#123010=ADVANCED_FACE('',(#123000),#122940,.F.);
#123020=COLOUR_RGB('',0.823529481887817,0.823529481887817,
0.784313797950745);
#123030=FILL_AREA_STYLE_COLOUR('',#123020);
#123040=FILL_AREA_STYLE('',(#123030));
#123050=SURFACE_STYLE_FILL_AREA(#123040);
#123060=SURFACE_SIDE_STYLE('',(#123050));
#123070=SURFACE_STYLE_USAGE(.BOTH.,#123060);
#123080=PRESENTATION_STYLE_ASSIGNMENT((#123070));
#123090=CARTESIAN_POINT('',(124.93890173317,-52.2751171901442,-1704.4));
#123100=DIRECTION('',(1.,0.,-0.));
#123110=DIRECTION('',(0.,0.,1.));
#123120=AXIS2_PLACEMENT_3D('',#123090,#123100,#123110);
#123130=PLANE('',#123120);
#123140=CARTESIAN_POINT('',(124.93890173317,-52.2751171901442,-1695.6));
#123150=DIRECTION('',(0.,1.,0.));
#123160=VECTOR('',#123150,1.);
#123170=LINE('',#123140,#123160);
#123180=EDGE_CURVE('',#25360,#38730,#123170,.T.);
#123190=ORIENTED_EDGE('',*,*,#123180,.T.);
#123200=ORIENTED_EDGE('',*,*,#25370,.T.);
#123210=CARTESIAN_POINT('',(124.93890173317,-52.2751171901442,-1704.4));
#123220=DIRECTION('',(0.,1.,0.));
#123230=VECTOR('',#123220,1.);
#123240=LINE('',#123210,#123230);
#123250=EDGE_CURVE('',#25280,#38750,#123240,.T.);
#123260=ORIENTED_EDGE('',*,*,#123250,.F.);
#123270=ORIENTED_EDGE('',*,*,#38760,.T.);
#123280=EDGE_LOOP('',(#123270,#123260,#123200,#123190));
#123290=FACE_OUTER_BOUND('',#123280,.T.);
#123300=ADVANCED_FACE('',(#123290),#123130,.F.);
#123310=COLOUR_RGB('',0.823529481887817,0.823529481887817,
0.784313797950745);
#123320=FILL_AREA_STYLE_COLOUR('',#123310);
#123330=FILL_AREA_STYLE('',(#123320));
#123340=SURFACE_STYLE_FILL_AREA(#123330);
#123350=SURFACE_SIDE_STYLE('',(#123340));
#123360=SURFACE_STYLE_USAGE(.BOTH.,#123350);
#123370=PRESENTATION_STYLE_ASSIGNMENT((#123360));
#123380=CARTESIAN_POINT('',(121.83890173317,-52.2751171901442,-1704.4));
#123390=DIRECTION('',(0.,1.,0.));
#123400=DIRECTION('',(0.,0.,-1.));
#123410=AXIS2_PLACEMENT_3D('',#123380,#123390,#123400);
#123420=CYLINDRICAL_SURFACE('',#123410,3.1);
#123430=ORIENTED_EDGE('',*,*,#123250,.T.);
#123440=ORIENTED_EDGE('',*,*,#25290,.F.);
#123450=CARTESIAN_POINT('',(118.73890173317,-52.2751171901442,-1704.4));
#123460=DIRECTION('',(0.,1.,0.));
#123470=VECTOR('',#123460,1.);
#123480=LINE('',#123450,#123470);
#123490=EDGE_CURVE('',#25190,#38840,#123480,.T.);
#123500=ORIENTED_EDGE('',*,*,#123490,.F.);
#123510=ORIENTED_EDGE('',*,*,#38850,.T.);
#123520=EDGE_LOOP('',(#123510,#123500,#123440,#123430));
#123530=FACE_OUTER_BOUND('',#123520,.T.);
#123540=ADVANCED_FACE('',(#123530),#123420,.F.);
#123550=COLOUR_RGB('',0.823529481887817,0.823529481887817,
0.784313797950745);
#123560=FILL_AREA_STYLE_COLOUR('',#123550);
#123570=FILL_AREA_STYLE('',(#123560));
#123580=SURFACE_STYLE_FILL_AREA(#123570);
#123590=SURFACE_SIDE_STYLE('',(#123580));
#123600=SURFACE_STYLE_USAGE(.BOTH.,#123590);
#123610=PRESENTATION_STYLE_ASSIGNMENT((#123600));
#123620=CARTESIAN_POINT('',(118.73890173317,-52.2751171901442,-1695.6));
#123630=DIRECTION('',(-1.,-0.,-0.));
#123640=DIRECTION('',(0.,0.,-1.));
#123650=AXIS2_PLACEMENT_3D('',#123620,#123630,#123640);
#123660=PLANE('',#123650);
#123670=ORIENTED_EDGE('',*,*,#123490,.T.);
#123680=ORIENTED_EDGE('',*,*,#25200,.T.);
#123690=CARTESIAN_POINT('',(118.73890173317,-52.2751171901442,-1695.6));
#123700=DIRECTION('',(0.,1.,0.));
#123710=VECTOR('',#123700,1.);
#123720=LINE('',#123690,#123710);
#123730=EDGE_CURVE('',#25170,#38920,#123720,.T.);
#123740=ORIENTED_EDGE('',*,*,#123730,.F.);
#123750=ORIENTED_EDGE('',*,*,#38930,.T.);
#123760=EDGE_LOOP('',(#123750,#123740,#123680,#123670));
#123770=FACE_OUTER_BOUND('',#123760,.T.);
#123780=ADVANCED_FACE('',(#123770),#123660,.F.);
#123790=COLOUR_RGB('',0.823529481887817,0.823529481887817,
0.784313797950745);
#123800=FILL_AREA_STYLE_COLOUR('',#123790);
#123810=FILL_AREA_STYLE('',(#123800));
#123820=SURFACE_STYLE_FILL_AREA(#123810);
#123830=SURFACE_SIDE_STYLE('',(#123820));
#123840=SURFACE_STYLE_USAGE(.BOTH.,#123830);
#123850=PRESENTATION_STYLE_ASSIGNMENT((#123840));
#123860=CARTESIAN_POINT('',(121.83890173317,-52.2751171901442,-1695.6));
#123870=DIRECTION('',(0.,1.,0.));
#123880=DIRECTION('',(0.,0.,-1.));
#123890=AXIS2_PLACEMENT_3D('',#123860,#123870,#123880);
#123900=CYLINDRICAL_SURFACE('',#123890,3.1);
#123910=ORIENTED_EDGE('',*,*,#123730,.T.);
#123920=ORIENTED_EDGE('',*,*,#25440,.F.);
#123930=ORIENTED_EDGE('',*,*,#123180,.F.);
#123940=ORIENTED_EDGE('',*,*,#39000,.T.);
#123950=EDGE_LOOP('',(#123940,#123930,#123920,#123910));
#123960=FACE_OUTER_BOUND('',#123950,.T.);
#123970=ADVANCED_FACE('',(#123960),#123900,.F.);
#123980=COLOUR_RGB('',0.823529481887817,0.823529481887817,
0.784313797950745);
#123990=FILL_AREA_STYLE_COLOUR('',#123980);
#124000=FILL_AREA_STYLE('',(#123990));
#124010=SURFACE_STYLE_FILL_AREA(#124000);
#124020=SURFACE_SIDE_STYLE('',(#124010));
#124030=SURFACE_STYLE_USAGE(.BOTH.,#124020);
#124040=PRESENTATION_STYLE_ASSIGNMENT((#124030));
#124050=CARTESIAN_POINT('',(121.83890173317,-52.2751171901442,-1629.4));
#124060=DIRECTION('',(0.,1.,0.));
#124070=DIRECTION('',(0.,0.,-1.));
#124080=AXIS2_PLACEMENT_3D('',#124050,#124060,#124070);
#124090=CYLINDRICAL_SURFACE('',#124080,3.1);
#124100=CARTESIAN_POINT('',(124.93890173317,-52.2751171901442,-1629.4));
#124110=DIRECTION('',(0.,1.,0.));
#124120=VECTOR('',#124110,1.);
#124130=LINE('',#124100,#124120);
#124140=EDGE_CURVE('',#25540,#52880,#124130,.T.);
#124150=ORIENTED_EDGE('',*,*,#124140,.T.);
#124160=ORIENTED_EDGE('',*,*,#25570,.F.);
#124170=CARTESIAN_POINT('',(118.73890173317,-52.2751171901442,-1629.4));
#124180=DIRECTION('',(0.,1.,0.));
#124190=VECTOR('',#124180,1.);
#124200=LINE('',#124170,#124190);
#124210=EDGE_CURVE('',#25560,#52970,#124200,.T.);
#124220=ORIENTED_EDGE('',*,*,#124210,.F.);
#124230=ORIENTED_EDGE('',*,*,#52980,.T.);
#124240=EDGE_LOOP('',(#124230,#124220,#124160,#124150));
#124250=FACE_OUTER_BOUND('',#124240,.T.);
#124260=ADVANCED_FACE('',(#124250),#124090,.F.);
#124270=COLOUR_RGB('',0.823529481887817,0.823529481887817,
0.784313797950745);
#124280=FILL_AREA_STYLE_COLOUR('',#124270);
#124290=FILL_AREA_STYLE('',(#124280));
#124300=SURFACE_STYLE_FILL_AREA(#124290);
#124310=SURFACE_SIDE_STYLE('',(#124300));
#124320=SURFACE_STYLE_USAGE(.BOTH.,#124310);
#124330=PRESENTATION_STYLE_ASSIGNMENT((#124320));
#124340=CARTESIAN_POINT('',(124.93890173317,-52.2751171901442,-1629.4));
#124350=DIRECTION('',(1.,0.,-0.));
#124360=DIRECTION('',(0.,0.,1.));
#124370=AXIS2_PLACEMENT_3D('',#124340,#124350,#124360);
#124380=PLANE('',#124370);
#124390=CARTESIAN_POINT('',(124.93890173317,-52.2751171901442,-1620.6));
#124400=DIRECTION('',(0.,1.,0.));
#124410=VECTOR('',#124400,1.);
#124420=LINE('',#124390,#124410);
#124430=EDGE_CURVE('',#25640,#52800,#124420,.T.);
#124440=ORIENTED_EDGE('',*,*,#124430,.T.);
#124450=ORIENTED_EDGE('',*,*,#25650,.T.);
#124460=ORIENTED_EDGE('',*,*,#124140,.F.);
#124470=ORIENTED_EDGE('',*,*,#52890,.T.);
#124480=EDGE_LOOP('',(#124470,#124460,#124450,#124440));
#124490=FACE_OUTER_BOUND('',#124480,.T.);
#124500=ADVANCED_FACE('',(#124490),#124380,.F.);
#124510=COLOUR_RGB('',0.823529481887817,0.823529481887817,
0.784313797950745);
#124520=FILL_AREA_STYLE_COLOUR('',#124510);
#124530=FILL_AREA_STYLE('',(#124520));
#124540=SURFACE_STYLE_FILL_AREA(#124530);
#124550=SURFACE_SIDE_STYLE('',(#124540));
#124560=SURFACE_STYLE_USAGE(.BOTH.,#124550);
#124570=PRESENTATION_STYLE_ASSIGNMENT((#124560));
#124580=CARTESIAN_POINT('',(121.83890173317,-52.2751171901442,-1620.6));
#124590=DIRECTION('',(0.,1.,0.));
#124600=DIRECTION('',(0.,0.,-1.));
#124610=AXIS2_PLACEMENT_3D('',#124580,#124590,#124600);
#124620=CYLINDRICAL_SURFACE('',#124610,3.1);
#124630=CARTESIAN_POINT('',(118.73890173317,-52.2751171901442,-1620.6));
#124640=DIRECTION('',(0.,1.,0.));
#124650=VECTOR('',#124640,1.);
#124660=LINE('',#124630,#124650);
#124670=EDGE_CURVE('',#25730,#52780,#124660,.T.);
#124680=ORIENTED_EDGE('',*,*,#124670,.T.);
#124690=ORIENTED_EDGE('',*,*,#25740,.F.);
#124700=ORIENTED_EDGE('',*,*,#124430,.F.);
#124710=ORIENTED_EDGE('',*,*,#52810,.T.);
#124720=EDGE_LOOP('',(#124710,#124700,#124690,#124680));
#124730=FACE_OUTER_BOUND('',#124720,.T.);
#124740=ADVANCED_FACE('',(#124730),#124620,.F.);
#124750=COLOUR_RGB('',0.823529481887817,0.823529481887817,
0.784313797950745);
#124760=FILL_AREA_STYLE_COLOUR('',#124750);
#124770=FILL_AREA_STYLE('',(#124760));
#124780=SURFACE_STYLE_FILL_AREA(#124770);
#124790=SURFACE_SIDE_STYLE('',(#124780));
#124800=SURFACE_STYLE_USAGE(.BOTH.,#124790);
#124810=PRESENTATION_STYLE_ASSIGNMENT((#124800));
#124820=CARTESIAN_POINT('',(118.73890173317,-52.2751171901442,-1620.6));
#124830=DIRECTION('',(-1.,-0.,-0.));
#124840=DIRECTION('',(0.,0.,-1.));
#124850=AXIS2_PLACEMENT_3D('',#124820,#124830,#124840);
#124860=PLANE('',#124850);
#124870=ORIENTED_EDGE('',*,*,#124210,.T.);
#124880=ORIENTED_EDGE('',*,*,#25800,.T.);
#124890=ORIENTED_EDGE('',*,*,#124670,.F.);
#124900=ORIENTED_EDGE('',*,*,#53040,.T.);
#124910=EDGE_LOOP('',(#124900,#124890,#124880,#124870));
#124920=FACE_OUTER_BOUND('',#124910,.T.);
#124930=ADVANCED_FACE('',(#124920),#124860,.F.);
#124940=COLOUR_RGB('',0.823529481887817,0.823529481887817,
0.784313797950745);
#124950=FILL_AREA_STYLE_COLOUR('',#124940);
#124960=FILL_AREA_STYLE('',(#124950));
#124970=SURFACE_STYLE_FILL_AREA(#124960);
#124980=SURFACE_SIDE_STYLE('',(#124970));
#124990=SURFACE_STYLE_USAGE(.BOTH.,#124980);
#125000=PRESENTATION_STYLE_ASSIGNMENT((#124990));
#125010=CARTESIAN_POINT('',(124.93890173317,-52.2751171901442,-854.4));
#125020=DIRECTION('',(1.,0.,-0.));
#125030=DIRECTION('',(0.,0.,1.));
#125040=AXIS2_PLACEMENT_3D('',#125010,#125020,#125030);
#125050=PLANE('',#125040);
#125060=CARTESIAN_POINT('',(124.93890173317,-52.2751171901442,-845.6));
#125070=DIRECTION('',(0.,1.,0.));
#125080=VECTOR('',#125070,1.);
#125090=LINE('',#125060,#125080);
#125100=EDGE_CURVE('',#26080,#40530,#125090,.T.);
#125110=ORIENTED_EDGE('',*,*,#125100,.T.);
#125120=ORIENTED_EDGE('',*,*,#26090,.T.);
#125130=CARTESIAN_POINT('',(124.93890173317,-52.2751171901442,-854.4));
#125140=DIRECTION('',(0.,1.,0.));
#125150=VECTOR('',#125140,1.);
#125160=LINE('',#125130,#125150);
#125170=EDGE_CURVE('',#26000,#40550,#125160,.T.);
#125180=ORIENTED_EDGE('',*,*,#125170,.F.);
#125190=ORIENTED_EDGE('',*,*,#40560,.T.);
#125200=EDGE_LOOP('',(#125190,#125180,#125120,#125110));
#125210=FACE_OUTER_BOUND('',#125200,.T.);
#125220=ADVANCED_FACE('',(#125210),#125050,.F.);
#125230=COLOUR_RGB('',0.823529481887817,0.823529481887817,
0.784313797950745);
#125240=FILL_AREA_STYLE_COLOUR('',#125230);
#125250=FILL_AREA_STYLE('',(#125240));
#125260=SURFACE_STYLE_FILL_AREA(#125250);
#125270=SURFACE_SIDE_STYLE('',(#125260));
#125280=SURFACE_STYLE_USAGE(.BOTH.,#125270);
#125290=PRESENTATION_STYLE_ASSIGNMENT((#125280));
#125300=CARTESIAN_POINT('',(121.83890173317,-52.2751171901442,-854.4));
#125310=DIRECTION('',(0.,1.,0.));
#125320=DIRECTION('',(0.,0.,-1.));
#125330=AXIS2_PLACEMENT_3D('',#125300,#125310,#125320);
#125340=CYLINDRICAL_SURFACE('',#125330,3.1);
#125350=ORIENTED_EDGE('',*,*,#125170,.T.);
#125360=ORIENTED_EDGE('',*,*,#26010,.F.);
#125370=CARTESIAN_POINT('',(118.73890173317,-52.2751171901442,-854.4));
#125380=DIRECTION('',(0.,1.,0.));
#125390=VECTOR('',#125380,1.);
#125400=LINE('',#125370,#125390);
#125410=EDGE_CURVE('',#25910,#40640,#125400,.T.);
#125420=ORIENTED_EDGE('',*,*,#125410,.F.);
#125430=ORIENTED_EDGE('',*,*,#40650,.T.);
#125440=EDGE_LOOP('',(#125430,#125420,#125360,#125350));
#125450=FACE_OUTER_BOUND('',#125440,.T.);
#125460=ADVANCED_FACE('',(#125450),#125340,.F.);
#125470=COLOUR_RGB('',0.823529481887817,0.823529481887817,
0.784313797950745);
#125480=FILL_AREA_STYLE_COLOUR('',#125470);
#125490=FILL_AREA_STYLE('',(#125480));
#125500=SURFACE_STYLE_FILL_AREA(#125490);
#125510=SURFACE_SIDE_STYLE('',(#125500));
#125520=SURFACE_STYLE_USAGE(.BOTH.,#125510);
#125530=PRESENTATION_STYLE_ASSIGNMENT((#125520));
#125540=CARTESIAN_POINT('',(118.73890173317,-52.2751171901442,-845.6));
#125550=DIRECTION('',(-1.,-0.,-0.));
#125560=DIRECTION('',(0.,0.,-1.));
#125570=AXIS2_PLACEMENT_3D('',#125540,#125550,#125560);
#125580=PLANE('',#125570);
#125590=ORIENTED_EDGE('',*,*,#125410,.T.);
#125600=ORIENTED_EDGE('',*,*,#25920,.T.);
#125610=CARTESIAN_POINT('',(118.73890173317,-52.2751171901442,-845.6));
#125620=DIRECTION('',(0.,1.,0.));
#125630=VECTOR('',#125620,1.);
#125640=LINE('',#125610,#125630);
#125650=EDGE_CURVE('',#25890,#40720,#125640,.T.);
#125660=ORIENTED_EDGE('',*,*,#125650,.F.);
#125670=ORIENTED_EDGE('',*,*,#40730,.T.);
#125680=EDGE_LOOP('',(#125670,#125660,#125600,#125590));
#125690=FACE_OUTER_BOUND('',#125680,.T.);
#125700=ADVANCED_FACE('',(#125690),#125580,.F.);
#125710=COLOUR_RGB('',0.823529481887817,0.823529481887817,
0.784313797950745);
#125720=FILL_AREA_STYLE_COLOUR('',#125710);
#125730=FILL_AREA_STYLE('',(#125720));
#125740=SURFACE_STYLE_FILL_AREA(#125730);
#125750=SURFACE_SIDE_STYLE('',(#125740));
#125760=SURFACE_STYLE_USAGE(.BOTH.,#125750);
#125770=PRESENTATION_STYLE_ASSIGNMENT((#125760));
#125780=CARTESIAN_POINT('',(121.83890173317,-52.2751171901442,-845.6));
#125790=DIRECTION('',(0.,1.,0.));
#125800=DIRECTION('',(0.,0.,-1.));
#125810=AXIS2_PLACEMENT_3D('',#125780,#125790,#125800);
#125820=CYLINDRICAL_SURFACE('',#125810,3.1);
#125830=ORIENTED_EDGE('',*,*,#125650,.T.);
#125840=ORIENTED_EDGE('',*,*,#26160,.F.);
#125850=ORIENTED_EDGE('',*,*,#125100,.F.);
#125860=ORIENTED_EDGE('',*,*,#40800,.T.);
#125870=EDGE_LOOP('',(#125860,#125850,#125840,#125830));
#125880=FACE_OUTER_BOUND('',#125870,.T.);
#125890=ADVANCED_FACE('',(#125880),#125820,.F.);
#125900=COLOUR_RGB('',0.823529481887817,0.823529481887817,
0.784313797950745);
#125910=FILL_AREA_STYLE_COLOUR('',#125900);
#125920=FILL_AREA_STYLE('',(#125910));
#125930=SURFACE_STYLE_FILL_AREA(#125920);
#125940=SURFACE_SIDE_STYLE('',(#125930));
#125950=SURFACE_STYLE_USAGE(.BOTH.,#125940);
#125960=PRESENTATION_STYLE_ASSIGNMENT((#125950));
#125970=CARTESIAN_POINT('',(124.93890173317,-52.2751171901442,-1554.4));
#125980=DIRECTION('',(1.,0.,-0.));
#125990=DIRECTION('',(0.,0.,1.));
#126000=AXIS2_PLACEMENT_3D('',#125970,#125980,#125990);
#126010=PLANE('',#126000);
#126020=CARTESIAN_POINT('',(124.93890173317,-52.2751171901442,-1545.6));
#126030=DIRECTION('',(0.,1.,0.));
#126040=VECTOR('',#126030,1.);
#126050=LINE('',#126020,#126040);
#126060=EDGE_CURVE('',#26440,#53490,#126050,.T.);
#126070=ORIENTED_EDGE('',*,*,#126060,.T.);
#126080=ORIENTED_EDGE('',*,*,#26450,.T.);
#126090=CARTESIAN_POINT('',(124.93890173317,-52.2751171901442,-1554.4));
#126100=DIRECTION('',(0.,1.,0.));
#126110=VECTOR('',#126100,1.);
#126120=LINE('',#126090,#126110);
#126130=EDGE_CURVE('',#26360,#53510,#126120,.T.);
#126140=ORIENTED_EDGE('',*,*,#126130,.F.);
#126150=ORIENTED_EDGE('',*,*,#53520,.T.);
#126160=EDGE_LOOP('',(#126150,#126140,#126080,#126070));
#126170=FACE_OUTER_BOUND('',#126160,.T.);
#126180=ADVANCED_FACE('',(#126170),#126010,.F.);
#126190=COLOUR_RGB('',0.823529481887817,0.823529481887817,
0.784313797950745);
#126200=FILL_AREA_STYLE_COLOUR('',#126190);
#126210=FILL_AREA_STYLE('',(#126200));
#126220=SURFACE_STYLE_FILL_AREA(#126210);
#126230=SURFACE_SIDE_STYLE('',(#126220));
#126240=SURFACE_STYLE_USAGE(.BOTH.,#126230);
#126250=PRESENTATION_STYLE_ASSIGNMENT((#126240));
#126260=CARTESIAN_POINT('',(121.83890173317,-52.2751171901442,-1554.4));
#126270=DIRECTION('',(0.,1.,0.));
#126280=DIRECTION('',(0.,0.,-1.));
#126290=AXIS2_PLACEMENT_3D('',#126260,#126270,#126280);
#126300=CYLINDRICAL_SURFACE('',#126290,3.1);
#126310=ORIENTED_EDGE('',*,*,#126130,.T.);
#126320=ORIENTED_EDGE('',*,*,#26370,.F.);
#126330=CARTESIAN_POINT('',(118.73890173317,-52.2751171901442,-1554.4));
#126340=DIRECTION('',(0.,1.,0.));
#126350=VECTOR('',#126340,1.);
#126360=LINE('',#126330,#126350);
#126370=EDGE_CURVE('',#26270,#53600,#126360,.T.);
#126380=ORIENTED_EDGE('',*,*,#126370,.F.);
#126390=ORIENTED_EDGE('',*,*,#53610,.T.);
#126400=EDGE_LOOP('',(#126390,#126380,#126320,#126310));
#126410=FACE_OUTER_BOUND('',#126400,.T.);
#126420=ADVANCED_FACE('',(#126410),#126300,.F.);
#126430=COLOUR_RGB('',0.823529481887817,0.823529481887817,
0.784313797950745);
#126440=FILL_AREA_STYLE_COLOUR('',#126430);
#126450=FILL_AREA_STYLE('',(#126440));
#126460=SURFACE_STYLE_FILL_AREA(#126450);
#126470=SURFACE_SIDE_STYLE('',(#126460));
#126480=SURFACE_STYLE_USAGE(.BOTH.,#126470);
#126490=PRESENTATION_STYLE_ASSIGNMENT((#126480));
#126500=CARTESIAN_POINT('',(118.73890173317,-52.2751171901442,-1545.6));
#126510=DIRECTION('',(-1.,-0.,-0.));
#126520=DIRECTION('',(0.,0.,-1.));
#126530=AXIS2_PLACEMENT_3D('',#126500,#126510,#126520);
#126540=PLANE('',#126530);
#126550=ORIENTED_EDGE('',*,*,#126370,.T.);
#126560=ORIENTED_EDGE('',*,*,#26280,.T.);
#126570=CARTESIAN_POINT('',(118.73890173317,-52.2751171901442,-1545.6));
#126580=DIRECTION('',(0.,1.,0.));
#126590=VECTOR('',#126580,1.);
#126600=LINE('',#126570,#126590);
#126610=EDGE_CURVE('',#26250,#53680,#126600,.T.);
#126620=ORIENTED_EDGE('',*,*,#126610,.F.);
#126630=ORIENTED_EDGE('',*,*,#53690,.T.);
#126640=EDGE_LOOP('',(#126630,#126620,#126560,#126550));
#126650=FACE_OUTER_BOUND('',#126640,.T.);
#126660=ADVANCED_FACE('',(#126650),#126540,.F.);
#126670=COLOUR_RGB('',0.823529481887817,0.823529481887817,
0.784313797950745);
#126680=FILL_AREA_STYLE_COLOUR('',#126670);
#126690=FILL_AREA_STYLE('',(#126680));
#126700=SURFACE_STYLE_FILL_AREA(#126690);
#126710=SURFACE_SIDE_STYLE('',(#126700));
#126720=SURFACE_STYLE_USAGE(.BOTH.,#126710);
#126730=PRESENTATION_STYLE_ASSIGNMENT((#126720));
#126740=CARTESIAN_POINT('',(121.83890173317,-52.2751171901442,-1545.6));
#126750=DIRECTION('',(0.,1.,0.));
#126760=DIRECTION('',(0.,0.,-1.));
#126770=AXIS2_PLACEMENT_3D('',#126740,#126750,#126760);
#126780=CYLINDRICAL_SURFACE('',#126770,3.1);
#126790=ORIENTED_EDGE('',*,*,#126610,.T.);
#126800=ORIENTED_EDGE('',*,*,#26520,.F.);
#126810=ORIENTED_EDGE('',*,*,#126060,.F.);
#126820=ORIENTED_EDGE('',*,*,#53760,.T.);
#126830=EDGE_LOOP('',(#126820,#126810,#126800,#126790));
#126840=FACE_OUTER_BOUND('',#126830,.T.);
#126850=ADVANCED_FACE('',(#126840),#126780,.F.);
#126860=COLOUR_RGB('',0.823529481887817,0.823529481887817,
0.784313797950745);
#126870=FILL_AREA_STYLE_COLOUR('',#126860);
#126880=FILL_AREA_STYLE('',(#126870));
#126890=SURFACE_STYLE_FILL_AREA(#126880);
#126900=SURFACE_SIDE_STYLE('',(#126890));
#126910=SURFACE_STYLE_USAGE(.BOTH.,#126900);
#126920=PRESENTATION_STYLE_ASSIGNMENT((#126910));
#126930=CARTESIAN_POINT('',(121.83890173317,-52.2751171901442,-1779.4));
#126940=DIRECTION('',(0.,1.,0.));
#126950=DIRECTION('',(0.,0.,-1.));
#126960=AXIS2_PLACEMENT_3D('',#126930,#126940,#126950);
#126970=CYLINDRICAL_SURFACE('',#126960,3.1);
#126980=CARTESIAN_POINT('',(124.93890173317,-52.2751171901442,-1779.4));
#126990=DIRECTION('',(0.,1.,0.));
#127000=VECTOR('',#126990,1.);
#127010=LINE('',#126980,#127000);
#127020=EDGE_CURVE('',#26620,#41260,#127010,.T.);
#127030=ORIENTED_EDGE('',*,*,#127020,.T.);
#127040=ORIENTED_EDGE('',*,*,#26650,.F.);
#127050=CARTESIAN_POINT('',(118.73890173317,-52.2751171901442,-1779.4));
#127060=DIRECTION('',(0.,1.,0.));
#127070=VECTOR('',#127060,1.);
#127080=LINE('',#127050,#127070);
#127090=EDGE_CURVE('',#26640,#41280,#127080,.T.);
#127100=ORIENTED_EDGE('',*,*,#127090,.F.);
#127110=ORIENTED_EDGE('',*,*,#41290,.T.);
#127120=EDGE_LOOP('',(#127110,#127100,#127040,#127030));
#127130=FACE_OUTER_BOUND('',#127120,.T.);
#127140=ADVANCED_FACE('',(#127130),#126970,.F.);
#127150=COLOUR_RGB('',0.823529481887817,0.823529481887817,
0.784313797950745);
#127160=FILL_AREA_STYLE_COLOUR('',#127150);
#127170=FILL_AREA_STYLE('',(#127160));
#127180=SURFACE_STYLE_FILL_AREA(#127170);
#127190=SURFACE_SIDE_STYLE('',(#127180));
#127200=SURFACE_STYLE_USAGE(.BOTH.,#127190);
#127210=PRESENTATION_STYLE_ASSIGNMENT((#127200));
#127220=CARTESIAN_POINT('',(124.93890173317,-52.2751171901442,-1779.4));
#127230=DIRECTION('',(1.,0.,-0.));
#127240=DIRECTION('',(0.,0.,1.));
#127250=AXIS2_PLACEMENT_3D('',#127220,#127230,#127240);
#127260=PLANE('',#127250);
#127270=CARTESIAN_POINT('',(124.93890173317,-52.2751171901442,-1770.6));
#127280=DIRECTION('',(0.,1.,0.));
#127290=VECTOR('',#127280,1.);
#127300=LINE('',#127270,#127290);
#127310=EDGE_CURVE('',#26720,#41450,#127300,.T.);
#127320=ORIENTED_EDGE('',*,*,#127310,.T.);
#127330=ORIENTED_EDGE('',*,*,#26730,.T.);
#127340=ORIENTED_EDGE('',*,*,#127020,.F.);
#127350=ORIENTED_EDGE('',*,*,#41520,.T.);
#127360=EDGE_LOOP('',(#127350,#127340,#127330,#127320));
#127370=FACE_OUTER_BOUND('',#127360,.T.);
#127380=ADVANCED_FACE('',(#127370),#127260,.F.);
#127390=COLOUR_RGB('',0.823529481887817,0.823529481887817,
0.784313797950745);
#127400=FILL_AREA_STYLE_COLOUR('',#127390);
#127410=FILL_AREA_STYLE('',(#127400));
#127420=SURFACE_STYLE_FILL_AREA(#127410);
#127430=SURFACE_SIDE_STYLE('',(#127420));
#127440=SURFACE_STYLE_USAGE(.BOTH.,#127430);
#127450=PRESENTATION_STYLE_ASSIGNMENT((#127440));
#127460=CARTESIAN_POINT('',(121.83890173317,-52.2751171901442,-1770.6));
#127470=DIRECTION('',(0.,1.,0.));
#127480=DIRECTION('',(0.,0.,-1.));
#127490=AXIS2_PLACEMENT_3D('',#127460,#127470,#127480);
#127500=CYLINDRICAL_SURFACE('',#127490,3.1);
#127510=CARTESIAN_POINT('',(118.73890173317,-52.2751171901442,-1770.6));
#127520=DIRECTION('',(0.,1.,0.));
#127530=VECTOR('',#127520,1.);
#127540=LINE('',#127510,#127530);
#127550=EDGE_CURVE('',#26810,#41360,#127540,.T.);
#127560=ORIENTED_EDGE('',*,*,#127550,.T.);
#127570=ORIENTED_EDGE('',*,*,#26820,.F.);
#127580=ORIENTED_EDGE('',*,*,#127310,.F.);
#127590=ORIENTED_EDGE('',*,*,#41460,.T.);
#127600=EDGE_LOOP('',(#127590,#127580,#127570,#127560));
#127610=FACE_OUTER_BOUND('',#127600,.T.);
#127620=ADVANCED_FACE('',(#127610),#127500,.F.);
#127630=COLOUR_RGB('',0.823529481887817,0.823529481887817,
0.784313797950745);
#127640=FILL_AREA_STYLE_COLOUR('',#127630);
#127650=FILL_AREA_STYLE('',(#127640));
#127660=SURFACE_STYLE_FILL_AREA(#127650);
#127670=SURFACE_SIDE_STYLE('',(#127660));
#127680=SURFACE_STYLE_USAGE(.BOTH.,#127670);
#127690=PRESENTATION_STYLE_ASSIGNMENT((#127680));
#127700=CARTESIAN_POINT('',(118.73890173317,-52.2751171901442,-1770.6));
#127710=DIRECTION('',(-1.,-0.,-0.));
#127720=DIRECTION('',(0.,0.,-1.));
#127730=AXIS2_PLACEMENT_3D('',#127700,#127710,#127720);
#127740=PLANE('',#127730);
#127750=ORIENTED_EDGE('',*,*,#127090,.T.);
#127760=ORIENTED_EDGE('',*,*,#26880,.T.);
#127770=ORIENTED_EDGE('',*,*,#127550,.F.);
#127780=ORIENTED_EDGE('',*,*,#41370,.T.);
#127790=EDGE_LOOP('',(#127780,#127770,#127760,#127750));
#127800=FACE_OUTER_BOUND('',#127790,.T.);
#127810=ADVANCED_FACE('',(#127800),#127740,.F.);
#127820=COLOUR_RGB('',0.823529481887817,0.823529481887817,
0.784313797950745);
#127830=FILL_AREA_STYLE_COLOUR('',#127820);
#127840=FILL_AREA_STYLE('',(#127830));
#127850=SURFACE_STYLE_FILL_AREA(#127840);
#127860=SURFACE_SIDE_STYLE('',(#127850));
#127870=SURFACE_STYLE_USAGE(.BOTH.,#127860);
#127880=PRESENTATION_STYLE_ASSIGNMENT((#127870));
#127890=CARTESIAN_POINT('',(124.93890173317,-52.2751171901442,-1479.4));
#127900=DIRECTION('',(1.,0.,-0.));
#127910=DIRECTION('',(0.,0.,1.));
#127920=AXIS2_PLACEMENT_3D('',#127890,#127900,#127910);
#127930=PLANE('',#127920);
#127940=CARTESIAN_POINT('',(124.93890173317,-52.2751171901442,-1470.6));
#127950=DIRECTION('',(0.,1.,0.));
#127960=VECTOR('',#127950,1.);
#127970=LINE('',#127940,#127960);
#127980=EDGE_CURVE('',#27000,#44240,#127970,.T.);
#127990=ORIENTED_EDGE('',*,*,#127980,.T.);
#128000=ORIENTED_EDGE('',*,*,#27240,.T.);
#128010=CARTESIAN_POINT('',(124.93890173317,-52.2751171901442,-1479.4));
#128020=DIRECTION('',(0.,1.,0.));
#128030=VECTOR('',#128020,1.);
#128040=LINE('',#128010,#128030);
#128050=EDGE_CURVE('',#27170,#44320,#128040,.T.);
#128060=ORIENTED_EDGE('',*,*,#128050,.F.);
#128070=ORIENTED_EDGE('',*,*,#44330,.T.);
#128080=EDGE_LOOP('',(#128070,#128060,#128000,#127990));
#128090=FACE_OUTER_BOUND('',#128080,.T.);
#128100=ADVANCED_FACE('',(#128090),#127930,.F.);
#128110=COLOUR_RGB('',0.823529481887817,0.823529481887817,
0.784313797950745);
#128120=FILL_AREA_STYLE_COLOUR('',#128110);
#128130=FILL_AREA_STYLE('',(#128120));
#128140=SURFACE_STYLE_FILL_AREA(#128130);
#128150=SURFACE_SIDE_STYLE('',(#128140));
#128160=SURFACE_STYLE_USAGE(.BOTH.,#128150);
#128170=PRESENTATION_STYLE_ASSIGNMENT((#128160));
#128180=CARTESIAN_POINT('',(121.83890173317,-52.2751171901442,-1479.4));
#128190=DIRECTION('',(0.,1.,0.));
#128200=DIRECTION('',(0.,0.,-1.));
#128210=AXIS2_PLACEMENT_3D('',#128180,#128190,#128200);
#128220=CYLINDRICAL_SURFACE('',#128210,3.1);
#128230=ORIENTED_EDGE('',*,*,#128050,.T.);
#128240=ORIENTED_EDGE('',*,*,#27180,.F.);
#128250=CARTESIAN_POINT('',(118.73890173317,-52.2751171901442,-1479.4));
#128260=DIRECTION('',(0.,1.,0.));
#128270=VECTOR('',#128260,1.);
#128280=LINE('',#128250,#128270);
#128290=EDGE_CURVE('',#27080,#44130,#128280,.T.);
#128300=ORIENTED_EDGE('',*,*,#128290,.F.);
#128310=ORIENTED_EDGE('',*,*,#44400,.T.);
#128320=EDGE_LOOP('',(#128310,#128300,#128240,#128230));
#128330=FACE_OUTER_BOUND('',#128320,.T.);
#128340=ADVANCED_FACE('',(#128330),#128220,.F.);
#128350=COLOUR_RGB('',0.823529481887817,0.823529481887817,
0.784313797950745);
#128360=FILL_AREA_STYLE_COLOUR('',#128350);
#128370=FILL_AREA_STYLE('',(#128360));
#128380=SURFACE_STYLE_FILL_AREA(#128370);
#128390=SURFACE_SIDE_STYLE('',(#128380));
#128400=SURFACE_STYLE_USAGE(.BOTH.,#128390);
#128410=PRESENTATION_STYLE_ASSIGNMENT((#128400));
#128420=CARTESIAN_POINT('',(118.73890173317,-52.2751171901442,-1470.6));
#128430=DIRECTION('',(-1.,-0.,-0.));
#128440=DIRECTION('',(0.,0.,-1.));
#128450=AXIS2_PLACEMENT_3D('',#128420,#128430,#128440);
#128460=PLANE('',#128450);
#128470=ORIENTED_EDGE('',*,*,#128290,.T.);
#128480=ORIENTED_EDGE('',*,*,#27090,.T.);
#128490=CARTESIAN_POINT('',(118.73890173317,-52.2751171901442,-1470.6));
#128500=DIRECTION('',(0.,1.,0.));
#128510=VECTOR('',#128500,1.);
#128520=LINE('',#128490,#128510);
#128530=EDGE_CURVE('',#26980,#44150,#128520,.T.);
#128540=ORIENTED_EDGE('',*,*,#128530,.F.);
#128550=ORIENTED_EDGE('',*,*,#44160,.T.);
#128560=EDGE_LOOP('',(#128550,#128540,#128480,#128470));
#128570=FACE_OUTER_BOUND('',#128560,.T.);
#128580=ADVANCED_FACE('',(#128570),#128460,.F.);
#128590=COLOUR_RGB('',0.823529481887817,0.823529481887817,
0.784313797950745);
#128600=FILL_AREA_STYLE_COLOUR('',#128590);
#128610=FILL_AREA_STYLE('',(#128600));
#128620=SURFACE_STYLE_FILL_AREA(#128610);
#128630=SURFACE_SIDE_STYLE('',(#128620));
#128640=SURFACE_STYLE_USAGE(.BOTH.,#128630);
#128650=PRESENTATION_STYLE_ASSIGNMENT((#128640));
#128660=CARTESIAN_POINT('',(121.83890173317,-52.2751171901442,-1470.6));
#128670=DIRECTION('',(0.,1.,0.));
#128680=DIRECTION('',(0.,0.,-1.));
#128690=AXIS2_PLACEMENT_3D('',#128660,#128670,#128680);
#128700=CYLINDRICAL_SURFACE('',#128690,3.1);
#128710=ORIENTED_EDGE('',*,*,#128530,.T.);
#128720=ORIENTED_EDGE('',*,*,#27010,.F.);
#128730=ORIENTED_EDGE('',*,*,#127980,.F.);
#128740=ORIENTED_EDGE('',*,*,#44250,.T.);
#128750=EDGE_LOOP('',(#128740,#128730,#128720,#128710));
#128760=FACE_OUTER_BOUND('',#128750,.T.);
#128770=ADVANCED_FACE('',(#128760),#128700,.F.);
#128780=COLOUR_RGB('',0.823529481887817,0.823529481887817,
0.784313797950745);
#128790=FILL_AREA_STYLE_COLOUR('',#128780);
#128800=FILL_AREA_STYLE('',(#128790));
#128810=SURFACE_STYLE_FILL_AREA(#128800);
#128820=SURFACE_SIDE_STYLE('',(#128810));
#128830=SURFACE_STYLE_USAGE(.BOTH.,#128820);
#128840=PRESENTATION_STYLE_ASSIGNMENT((#128830));
#128850=CARTESIAN_POINT('',(124.93890173317,-52.2751171901442,-729.4));
#128860=DIRECTION('',(1.,0.,-0.));
#128870=DIRECTION('',(0.,0.,1.));
#128880=AXIS2_PLACEMENT_3D('',#128850,#128860,#128870);
#128890=PLANE('',#128880);
#128900=CARTESIAN_POINT('',(124.93890173317,-52.2751171901442,-720.6));
#128910=DIRECTION('',(0.,1.,0.));
#128920=VECTOR('',#128910,1.);
#128930=LINE('',#128900,#128920);
#128940=EDGE_CURVE('',#27520,#42690,#128930,.T.);
#128950=ORIENTED_EDGE('',*,*,#128940,.T.);
#128960=ORIENTED_EDGE('',*,*,#27530,.T.);
#128970=CARTESIAN_POINT('',(124.93890173317,-52.2751171901442,-729.4));
#128980=DIRECTION('',(0.,1.,0.));
#128990=VECTOR('',#128980,1.);
#129000=LINE('',#128970,#128990);
#129010=EDGE_CURVE('',#27440,#42710,#129000,.T.);
#129020=ORIENTED_EDGE('',*,*,#129010,.F.);
#129030=ORIENTED_EDGE('',*,*,#42720,.T.);
#129040=EDGE_LOOP('',(#129030,#129020,#128960,#128950));
#129050=FACE_OUTER_BOUND('',#129040,.T.);
#129060=ADVANCED_FACE('',(#129050),#128890,.F.);
#129070=COLOUR_RGB('',0.823529481887817,0.823529481887817,
0.784313797950745);
#129080=FILL_AREA_STYLE_COLOUR('',#129070);
#129090=FILL_AREA_STYLE('',(#129080));
#129100=SURFACE_STYLE_FILL_AREA(#129090);
#129110=SURFACE_SIDE_STYLE('',(#129100));
#129120=SURFACE_STYLE_USAGE(.BOTH.,#129110);
#129130=PRESENTATION_STYLE_ASSIGNMENT((#129120));
#129140=CARTESIAN_POINT('',(121.83890173317,-52.2751171901442,-729.4));
#129150=DIRECTION('',(0.,1.,0.));
#129160=DIRECTION('',(0.,0.,-1.));
#129170=AXIS2_PLACEMENT_3D('',#129140,#129150,#129160);
#129180=CYLINDRICAL_SURFACE('',#129170,3.1);
#129190=ORIENTED_EDGE('',*,*,#129010,.T.);
#129200=ORIENTED_EDGE('',*,*,#27450,.F.);
#129210=CARTESIAN_POINT('',(118.73890173317,-52.2751171901442,-729.4));
#129220=DIRECTION('',(0.,1.,0.));
#129230=VECTOR('',#129220,1.);
#129240=LINE('',#129210,#129230);
#129250=EDGE_CURVE('',#27350,#42800,#129240,.T.);
#129260=ORIENTED_EDGE('',*,*,#129250,.F.);
#129270=ORIENTED_EDGE('',*,*,#42810,.T.);
#129280=EDGE_LOOP('',(#129270,#129260,#129200,#129190));
#129290=FACE_OUTER_BOUND('',#129280,.T.);
#129300=ADVANCED_FACE('',(#129290),#129180,.F.);
#129310=COLOUR_RGB('',0.823529481887817,0.823529481887817,
0.784313797950745);
#129320=FILL_AREA_STYLE_COLOUR('',#129310);
#129330=FILL_AREA_STYLE('',(#129320));
#129340=SURFACE_STYLE_FILL_AREA(#129330);
#129350=SURFACE_SIDE_STYLE('',(#129340));
#129360=SURFACE_STYLE_USAGE(.BOTH.,#129350);
#129370=PRESENTATION_STYLE_ASSIGNMENT((#129360));
#129380=CARTESIAN_POINT('',(118.73890173317,-52.2751171901442,-720.6));
#129390=DIRECTION('',(-1.,-0.,-0.));
#129400=DIRECTION('',(0.,0.,-1.));
#129410=AXIS2_PLACEMENT_3D('',#129380,#129390,#129400);
#129420=PLANE('',#129410);
#129430=ORIENTED_EDGE('',*,*,#129250,.T.);
#129440=ORIENTED_EDGE('',*,*,#27360,.T.);
#129450=CARTESIAN_POINT('',(118.73890173317,-52.2751171901442,-720.6));
#129460=DIRECTION('',(0.,1.,0.));
#129470=VECTOR('',#129460,1.);
#129480=LINE('',#129450,#129470);
#129490=EDGE_CURVE('',#27330,#42880,#129480,.T.);
#129500=ORIENTED_EDGE('',*,*,#129490,.F.);
#129510=ORIENTED_EDGE('',*,*,#42890,.T.);
#129520=EDGE_LOOP('',(#129510,#129500,#129440,#129430));
#129530=FACE_OUTER_BOUND('',#129520,.T.);
#129540=ADVANCED_FACE('',(#129530),#129420,.F.);
#129550=COLOUR_RGB('',0.823529481887817,0.823529481887817,
0.784313797950745);
#129560=FILL_AREA_STYLE_COLOUR('',#129550);
#129570=FILL_AREA_STYLE('',(#129560));
#129580=SURFACE_STYLE_FILL_AREA(#129570);
#129590=SURFACE_SIDE_STYLE('',(#129580));
#129600=SURFACE_STYLE_USAGE(.BOTH.,#129590);
#129610=PRESENTATION_STYLE_ASSIGNMENT((#129600));
#129620=CARTESIAN_POINT('',(121.83890173317,-52.2751171901442,-720.6));
#129630=DIRECTION('',(0.,1.,0.));
#129640=DIRECTION('',(0.,0.,-1.));
#129650=AXIS2_PLACEMENT_3D('',#129620,#129630,#129640);
#129660=CYLINDRICAL_SURFACE('',#129650,3.1);
#129670=ORIENTED_EDGE('',*,*,#129490,.T.);
#129680=ORIENTED_EDGE('',*,*,#27600,.F.);
#129690=ORIENTED_EDGE('',*,*,#128940,.F.);
#129700=ORIENTED_EDGE('',*,*,#42960,.T.);
#129710=EDGE_LOOP('',(#129700,#129690,#129680,#129670));
#129720=FACE_OUTER_BOUND('',#129710,.T.);
#129730=ADVANCED_FACE('',(#129720),#129660,.F.);
#129740=COLOUR_RGB('',0.823529481887817,0.823529481887817,
0.784313797950745);
#129750=FILL_AREA_STYLE_COLOUR('',#129740);
#129760=FILL_AREA_STYLE('',(#129750));
#129770=SURFACE_STYLE_FILL_AREA(#129760);
#129780=SURFACE_SIDE_STYLE('',(#129770));
#129790=SURFACE_STYLE_USAGE(.BOTH.,#129780);
#129800=PRESENTATION_STYLE_ASSIGNMENT((#129790));
#129810=CARTESIAN_POINT('',(121.83890173317,-52.2751171901442,-304.4));
#129820=DIRECTION('',(0.,1.,0.));
#129830=DIRECTION('',(0.,0.,-1.));
#129840=AXIS2_PLACEMENT_3D('',#129810,#129820,#129830);
#129850=CYLINDRICAL_SURFACE('',#129840,3.1);
#129860=CARTESIAN_POINT('',(124.93890173317,-52.2751171901442,-304.4));
#129870=DIRECTION('',(0.,1.,0.));
#129880=VECTOR('',#129870,1.);
#129890=LINE('',#129860,#129880);
#129900=EDGE_CURVE('',#27700,#58190,#129890,.T.);
#129910=ORIENTED_EDGE('',*,*,#129900,.T.);
#129920=ORIENTED_EDGE('',*,*,#27730,.F.);
#129930=CARTESIAN_POINT('',(118.73890173317,-52.2751171901442,-304.4));
#129940=DIRECTION('',(0.,1.,0.));
#129950=VECTOR('',#129940,1.);
#129960=LINE('',#129930,#129950);
#129970=EDGE_CURVE('',#27720,#58280,#129960,.T.);
#129980=ORIENTED_EDGE('',*,*,#129970,.F.);
#129990=ORIENTED_EDGE('',*,*,#58290,.T.);
#130000=EDGE_LOOP('',(#129990,#129980,#129920,#129910));
#130010=FACE_OUTER_BOUND('',#130000,.T.);
#130020=ADVANCED_FACE('',(#130010),#129850,.F.);
#130030=COLOUR_RGB('',0.823529481887817,0.823529481887817,
0.784313797950745);
#130040=FILL_AREA_STYLE_COLOUR('',#130030);
#130050=FILL_AREA_STYLE('',(#130040));
#130060=SURFACE_STYLE_FILL_AREA(#130050);
#130070=SURFACE_SIDE_STYLE('',(#130060));
#130080=SURFACE_STYLE_USAGE(.BOTH.,#130070);
#130090=PRESENTATION_STYLE_ASSIGNMENT((#130080));
#130100=CARTESIAN_POINT('',(124.93890173317,-52.2751171901442,-304.4));
#130110=DIRECTION('',(1.,0.,-0.));
#130120=DIRECTION('',(0.,0.,1.));
#130130=AXIS2_PLACEMENT_3D('',#130100,#130110,#130120);
#130140=PLANE('',#130130);
#130150=CARTESIAN_POINT('',(124.93890173317,-52.2751171901442,-295.6));
#130160=DIRECTION('',(0.,1.,0.));
#130170=VECTOR('',#130160,1.);
#130180=LINE('',#130150,#130170);
#130190=EDGE_CURVE('',#27800,#58170,#130180,.T.);
#130200=ORIENTED_EDGE('',*,*,#130190,.T.);
#130210=ORIENTED_EDGE('',*,*,#27810,.T.);
#130220=ORIENTED_EDGE('',*,*,#129900,.F.);
#130230=ORIENTED_EDGE('',*,*,#58200,.T.);
#130240=EDGE_LOOP('',(#130230,#130220,#130210,#130200));
#130250=FACE_OUTER_BOUND('',#130240,.T.);
#130260=ADVANCED_FACE('',(#130250),#130140,.F.);
#130270=COLOUR_RGB('',0.823529481887817,0.823529481887817,
0.784313797950745);
#130280=FILL_AREA_STYLE_COLOUR('',#130270);
#130290=FILL_AREA_STYLE('',(#130280));
#130300=SURFACE_STYLE_FILL_AREA(#130290);
#130310=SURFACE_SIDE_STYLE('',(#130300));
#130320=SURFACE_STYLE_USAGE(.BOTH.,#130310);
#130330=PRESENTATION_STYLE_ASSIGNMENT((#130320));
#130340=CARTESIAN_POINT('',(121.83890173317,-52.2751171901442,-295.6));
#130350=DIRECTION('',(0.,1.,0.));
#130360=DIRECTION('',(0.,0.,-1.));
#130370=AXIS2_PLACEMENT_3D('',#130340,#130350,#130360);
#130380=CYLINDRICAL_SURFACE('',#130370,3.1);
#130390=CARTESIAN_POINT('',(118.73890173317,-52.2751171901442,-295.6));
#130400=DIRECTION('',(0.,1.,0.));
#130410=VECTOR('',#130400,1.);
#130420=LINE('',#130390,#130410);
#130430=EDGE_CURVE('',#27890,#58360,#130420,.T.);
#130440=ORIENTED_EDGE('',*,*,#130430,.T.);
#130450=ORIENTED_EDGE('',*,*,#27900,.F.);
#130460=ORIENTED_EDGE('',*,*,#130190,.F.);
#130470=ORIENTED_EDGE('',*,*,#58440,.T.);
#130480=EDGE_LOOP('',(#130470,#130460,#130450,#130440));
#130490=FACE_OUTER_BOUND('',#130480,.T.);
#130500=ADVANCED_FACE('',(#130490),#130380,.F.);
#130510=COLOUR_RGB('',0.823529481887817,0.823529481887817,
0.784313797950745);
#130520=FILL_AREA_STYLE_COLOUR('',#130510);
#130530=FILL_AREA_STYLE('',(#130520));
#130540=SURFACE_STYLE_FILL_AREA(#130530);
#130550=SURFACE_SIDE_STYLE('',(#130540));
#130560=SURFACE_STYLE_USAGE(.BOTH.,#130550);
#130570=PRESENTATION_STYLE_ASSIGNMENT((#130560));
#130580=CARTESIAN_POINT('',(118.73890173317,-52.2751171901442,-295.6));
#130590=DIRECTION('',(-1.,-0.,-0.));
#130600=DIRECTION('',(0.,0.,-1.));
#130610=AXIS2_PLACEMENT_3D('',#130580,#130590,#130600);
#130620=PLANE('',#130610);
#130630=ORIENTED_EDGE('',*,*,#129970,.T.);
#130640=ORIENTED_EDGE('',*,*,#27960,.T.);
#130650=ORIENTED_EDGE('',*,*,#130430,.F.);
#130660=ORIENTED_EDGE('',*,*,#58370,.T.);
#130670=EDGE_LOOP('',(#130660,#130650,#130640,#130630));
#130680=FACE_OUTER_BOUND('',#130670,.T.);
#130690=ADVANCED_FACE('',(#130680),#130620,.F.);
#130700=COLOUR_RGB('',0.823529481887817,0.823529481887817,
0.784313797950745);
#130710=FILL_AREA_STYLE_COLOUR('',#130700);
#130720=FILL_AREA_STYLE('',(#130710));
#130730=SURFACE_STYLE_FILL_AREA(#130720);
#130740=SURFACE_SIDE_STYLE('',(#130730));
#130750=SURFACE_STYLE_USAGE(.BOTH.,#130740);
#130760=PRESENTATION_STYLE_ASSIGNMENT((#130750));
#130770=CARTESIAN_POINT('',(124.93890173317,-52.2751171901442,-1354.4));
#130780=DIRECTION('',(1.,0.,-0.));
#130790=DIRECTION('',(0.,0.,1.));
#130800=AXIS2_PLACEMENT_3D('',#130770,#130780,#130790);
#130810=PLANE('',#130800);
#130820=CARTESIAN_POINT('',(124.93890173317,-52.2751171901442,-1345.6));
#130830=DIRECTION('',(0.,1.,0.));
#130840=VECTOR('',#130830,1.);
#130850=LINE('',#130820,#130840);
#130860=EDGE_CURVE('',#28080,#61250,#130850,.T.);
#130870=ORIENTED_EDGE('',*,*,#130860,.T.);
#130880=ORIENTED_EDGE('',*,*,#28320,.T.);
#130890=CARTESIAN_POINT('',(124.93890173317,-52.2751171901442,-1354.4));
#130900=DIRECTION('',(0.,1.,0.));
#130910=VECTOR('',#130900,1.);
#130920=LINE('',#130890,#130910);
#130930=EDGE_CURVE('',#28250,#61060,#130920,.T.);
#130940=ORIENTED_EDGE('',*,*,#130930,.F.);
#130950=ORIENTED_EDGE('',*,*,#61320,.T.);
#130960=EDGE_LOOP('',(#130950,#130940,#130880,#130870));
#130970=FACE_OUTER_BOUND('',#130960,.T.);
#130980=ADVANCED_FACE('',(#130970),#130810,.F.);
#130990=COLOUR_RGB('',0.823529481887817,0.823529481887817,
0.784313797950745);
#131000=FILL_AREA_STYLE_COLOUR('',#130990);
#131010=FILL_AREA_STYLE('',(#131000));
#131020=SURFACE_STYLE_FILL_AREA(#131010);
#131030=SURFACE_SIDE_STYLE('',(#131020));
#131040=SURFACE_STYLE_USAGE(.BOTH.,#131030);
#131050=PRESENTATION_STYLE_ASSIGNMENT((#131040));
#131060=CARTESIAN_POINT('',(121.83890173317,-52.2751171901442,-1354.4));
#131070=DIRECTION('',(0.,1.,0.));
#131080=DIRECTION('',(0.,0.,-1.));
#131090=AXIS2_PLACEMENT_3D('',#131060,#131070,#131080);
#131100=CYLINDRICAL_SURFACE('',#131090,3.1);
#131110=ORIENTED_EDGE('',*,*,#130930,.T.);
#131120=ORIENTED_EDGE('',*,*,#28260,.F.);
#131130=CARTESIAN_POINT('',(118.73890173317,-52.2751171901442,-1354.4));
#131140=DIRECTION('',(0.,1.,0.));
#131150=VECTOR('',#131140,1.);
#131160=LINE('',#131130,#131150);
#131170=EDGE_CURVE('',#28160,#61080,#131160,.T.);
#131180=ORIENTED_EDGE('',*,*,#131170,.F.);
#131190=ORIENTED_EDGE('',*,*,#61090,.T.);
#131200=EDGE_LOOP('',(#131190,#131180,#131120,#131110));
#131210=FACE_OUTER_BOUND('',#131200,.T.);
#131220=ADVANCED_FACE('',(#131210),#131100,.F.);
#131230=COLOUR_RGB('',0.823529481887817,0.823529481887817,
0.784313797950745);
#131240=FILL_AREA_STYLE_COLOUR('',#131230);
#131250=FILL_AREA_STYLE('',(#131240));
#131260=SURFACE_STYLE_FILL_AREA(#131250);
#131270=SURFACE_SIDE_STYLE('',(#131260));
#131280=SURFACE_STYLE_USAGE(.BOTH.,#131270);
#131290=PRESENTATION_STYLE_ASSIGNMENT((#131280));
#131300=CARTESIAN_POINT('',(118.73890173317,-52.2751171901442,-1345.6));
#131310=DIRECTION('',(-1.,-0.,-0.));
#131320=DIRECTION('',(0.,0.,-1.));
#131330=AXIS2_PLACEMENT_3D('',#131300,#131310,#131320);
#131340=PLANE('',#131330);
#131350=ORIENTED_EDGE('',*,*,#131170,.T.);
#131360=ORIENTED_EDGE('',*,*,#28170,.T.);
#131370=CARTESIAN_POINT('',(118.73890173317,-52.2751171901442,-1345.6));
#131380=DIRECTION('',(0.,1.,0.));
#131390=VECTOR('',#131380,1.);
#131400=LINE('',#131370,#131390);
#131410=EDGE_CURVE('',#28060,#61160,#131400,.T.);
#131420=ORIENTED_EDGE('',*,*,#131410,.F.);
#131430=ORIENTED_EDGE('',*,*,#61170,.T.);
#131440=EDGE_LOOP('',(#131430,#131420,#131360,#131350));
#131450=FACE_OUTER_BOUND('',#131440,.T.);
#131460=ADVANCED_FACE('',(#131450),#131340,.F.);
#131470=COLOUR_RGB('',0.823529481887817,0.823529481887817,
0.784313797950745);
#131480=FILL_AREA_STYLE_COLOUR('',#131470);
#131490=FILL_AREA_STYLE('',(#131480));
#131500=SURFACE_STYLE_FILL_AREA(#131490);
#131510=SURFACE_SIDE_STYLE('',(#131500));
#131520=SURFACE_STYLE_USAGE(.BOTH.,#131510);
#131530=PRESENTATION_STYLE_ASSIGNMENT((#131520));
#131540=CARTESIAN_POINT('',(121.83890173317,-52.2751171901442,-1345.6));
#131550=DIRECTION('',(0.,1.,0.));
#131560=DIRECTION('',(0.,0.,-1.));
#131570=AXIS2_PLACEMENT_3D('',#131540,#131550,#131560);
#131580=CYLINDRICAL_SURFACE('',#131570,3.1);
#131590=ORIENTED_EDGE('',*,*,#131410,.T.);
#131600=ORIENTED_EDGE('',*,*,#28090,.F.);
#131610=ORIENTED_EDGE('',*,*,#130860,.F.);
#131620=ORIENTED_EDGE('',*,*,#61260,.T.);
#131630=EDGE_LOOP('',(#131620,#131610,#131600,#131590));
#131640=FACE_OUTER_BOUND('',#131630,.T.);
#131650=ADVANCED_FACE('',(#131640),#131580,.F.);
#131660=COLOUR_RGB('',0.823529481887817,0.823529481887817,
0.784313797950745);
#131670=FILL_AREA_STYLE_COLOUR('',#131660);
#131680=FILL_AREA_STYLE('',(#131670));
#131690=SURFACE_STYLE_FILL_AREA(#131680);
#131700=SURFACE_SIDE_STYLE('',(#131690));
#131710=SURFACE_STYLE_USAGE(.BOTH.,#131700);
#131720=PRESENTATION_STYLE_ASSIGNMENT((#131710));
#131730=CARTESIAN_POINT('',(121.83890173317,-52.2751171901442,-829.4));
#131740=DIRECTION('',(0.,1.,0.));
#131750=DIRECTION('',(0.,0.,-1.));
#131760=AXIS2_PLACEMENT_3D('',#131730,#131740,#131750);
#131770=CYLINDRICAL_SURFACE('',#131760,3.1);
#131780=CARTESIAN_POINT('',(124.93890173317,-52.2751171901442,-829.4));
#131790=DIRECTION('',(0.,1.,0.));
#131800=VECTOR('',#131790,1.);
#131810=LINE('',#131780,#131800);
#131820=EDGE_CURVE('',#28420,#51440,#131810,.T.);
#131830=ORIENTED_EDGE('',*,*,#131820,.T.);
#131840=ORIENTED_EDGE('',*,*,#28450,.F.);
#131850=CARTESIAN_POINT('',(118.73890173317,-52.2751171901442,-829.4));
#131860=DIRECTION('',(0.,1.,0.));
#131870=VECTOR('',#131860,1.);
#131880=LINE('',#131850,#131870);
#131890=EDGE_CURVE('',#28440,#51530,#131880,.T.);
#131900=ORIENTED_EDGE('',*,*,#131890,.F.);
#131910=ORIENTED_EDGE('',*,*,#51540,.T.);
#131920=EDGE_LOOP('',(#131910,#131900,#131840,#131830));
#131930=FACE_OUTER_BOUND('',#131920,.T.);
#131940=ADVANCED_FACE('',(#131930),#131770,.F.);
#131950=COLOUR_RGB('',0.823529481887817,0.823529481887817,
0.784313797950745);
#131960=FILL_AREA_STYLE_COLOUR('',#131950);
#131970=FILL_AREA_STYLE('',(#131960));
#131980=SURFACE_STYLE_FILL_AREA(#131970);
#131990=SURFACE_SIDE_STYLE('',(#131980));
#132000=SURFACE_STYLE_USAGE(.BOTH.,#131990);
#132010=PRESENTATION_STYLE_ASSIGNMENT((#132000));
#132020=CARTESIAN_POINT('',(124.93890173317,-52.2751171901442,-829.4));
#132030=DIRECTION('',(1.,0.,-0.));
#132040=DIRECTION('',(0.,0.,1.));
#132050=AXIS2_PLACEMENT_3D('',#132020,#132030,#132040);
#132060=PLANE('',#132050);
#132070=CARTESIAN_POINT('',(124.93890173317,-52.2751171901442,-820.6));
#132080=DIRECTION('',(0.,1.,0.));
#132090=VECTOR('',#132080,1.);
#132100=LINE('',#132070,#132090);
#132110=EDGE_CURVE('',#28520,#51360,#132100,.T.);
#132120=ORIENTED_EDGE('',*,*,#132110,.T.);
#132130=ORIENTED_EDGE('',*,*,#28530,.T.);
#132140=ORIENTED_EDGE('',*,*,#131820,.F.);
#132150=ORIENTED_EDGE('',*,*,#51450,.T.);
#132160=EDGE_LOOP('',(#132150,#132140,#132130,#132120));
#132170=FACE_OUTER_BOUND('',#132160,.T.);
#132180=ADVANCED_FACE('',(#132170),#132060,.F.);
#132190=COLOUR_RGB('',0.823529481887817,0.823529481887817,
0.784313797950745);
#132200=FILL_AREA_STYLE_COLOUR('',#132190);
#132210=FILL_AREA_STYLE('',(#132200));
#132220=SURFACE_STYLE_FILL_AREA(#132210);
#132230=SURFACE_SIDE_STYLE('',(#132220));
#132240=SURFACE_STYLE_USAGE(.BOTH.,#132230);
#132250=PRESENTATION_STYLE_ASSIGNMENT((#132240));
#132260=CARTESIAN_POINT('',(121.83890173317,-52.2751171901442,-820.6));
#132270=DIRECTION('',(0.,1.,0.));
#132280=DIRECTION('',(0.,0.,-1.));
#132290=AXIS2_PLACEMENT_3D('',#132260,#132270,#132280);
#132300=CYLINDRICAL_SURFACE('',#132290,3.1);
#132310=CARTESIAN_POINT('',(118.73890173317,-52.2751171901442,-820.6));
#132320=DIRECTION('',(0.,1.,0.));
#132330=VECTOR('',#132320,1.);
#132340=LINE('',#132310,#132330);
#132350=EDGE_CURVE('',#28610,#51340,#132340,.T.);
#132360=ORIENTED_EDGE('',*,*,#132350,.T.);
#132370=ORIENTED_EDGE('',*,*,#28620,.F.);
#132380=ORIENTED_EDGE('',*,*,#132110,.F.);
#132390=ORIENTED_EDGE('',*,*,#51370,.T.);
#132400=EDGE_LOOP('',(#132390,#132380,#132370,#132360));
#132410=FACE_OUTER_BOUND('',#132400,.T.);
#132420=ADVANCED_FACE('',(#132410),#132300,.F.);
#132430=COLOUR_RGB('',0.823529481887817,0.823529481887817,
0.784313797950745);
#132440=FILL_AREA_STYLE_COLOUR('',#132430);
#132450=FILL_AREA_STYLE('',(#132440));
#132460=SURFACE_STYLE_FILL_AREA(#132450);
#132470=SURFACE_SIDE_STYLE('',(#132460));
#132480=SURFACE_STYLE_USAGE(.BOTH.,#132470);
#132490=PRESENTATION_STYLE_ASSIGNMENT((#132480));
#132500=CARTESIAN_POINT('',(118.73890173317,-52.2751171901442,-820.6));
#132510=DIRECTION('',(-1.,-0.,-0.));
#132520=DIRECTION('',(0.,0.,-1.));
#132530=AXIS2_PLACEMENT_3D('',#132500,#132510,#132520);
#132540=PLANE('',#132530);
#132550=ORIENTED_EDGE('',*,*,#131890,.T.);
#132560=ORIENTED_EDGE('',*,*,#28680,.T.);
#132570=ORIENTED_EDGE('',*,*,#132350,.F.);
#132580=ORIENTED_EDGE('',*,*,#51600,.T.);
#132590=EDGE_LOOP('',(#132580,#132570,#132560,#132550));
#132600=FACE_OUTER_BOUND('',#132590,.T.);
#132610=ADVANCED_FACE('',(#132600),#132540,.F.);
#132620=COLOUR_RGB('',0.823529481887817,0.823529481887817,
0.784313797950745);
#132630=FILL_AREA_STYLE_COLOUR('',#132620);
#132640=FILL_AREA_STYLE('',(#132630));
#132650=SURFACE_STYLE_FILL_AREA(#132640);
#132660=SURFACE_SIDE_STYLE('',(#132650));
#132670=SURFACE_STYLE_USAGE(.BOTH.,#132660);
#132680=PRESENTATION_STYLE_ASSIGNMENT((#132670));
#132690=CARTESIAN_POINT('',(124.93890173317,-52.2751171901442,-1804.4));
#132700=DIRECTION('',(1.,0.,-0.));
#132710=DIRECTION('',(0.,0.,1.));
#132720=AXIS2_PLACEMENT_3D('',#132690,#132700,#132710);
#132730=PLANE('',#132720);
#132740=CARTESIAN_POINT('',(124.93890173317,-52.2751171901442,-1795.6));
#132750=DIRECTION('',(0.,1.,0.));
#132760=VECTOR('',#132750,1.);
#132770=LINE('',#132740,#132760);
#132780=EDGE_CURVE('',#28960,#47370,#132770,.T.);
#132790=ORIENTED_EDGE('',*,*,#132780,.T.);
#132800=ORIENTED_EDGE('',*,*,#28970,.T.);
#132810=CARTESIAN_POINT('',(124.93890173317,-52.2751171901442,-1804.4));
#132820=DIRECTION('',(0.,1.,0.));
#132830=VECTOR('',#132820,1.);
#132840=LINE('',#132810,#132830);
#132850=EDGE_CURVE('',#28880,#47390,#132840,.T.);
#132860=ORIENTED_EDGE('',*,*,#132850,.F.);
#132870=ORIENTED_EDGE('',*,*,#47400,.T.);
#132880=EDGE_LOOP('',(#132870,#132860,#132800,#132790));
#132890=FACE_OUTER_BOUND('',#132880,.T.);
#132900=ADVANCED_FACE('',(#132890),#132730,.F.);
#132910=COLOUR_RGB('',0.823529481887817,0.823529481887817,
0.784313797950745);
#132920=FILL_AREA_STYLE_COLOUR('',#132910);
#132930=FILL_AREA_STYLE('',(#132920));
#132940=SURFACE_STYLE_FILL_AREA(#132930);
#132950=SURFACE_SIDE_STYLE('',(#132940));
#132960=SURFACE_STYLE_USAGE(.BOTH.,#132950);
#132970=PRESENTATION_STYLE_ASSIGNMENT((#132960));
#132980=CARTESIAN_POINT('',(121.83890173317,-52.2751171901442,-1804.4));
#132990=DIRECTION('',(0.,1.,0.));
#133000=DIRECTION('',(0.,0.,-1.));
#133010=AXIS2_PLACEMENT_3D('',#132980,#132990,#133000);
#133020=CYLINDRICAL_SURFACE('',#133010,3.1);
#133030=ORIENTED_EDGE('',*,*,#132850,.T.);
#133040=ORIENTED_EDGE('',*,*,#28890,.F.);
#133050=CARTESIAN_POINT('',(118.73890173317,-52.2751171901442,-1804.4));
#133060=DIRECTION('',(0.,1.,0.));
#133070=VECTOR('',#133060,1.);
#133080=LINE('',#133050,#133070);
#133090=EDGE_CURVE('',#28790,#47480,#133080,.T.);
#133100=ORIENTED_EDGE('',*,*,#133090,.F.);
#133110=ORIENTED_EDGE('',*,*,#47490,.T.);
#133120=EDGE_LOOP('',(#133110,#133100,#133040,#133030));
#133130=FACE_OUTER_BOUND('',#133120,.T.);
#133140=ADVANCED_FACE('',(#133130),#133020,.F.);
#133150=COLOUR_RGB('',0.823529481887817,0.823529481887817,
0.784313797950745);
#133160=FILL_AREA_STYLE_COLOUR('',#133150);
#133170=FILL_AREA_STYLE('',(#133160));
#133180=SURFACE_STYLE_FILL_AREA(#133170);
#133190=SURFACE_SIDE_STYLE('',(#133180));
#133200=SURFACE_STYLE_USAGE(.BOTH.,#133190);
#133210=PRESENTATION_STYLE_ASSIGNMENT((#133200));
#133220=CARTESIAN_POINT('',(118.73890173317,-52.2751171901442,-1795.6));
#133230=DIRECTION('',(-1.,-0.,-0.));
#133240=DIRECTION('',(0.,0.,-1.));
#133250=AXIS2_PLACEMENT_3D('',#133220,#133230,#133240);
#133260=PLANE('',#133250);
#133270=ORIENTED_EDGE('',*,*,#133090,.T.);
#133280=ORIENTED_EDGE('',*,*,#28800,.T.);
#133290=CARTESIAN_POINT('',(118.73890173317,-52.2751171901442,-1795.6));
#133300=DIRECTION('',(0.,1.,0.));
#133310=VECTOR('',#133300,1.);
#133320=LINE('',#133290,#133310);
#133330=EDGE_CURVE('',#28770,#47560,#133320,.T.);
#133340=ORIENTED_EDGE('',*,*,#133330,.F.);
#133350=ORIENTED_EDGE('',*,*,#47570,.T.);
#133360=EDGE_LOOP('',(#133350,#133340,#133280,#133270));
#133370=FACE_OUTER_BOUND('',#133360,.T.);
#133380=ADVANCED_FACE('',(#133370),#133260,.F.);
#133390=COLOUR_RGB('',0.823529481887817,0.823529481887817,
0.784313797950745);
#133400=FILL_AREA_STYLE_COLOUR('',#133390);
#133410=FILL_AREA_STYLE('',(#133400));
#133420=SURFACE_STYLE_FILL_AREA(#133410);
#133430=SURFACE_SIDE_STYLE('',(#133420));
#133440=SURFACE_STYLE_USAGE(.BOTH.,#133430);
#133450=PRESENTATION_STYLE_ASSIGNMENT((#133440));
#133460=CARTESIAN_POINT('',(121.83890173317,-52.2751171901442,-1795.6));
#133470=DIRECTION('',(0.,1.,0.));
#133480=DIRECTION('',(0.,0.,-1.));
#133490=AXIS2_PLACEMENT_3D('',#133460,#133470,#133480);
#133500=CYLINDRICAL_SURFACE('',#133490,3.1);
#133510=ORIENTED_EDGE('',*,*,#133330,.T.);
#133520=ORIENTED_EDGE('',*,*,#29040,.F.);
#133530=ORIENTED_EDGE('',*,*,#132780,.F.);
#133540=ORIENTED_EDGE('',*,*,#47640,.T.);
#133550=EDGE_LOOP('',(#133540,#133530,#133520,#133510));
#133560=FACE_OUTER_BOUND('',#133550,.T.);
#133570=ADVANCED_FACE('',(#133560),#133500,.F.);
#133580=COLOUR_RGB('',0.823529481887817,0.823529481887817,
0.784313797950745);
#133590=FILL_AREA_STYLE_COLOUR('',#133580);
#133600=FILL_AREA_STYLE('',(#133590));
#133610=SURFACE_STYLE_FILL_AREA(#133600);
#133620=SURFACE_SIDE_STYLE('',(#133610));
#133630=SURFACE_STYLE_USAGE(.BOTH.,#133620);
#133640=PRESENTATION_STYLE_ASSIGNMENT((#133630));
#133650=CARTESIAN_POINT('',(124.93890173317,-52.2751171901442,-1454.4));
#133660=DIRECTION('',(1.,0.,-0.));
#133670=DIRECTION('',(0.,0.,1.));
#133680=AXIS2_PLACEMENT_3D('',#133650,#133660,#133670);
#133690=PLANE('',#133680);
#133700=CARTESIAN_POINT('',(124.93890173317,-52.2751171901442,-1445.6));
#133710=DIRECTION('',(0.,1.,0.));
#133720=VECTOR('',#133710,1.);
#133730=LINE('',#133700,#133720);
#133740=EDGE_CURVE('',#29160,#46400,#133730,.T.);
#133750=ORIENTED_EDGE('',*,*,#133740,.T.);
#133760=ORIENTED_EDGE('',*,*,#29400,.T.);
#133770=CARTESIAN_POINT('',(124.93890173317,-52.2751171901442,-1454.4));
#133780=DIRECTION('',(0.,1.,0.));
#133790=VECTOR('',#133780,1.);
#133800=LINE('',#133770,#133790);
#133810=EDGE_CURVE('',#29330,#46480,#133800,.T.);
#133820=ORIENTED_EDGE('',*,*,#133810,.F.);
#133830=ORIENTED_EDGE('',*,*,#46490,.T.);
#133840=EDGE_LOOP('',(#133830,#133820,#133760,#133750));
#133850=FACE_OUTER_BOUND('',#133840,.T.);
#133860=ADVANCED_FACE('',(#133850),#133690,.F.);
#133870=COLOUR_RGB('',0.823529481887817,0.823529481887817,
0.784313797950745);
#133880=FILL_AREA_STYLE_COLOUR('',#133870);
#133890=FILL_AREA_STYLE('',(#133880));
#133900=SURFACE_STYLE_FILL_AREA(#133890);
#133910=SURFACE_SIDE_STYLE('',(#133900));
#133920=SURFACE_STYLE_USAGE(.BOTH.,#133910);
#133930=PRESENTATION_STYLE_ASSIGNMENT((#133920));
#133940=CARTESIAN_POINT('',(121.83890173317,-52.2751171901442,-1454.4));
#133950=DIRECTION('',(0.,1.,0.));
#133960=DIRECTION('',(0.,0.,-1.));
#133970=AXIS2_PLACEMENT_3D('',#133940,#133950,#133960);
#133980=CYLINDRICAL_SURFACE('',#133970,3.1);
#133990=ORIENTED_EDGE('',*,*,#133810,.T.);
#134000=ORIENTED_EDGE('',*,*,#29340,.F.);
#134010=CARTESIAN_POINT('',(118.73890173317,-52.2751171901442,-1454.4));
#134020=DIRECTION('',(0.,1.,0.));
#134030=VECTOR('',#134020,1.);
#134040=LINE('',#134010,#134030);
#134050=EDGE_CURVE('',#29240,#46290,#134040,.T.);
#134060=ORIENTED_EDGE('',*,*,#134050,.F.);
#134070=ORIENTED_EDGE('',*,*,#46560,.T.);
#134080=EDGE_LOOP('',(#134070,#134060,#134000,#133990));
#134090=FACE_OUTER_BOUND('',#134080,.T.);
#134100=ADVANCED_FACE('',(#134090),#133980,.F.);
#134110=COLOUR_RGB('',0.823529481887817,0.823529481887817,
0.784313797950745);
#134120=FILL_AREA_STYLE_COLOUR('',#134110);
#134130=FILL_AREA_STYLE('',(#134120));
#134140=SURFACE_STYLE_FILL_AREA(#134130);
#134150=SURFACE_SIDE_STYLE('',(#134140));
#134160=SURFACE_STYLE_USAGE(.BOTH.,#134150);
#134170=PRESENTATION_STYLE_ASSIGNMENT((#134160));
#134180=CARTESIAN_POINT('',(118.73890173317,-52.2751171901442,-1445.6));
#134190=DIRECTION('',(-1.,-0.,-0.));
#134200=DIRECTION('',(0.,0.,-1.));
#134210=AXIS2_PLACEMENT_3D('',#134180,#134190,#134200);
#134220=PLANE('',#134210);
#134230=ORIENTED_EDGE('',*,*,#134050,.T.);
#134240=ORIENTED_EDGE('',*,*,#29250,.T.);
#134250=CARTESIAN_POINT('',(118.73890173317,-52.2751171901442,-1445.6));
#134260=DIRECTION('',(0.,1.,0.));
#134270=VECTOR('',#134260,1.);
#134280=LINE('',#134250,#134270);
#134290=EDGE_CURVE('',#29140,#46310,#134280,.T.);
#134300=ORIENTED_EDGE('',*,*,#134290,.F.);
#134310=ORIENTED_EDGE('',*,*,#46320,.T.);
#134320=EDGE_LOOP('',(#134310,#134300,#134240,#134230));
#134330=FACE_OUTER_BOUND('',#134320,.T.);
#134340=ADVANCED_FACE('',(#134330),#134220,.F.);
#134350=COLOUR_RGB('',0.823529481887817,0.823529481887817,
0.784313797950745);
#134360=FILL_AREA_STYLE_COLOUR('',#134350);
#134370=FILL_AREA_STYLE('',(#134360));
#134380=SURFACE_STYLE_FILL_AREA(#134370);
#134390=SURFACE_SIDE_STYLE('',(#134380));
#134400=SURFACE_STYLE_USAGE(.BOTH.,#134390);
#134410=PRESENTATION_STYLE_ASSIGNMENT((#134400));
#134420=CARTESIAN_POINT('',(121.83890173317,-52.2751171901442,-1445.6));
#134430=DIRECTION('',(0.,1.,0.));
#134440=DIRECTION('',(0.,0.,-1.));
#134450=AXIS2_PLACEMENT_3D('',#134420,#134430,#134440);
#134460=CYLINDRICAL_SURFACE('',#134450,3.1);
#134470=ORIENTED_EDGE('',*,*,#134290,.T.);
#134480=ORIENTED_EDGE('',*,*,#29170,.F.);
#134490=ORIENTED_EDGE('',*,*,#133740,.F.);
#134500=ORIENTED_EDGE('',*,*,#46410,.T.);
#134510=EDGE_LOOP('',(#134500,#134490,#134480,#134470));
#134520=FACE_OUTER_BOUND('',#134510,.T.);
#134530=ADVANCED_FACE('',(#134520),#134460,.F.);
#134540=COLOUR_RGB('',0.823529481887817,0.823529481887817,
0.784313797950745);
#134550=FILL_AREA_STYLE_COLOUR('',#134540);
#134560=FILL_AREA_STYLE('',(#134550));
#134570=SURFACE_STYLE_FILL_AREA(#134560);
#134580=SURFACE_SIDE_STYLE('',(#134570));
#134590=SURFACE_STYLE_USAGE(.BOTH.,#134580);
#134600=PRESENTATION_STYLE_ASSIGNMENT((#134590));
#134610=CARTESIAN_POINT('',(124.93890173317,-52.2751171901442,-579.4));
#134620=DIRECTION('',(1.,0.,-0.));
#134630=DIRECTION('',(0.,0.,1.));
#134640=AXIS2_PLACEMENT_3D('',#134610,#134620,#134630);
#134650=PLANE('',#134640);
#134660=CARTESIAN_POINT('',(124.93890173317,-52.2751171901442,-570.6));
#134670=DIRECTION('',(0.,1.,0.));
#134680=VECTOR('',#134670,1.);
#134690=LINE('',#134660,#134680);
#134700=EDGE_CURVE('',#29680,#44850,#134690,.T.);
#134710=ORIENTED_EDGE('',*,*,#134700,.T.);
#134720=ORIENTED_EDGE('',*,*,#29690,.T.);
#134730=CARTESIAN_POINT('',(124.93890173317,-52.2751171901442,-579.4));
#134740=DIRECTION('',(0.,1.,0.));
#134750=VECTOR('',#134740,1.);
#134760=LINE('',#134730,#134750);
#134770=EDGE_CURVE('',#29600,#44870,#134760,.T.);
#134780=ORIENTED_EDGE('',*,*,#134770,.F.);
#134790=ORIENTED_EDGE('',*,*,#44880,.T.);
#134800=EDGE_LOOP('',(#134790,#134780,#134720,#134710));
#134810=FACE_OUTER_BOUND('',#134800,.T.);
#134820=ADVANCED_FACE('',(#134810),#134650,.F.);
#134830=COLOUR_RGB('',0.823529481887817,0.823529481887817,
0.784313797950745);
#134840=FILL_AREA_STYLE_COLOUR('',#134830);
#134850=FILL_AREA_STYLE('',(#134840));
#134860=SURFACE_STYLE_FILL_AREA(#134850);
#134870=SURFACE_SIDE_STYLE('',(#134860));
#134880=SURFACE_STYLE_USAGE(.BOTH.,#134870);
#134890=PRESENTATION_STYLE_ASSIGNMENT((#134880));
#134900=CARTESIAN_POINT('',(121.83890173317,-52.2751171901442,-579.4));
#134910=DIRECTION('',(0.,1.,0.));
#134920=DIRECTION('',(0.,0.,-1.));
#134930=AXIS2_PLACEMENT_3D('',#134900,#134910,#134920);
#134940=CYLINDRICAL_SURFACE('',#134930,3.1);
#134950=ORIENTED_EDGE('',*,*,#134770,.T.);
#134960=ORIENTED_EDGE('',*,*,#29610,.F.);
#134970=CARTESIAN_POINT('',(118.73890173317,-52.2751171901442,-579.4));
#134980=DIRECTION('',(0.,1.,0.));
#134990=VECTOR('',#134980,1.);
#135000=LINE('',#134970,#134990);
#135010=EDGE_CURVE('',#29510,#44960,#135000,.T.);
#135020=ORIENTED_EDGE('',*,*,#135010,.F.);
#135030=ORIENTED_EDGE('',*,*,#44970,.T.);
#135040=EDGE_LOOP('',(#135030,#135020,#134960,#134950));
#135050=FACE_OUTER_BOUND('',#135040,.T.);
#135060=ADVANCED_FACE('',(#135050),#134940,.F.);
#135070=COLOUR_RGB('',0.823529481887817,0.823529481887817,
0.784313797950745);
#135080=FILL_AREA_STYLE_COLOUR('',#135070);
#135090=FILL_AREA_STYLE('',(#135080));
#135100=SURFACE_STYLE_FILL_AREA(#135090);
#135110=SURFACE_SIDE_STYLE('',(#135100));
#135120=SURFACE_STYLE_USAGE(.BOTH.,#135110);
#135130=PRESENTATION_STYLE_ASSIGNMENT((#135120));
#135140=CARTESIAN_POINT('',(118.73890173317,-52.2751171901442,-570.6));
#135150=DIRECTION('',(-1.,-0.,-0.));
#135160=DIRECTION('',(0.,0.,-1.));
#135170=AXIS2_PLACEMENT_3D('',#135140,#135150,#135160);
#135180=PLANE('',#135170);
#135190=ORIENTED_EDGE('',*,*,#135010,.T.);
#135200=ORIENTED_EDGE('',*,*,#29520,.T.);
#135210=CARTESIAN_POINT('',(118.73890173317,-52.2751171901442,-570.6));
#135220=DIRECTION('',(0.,1.,0.));
#135230=VECTOR('',#135220,1.);
#135240=LINE('',#135210,#135230);
#135250=EDGE_CURVE('',#29490,#45040,#135240,.T.);
#135260=ORIENTED_EDGE('',*,*,#135250,.F.);
#135270=ORIENTED_EDGE('',*,*,#45050,.T.);
#135280=EDGE_LOOP('',(#135270,#135260,#135200,#135190));
#135290=FACE_OUTER_BOUND('',#135280,.T.);
#135300=ADVANCED_FACE('',(#135290),#135180,.F.);
#135310=COLOUR_RGB('',0.823529481887817,0.823529481887817,
0.784313797950745);
#135320=FILL_AREA_STYLE_COLOUR('',#135310);
#135330=FILL_AREA_STYLE('',(#135320));
#135340=SURFACE_STYLE_FILL_AREA(#135330);
#135350=SURFACE_SIDE_STYLE('',(#135340));
#135360=SURFACE_STYLE_USAGE(.BOTH.,#135350);
#135370=PRESENTATION_STYLE_ASSIGNMENT((#135360));
#135380=CARTESIAN_POINT('',(121.83890173317,-52.2751171901442,-570.6));
#135390=DIRECTION('',(0.,1.,0.));
#135400=DIRECTION('',(0.,0.,-1.));
#135410=AXIS2_PLACEMENT_3D('',#135380,#135390,#135400);
#135420=CYLINDRICAL_SURFACE('',#135410,3.1);
#135430=ORIENTED_EDGE('',*,*,#135250,.T.);
#135440=ORIENTED_EDGE('',*,*,#29760,.F.);
#135450=ORIENTED_EDGE('',*,*,#134700,.F.);
#135460=ORIENTED_EDGE('',*,*,#45120,.T.);
#135470=EDGE_LOOP('',(#135460,#135450,#135440,#135430));
#135480=FACE_OUTER_BOUND('',#135470,.T.);
#135490=ADVANCED_FACE('',(#135480),#135420,.F.);
#135500=COLOUR_RGB('',0.823529481887817,0.823529481887817,
0.784313797950745);
#135510=FILL_AREA_STYLE_COLOUR('',#135500);
#135520=FILL_AREA_STYLE('',(#135510));
#135530=SURFACE_STYLE_FILL_AREA(#135520);
#135540=SURFACE_SIDE_STYLE('',(#135530));
#135550=SURFACE_STYLE_USAGE(.BOTH.,#135540);
#135560=PRESENTATION_STYLE_ASSIGNMENT((#135550));
#135570=CARTESIAN_POINT('',(124.93890173317,-52.2751171901442,-1204.4));
#135580=DIRECTION('',(1.,0.,-0.));
#135590=DIRECTION('',(0.,0.,1.));
#135600=AXIS2_PLACEMENT_3D('',#135570,#135580,#135590);
#135610=PLANE('',#135600);
#135620=CARTESIAN_POINT('',(124.93890173317,-52.2751171901442,-1195.6));
#135630=DIRECTION('',(0.,1.,0.));
#135640=VECTOR('',#135630,1.);
#135650=LINE('',#135620,#135640);
#135660=EDGE_CURVE('',#29880,#39290,#135650,.T.);
#135670=ORIENTED_EDGE('',*,*,#135660,.T.);
#135680=ORIENTED_EDGE('',*,*,#30120,.T.);
#135690=CARTESIAN_POINT('',(124.93890173317,-52.2751171901442,-1204.4));
#135700=DIRECTION('',(0.,1.,0.));
#135710=VECTOR('',#135700,1.);
#135720=LINE('',#135690,#135710);
#135730=EDGE_CURVE('',#30050,#39100,#135720,.T.);
#135740=ORIENTED_EDGE('',*,*,#135730,.F.);
#135750=ORIENTED_EDGE('',*,*,#39360,.T.);
#135760=EDGE_LOOP('',(#135750,#135740,#135680,#135670));
#135770=FACE_OUTER_BOUND('',#135760,.T.);
#135780=ADVANCED_FACE('',(#135770),#135610,.F.);
#135790=COLOUR_RGB('',0.823529481887817,0.823529481887817,
0.784313797950745);
#135800=FILL_AREA_STYLE_COLOUR('',#135790);
#135810=FILL_AREA_STYLE('',(#135800));
#135820=SURFACE_STYLE_FILL_AREA(#135810);
#135830=SURFACE_SIDE_STYLE('',(#135820));
#135840=SURFACE_STYLE_USAGE(.BOTH.,#135830);
#135850=PRESENTATION_STYLE_ASSIGNMENT((#135840));
#135860=CARTESIAN_POINT('',(121.83890173317,-52.2751171901442,-1204.4));
#135870=DIRECTION('',(0.,1.,0.));
#135880=DIRECTION('',(0.,0.,-1.));
#135890=AXIS2_PLACEMENT_3D('',#135860,#135870,#135880);
#135900=CYLINDRICAL_SURFACE('',#135890,3.1);
#135910=ORIENTED_EDGE('',*,*,#135730,.T.);
#135920=ORIENTED_EDGE('',*,*,#30060,.F.);
#135930=CARTESIAN_POINT('',(118.73890173317,-52.2751171901442,-1204.4));
#135940=DIRECTION('',(0.,1.,0.));
#135950=VECTOR('',#135940,1.);
#135960=LINE('',#135930,#135950);
#135970=EDGE_CURVE('',#29960,#39120,#135960,.T.);
#135980=ORIENTED_EDGE('',*,*,#135970,.F.);
#135990=ORIENTED_EDGE('',*,*,#39130,.T.);
#136000=EDGE_LOOP('',(#135990,#135980,#135920,#135910));
#136010=FACE_OUTER_BOUND('',#136000,.T.);
#136020=ADVANCED_FACE('',(#136010),#135900,.F.);
#136030=COLOUR_RGB('',0.823529481887817,0.823529481887817,
0.784313797950745);
#136040=FILL_AREA_STYLE_COLOUR('',#136030);
#136050=FILL_AREA_STYLE('',(#136040));
#136060=SURFACE_STYLE_FILL_AREA(#136050);
#136070=SURFACE_SIDE_STYLE('',(#136060));
#136080=SURFACE_STYLE_USAGE(.BOTH.,#136070);
#136090=PRESENTATION_STYLE_ASSIGNMENT((#136080));
#136100=CARTESIAN_POINT('',(118.73890173317,-52.2751171901442,-1195.6));
#136110=DIRECTION('',(-1.,-0.,-0.));
#136120=DIRECTION('',(0.,0.,-1.));
#136130=AXIS2_PLACEMENT_3D('',#136100,#136110,#136120);
#136140=PLANE('',#136130);
#136150=ORIENTED_EDGE('',*,*,#135970,.T.);
#136160=ORIENTED_EDGE('',*,*,#29970,.T.);
#136170=CARTESIAN_POINT('',(118.73890173317,-52.2751171901442,-1195.6));
#136180=DIRECTION('',(0.,1.,0.));
#136190=VECTOR('',#136180,1.);
#136200=LINE('',#136170,#136190);
#136210=EDGE_CURVE('',#29860,#39200,#136200,.T.);
#136220=ORIENTED_EDGE('',*,*,#136210,.F.);
#136230=ORIENTED_EDGE('',*,*,#39210,.T.);
#136240=EDGE_LOOP('',(#136230,#136220,#136160,#136150));
#136250=FACE_OUTER_BOUND('',#136240,.T.);
#136260=ADVANCED_FACE('',(#136250),#136140,.F.);
#136270=COLOUR_RGB('',0.823529481887817,0.823529481887817,
0.784313797950745);
#136280=FILL_AREA_STYLE_COLOUR('',#136270);
#136290=FILL_AREA_STYLE('',(#136280));
#136300=SURFACE_STYLE_FILL_AREA(#136290);
#136310=SURFACE_SIDE_STYLE('',(#136300));
#136320=SURFACE_STYLE_USAGE(.BOTH.,#136310);
#136330=PRESENTATION_STYLE_ASSIGNMENT((#136320));
#136340=CARTESIAN_POINT('',(121.83890173317,-52.2751171901442,-1195.6));
#136350=DIRECTION('',(0.,1.,0.));
#136360=DIRECTION('',(0.,0.,-1.));
#136370=AXIS2_PLACEMENT_3D('',#136340,#136350,#136360);
#136380=CYLINDRICAL_SURFACE('',#136370,3.1);
#136390=ORIENTED_EDGE('',*,*,#136210,.T.);
#136400=ORIENTED_EDGE('',*,*,#29890,.F.);
#136410=ORIENTED_EDGE('',*,*,#135660,.F.);
#136420=ORIENTED_EDGE('',*,*,#39300,.T.);
#136430=EDGE_LOOP('',(#136420,#136410,#136400,#136390));
#136440=FACE_OUTER_BOUND('',#136430,.T.);
#136450=ADVANCED_FACE('',(#136440),#136380,.F.);
#136460=COLOUR_RGB('',0.823529481887817,0.823529481887817,
0.784313797950745);
#136470=FILL_AREA_STYLE_COLOUR('',#136460);
#136480=FILL_AREA_STYLE('',(#136470));
#136490=SURFACE_STYLE_FILL_AREA(#136480);
#136500=SURFACE_SIDE_STYLE('',(#136490));
#136510=SURFACE_STYLE_USAGE(.BOTH.,#136500);
#136520=PRESENTATION_STYLE_ASSIGNMENT((#136510));
#136530=CARTESIAN_POINT('',(124.93890173317,-52.2751171901442,-1129.4));
#136540=DIRECTION('',(1.,0.,-0.));
#136550=DIRECTION('',(0.,0.,1.));
#136560=AXIS2_PLACEMENT_3D('',#136530,#136540,#136550);
#136570=PLANE('',#136560);
#136580=CARTESIAN_POINT('',(124.93890173317,-52.2751171901442,-1120.6));
#136590=DIRECTION('',(0.,1.,0.));
#136600=VECTOR('',#136590,1.);
#136610=LINE('',#136580,#136600);
#136620=EDGE_CURVE('',#30240,#59000,#136610,.T.);
#136630=ORIENTED_EDGE('',*,*,#136620,.T.);
#136640=ORIENTED_EDGE('',*,*,#30480,.T.);
#136650=CARTESIAN_POINT('',(124.93890173317,-52.2751171901442,-1129.4));
#136660=DIRECTION('',(0.,1.,0.));
#136670=VECTOR('',#136660,1.);
#136680=LINE('',#136650,#136670);
#136690=EDGE_CURVE('',#30410,#59080,#136680,.T.);
#136700=ORIENTED_EDGE('',*,*,#136690,.F.);
#136710=ORIENTED_EDGE('',*,*,#59090,.T.);
#136720=EDGE_LOOP('',(#136710,#136700,#136640,#136630));
#136730=FACE_OUTER_BOUND('',#136720,.T.);
#136740=ADVANCED_FACE('',(#136730),#136570,.F.);
#136750=COLOUR_RGB('',0.823529481887817,0.823529481887817,
0.784313797950745);
#136760=FILL_AREA_STYLE_COLOUR('',#136750);
#136770=FILL_AREA_STYLE('',(#136760));
#136780=SURFACE_STYLE_FILL_AREA(#136770);
#136790=SURFACE_SIDE_STYLE('',(#136780));
#136800=SURFACE_STYLE_USAGE(.BOTH.,#136790);
#136810=PRESENTATION_STYLE_ASSIGNMENT((#136800));
#136820=CARTESIAN_POINT('',(121.83890173317,-52.2751171901442,-1129.4));
#136830=DIRECTION('',(0.,1.,0.));
#136840=DIRECTION('',(0.,0.,-1.));
#136850=AXIS2_PLACEMENT_3D('',#136820,#136830,#136840);
#136860=CYLINDRICAL_SURFACE('',#136850,3.1);
#136870=ORIENTED_EDGE('',*,*,#136690,.T.);
#136880=ORIENTED_EDGE('',*,*,#30420,.F.);
#136890=CARTESIAN_POINT('',(118.73890173317,-52.2751171901442,-1129.4));
#136900=DIRECTION('',(0.,1.,0.));
#136910=VECTOR('',#136900,1.);
#136920=LINE('',#136890,#136910);
#136930=EDGE_CURVE('',#30320,#58890,#136920,.T.);
#136940=ORIENTED_EDGE('',*,*,#136930,.F.);
#136950=ORIENTED_EDGE('',*,*,#59160,.T.);
#136960=EDGE_LOOP('',(#136950,#136940,#136880,#136870));
#136970=FACE_OUTER_BOUND('',#136960,.T.);
#136980=ADVANCED_FACE('',(#136970),#136860,.F.);
#136990=COLOUR_RGB('',0.823529481887817,0.823529481887817,
0.784313797950745);
#137000=FILL_AREA_STYLE_COLOUR('',#136990);
#137010=FILL_AREA_STYLE('',(#137000));
#137020=SURFACE_STYLE_FILL_AREA(#137010);
#137030=SURFACE_SIDE_STYLE('',(#137020));
#137040=SURFACE_STYLE_USAGE(.BOTH.,#137030);
#137050=PRESENTATION_STYLE_ASSIGNMENT((#137040));
#137060=CARTESIAN_POINT('',(118.73890173317,-52.2751171901442,-1120.6));
#137070=DIRECTION('',(-1.,-0.,-0.));
#137080=DIRECTION('',(0.,0.,-1.));
#137090=AXIS2_PLACEMENT_3D('',#137060,#137070,#137080);
#137100=PLANE('',#137090);
#137110=ORIENTED_EDGE('',*,*,#136930,.T.);
#137120=ORIENTED_EDGE('',*,*,#30330,.T.);
#137130=CARTESIAN_POINT('',(118.73890173317,-52.2751171901442,-1120.6));
#137140=DIRECTION('',(0.,1.,0.));
#137150=VECTOR('',#137140,1.);
#137160=LINE('',#137130,#137150);
#137170=EDGE_CURVE('',#30220,#58910,#137160,.T.);
#137180=ORIENTED_EDGE('',*,*,#137170,.F.);
#137190=ORIENTED_EDGE('',*,*,#58920,.T.);
#137200=EDGE_LOOP('',(#137190,#137180,#137120,#137110));
#137210=FACE_OUTER_BOUND('',#137200,.T.);
#137220=ADVANCED_FACE('',(#137210),#137100,.F.);
#137230=COLOUR_RGB('',0.823529481887817,0.823529481887817,
0.784313797950745);
#137240=FILL_AREA_STYLE_COLOUR('',#137230);
#137250=FILL_AREA_STYLE('',(#137240));
#137260=SURFACE_STYLE_FILL_AREA(#137250);
#137270=SURFACE_SIDE_STYLE('',(#137260));
#137280=SURFACE_STYLE_USAGE(.BOTH.,#137270);
#137290=PRESENTATION_STYLE_ASSIGNMENT((#137280));
#137300=CARTESIAN_POINT('',(121.83890173317,-52.2751171901442,-1120.6));
#137310=DIRECTION('',(0.,1.,0.));
#137320=DIRECTION('',(0.,0.,-1.));
#137330=AXIS2_PLACEMENT_3D('',#137300,#137310,#137320);
#137340=CYLINDRICAL_SURFACE('',#137330,3.1);
#137350=ORIENTED_EDGE('',*,*,#137170,.T.);
#137360=ORIENTED_EDGE('',*,*,#30250,.F.);
#137370=ORIENTED_EDGE('',*,*,#136620,.F.);
#137380=ORIENTED_EDGE('',*,*,#59010,.T.);
#137390=EDGE_LOOP('',(#137380,#137370,#137360,#137350));
#137400=FACE_OUTER_BOUND('',#137390,.T.);
#137410=ADVANCED_FACE('',(#137400),#137340,.F.);
#137420=COLOUR_RGB('',0.823529481887817,0.823529481887817,
0.784313797950745);
#137430=FILL_AREA_STYLE_COLOUR('',#137420);
#137440=FILL_AREA_STYLE('',(#137430));
#137450=SURFACE_STYLE_FILL_AREA(#137440);
#137460=SURFACE_SIDE_STYLE('',(#137450));
#137470=SURFACE_STYLE_USAGE(.BOTH.,#137460);
#137480=PRESENTATION_STYLE_ASSIGNMENT((#137470));
#137490=CARTESIAN_POINT('',(121.83890173317,-52.2751171901442,-1329.4));
#137500=DIRECTION('',(0.,1.,0.));
#137510=DIRECTION('',(0.,0.,-1.));
#137520=AXIS2_PLACEMENT_3D('',#137490,#137500,#137510);
#137530=CYLINDRICAL_SURFACE('',#137520,3.1);
#137540=CARTESIAN_POINT('',(124.93890173317,-52.2751171901442,-1329.4));
#137550=DIRECTION('',(0.,1.,0.));
#137560=VECTOR('',#137550,1.);
#137570=LINE('',#137540,#137560);
#137580=EDGE_CURVE('',#30580,#48920,#137570,.T.);
#137590=ORIENTED_EDGE('',*,*,#137580,.T.);
#137600=ORIENTED_EDGE('',*,*,#30610,.F.);
#137610=CARTESIAN_POINT('',(118.73890173317,-52.2751171901442,-1329.4));
#137620=DIRECTION('',(0.,1.,0.));
#137630=VECTOR('',#137620,1.);
#137640=LINE('',#137610,#137630);
#137650=EDGE_CURVE('',#30600,#49010,#137640,.T.);
#137660=ORIENTED_EDGE('',*,*,#137650,.F.);
#137670=ORIENTED_EDGE('',*,*,#49020,.T.);
#137680=EDGE_LOOP('',(#137670,#137660,#137600,#137590));
#137690=FACE_OUTER_BOUND('',#137680,.T.);
#137700=ADVANCED_FACE('',(#137690),#137530,.F.);
#137710=COLOUR_RGB('',0.823529481887817,0.823529481887817,
0.784313797950745);
#137720=FILL_AREA_STYLE_COLOUR('',#137710);
#137730=FILL_AREA_STYLE('',(#137720));
#137740=SURFACE_STYLE_FILL_AREA(#137730);
#137750=SURFACE_SIDE_STYLE('',(#137740));
#137760=SURFACE_STYLE_USAGE(.BOTH.,#137750);
#137770=PRESENTATION_STYLE_ASSIGNMENT((#137760));
#137780=CARTESIAN_POINT('',(124.93890173317,-52.2751171901442,-1329.4));
#137790=DIRECTION('',(1.,0.,-0.));
#137800=DIRECTION('',(0.,0.,1.));
#137810=AXIS2_PLACEMENT_3D('',#137780,#137790,#137800);
#137820=PLANE('',#137810);
#137830=CARTESIAN_POINT('',(124.93890173317,-52.2751171901442,-1320.6));
#137840=DIRECTION('',(0.,1.,0.));
#137850=VECTOR('',#137840,1.);
#137860=LINE('',#137830,#137850);
#137870=EDGE_CURVE('',#30680,#48840,#137860,.T.);
#137880=ORIENTED_EDGE('',*,*,#137870,.T.);
#137890=ORIENTED_EDGE('',*,*,#30690,.T.);
#137900=ORIENTED_EDGE('',*,*,#137580,.F.);
#137910=ORIENTED_EDGE('',*,*,#48930,.T.);
#137920=EDGE_LOOP('',(#137910,#137900,#137890,#137880));
#137930=FACE_OUTER_BOUND('',#137920,.T.);
#137940=ADVANCED_FACE('',(#137930),#137820,.F.);
#137950=COLOUR_RGB('',0.823529481887817,0.823529481887817,
0.784313797950745);
#137960=FILL_AREA_STYLE_COLOUR('',#137950);
#137970=FILL_AREA_STYLE('',(#137960));
#137980=SURFACE_STYLE_FILL_AREA(#137970);
#137990=SURFACE_SIDE_STYLE('',(#137980));
#138000=SURFACE_STYLE_USAGE(.BOTH.,#137990);
#138010=PRESENTATION_STYLE_ASSIGNMENT((#138000));
#138020=CARTESIAN_POINT('',(121.83890173317,-52.2751171901442,-1320.6));
#138030=DIRECTION('',(0.,1.,0.));
#138040=DIRECTION('',(0.,0.,-1.));
#138050=AXIS2_PLACEMENT_3D('',#138020,#138030,#138040);
#138060=CYLINDRICAL_SURFACE('',#138050,3.1);
#138070=CARTESIAN_POINT('',(118.73890173317,-52.2751171901442,-1320.6));
#138080=DIRECTION('',(0.,1.,0.));
#138090=VECTOR('',#138080,1.);
#138100=LINE('',#138070,#138090);
#138110=EDGE_CURVE('',#30770,#48820,#138100,.T.);
#138120=ORIENTED_EDGE('',*,*,#138110,.T.);
#138130=ORIENTED_EDGE('',*,*,#30780,.F.);
#138140=ORIENTED_EDGE('',*,*,#137870,.F.);
#138150=ORIENTED_EDGE('',*,*,#48850,.T.);
#138160=EDGE_LOOP('',(#138150,#138140,#138130,#138120));
#138170=FACE_OUTER_BOUND('',#138160,.T.);
#138180=ADVANCED_FACE('',(#138170),#138060,.F.);
#138190=COLOUR_RGB('',0.823529481887817,0.823529481887817,
0.784313797950745);
#138200=FILL_AREA_STYLE_COLOUR('',#138190);
#138210=FILL_AREA_STYLE('',(#138200));
#138220=SURFACE_STYLE_FILL_AREA(#138210);
#138230=SURFACE_SIDE_STYLE('',(#138220));
#138240=SURFACE_STYLE_USAGE(.BOTH.,#138230);
#138250=PRESENTATION_STYLE_ASSIGNMENT((#138240));
#138260=CARTESIAN_POINT('',(118.73890173317,-52.2751171901442,-1320.6));
#138270=DIRECTION('',(-1.,-0.,-0.));
#138280=DIRECTION('',(0.,0.,-1.));
#138290=AXIS2_PLACEMENT_3D('',#138260,#138270,#138280);
#138300=PLANE('',#138290);
#138310=ORIENTED_EDGE('',*,*,#137650,.T.);
#138320=ORIENTED_EDGE('',*,*,#30840,.T.);
#138330=ORIENTED_EDGE('',*,*,#138110,.F.);
#138340=ORIENTED_EDGE('',*,*,#49080,.T.);
#138350=EDGE_LOOP('',(#138340,#138330,#138320,#138310));
#138360=FACE_OUTER_BOUND('',#138350,.T.);
#138370=ADVANCED_FACE('',(#138360),#138300,.F.);
#138380=COLOUR_RGB('',0.823529481887817,0.823529481887817,
0.784313797950745);
#138390=FILL_AREA_STYLE_COLOUR('',#138380);
#138400=FILL_AREA_STYLE('',(#138390));
#138410=SURFACE_STYLE_FILL_AREA(#138400);
#138420=SURFACE_SIDE_STYLE('',(#138410));
#138430=SURFACE_STYLE_USAGE(.BOTH.,#138420);
#138440=PRESENTATION_STYLE_ASSIGNMENT((#138430));
#138450=CARTESIAN_POINT('',(124.93890173317,-52.2751171901442,-529.4));
#138460=DIRECTION('',(1.,0.,-0.));
#138470=DIRECTION('',(0.,0.,1.));
#138480=AXIS2_PLACEMENT_3D('',#138450,#138460,#138470);
#138490=PLANE('',#138480);
#138500=CARTESIAN_POINT('',(124.93890173317,-52.2751171901442,-520.6));
#138510=DIRECTION('',(0.,1.,0.));
#138520=VECTOR('',#138510,1.);
#138530=LINE('',#138500,#138520);
#138540=EDGE_CURVE('',#30960,#52410,#138530,.T.);
#138550=ORIENTED_EDGE('',*,*,#138540,.T.);
#138560=ORIENTED_EDGE('',*,*,#31200,.T.);
#138570=CARTESIAN_POINT('',(124.93890173317,-52.2751171901442,-529.4));
#138580=DIRECTION('',(0.,1.,0.));
#138590=VECTOR('',#138580,1.);
#138600=LINE('',#138570,#138590);
#138610=EDGE_CURVE('',#31130,#52430,#138600,.T.);
#138620=ORIENTED_EDGE('',*,*,#138610,.F.);
#138630=ORIENTED_EDGE('',*,*,#52440,.T.);
#138640=EDGE_LOOP('',(#138630,#138620,#138560,#138550));
#138650=FACE_OUTER_BOUND('',#138640,.T.);
#138660=ADVANCED_FACE('',(#138650),#138490,.F.);
#138670=COLOUR_RGB('',0.823529481887817,0.823529481887817,
0.784313797950745);
#138680=FILL_AREA_STYLE_COLOUR('',#138670);
#138690=FILL_AREA_STYLE('',(#138680));
#138700=SURFACE_STYLE_FILL_AREA(#138690);
#138710=SURFACE_SIDE_STYLE('',(#138700));
#138720=SURFACE_STYLE_USAGE(.BOTH.,#138710);
#138730=PRESENTATION_STYLE_ASSIGNMENT((#138720));
#138740=CARTESIAN_POINT('',(121.83890173317,-52.2751171901442,-529.4));
#138750=DIRECTION('',(0.,1.,0.));
#138760=DIRECTION('',(0.,0.,-1.));
#138770=AXIS2_PLACEMENT_3D('',#138740,#138750,#138760);
#138780=CYLINDRICAL_SURFACE('',#138770,3.1);
#138790=ORIENTED_EDGE('',*,*,#138610,.T.);
#138800=ORIENTED_EDGE('',*,*,#31140,.F.);
#138810=CARTESIAN_POINT('',(118.73890173317,-52.2751171901442,-529.4));
#138820=DIRECTION('',(0.,1.,0.));
#138830=VECTOR('',#138820,1.);
#138840=LINE('',#138810,#138830);
#138850=EDGE_CURVE('',#31040,#52520,#138840,.T.);
#138860=ORIENTED_EDGE('',*,*,#138850,.F.);
#138870=ORIENTED_EDGE('',*,*,#52530,.T.);
#138880=EDGE_LOOP('',(#138870,#138860,#138800,#138790));
#138890=FACE_OUTER_BOUND('',#138880,.T.);
#138900=ADVANCED_FACE('',(#138890),#138780,.F.);
#138910=COLOUR_RGB('',0.823529481887817,0.823529481887817,
0.784313797950745);
#138920=FILL_AREA_STYLE_COLOUR('',#138910);
#138930=FILL_AREA_STYLE('',(#138920));
#138940=SURFACE_STYLE_FILL_AREA(#138930);
#138950=SURFACE_SIDE_STYLE('',(#138940));
#138960=SURFACE_STYLE_USAGE(.BOTH.,#138950);
#138970=PRESENTATION_STYLE_ASSIGNMENT((#138960));
#138980=CARTESIAN_POINT('',(118.73890173317,-52.2751171901442,-520.6));
#138990=DIRECTION('',(-1.,-0.,-0.));
#139000=DIRECTION('',(0.,0.,-1.));
#139010=AXIS2_PLACEMENT_3D('',#138980,#138990,#139000);
#139020=PLANE('',#139010);
#139030=ORIENTED_EDGE('',*,*,#138850,.T.);
#139040=ORIENTED_EDGE('',*,*,#31050,.T.);
#139050=CARTESIAN_POINT('',(118.73890173317,-52.2751171901442,-520.6));
#139060=DIRECTION('',(0.,1.,0.));
#139070=VECTOR('',#139060,1.);
#139080=LINE('',#139050,#139070);
#139090=EDGE_CURVE('',#30940,#52600,#139080,.T.);
#139100=ORIENTED_EDGE('',*,*,#139090,.F.);
#139110=ORIENTED_EDGE('',*,*,#52610,.T.);
#139120=EDGE_LOOP('',(#139110,#139100,#139040,#139030));
#139130=FACE_OUTER_BOUND('',#139120,.T.);
#139140=ADVANCED_FACE('',(#139130),#139020,.F.);
#139150=COLOUR_RGB('',0.823529481887817,0.823529481887817,
0.784313797950745);
#139160=FILL_AREA_STYLE_COLOUR('',#139150);
#139170=FILL_AREA_STYLE('',(#139160));
#139180=SURFACE_STYLE_FILL_AREA(#139170);
#139190=SURFACE_SIDE_STYLE('',(#139180));
#139200=SURFACE_STYLE_USAGE(.BOTH.,#139190);
#139210=PRESENTATION_STYLE_ASSIGNMENT((#139200));
#139220=CARTESIAN_POINT('',(121.83890173317,-52.2751171901442,-520.6));
#139230=DIRECTION('',(0.,1.,0.));
#139240=DIRECTION('',(0.,0.,-1.));
#139250=AXIS2_PLACEMENT_3D('',#139220,#139230,#139240);
#139260=CYLINDRICAL_SURFACE('',#139250,3.1);
#139270=ORIENTED_EDGE('',*,*,#139090,.T.);
#139280=ORIENTED_EDGE('',*,*,#30970,.F.);
#139290=ORIENTED_EDGE('',*,*,#138540,.F.);
#139300=ORIENTED_EDGE('',*,*,#52680,.T.);
#139310=EDGE_LOOP('',(#139300,#139290,#139280,#139270));
#139320=FACE_OUTER_BOUND('',#139310,.T.);
#139330=ADVANCED_FACE('',(#139320),#139260,.F.);
#139340=COLOUR_RGB('',0.823529481887817,0.823529481887817,
0.784313797950745);
#139350=FILL_AREA_STYLE_COLOUR('',#139340);
#139360=FILL_AREA_STYLE('',(#139350));
#139370=SURFACE_STYLE_FILL_AREA(#139360);
#139380=SURFACE_SIDE_STYLE('',(#139370));
#139390=SURFACE_STYLE_USAGE(.BOTH.,#139380);
#139400=PRESENTATION_STYLE_ASSIGNMENT((#139390));
#139410=CARTESIAN_POINT('',(124.93890173317,-52.2751171901442,-1579.4));
#139420=DIRECTION('',(1.,0.,-0.));
#139430=DIRECTION('',(0.,0.,1.));
#139440=AXIS2_PLACEMENT_3D('',#139410,#139420,#139430);
#139450=PLANE('',#139440);
#139460=CARTESIAN_POINT('',(124.93890173317,-52.2751171901442,-1570.6));
#139470=DIRECTION('',(0.,1.,0.));
#139480=VECTOR('',#139470,1.);
#139490=LINE('',#139460,#139480);
#139500=EDGE_CURVE('',#31320,#49640,#139490,.T.);
#139510=ORIENTED_EDGE('',*,*,#139500,.T.);
#139520=ORIENTED_EDGE('',*,*,#31560,.T.);
#139530=CARTESIAN_POINT('',(124.93890173317,-52.2751171901442,-1579.4));
#139540=DIRECTION('',(0.,1.,0.));
#139550=VECTOR('',#139540,1.);
#139560=LINE('',#139530,#139550);
#139570=EDGE_CURVE('',#31490,#49720,#139560,.T.);
#139580=ORIENTED_EDGE('',*,*,#139570,.F.);
#139590=ORIENTED_EDGE('',*,*,#49730,.T.);
#139600=EDGE_LOOP('',(#139590,#139580,#139520,#139510));
#139610=FACE_OUTER_BOUND('',#139600,.T.);
#139620=ADVANCED_FACE('',(#139610),#139450,.F.);
#139630=COLOUR_RGB('',0.823529481887817,0.823529481887817,
0.784313797950745);
#139640=FILL_AREA_STYLE_COLOUR('',#139630);
#139650=FILL_AREA_STYLE('',(#139640));
#139660=SURFACE_STYLE_FILL_AREA(#139650);
#139670=SURFACE_SIDE_STYLE('',(#139660));
#139680=SURFACE_STYLE_USAGE(.BOTH.,#139670);
#139690=PRESENTATION_STYLE_ASSIGNMENT((#139680));
#139700=CARTESIAN_POINT('',(121.83890173317,-52.2751171901442,-1579.4));
#139710=DIRECTION('',(0.,1.,0.));
#139720=DIRECTION('',(0.,0.,-1.));
#139730=AXIS2_PLACEMENT_3D('',#139700,#139710,#139720);
#139740=CYLINDRICAL_SURFACE('',#139730,3.1);
#139750=ORIENTED_EDGE('',*,*,#139570,.T.);
#139760=ORIENTED_EDGE('',*,*,#31500,.F.);
#139770=CARTESIAN_POINT('',(118.73890173317,-52.2751171901442,-1579.4));
#139780=DIRECTION('',(0.,1.,0.));
#139790=VECTOR('',#139780,1.);
#139800=LINE('',#139770,#139790);
#139810=EDGE_CURVE('',#31400,#49530,#139800,.T.);
#139820=ORIENTED_EDGE('',*,*,#139810,.F.);
#139830=ORIENTED_EDGE('',*,*,#49800,.T.);
#139840=EDGE_LOOP('',(#139830,#139820,#139760,#139750));
#139850=FACE_OUTER_BOUND('',#139840,.T.);
#139860=ADVANCED_FACE('',(#139850),#139740,.F.);
#139870=COLOUR_RGB('',0.823529481887817,0.823529481887817,
0.784313797950745);
#139880=FILL_AREA_STYLE_COLOUR('',#139870);
#139890=FILL_AREA_STYLE('',(#139880));
#139900=SURFACE_STYLE_FILL_AREA(#139890);
#139910=SURFACE_SIDE_STYLE('',(#139900));
#139920=SURFACE_STYLE_USAGE(.BOTH.,#139910);
#139930=PRESENTATION_STYLE_ASSIGNMENT((#139920));
#139940=CARTESIAN_POINT('',(118.73890173317,-52.2751171901442,-1570.6));
#139950=DIRECTION('',(-1.,-0.,-0.));
#139960=DIRECTION('',(0.,0.,-1.));
#139970=AXIS2_PLACEMENT_3D('',#139940,#139950,#139960);
#139980=PLANE('',#139970);
#139990=ORIENTED_EDGE('',*,*,#139810,.T.);
#140000=ORIENTED_EDGE('',*,*,#31410,.T.);
#140010=CARTESIAN_POINT('',(118.73890173317,-52.2751171901442,-1570.6));
#140020=DIRECTION('',(0.,1.,0.));
#140030=VECTOR('',#140020,1.);
#140040=LINE('',#140010,#140030);
#140050=EDGE_CURVE('',#31300,#49550,#140040,.T.);
#140060=ORIENTED_EDGE('',*,*,#140050,.F.);
#140070=ORIENTED_EDGE('',*,*,#49560,.T.);
#140080=EDGE_LOOP('',(#140070,#140060,#140000,#139990));
#140090=FACE_OUTER_BOUND('',#140080,.T.);
#140100=ADVANCED_FACE('',(#140090),#139980,.F.);
#140110=COLOUR_RGB('',0.823529481887817,0.823529481887817,
0.784313797950745);
#140120=FILL_AREA_STYLE_COLOUR('',#140110);
#140130=FILL_AREA_STYLE('',(#140120));
#140140=SURFACE_STYLE_FILL_AREA(#140130);
#140150=SURFACE_SIDE_STYLE('',(#140140));
#140160=SURFACE_STYLE_USAGE(.BOTH.,#140150);
#140170=PRESENTATION_STYLE_ASSIGNMENT((#140160));
#140180=CARTESIAN_POINT('',(121.83890173317,-52.2751171901442,-1570.6));
#140190=DIRECTION('',(0.,1.,0.));
#140200=DIRECTION('',(0.,0.,-1.));
#140210=AXIS2_PLACEMENT_3D('',#140180,#140190,#140200);
#140220=CYLINDRICAL_SURFACE('',#140210,3.1);
#140230=ORIENTED_EDGE('',*,*,#140050,.T.);
#140240=ORIENTED_EDGE('',*,*,#31330,.F.);
#140250=ORIENTED_EDGE('',*,*,#139500,.F.);
#140260=ORIENTED_EDGE('',*,*,#49650,.T.);
#140270=EDGE_LOOP('',(#140260,#140250,#140240,#140230));
#140280=FACE_OUTER_BOUND('',#140270,.T.);
#140290=ADVANCED_FACE('',(#140280),#140220,.F.);
#140300=COLOUR_RGB('',0.823529481887817,0.823529481887817,
0.784313797950745);
#140310=FILL_AREA_STYLE_COLOUR('',#140300);
#140320=FILL_AREA_STYLE('',(#140310));
#140330=SURFACE_STYLE_FILL_AREA(#140320);
#140340=SURFACE_SIDE_STYLE('',(#140330));
#140350=SURFACE_STYLE_USAGE(.BOTH.,#140340);
#140360=PRESENTATION_STYLE_ASSIGNMENT((#140350));
#140370=CARTESIAN_POINT('',(107.53890173317,-45.8251147901442,0.));
#140380=DIRECTION('',(0.,0.,-1.));
#140390=DIRECTION('',(-1.,0.,0.));
#140400=AXIS2_PLACEMENT_3D('',#140370,#140380,#140390);
#140410=CYLINDRICAL_SURFACE('',#140400,1.8);
#140420=CARTESIAN_POINT('',(107.53890173317,-45.8251147901442,-1900.));
#140430=DIRECTION('',(0.,0.,-1.));
#140440=DIRECTION('',(-1.,0.,0.));
#140450=AXIS2_PLACEMENT_3D('',#140420,#140430,#140440);
#140460=CIRCLE('',#140450,1.8);
#140470=EDGE_CURVE('',#62410,#63720,#140460,.T.);
#140480=ORIENTED_EDGE('',*,*,#140470,.F.);
#140490=ORIENTED_EDGE('',*,*,#63730,.T.);
#140500=ORIENTED_EDGE('',*,*,#1520,.T.);
#140510=ORIENTED_EDGE('',*,*,#62480,.F.);
#140520=EDGE_LOOP('',(#140510,#140500,#140490,#140480));
#140530=FACE_OUTER_BOUND('',#140520,.T.);
#140540=ADVANCED_FACE('',(#140530),#140410,.T.);
#140550=COLOUR_RGB('',0.823529481887817,0.823529481887817,
0.784313797950745);
#140560=FILL_AREA_STYLE_COLOUR('',#140550);
#140570=FILL_AREA_STYLE('',(#140560));
#140580=SURFACE_STYLE_FILL_AREA(#140570);
#140590=SURFACE_SIDE_STYLE('',(#140580));
#140600=SURFACE_STYLE_USAGE(.BOTH.,#140590);
#140610=PRESENTATION_STYLE_ASSIGNMENT((#140600));
#140620=CARTESIAN_POINT('',(136.13890173317,-45.8251147901442,0.));
#140630=DIRECTION('',(0.,0.,-1.));
#140640=DIRECTION('',(-1.,0.,0.));
#140650=AXIS2_PLACEMENT_3D('',#140620,#140630,#140640);
#140660=CYLINDRICAL_SURFACE('',#140650,1.8);
#140670=CARTESIAN_POINT('',(136.13890173317,-45.8251147901442,-1900.));
#140680=DIRECTION('',(0.,0.,-1.));
#140690=DIRECTION('',(-1.,0.,0.));
#140700=AXIS2_PLACEMENT_3D('',#140670,#140680,#140690);
#140710=CIRCLE('',#140700,1.8);
#140720=EDGE_CURVE('',#64030,#63390,#140710,.T.);
#140730=ORIENTED_EDGE('',*,*,#140720,.F.);
#140740=ORIENTED_EDGE('',*,*,#63480,.T.);
#140750=ORIENTED_EDGE('',*,*,#470,.T.);
#140760=ORIENTED_EDGE('',*,*,#64100,.F.);
#140770=EDGE_LOOP('',(#140760,#140750,#140740,#140730));
#140780=FACE_OUTER_BOUND('',#140770,.T.);
#140790=ADVANCED_FACE('',(#140780),#140660,.T.);
#140800=COLOUR_RGB('',0.823529481887817,0.823529481887817,
0.784313797950745);
#140810=FILL_AREA_STYLE_COLOUR('',#140800);
#140820=FILL_AREA_STYLE('',(#140810));
#140830=SURFACE_STYLE_FILL_AREA(#140820);
#140840=SURFACE_SIDE_STYLE('',(#140830));
#140850=SURFACE_STYLE_USAGE(.BOTH.,#140840);
#140860=PRESENTATION_STYLE_ASSIGNMENT((#140850));
#140870=CARTESIAN_POINT('',(107.53890173317,-45.8251147901442,0.));
#140880=DIRECTION('',(0.,0.,1.));
#140890=DIRECTION('',(1.,0.,0.));
#140900=AXIS2_PLACEMENT_3D('',#140870,#140880,#140890);
#140910=CYLINDRICAL_SURFACE('',#140900,0.8);
#140920=CARTESIAN_POINT('',(107.53890173317,-45.8251147901442,-1900.));
#140930=DIRECTION('',(0.,0.,1.));
#140940=DIRECTION('',(1.,0.,0.));
#140950=AXIS2_PLACEMENT_3D('',#140920,#140930,#140940);
#140960=CIRCLE('',#140950,0.8);
#140970=EDGE_CURVE('',#3260,#64320,#140960,.T.);
#140980=ORIENTED_EDGE('',*,*,#140970,.F.);
#140990=ORIENTED_EDGE('',*,*,#64410,.T.);
#141000=ORIENTED_EDGE('',*,*,#1190,.T.);
#141010=ORIENTED_EDGE('',*,*,#3330,.F.);
#141020=EDGE_LOOP('',(#141010,#141000,#140990,#140980));
#141030=FACE_OUTER_BOUND('',#141020,.T.);
#141040=ADVANCED_FACE('',(#141030),#140910,.F.);
#141050=COLOUR_RGB('',0.823529481887817,0.823529481887817,
0.784313797950745);
#141060=FILL_AREA_STYLE_COLOUR('',#141050);
#141070=FILL_AREA_STYLE('',(#141060));
#141080=SURFACE_STYLE_FILL_AREA(#141070);
#141090=SURFACE_SIDE_STYLE('',(#141080));
#141100=SURFACE_STYLE_USAGE(.BOTH.,#141090);
#141110=PRESENTATION_STYLE_ASSIGNMENT((#141100));
#141120=CARTESIAN_POINT('',(136.13890173317,-45.8251147901442,0.));
#141130=DIRECTION('',(0.,0.,1.));
#141140=DIRECTION('',(1.,0.,0.));
#141150=AXIS2_PLACEMENT_3D('',#141120,#141130,#141140);
#141160=CYLINDRICAL_SURFACE('',#141150,0.8);
#141170=CARTESIAN_POINT('',(136.13890173317,-45.8251147901442,-1900.));
#141180=DIRECTION('',(0.,0.,1.));
#141190=DIRECTION('',(1.,0.,0.));
#141200=AXIS2_PLACEMENT_3D('',#141170,#141180,#141190);
#141210=CIRCLE('',#141200,0.8);
#141220=EDGE_CURVE('',#62790,#62100,#141210,.T.);
#141230=ORIENTED_EDGE('',*,*,#141220,.F.);
#141240=ORIENTED_EDGE('',*,*,#62110,.T.);
#141250=ORIENTED_EDGE('',*,*,#800,.T.);
#141260=ORIENTED_EDGE('',*,*,#62860,.F.);
#141270=EDGE_LOOP('',(#141260,#141250,#141240,#141230));
#141280=FACE_OUTER_BOUND('',#141270,.T.);
#141290=ADVANCED_FACE('',(#141280),#141160,.F.);
#141300=COLOUR_RGB('',0.823529481887817,0.823529481887817,
0.784313797950745);
#141310=FILL_AREA_STYLE_COLOUR('',#141300);
#141320=FILL_AREA_STYLE('',(#141310));
#141330=SURFACE_STYLE_FILL_AREA(#141320);
#141340=SURFACE_SIDE_STYLE('',(#141330));
#141350=SURFACE_STYLE_USAGE(.BOTH.,#141340);
#141360=PRESENTATION_STYLE_ASSIGNMENT((#141350));
#141370=CARTESIAN_POINT('',(155.73890173317,-6.21756259312821,-1900.));
#141380=DIRECTION('',(0.,0.,-1.));
#141390=DIRECTION('',(1.,0.,0.));
#141400=AXIS2_PLACEMENT_3D('',#141370,#141380,#141390);
#141410=PLANE('',#141400);
#141420=ORIENTED_EDGE('',*,*,#2890,.F.);
#141430=ORIENTED_EDGE('',*,*,#61810,.T.);
#141440=ORIENTED_EDGE('',*,*,#63790,.T.);
#141450=ORIENTED_EDGE('',*,*,#140470,.T.);
#141460=ORIENTED_EDGE('',*,*,#62420,.T.);
#141470=ORIENTED_EDGE('',*,*,#3580,.F.);
#141480=ORIENTED_EDGE('',*,*,#64330,.T.);
#141490=ORIENTED_EDGE('',*,*,#140970,.T.);
#141500=ORIENTED_EDGE('',*,*,#3270,.T.);
#141510=ORIENTED_EDGE('',*,*,#32430,.T.);
#141520=EDGE_LOOP('',(#141510,#141500,#141490,#141480,#141470,#141460,
#141450,#141440,#141430,#141420));
#141530=FACE_OUTER_BOUND('',#141520,.T.);
#141540=ADVANCED_FACE('',(#141530),#141410,.T.);
#141550=COLOUR_RGB('',0.823529481887817,0.823529481887817,
0.784313797950745);
#141560=FILL_AREA_STYLE_COLOUR('',#141550);
#141570=FILL_AREA_STYLE('',(#141560));
#141580=SURFACE_STYLE_FILL_AREA(#141570);
#141590=SURFACE_SIDE_STYLE('',(#141580));
#141600=SURFACE_STYLE_USAGE(.BOTH.,#141590);
#141610=PRESENTATION_STYLE_ASSIGNMENT((#141600));
#141620=ORIENTED_EDGE('',*,*,#32380,.T.);
#141630=ORIENTED_EDGE('',*,*,#62170,.T.);
#141640=ORIENTED_EDGE('',*,*,#141220,.T.);
#141650=ORIENTED_EDGE('',*,*,#62800,.T.);
#141660=ORIENTED_EDGE('',*,*,#63090,.T.);
#141670=ORIENTED_EDGE('',*,*,#63400,.F.);
#141680=ORIENTED_EDGE('',*,*,#140720,.T.);
#141690=ORIENTED_EDGE('',*,*,#64040,.T.);
#141700=ORIENTED_EDGE('',*,*,#61860,.T.);
#141710=ORIENTED_EDGE('',*,*,#2110,.F.);
#141720=EDGE_LOOP('',(#141710,#141700,#141690,#141680,#141670,#141660,
#141650,#141640,#141630,#141620));
#141730=FACE_OUTER_BOUND('',#141720,.T.);
#141740=ADVANCED_FACE('',(#141730),#141410,.T.);
#141750=COLOUR_RGB('',0.823529481887817,0.823529481887817,
0.784313797950745);
#141760=FILL_AREA_STYLE_COLOUR('',#141750);
#141770=FILL_AREA_STYLE('',(#141760));
#141780=SURFACE_STYLE_FILL_AREA(#141770);
#141790=SURFACE_SIDE_STYLE('',(#141780));
#141800=SURFACE_STYLE_USAGE(.BOTH.,#141790);
#141810=PRESENTATION_STYLE_ASSIGNMENT((#141800));
#141820=CARTESIAN_POINT('',(124.93890173317,-52.2751171901442,95.6));
#141830=DIRECTION('',(1.,0.,-0.));
#141840=DIRECTION('',(0.,0.,1.));
#141850=AXIS2_PLACEMENT_3D('',#141820,#141830,#141840);
#141860=PLANE('',#141850);
#141870=ORIENTED_EDGE('',*,*,#32680,.T.);
#141880=CARTESIAN_POINT('',(124.93890173317,-52.2751171901442,95.6));
#141890=DIRECTION('',(0.,1.,0.));
#141900=VECTOR('',#141890,1.);
#141910=LINE('',#141880,#141900);
#141920=EDGE_CURVE('',#32610,#61500,#141910,.T.);
#141930=ORIENTED_EDGE('',*,*,#141920,.F.);
#141940=ORIENTED_EDGE('',*,*,#61510,.T.);
#141950=ORIENTED_EDGE('',*,*,#220,.T.);
#141960=EDGE_LOOP('',(#141950,#141940,#141930,#141870));
#141970=FACE_OUTER_BOUND('',#141960,.T.);
#141980=ADVANCED_FACE('',(#141970),#141860,.F.);
#141990=COLOUR_RGB('',0.823529481887817,0.823529481887817,
0.784313797950745);
#142000=FILL_AREA_STYLE_COLOUR('',#141990);
#142010=FILL_AREA_STYLE('',(#142000));
#142020=SURFACE_STYLE_FILL_AREA(#142010);
#142030=SURFACE_SIDE_STYLE('',(#142020));
#142040=SURFACE_STYLE_USAGE(.BOTH.,#142030);
#142050=PRESENTATION_STYLE_ASSIGNMENT((#142040));
#142060=CARTESIAN_POINT('',(121.83890173317,-52.2751171901442,95.6));
#142070=DIRECTION('',(0.,1.,0.));
#142080=DIRECTION('',(0.,0.,-1.));
#142090=AXIS2_PLACEMENT_3D('',#142060,#142070,#142080);
#142100=CYLINDRICAL_SURFACE('',#142090,3.1);
#142110=ORIENTED_EDGE('',*,*,#141920,.T.);
#142120=ORIENTED_EDGE('',*,*,#32620,.F.);
#142130=CARTESIAN_POINT('',(118.73890173317,-52.2751171901442,95.6));
#142140=DIRECTION('',(0.,1.,0.));
#142150=VECTOR('',#142140,1.);
#142160=LINE('',#142130,#142150);
#142170=EDGE_CURVE('',#32520,#61590,#142160,.T.);
#142180=ORIENTED_EDGE('',*,*,#142170,.F.);
#142190=ORIENTED_EDGE('',*,*,#61600,.T.);
#142200=EDGE_LOOP('',(#142190,#142180,#142120,#142110));
#142210=FACE_OUTER_BOUND('',#142200,.T.);
#142220=ADVANCED_FACE('',(#142210),#142100,.F.);
#142230=COLOUR_RGB('',0.823529481887817,0.823529481887817,
0.784313797950745);
#142240=FILL_AREA_STYLE_COLOUR('',#142230);
#142250=FILL_AREA_STYLE('',(#142240));
#142260=SURFACE_STYLE_FILL_AREA(#142250);
#142270=SURFACE_SIDE_STYLE('',(#142260));
#142280=SURFACE_STYLE_USAGE(.BOTH.,#142270);
#142290=PRESENTATION_STYLE_ASSIGNMENT((#142280));
#142300=CARTESIAN_POINT('',(118.73890173317,-52.2751171901442,104.4));
#142310=DIRECTION('',(-1.,-0.,-0.));
#142320=DIRECTION('',(0.,0.,-1.));
#142330=AXIS2_PLACEMENT_3D('',#142300,#142310,#142320);
#142340=PLANE('',#142330);
#142350=ORIENTED_EDGE('',*,*,#1700,.T.);
#142360=ORIENTED_EDGE('',*,*,#61660,.T.);
#142370=ORIENTED_EDGE('',*,*,#142170,.T.);
#142380=ORIENTED_EDGE('',*,*,#32530,.T.);
#142390=EDGE_LOOP('',(#142380,#142370,#142360,#142350));
#142400=FACE_OUTER_BOUND('',#142390,.T.);
#142410=ADVANCED_FACE('',(#142400),#142340,.F.);
#142420=COLOUR_RGB('',0.823529481887817,0.823529481887817,
0.784313797950745);
#142430=FILL_AREA_STYLE_COLOUR('',#142420);
#142440=FILL_AREA_STYLE('',(#142430));
#142450=SURFACE_STYLE_FILL_AREA(#142440);
#142460=SURFACE_SIDE_STYLE('',(#142450));
#142470=SURFACE_STYLE_USAGE(.BOTH.,#142460);
#142480=PRESENTATION_STYLE_ASSIGNMENT((#142470));
#142490=CLOSED_SHELL('',(#3370,#3750,#32790,#61900,#62210,#62520,#62900,
#63210,#63520,#63830,#64140,#64450,#64740,#64980,#65220,#65410,#65700,
#65940,#66180,#66370,#66660,#66900,#67140,#67330,#67620,#67860,#68100,
#68290,#68580,#68820,#69060,#69250,#69540,#69780,#70020,#70210,#70500,
#70740,#70980,#71170,#71460,#71700,#71940,#72130,#72420,#72660,#72900,
#73090,#73380,#73620,#73860,#74050,#74340,#74580,#74820,#75010,#75300,
#75540,#75780,#75970,#76260,#76500,#76740,#76930,#77220,#77460,#77700,
#77890,#78180,#78420,#78660,#78850,#79140,#79380,#79620,#79810,#80100,
#80340,#80580,#80770,#81060,#81300,#81540,#81730,#82020,#82260,#82500,
#82690,#82980,#83220,#83460,#83650,#83940,#84180,#84420,#84610,#84900,
#85140,#85380,#85570,#85860,#86100,#86340,#86530,#86820,#87060,#87300,
#87490,#87780,#88020,#88260,#88450,#88740,#88980,#89220,#89410,#89700,
#89940,#90180,#90370,#90660,#90900,#91140,#91330,#91620,#91860,#92100,
#92290,#92580,#92820,#93060,#93250,#93540,#93780,#94020,#94210,#94500,
#94740,#94980,#95170,#95460,#95700,#95940,#96130,#96420,#96660,#96900,
#97090,#97380,#97620,#97860,#98050,#98340,#98580,#98820,#99010,#99300,
#99540,#99780,#99970,#100260,#100500,#100740,#100930,#101220,#101460,
#101700,#101890,#102180,#102420,#102660,#102850,#103140,#103380,#103620,
#103810,#104100,#104340,#104580,#104770,#105060,#105300,#105540,#105730,
#106020,#106260,#106500,#106690,#106980,#107220,#107460,#107650,#107940,
#108180,#108420,#108610,#108900,#109140,#109380,#109570,#109860,#110100,
#110340,#110530,#110820,#111060,#111300,#111490,#111780,#112020,#112260,
#112450,#112740,#112980,#113220,#113410,#113700,#113940,#114180,#114370,
#114660,#114900,#115140,#115330,#115620,#115860,#116100,#116290,#116580,
#116820,#117060,#117250,#117540,#117780,#118020,#118210,#118500,#118740,
#118980,#119170,#119460,#119700,#119940,#120130,#120420,#120660,#120900,
#121090,#121380,#121620,#121860,#122050,#122340,#122580,#122820,#123010,
#123300,#123540,#123780,#123970,#124260,#124500,#124740,#124930,#125220,
#125460,#125700,#125890,#126180,#126420,#126660,#126850,#127140,#127380,
#127620,#127810,#128100,#128340,#128580,#128770,#129060,#129300,#129540,
#129730,#130020,#130260,#130500,#130690,#130980,#131220,#131460,#131650,
#131940,#132180,#132420,#132610,#132900,#133140,#133380,#133570,#133860,
#134100,#134340,#134530,#134820,#135060,#135300,#135490,#135780,#136020,
#136260,#136450,#136740,#136980,#137220,#137410,#137700,#137940,#138180,
#138370,#138660,#138900,#139140,#139330,#139620,#139860,#140100,#140290,
#140540,#140790,#141040,#141290,#900,#1740,#2210,#2610,#2990,#141540,
#141740,#141980,#142220,#142410));
#142500=MANIFOLD_SOLID_BREP('',#142490);
#142510=CARTESIAN_POINT('',(0.,0.,0.));
#142520=DIRECTION('',(0.,0.,1.));
#142530=DIRECTION('',(1.,0.,0.));
#142540=AXIS2_PLACEMENT_3D('',#142510,#142520,#142530);
#142550=APPLICATION_CONTEXT(' ');
#142560=APPLICATION_PROTOCOL_DEFINITION(' ','automotive_design',1998,
#142550);
#142570=PRODUCT_CONTEXT('',#142550,'mechanical');
#142580=PRODUCT_DEFINITION_CONTEXT('part definition',#142550,'design');
#142590=PRODUCT('NS_35_7.5_PERF_2000MM-select',
'NS_35_7.5_PERF_2000MM-select','',(#142570));
#142600=PRODUCT_RELATED_PRODUCT_CATEGORY('part',' ',(#142590));
#142610=PRODUCT_DEFINITION_FORMATION_WITH_SPECIFIED_SOURCE('','',#142590
,.BOUGHT.);
#142620=PRODUCT_DEFINITION('',' ',#142610,#142580);
#142630=PRODUCT_DEFINITION_SHAPE('','',#142620);
#142640=DIMENSIONAL_EXPONENTS(1.,0.,0.,0.,0.,0.,0.);
#142650=DIMENSIONAL_EXPONENTS(0.,0.,0.,0.,0.,0.,0.);
#142660=DIMENSIONAL_EXPONENTS(0.,0.,0.,0.,0.,0.,0.);
#142670=(LENGTH_UNIT() NAMED_UNIT(*) SI_UNIT(.MILLI.,.METRE.));
#142680=(NAMED_UNIT(*) PLANE_ANGLE_UNIT() SI_UNIT($,.RADIAN.));
#142690=(NAMED_UNIT(*) SI_UNIT($,.STERADIAN.) SOLID_ANGLE_UNIT());
#142700=(GEOMETRIC_REPRESENTATION_CONTEXT(3) 
GLOBAL_UNCERTAINTY_ASSIGNED_CONTEXT((#142710)) 
GLOBAL_UNIT_ASSIGNED_CONTEXT((#142670,#142680,#142690)) 
REPRESENTATION_CONTEXT('',''));
#142710=UNCERTAINTY_MEASURE_WITH_UNIT(LENGTH_MEASURE(1.E-6),#142670,
'distance_accuracy_value','maximum gap value');
#142720=ADVANCED_BREP_SHAPE_REPRESENTATION('',(#142540,#142500),#142700)
;
#142730=SHAPE_DEFINITION_REPRESENTATION(#142630,#142720);
#142740=COLOUR_RGB('',0.823529481887817,0.823529481887817,
0.784313797950745);
#142750=FILL_AREA_STYLE_COLOUR('',#142740);
#142760=FILL_AREA_STYLE('',(#142750));
#142770=SURFACE_STYLE_FILL_AREA(#142760);
#142780=SURFACE_SIDE_STYLE('',(#142770));
#142790=SURFACE_STYLE_USAGE(.BOTH.,#142780);
#142800=PRESENTATION_STYLE_ASSIGNMENT((#142790));
#142810=STYLED_ITEM('',(#142800),#142500);
#142820=OVER_RIDING_STYLED_ITEM('',(#970),#900,#142810);
#142830=OVER_RIDING_STYLED_ITEM('',(#1810),#1740,#142810);
#142840=OVER_RIDING_STYLED_ITEM('',(#2280),#2210,#142810);
#142850=OVER_RIDING_STYLED_ITEM('',(#2680),#2610,#142810);
#142860=OVER_RIDING_STYLED_ITEM('',(#3060),#2990,#142810);
#142870=OVER_RIDING_STYLED_ITEM('',(#3440),#3370,#142810);
#142880=OVER_RIDING_STYLED_ITEM('',(#3820),#3750,#142810);
#142890=OVER_RIDING_STYLED_ITEM('',(#32860),#32790,#142810);
#142900=OVER_RIDING_STYLED_ITEM('',(#61970),#61900,#142810);
#142910=OVER_RIDING_STYLED_ITEM('',(#62280),#62210,#142810);
#142920=OVER_RIDING_STYLED_ITEM('',(#62590),#62520,#142810);
#142930=OVER_RIDING_STYLED_ITEM('',(#62970),#62900,#142810);
#142940=OVER_RIDING_STYLED_ITEM('',(#63280),#63210,#142810);
#142950=OVER_RIDING_STYLED_ITEM('',(#63590),#63520,#142810);
#142960=OVER_RIDING_STYLED_ITEM('',(#63900),#63830,#142810);
#142970=OVER_RIDING_STYLED_ITEM('',(#64210),#64140,#142810);
#142980=OVER_RIDING_STYLED_ITEM('',(#64520),#64450,#142810);
#142990=OVER_RIDING_STYLED_ITEM('',(#64810),#64740,#142810);
#143000=OVER_RIDING_STYLED_ITEM('',(#65050),#64980,#142810);
#143010=OVER_RIDING_STYLED_ITEM('',(#65290),#65220,#142810);
#143020=OVER_RIDING_STYLED_ITEM('',(#65480),#65410,#142810);
#143030=OVER_RIDING_STYLED_ITEM('',(#65770),#65700,#142810);
#143040=OVER_RIDING_STYLED_ITEM('',(#66010),#65940,#142810);
#143050=OVER_RIDING_STYLED_ITEM('',(#66250),#66180,#142810);
#143060=OVER_RIDING_STYLED_ITEM('',(#66440),#66370,#142810);
#143070=OVER_RIDING_STYLED_ITEM('',(#66730),#66660,#142810);
#143080=OVER_RIDING_STYLED_ITEM('',(#66970),#66900,#142810);
#143090=OVER_RIDING_STYLED_ITEM('',(#67210),#67140,#142810);
#143100=OVER_RIDING_STYLED_ITEM('',(#67400),#67330,#142810);
#143110=OVER_RIDING_STYLED_ITEM('',(#67690),#67620,#142810);
#143120=OVER_RIDING_STYLED_ITEM('',(#67930),#67860,#142810);
#143130=OVER_RIDING_STYLED_ITEM('',(#68170),#68100,#142810);
#143140=OVER_RIDING_STYLED_ITEM('',(#68360),#68290,#142810);
#143150=OVER_RIDING_STYLED_ITEM('',(#68650),#68580,#142810);
#143160=OVER_RIDING_STYLED_ITEM('',(#68890),#68820,#142810);
#143170=OVER_RIDING_STYLED_ITEM('',(#69130),#69060,#142810);
#143180=OVER_RIDING_STYLED_ITEM('',(#69320),#69250,#142810);
#143190=OVER_RIDING_STYLED_ITEM('',(#69610),#69540,#142810);
#143200=OVER_RIDING_STYLED_ITEM('',(#69850),#69780,#142810);
#143210=OVER_RIDING_STYLED_ITEM('',(#70090),#70020,#142810);
#143220=OVER_RIDING_STYLED_ITEM('',(#70280),#70210,#142810);
#143230=OVER_RIDING_STYLED_ITEM('',(#70570),#70500,#142810);
#143240=OVER_RIDING_STYLED_ITEM('',(#70810),#70740,#142810);
#143250=OVER_RIDING_STYLED_ITEM('',(#71050),#70980,#142810);
#143260=OVER_RIDING_STYLED_ITEM('',(#71240),#71170,#142810);
#143270=OVER_RIDING_STYLED_ITEM('',(#71530),#71460,#142810);
#143280=OVER_RIDING_STYLED_ITEM('',(#71770),#71700,#142810);
#143290=OVER_RIDING_STYLED_ITEM('',(#72010),#71940,#142810);
#143300=OVER_RIDING_STYLED_ITEM('',(#72200),#72130,#142810);
#143310=OVER_RIDING_STYLED_ITEM('',(#72490),#72420,#142810);
#143320=OVER_RIDING_STYLED_ITEM('',(#72730),#72660,#142810);
#143330=OVER_RIDING_STYLED_ITEM('',(#72970),#72900,#142810);
#143340=OVER_RIDING_STYLED_ITEM('',(#73160),#73090,#142810);
#143350=OVER_RIDING_STYLED_ITEM('',(#73450),#73380,#142810);
#143360=OVER_RIDING_STYLED_ITEM('',(#73690),#73620,#142810);
#143370=OVER_RIDING_STYLED_ITEM('',(#73930),#73860,#142810);
#143380=OVER_RIDING_STYLED_ITEM('',(#74120),#74050,#142810);
#143390=OVER_RIDING_STYLED_ITEM('',(#74410),#74340,#142810);
#143400=OVER_RIDING_STYLED_ITEM('',(#74650),#74580,#142810);
#143410=OVER_RIDING_STYLED_ITEM('',(#74890),#74820,#142810);
#143420=OVER_RIDING_STYLED_ITEM('',(#75080),#75010,#142810);
#143430=OVER_RIDING_STYLED_ITEM('',(#75370),#75300,#142810);
#143440=OVER_RIDING_STYLED_ITEM('',(#75610),#75540,#142810);
#143450=OVER_RIDING_STYLED_ITEM('',(#75850),#75780,#142810);
#143460=OVER_RIDING_STYLED_ITEM('',(#76040),#75970,#142810);
#143470=OVER_RIDING_STYLED_ITEM('',(#76330),#76260,#142810);
#143480=OVER_RIDING_STYLED_ITEM('',(#76570),#76500,#142810);
#143490=OVER_RIDING_STYLED_ITEM('',(#76810),#76740,#142810);
#143500=OVER_RIDING_STYLED_ITEM('',(#77000),#76930,#142810);
#143510=OVER_RIDING_STYLED_ITEM('',(#77290),#77220,#142810);
#143520=OVER_RIDING_STYLED_ITEM('',(#77530),#77460,#142810);
#143530=OVER_RIDING_STYLED_ITEM('',(#77770),#77700,#142810);
#143540=OVER_RIDING_STYLED_ITEM('',(#77960),#77890,#142810);
#143550=OVER_RIDING_STYLED_ITEM('',(#78250),#78180,#142810);
#143560=OVER_RIDING_STYLED_ITEM('',(#78490),#78420,#142810);
#143570=OVER_RIDING_STYLED_ITEM('',(#78730),#78660,#142810);
#143580=OVER_RIDING_STYLED_ITEM('',(#78920),#78850,#142810);
#143590=OVER_RIDING_STYLED_ITEM('',(#79210),#79140,#142810);
#143600=OVER_RIDING_STYLED_ITEM('',(#79450),#79380,#142810);
#143610=OVER_RIDING_STYLED_ITEM('',(#79690),#79620,#142810);
#143620=OVER_RIDING_STYLED_ITEM('',(#79880),#79810,#142810);
#143630=OVER_RIDING_STYLED_ITEM('',(#80170),#80100,#142810);
#143640=OVER_RIDING_STYLED_ITEM('',(#80410),#80340,#142810);
#143650=OVER_RIDING_STYLED_ITEM('',(#80650),#80580,#142810);
#143660=OVER_RIDING_STYLED_ITEM('',(#80840),#80770,#142810);
#143670=OVER_RIDING_STYLED_ITEM('',(#81130),#81060,#142810);
#143680=OVER_RIDING_STYLED_ITEM('',(#81370),#81300,#142810);
#143690=OVER_RIDING_STYLED_ITEM('',(#81610),#81540,#142810);
#143700=OVER_RIDING_STYLED_ITEM('',(#81800),#81730,#142810);
#143710=OVER_RIDING_STYLED_ITEM('',(#82090),#82020,#142810);
#143720=OVER_RIDING_STYLED_ITEM('',(#82330),#82260,#142810);
#143730=OVER_RIDING_STYLED_ITEM('',(#82570),#82500,#142810);
#143740=OVER_RIDING_STYLED_ITEM('',(#82760),#82690,#142810);
#143750=OVER_RIDING_STYLED_ITEM('',(#83050),#82980,#142810);
#143760=OVER_RIDING_STYLED_ITEM('',(#83290),#83220,#142810);
#143770=OVER_RIDING_STYLED_ITEM('',(#83530),#83460,#142810);
#143780=OVER_RIDING_STYLED_ITEM('',(#83720),#83650,#142810);
#143790=OVER_RIDING_STYLED_ITEM('',(#84010),#83940,#142810);
#143800=OVER_RIDING_STYLED_ITEM('',(#84250),#84180,#142810);
#143810=OVER_RIDING_STYLED_ITEM('',(#84490),#84420,#142810);
#143820=OVER_RIDING_STYLED_ITEM('',(#84680),#84610,#142810);
#143830=OVER_RIDING_STYLED_ITEM('',(#84970),#84900,#142810);
#143840=OVER_RIDING_STYLED_ITEM('',(#85210),#85140,#142810);
#143850=OVER_RIDING_STYLED_ITEM('',(#85450),#85380,#142810);
#143860=OVER_RIDING_STYLED_ITEM('',(#85640),#85570,#142810);
#143870=OVER_RIDING_STYLED_ITEM('',(#85930),#85860,#142810);
#143880=OVER_RIDING_STYLED_ITEM('',(#86170),#86100,#142810);
#143890=OVER_RIDING_STYLED_ITEM('',(#86410),#86340,#142810);
#143900=OVER_RIDING_STYLED_ITEM('',(#86600),#86530,#142810);
#143910=OVER_RIDING_STYLED_ITEM('',(#86890),#86820,#142810);
#143920=OVER_RIDING_STYLED_ITEM('',(#87130),#87060,#142810);
#143930=OVER_RIDING_STYLED_ITEM('',(#87370),#87300,#142810);
#143940=OVER_RIDING_STYLED_ITEM('',(#87560),#87490,#142810);
#143950=OVER_RIDING_STYLED_ITEM('',(#87850),#87780,#142810);
#143960=OVER_RIDING_STYLED_ITEM('',(#88090),#88020,#142810);
#143970=OVER_RIDING_STYLED_ITEM('',(#88330),#88260,#142810);
#143980=OVER_RIDING_STYLED_ITEM('',(#88520),#88450,#142810);
#143990=OVER_RIDING_STYLED_ITEM('',(#88810),#88740,#142810);
#144000=OVER_RIDING_STYLED_ITEM('',(#89050),#88980,#142810);
#144010=OVER_RIDING_STYLED_ITEM('',(#89290),#89220,#142810);
#144020=OVER_RIDING_STYLED_ITEM('',(#89480),#89410,#142810);
#144030=OVER_RIDING_STYLED_ITEM('',(#89770),#89700,#142810);
#144040=OVER_RIDING_STYLED_ITEM('',(#90010),#89940,#142810);
#144050=OVER_RIDING_STYLED_ITEM('',(#90250),#90180,#142810);
#144060=OVER_RIDING_STYLED_ITEM('',(#90440),#90370,#142810);
#144070=OVER_RIDING_STYLED_ITEM('',(#90730),#90660,#142810);
#144080=OVER_RIDING_STYLED_ITEM('',(#90970),#90900,#142810);
#144090=OVER_RIDING_STYLED_ITEM('',(#91210),#91140,#142810);
#144100=OVER_RIDING_STYLED_ITEM('',(#91400),#91330,#142810);
#144110=OVER_RIDING_STYLED_ITEM('',(#91690),#91620,#142810);
#144120=OVER_RIDING_STYLED_ITEM('',(#91930),#91860,#142810);
#144130=OVER_RIDING_STYLED_ITEM('',(#92170),#92100,#142810);
#144140=OVER_RIDING_STYLED_ITEM('',(#92360),#92290,#142810);
#144150=OVER_RIDING_STYLED_ITEM('',(#92650),#92580,#142810);
#144160=OVER_RIDING_STYLED_ITEM('',(#92890),#92820,#142810);
#144170=OVER_RIDING_STYLED_ITEM('',(#93130),#93060,#142810);
#144180=OVER_RIDING_STYLED_ITEM('',(#93320),#93250,#142810);
#144190=OVER_RIDING_STYLED_ITEM('',(#93610),#93540,#142810);
#144200=OVER_RIDING_STYLED_ITEM('',(#93850),#93780,#142810);
#144210=OVER_RIDING_STYLED_ITEM('',(#94090),#94020,#142810);
#144220=OVER_RIDING_STYLED_ITEM('',(#94280),#94210,#142810);
#144230=OVER_RIDING_STYLED_ITEM('',(#94570),#94500,#142810);
#144240=OVER_RIDING_STYLED_ITEM('',(#94810),#94740,#142810);
#144250=OVER_RIDING_STYLED_ITEM('',(#95050),#94980,#142810);
#144260=OVER_RIDING_STYLED_ITEM('',(#95240),#95170,#142810);
#144270=OVER_RIDING_STYLED_ITEM('',(#95530),#95460,#142810);
#144280=OVER_RIDING_STYLED_ITEM('',(#95770),#95700,#142810);
#144290=OVER_RIDING_STYLED_ITEM('',(#96010),#95940,#142810);
#144300=OVER_RIDING_STYLED_ITEM('',(#96200),#96130,#142810);
#144310=OVER_RIDING_STYLED_ITEM('',(#96490),#96420,#142810);
#144320=OVER_RIDING_STYLED_ITEM('',(#96730),#96660,#142810);
#144330=OVER_RIDING_STYLED_ITEM('',(#96970),#96900,#142810);
#144340=OVER_RIDING_STYLED_ITEM('',(#97160),#97090,#142810);
#144350=OVER_RIDING_STYLED_ITEM('',(#97450),#97380,#142810);
#144360=OVER_RIDING_STYLED_ITEM('',(#97690),#97620,#142810);
#144370=OVER_RIDING_STYLED_ITEM('',(#97930),#97860,#142810);
#144380=OVER_RIDING_STYLED_ITEM('',(#98120),#98050,#142810);
#144390=OVER_RIDING_STYLED_ITEM('',(#98410),#98340,#142810);
#144400=OVER_RIDING_STYLED_ITEM('',(#98650),#98580,#142810);
#144410=OVER_RIDING_STYLED_ITEM('',(#98890),#98820,#142810);
#144420=OVER_RIDING_STYLED_ITEM('',(#99080),#99010,#142810);
#144430=OVER_RIDING_STYLED_ITEM('',(#99370),#99300,#142810);
#144440=OVER_RIDING_STYLED_ITEM('',(#99610),#99540,#142810);
#144450=OVER_RIDING_STYLED_ITEM('',(#99850),#99780,#142810);
#144460=OVER_RIDING_STYLED_ITEM('',(#100040),#99970,#142810);
#144470=OVER_RIDING_STYLED_ITEM('',(#100330),#100260,#142810);
#144480=OVER_RIDING_STYLED_ITEM('',(#100570),#100500,#142810);
#144490=OVER_RIDING_STYLED_ITEM('',(#100810),#100740,#142810);
#144500=OVER_RIDING_STYLED_ITEM('',(#101000),#100930,#142810);
#144510=OVER_RIDING_STYLED_ITEM('',(#101290),#101220,#142810);
#144520=OVER_RIDING_STYLED_ITEM('',(#101530),#101460,#142810);
#144530=OVER_RIDING_STYLED_ITEM('',(#101770),#101700,#142810);
#144540=OVER_RIDING_STYLED_ITEM('',(#101960),#101890,#142810);
#144550=OVER_RIDING_STYLED_ITEM('',(#102250),#102180,#142810);
#144560=OVER_RIDING_STYLED_ITEM('',(#102490),#102420,#142810);
#144570=OVER_RIDING_STYLED_ITEM('',(#102730),#102660,#142810);
#144580=OVER_RIDING_STYLED_ITEM('',(#102920),#102850,#142810);
#144590=OVER_RIDING_STYLED_ITEM('',(#103210),#103140,#142810);
#144600=OVER_RIDING_STYLED_ITEM('',(#103450),#103380,#142810);
#144610=OVER_RIDING_STYLED_ITEM('',(#103690),#103620,#142810);
#144620=OVER_RIDING_STYLED_ITEM('',(#103880),#103810,#142810);
#144630=OVER_RIDING_STYLED_ITEM('',(#104170),#104100,#142810);
#144640=OVER_RIDING_STYLED_ITEM('',(#104410),#104340,#142810);
#144650=OVER_RIDING_STYLED_ITEM('',(#104650),#104580,#142810);
#144660=OVER_RIDING_STYLED_ITEM('',(#104840),#104770,#142810);
#144670=OVER_RIDING_STYLED_ITEM('',(#105130),#105060,#142810);
#144680=OVER_RIDING_STYLED_ITEM('',(#105370),#105300,#142810);
#144690=OVER_RIDING_STYLED_ITEM('',(#105610),#105540,#142810);
#144700=OVER_RIDING_STYLED_ITEM('',(#105800),#105730,#142810);
#144710=OVER_RIDING_STYLED_ITEM('',(#106090),#106020,#142810);
#144720=OVER_RIDING_STYLED_ITEM('',(#106330),#106260,#142810);
#144730=OVER_RIDING_STYLED_ITEM('',(#106570),#106500,#142810);
#144740=OVER_RIDING_STYLED_ITEM('',(#106760),#106690,#142810);
#144750=OVER_RIDING_STYLED_ITEM('',(#107050),#106980,#142810);
#144760=OVER_RIDING_STYLED_ITEM('',(#107290),#107220,#142810);
#144770=OVER_RIDING_STYLED_ITEM('',(#107530),#107460,#142810);
#144780=OVER_RIDING_STYLED_ITEM('',(#107720),#107650,#142810);
#144790=OVER_RIDING_STYLED_ITEM('',(#108010),#107940,#142810);
#144800=OVER_RIDING_STYLED_ITEM('',(#108250),#108180,#142810);
#144810=OVER_RIDING_STYLED_ITEM('',(#108490),#108420,#142810);
#144820=OVER_RIDING_STYLED_ITEM('',(#108680),#108610,#142810);
#144830=OVER_RIDING_STYLED_ITEM('',(#108970),#108900,#142810);
#144840=OVER_RIDING_STYLED_ITEM('',(#109210),#109140,#142810);
#144850=OVER_RIDING_STYLED_ITEM('',(#109450),#109380,#142810);
#144860=OVER_RIDING_STYLED_ITEM('',(#109640),#109570,#142810);
#144870=OVER_RIDING_STYLED_ITEM('',(#109930),#109860,#142810);
#144880=OVER_RIDING_STYLED_ITEM('',(#110170),#110100,#142810);
#144890=OVER_RIDING_STYLED_ITEM('',(#110410),#110340,#142810);
#144900=OVER_RIDING_STYLED_ITEM('',(#110600),#110530,#142810);
#144910=OVER_RIDING_STYLED_ITEM('',(#110890),#110820,#142810);
#144920=OVER_RIDING_STYLED_ITEM('',(#111130),#111060,#142810);
#144930=OVER_RIDING_STYLED_ITEM('',(#111370),#111300,#142810);
#144940=OVER_RIDING_STYLED_ITEM('',(#111560),#111490,#142810);
#144950=OVER_RIDING_STYLED_ITEM('',(#111850),#111780,#142810);
#144960=OVER_RIDING_STYLED_ITEM('',(#112090),#112020,#142810);
#144970=OVER_RIDING_STYLED_ITEM('',(#112330),#112260,#142810);
#144980=OVER_RIDING_STYLED_ITEM('',(#112520),#112450,#142810);
#144990=OVER_RIDING_STYLED_ITEM('',(#112810),#112740,#142810);
#145000=OVER_RIDING_STYLED_ITEM('',(#113050),#112980,#142810);
#145010=OVER_RIDING_STYLED_ITEM('',(#113290),#113220,#142810);
#145020=OVER_RIDING_STYLED_ITEM('',(#113480),#113410,#142810);
#145030=OVER_RIDING_STYLED_ITEM('',(#113770),#113700,#142810);
#145040=OVER_RIDING_STYLED_ITEM('',(#114010),#113940,#142810);
#145050=OVER_RIDING_STYLED_ITEM('',(#114250),#114180,#142810);
#145060=OVER_RIDING_STYLED_ITEM('',(#114440),#114370,#142810);
#145070=OVER_RIDING_STYLED_ITEM('',(#114730),#114660,#142810);
#145080=OVER_RIDING_STYLED_ITEM('',(#114970),#114900,#142810);
#145090=OVER_RIDING_STYLED_ITEM('',(#115210),#115140,#142810);
#145100=OVER_RIDING_STYLED_ITEM('',(#115400),#115330,#142810);
#145110=OVER_RIDING_STYLED_ITEM('',(#115690),#115620,#142810);
#145120=OVER_RIDING_STYLED_ITEM('',(#115930),#115860,#142810);
#145130=OVER_RIDING_STYLED_ITEM('',(#116170),#116100,#142810);
#145140=OVER_RIDING_STYLED_ITEM('',(#116360),#116290,#142810);
#145150=OVER_RIDING_STYLED_ITEM('',(#116650),#116580,#142810);
#145160=OVER_RIDING_STYLED_ITEM('',(#116890),#116820,#142810);
#145170=OVER_RIDING_STYLED_ITEM('',(#117130),#117060,#142810);
#145180=OVER_RIDING_STYLED_ITEM('',(#117320),#117250,#142810);
#145190=OVER_RIDING_STYLED_ITEM('',(#117610),#117540,#142810);
#145200=OVER_RIDING_STYLED_ITEM('',(#117850),#117780,#142810);
#145210=OVER_RIDING_STYLED_ITEM('',(#118090),#118020,#142810);
#145220=OVER_RIDING_STYLED_ITEM('',(#118280),#118210,#142810);
#145230=OVER_RIDING_STYLED_ITEM('',(#118570),#118500,#142810);
#145240=OVER_RIDING_STYLED_ITEM('',(#118810),#118740,#142810);
#145250=OVER_RIDING_STYLED_ITEM('',(#119050),#118980,#142810);
#145260=OVER_RIDING_STYLED_ITEM('',(#119240),#119170,#142810);
#145270=OVER_RIDING_STYLED_ITEM('',(#119530),#119460,#142810);
#145280=OVER_RIDING_STYLED_ITEM('',(#119770),#119700,#142810);
#145290=OVER_RIDING_STYLED_ITEM('',(#120010),#119940,#142810);
#145300=OVER_RIDING_STYLED_ITEM('',(#120200),#120130,#142810);
#145310=OVER_RIDING_STYLED_ITEM('',(#120490),#120420,#142810);
#145320=OVER_RIDING_STYLED_ITEM('',(#120730),#120660,#142810);
#145330=OVER_RIDING_STYLED_ITEM('',(#120970),#120900,#142810);
#145340=OVER_RIDING_STYLED_ITEM('',(#121160),#121090,#142810);
#145350=OVER_RIDING_STYLED_ITEM('',(#121450),#121380,#142810);
#145360=OVER_RIDING_STYLED_ITEM('',(#121690),#121620,#142810);
#145370=OVER_RIDING_STYLED_ITEM('',(#121930),#121860,#142810);
#145380=OVER_RIDING_STYLED_ITEM('',(#122120),#122050,#142810);
#145390=OVER_RIDING_STYLED_ITEM('',(#122410),#122340,#142810);
#145400=OVER_RIDING_STYLED_ITEM('',(#122650),#122580,#142810);
#145410=OVER_RIDING_STYLED_ITEM('',(#122890),#122820,#142810);
#145420=OVER_RIDING_STYLED_ITEM('',(#123080),#123010,#142810);
#145430=OVER_RIDING_STYLED_ITEM('',(#123370),#123300,#142810);
#145440=OVER_RIDING_STYLED_ITEM('',(#123610),#123540,#142810);
#145450=OVER_RIDING_STYLED_ITEM('',(#123850),#123780,#142810);
#145460=OVER_RIDING_STYLED_ITEM('',(#124040),#123970,#142810);
#145470=OVER_RIDING_STYLED_ITEM('',(#124330),#124260,#142810);
#145480=OVER_RIDING_STYLED_ITEM('',(#124570),#124500,#142810);
#145490=OVER_RIDING_STYLED_ITEM('',(#124810),#124740,#142810);
#145500=OVER_RIDING_STYLED_ITEM('',(#125000),#124930,#142810);
#145510=OVER_RIDING_STYLED_ITEM('',(#125290),#125220,#142810);
#145520=OVER_RIDING_STYLED_ITEM('',(#125530),#125460,#142810);
#145530=OVER_RIDING_STYLED_ITEM('',(#125770),#125700,#142810);
#145540=OVER_RIDING_STYLED_ITEM('',(#125960),#125890,#142810);
#145550=OVER_RIDING_STYLED_ITEM('',(#126250),#126180,#142810);
#145560=OVER_RIDING_STYLED_ITEM('',(#126490),#126420,#142810);
#145570=OVER_RIDING_STYLED_ITEM('',(#126730),#126660,#142810);
#145580=OVER_RIDING_STYLED_ITEM('',(#126920),#126850,#142810);
#145590=OVER_RIDING_STYLED_ITEM('',(#127210),#127140,#142810);
#145600=OVER_RIDING_STYLED_ITEM('',(#127450),#127380,#142810);
#145610=OVER_RIDING_STYLED_ITEM('',(#127690),#127620,#142810);
#145620=OVER_RIDING_STYLED_ITEM('',(#127880),#127810,#142810);
#145630=OVER_RIDING_STYLED_ITEM('',(#128170),#128100,#142810);
#145640=OVER_RIDING_STYLED_ITEM('',(#128410),#128340,#142810);
#145650=OVER_RIDING_STYLED_ITEM('',(#128650),#128580,#142810);
#145660=OVER_RIDING_STYLED_ITEM('',(#128840),#128770,#142810);
#145670=OVER_RIDING_STYLED_ITEM('',(#129130),#129060,#142810);
#145680=OVER_RIDING_STYLED_ITEM('',(#129370),#129300,#142810);
#145690=OVER_RIDING_STYLED_ITEM('',(#129610),#129540,#142810);
#145700=OVER_RIDING_STYLED_ITEM('',(#129800),#129730,#142810);
#145710=OVER_RIDING_STYLED_ITEM('',(#130090),#130020,#142810);
#145720=OVER_RIDING_STYLED_ITEM('',(#130330),#130260,#142810);
#145730=OVER_RIDING_STYLED_ITEM('',(#130570),#130500,#142810);
#145740=OVER_RIDING_STYLED_ITEM('',(#130760),#130690,#142810);
#145750=OVER_RIDING_STYLED_ITEM('',(#131050),#130980,#142810);
#145760=OVER_RIDING_STYLED_ITEM('',(#131290),#131220,#142810);
#145770=OVER_RIDING_STYLED_ITEM('',(#131530),#131460,#142810);
#145780=OVER_RIDING_STYLED_ITEM('',(#131720),#131650,#142810);
#145790=OVER_RIDING_STYLED_ITEM('',(#132010),#131940,#142810);
#145800=OVER_RIDING_STYLED_ITEM('',(#132250),#132180,#142810);
#145810=OVER_RIDING_STYLED_ITEM('',(#132490),#132420,#142810);
#145820=OVER_RIDING_STYLED_ITEM('',(#132680),#132610,#142810);
#145830=OVER_RIDING_STYLED_ITEM('',(#132970),#132900,#142810);
#145840=OVER_RIDING_STYLED_ITEM('',(#133210),#133140,#142810);
#145850=OVER_RIDING_STYLED_ITEM('',(#133450),#133380,#142810);
#145860=OVER_RIDING_STYLED_ITEM('',(#133640),#133570,#142810);
#145870=OVER_RIDING_STYLED_ITEM('',(#133930),#133860,#142810);
#145880=OVER_RIDING_STYLED_ITEM('',(#134170),#134100,#142810);
#145890=OVER_RIDING_STYLED_ITEM('',(#134410),#134340,#142810);
#145900=OVER_RIDING_STYLED_ITEM('',(#134600),#134530,#142810);
#145910=OVER_RIDING_STYLED_ITEM('',(#134890),#134820,#142810);
#145920=OVER_RIDING_STYLED_ITEM('',(#135130),#135060,#142810);
#145930=OVER_RIDING_STYLED_ITEM('',(#135370),#135300,#142810);
#145940=OVER_RIDING_STYLED_ITEM('',(#135560),#135490,#142810);
#145950=OVER_RIDING_STYLED_ITEM('',(#135850),#135780,#142810);
#145960=OVER_RIDING_STYLED_ITEM('',(#136090),#136020,#142810);
#145970=OVER_RIDING_STYLED_ITEM('',(#136330),#136260,#142810);
#145980=OVER_RIDING_STYLED_ITEM('',(#136520),#136450,#142810);
#145990=OVER_RIDING_STYLED_ITEM('',(#136810),#136740,#142810);
#146000=OVER_RIDING_STYLED_ITEM('',(#137050),#136980,#142810);
#146010=OVER_RIDING_STYLED_ITEM('',(#137290),#137220,#142810);
#146020=OVER_RIDING_STYLED_ITEM('',(#137480),#137410,#142810);
#146030=OVER_RIDING_STYLED_ITEM('',(#137770),#137700,#142810);
#146040=OVER_RIDING_STYLED_ITEM('',(#138010),#137940,#142810);
#146050=OVER_RIDING_STYLED_ITEM('',(#138250),#138180,#142810);
#146060=OVER_RIDING_STYLED_ITEM('',(#138440),#138370,#142810);
#146070=OVER_RIDING_STYLED_ITEM('',(#138730),#138660,#142810);
#146080=OVER_RIDING_STYLED_ITEM('',(#138970),#138900,#142810);
#146090=OVER_RIDING_STYLED_ITEM('',(#139210),#139140,#142810);
#146100=OVER_RIDING_STYLED_ITEM('',(#139400),#139330,#142810);
#146110=OVER_RIDING_STYLED_ITEM('',(#139690),#139620,#142810);
#146120=OVER_RIDING_STYLED_ITEM('',(#139930),#139860,#142810);
#146130=OVER_RIDING_STYLED_ITEM('',(#140170),#140100,#142810);
#146140=OVER_RIDING_STYLED_ITEM('',(#140360),#140290,#142810);
#146150=OVER_RIDING_STYLED_ITEM('',(#140610),#140540,#142810);
#146160=OVER_RIDING_STYLED_ITEM('',(#140860),#140790,#142810);
#146170=OVER_RIDING_STYLED_ITEM('',(#141110),#141040,#142810);
#146180=OVER_RIDING_STYLED_ITEM('',(#141360),#141290,#142810);
#146190=OVER_RIDING_STYLED_ITEM('',(#141610),#141540,#142810);
#146200=OVER_RIDING_STYLED_ITEM('',(#141810),#141740,#142810);
#146210=OVER_RIDING_STYLED_ITEM('',(#142050),#141980,#142810);
#146220=OVER_RIDING_STYLED_ITEM('',(#142290),#142220,#142810);
#146230=OVER_RIDING_STYLED_ITEM('',(#142480),#142410,#142810);
#146240=DRAUGHTING_MODEL('',(#142810,#142820,#142830,#142840,#142850,
#142860,#142870,#142880,#142890,#142900,#142910,#142920,#142930,#142940,
#142950,#142960,#142970,#142980,#142990,#143000,#143010,#143020,#143030,
#143040,#143050,#143060,#143070,#143080,#143090,#143100,#143110,#143120,
#143130,#143140,#143150,#143160,#143170,#143180,#143190,#143200,#143210,
#143220,#143230,#143240,#143250,#143260,#143270,#143280,#143290,#143300,
#143310,#143320,#143330,#143340,#143350,#143360,#143370,#143380,#143390,
#143400,#143410,#143420,#143430,#143440,#143450,#143460,#143470,#143480,
#143490,#143500,#143510,#143520,#143530,#143540,#143550,#143560,#143570,
#143580,#143590,#143600,#143610,#143620,#143630,#143640,#143650,#143660,
#143670,#143680,#143690,#143700,#143710,#143720,#143730,#143740,#143750,
#143760,#143770,#143780,#143790,#143800,#143810,#143820,#143830,#143840,
#143850,#143860,#143870,#143880,#143890,#143900,#143910,#143920,#143930,
#143940,#143950,#143960,#143970,#143980,#143990,#144000,#144010,#144020,
#144030,#144040,#144050,#144060,#144070,#144080,#144090,#144100,#144110,
#144120,#144130,#144140,#144150,#144160,#144170,#144180,#144190,#144200,
#144210,#144220,#144230,#144240,#144250,#144260,#144270,#144280,#144290,
#144300,#144310,#144320,#144330,#144340,#144350,#144360,#144370,#144380,
#144390,#144400,#144410,#144420,#144430,#144440,#144450,#144460,#144470,
#144480,#144490,#144500,#144510,#144520,#144530,#144540,#144550,#144560,
#144570,#144580,#144590,#144600,#144610,#144620,#144630,#144640,#144650,
#144660,#144670,#144680,#144690,#144700,#144710,#144720,#144730,#144740,
#144750,#144760,#144770,#144780,#144790,#144800,#144810,#144820,#144830,
#144840,#144850,#144860,#144870,#144880,#144890,#144900,#144910,#144920,
#144930,#144940,#144950,#144960,#144970,#144980,#144990,#145000,#145010,
#145020,#145030,#145040,#145050,#145060,#145070,#145080,#145090,#145100,
#145110,#145120,#145130,#145140,#145150,#145160,#145170,#145180,#145190,
#145200,#145210,#145220,#145230,#145240,#145250,#145260,#145270,#145280,
#145290,#145300,#145310,#145320,#145330,#145340,#145350,#145360,#145370,
#145380,#145390,#145400,#145410,#145420,#145430,#145440,#145450,#145460,
#145470,#145480,#145490,#145500,#145510,#145520,#145530,#145540,#145550,
#145560,#145570,#145580,#145590,#145600,#145610,#145620,#145630,#145640,
#145650,#145660,#145670,#145680,#145690,#145700,#145710,#145720,#145730,
#145740,#145750,#145760,#145770,#145780,#145790,#145800,#145810,#145820,
#145830,#145840,#145850,#145860,#145870,#145880,#145890,#145900,#145910,
#145920,#145930,#145940,#145950,#145960,#145970,#145980,#145990,#146000,
#146010,#146020,#146030,#146040,#146050,#146060,#146070,#146080,#146090,
#146100,#146110,#146120,#146130,#146140,#146150,#146160,#146170,#146180,
#146190,#146200,#146210,#146220,#146230),#142700);
#146250=CARTESIAN_POINT('',(100.000000000048,139.33890173317,
51.5251147901439));
#146260=DIRECTION('',(-1.,0.,0.));
#146270=DIRECTION('',(0.,-1.,0.));
#146280=AXIS2_PLACEMENT_3D('',#146250,#146260,#146270);
#146290=ITEM_DEFINED_TRANSFORMATION('NS_35_7.5_PERF_2000MM-select','',
#142540,#146280);
#146300=APPLICATION_CONTEXT(' ');
#146310=APPLICATION_PROTOCOL_DEFINITION(' ','automotive_design',1998,
#146300);
#146320=PRODUCT_CONTEXT('',#146300,'mechanical');
#146330=PRODUCT_DEFINITION_CONTEXT('part definition',#146300,'design');
#146340=PRODUCT('NS_35_7.5_PERF_2000MM-select',
'NS_35_7.5_PERF_2000MM-select','',(#146320));
#146350=PRODUCT_RELATED_PRODUCT_CATEGORY('part',' ',(#146340));
#146360=PRODUCT_DEFINITION_FORMATION_WITH_SPECIFIED_SOURCE('','',#146340
,.BOUGHT.);
#146370=PRODUCT_DEFINITION('',' ',#146360,#146330);
#146380=PRODUCT_DEFINITION_SHAPE('','',#146370);
#146390=DIMENSIONAL_EXPONENTS(1.,0.,0.,0.,0.,0.,0.);
#146400=DIMENSIONAL_EXPONENTS(0.,0.,0.,0.,0.,0.,0.);
#146410=DIMENSIONAL_EXPONENTS(0.,0.,0.,0.,0.,0.,0.);
#146420=(LENGTH_UNIT() NAMED_UNIT(*) SI_UNIT(.MILLI.,.METRE.));
#146430=(NAMED_UNIT(*) PLANE_ANGLE_UNIT() SI_UNIT($,.RADIAN.));
#146440=(NAMED_UNIT(*) SI_UNIT($,.STERADIAN.) SOLID_ANGLE_UNIT());
#146450=(GEOMETRIC_REPRESENTATION_CONTEXT(3) 
GLOBAL_UNCERTAINTY_ASSIGNED_CONTEXT((#146460)) 
GLOBAL_UNIT_ASSIGNED_CONTEXT((#146420,#146430,#146440)) 
REPRESENTATION_CONTEXT('',''));
#146460=UNCERTAINTY_MEASURE_WITH_UNIT(LENGTH_MEASURE(1.E-6),#146420,
'distance_accuracy_value','maximum gap value');
#146470=SHAPE_REPRESENTATION('',(#142540,#146280),#146450);
#146480=SHAPE_DEFINITION_REPRESENTATION(#146380,#146470);
#146490=(REPRESENTATION_RELATIONSHIP('','',#142720,#146470) 
REPRESENTATION_RELATIONSHIP_WITH_TRANSFORMATION(#146290) 
SHAPE_REPRESENTATION_RELATIONSHIP());
#146500=NEXT_ASSEMBLY_USAGE_OCCURRENCE('1','',
'NS_35_7.5_PERF_2000MM-select',#146370,#142620,'');
#146510=PRODUCT_DEFINITION_SHAPE('','',#146500);
#146520=CONTEXT_DEPENDENT_SHAPE_REPRESENTATION(#146490,#146510);
ENDSEC;
END-ISO-10303-21;
